Keyword,Intent,Relevance,Volume,Trend,Keyword Difficulty,CPC (USD),Competitive Density,SERP Features
enneagram types,Informational,72,49500,"0.82,0.68,1.00,0.82,0.82,0.82,0.82,0.68,0.82,0.68,0.68,0.82",27,0.30,0.31,"Sitelinks, Reviews, Image, Image pack, Video, People also ask, Knowledge panel, Related searches"
intj personality type,Informational,42,33100,"0.82,0.67,0.67,1.00,1.00,0.82,0.82,0.67,0.82,0.67,0.67,0.67",34,0.35,0.10,"Sitelinks, AI Overview, Image, Image pack, Video, People also ask, Related searches"
personality and types,Informational,41,22200,"0.44,0.36,0.00,0.02,0.25,0.30,0.44,0.81,0.81,0.54,1.00,0.67",33,0.47,0.20,"Sitelinks, AI Overview, Reviews, Image pack, Video, People also ask, Related searches"
enneagram 8,"Informational, Commercial",61,14800,"1.00,0.81,1.00,1.00,0.81,1.00,1.00,0.81,1.00,1.00,0.81,0.81",21,0.39,0.07,"Sitelinks, AI Overview, Reviews, Image pack, Video, Video carousel, People also ask, Discussions and forums, Related searches, Things to know"
enneagram 4,"Informational, Commercial",58,12100,"1.00,0.67,0.67,0.67,0.81,1.00,0.67,0.54,0.67,0.54,0.81,0.67",26,0.41,0.05,"Sitelinks, AI Overview, Reviews, Video, Video carousel, People also ask, Discussions and forums, Related searches, Things to know"
enneagram 9,Informational,65,12100,"0.81,0.81,0.81,1.00,0.67,1.00,1.00,0.81,0.81,0.81,0.67,0.67",23,0.26,0.07,"Sitelinks, AI Overview, Video, People also ask, Related searches"
entp personality type,Informational,44,12100,"1.00,1.00,1.00,1.00,0.81,0.67,0.81,0.67,0.54,0.81,0.67,0.81",33,0.31,0.06,"AI Overview, Reviews, Image, Image pack, Video, People also ask, Related searches"
personality database,Navigational,36,12100,"0.62,0.54,0.77,0.77,0.62,0.54,0.62,0.54,1.00,0.62,0.62,0.54",33,1.36,0.33,"Sitelinks, Reviews, Image pack, Related searches"
enneagram 5,Informational,61,9900,"0.82,0.66,1.00,1.00,0.66,0.82,0.82,0.66,0.82,0.66,0.66,0.82",29,0.23,0.04,"Sitelinks, AI Overview, Video, Video carousel, People also ask, Discussions and forums, Related searches"
enneagram 6,"Informational, Commercial",60,9900,"0.82,0.66,1.00,0.82,0.66,0.66,0.66,0.66,0.66,0.66,0.66,0.66",29,0.24,0.03,"Sitelinks, AI Overview, Video, People also ask, Discussions and forums, Related searches, Things to know"
enneagram 7,Informational,58,9900,"1.00,0.66,0.82,0.82,1.00,0.82,0.66,0.82,0.82,0.66,0.66,1.00",22,0.33,0.04,"AI Overview, Image pack, Video, People also ask, Related searches"
2 enneagram personality,Informational,63,8100,"1.00,1.00,0.00,0.09,0.67,1.00,0.81,0.81,0.35,0.81,1.00,0.81",30,0.50,0.03,"AI Overview, Image pack, Video, People also ask, Related searches"
enneagram 1,"Informational, Commercial",66,8100,"1.00,1.00,1.00,1.00,0.66,0.82,1.00,0.66,1.00,1.00,1.00,0.66",29,0.35,0.05,"AI Overview, Reviews, Image pack, Video, Video carousel, People also ask, Related searches, Things to know"
enneagram 2,"Informational, Commercial",64,8100,"1.00,0.82,0.66,0.55,0.82,0.82,0.82,0.66,0.82,0.55,0.55,0.66",28,0.50,0.03,"Sitelinks, AI Overview, Reviews, Video, People also ask, Related searches, Things to know"
enneagram 3,Informational,71,8100,"1.00,0.81,0.81,0.67,0.44,0.67,0.81,0.53,0.67,0.53,0.81,0.67",22,0.32,0.03,"Sitelinks, AI Overview, Reviews, Image pack, Video, Video carousel, People also ask, Related searches, Things to know"
infp characters,Informational,39,8100,"1.00,0.82,0.82,0.82,0.82,0.82,0.82,0.82,1.00,1.00,1.00,0.82",26,0.00,0.33,"Sitelinks, AI Overview, Image, Image pack, Video, People also ask, Related searches"
enfp characters,Informational,41,5400,"0.67,0.81,0.81,1.00,0.81,0.81,0.81,0.67,1.00,0.81,1.00,0.81",25,0.00,0.33,"Sitelinks, AI Overview, Image, Video, People also ask, Related searches"
enneagame,Commercial,55,5400,"0.08,0.00,0.00,0.03,0.44,0.00,0.00,0.00,1.00,0.00,0.01,0.01",25,0.76,0.46,"Sitelinks, Reviews, Image, Video, Related searches"
enneagram personality 6,Informational,64,5400,"0.01,0.03,0.00,0.10,0.01,1.00,0.03,0.01,1.00,0.81,0.81,1.00",30,0.24,0.03,"Sitelinks, AI Overview, Image pack, Video, People also ask, Related searches"
16 personality,Navigational,41,4400,"0.42,0.54,1.00,0.54,0.79,0.29,0.42,0.29,0.54,0.67,0.67,0.33",31,0.15,0.24,"Sitelinks, Reviews, Image pack, Video, Related searches"
3 on enneagram,Informational,68,4400,"0.02,0.01,0.00,0.02,0.01,0.66,0.01,0.01,0.54,0.66,0.81,1.00",30,0.32,0.03,"Sitelinks, AI Overview, Reviews, Image pack, Video, Video carousel, People also ask, Related searches"
enneagram personality 5,Informational,66,4400,"0.00,0.03,0.00,0.10,0.01,1.00,0.03,0.02,0.66,0.81,1.00,0.81",31,0.23,0.04,"Sitelinks, AI Overview, Image pack, Video, People also ask, Related searches"
entp characters,Informational,39,4400,"0.81,0.81,0.81,1.00,0.81,0.81,1.00,0.81,1.00,0.67,0.81,0.81",24,0.00,0.33,"Sitelinks, AI Overview, Image, Image pack, Video, People also ask, Related searches"
intj characters,Informational,37,4400,"0.82,0.67,0.67,1.00,0.82,0.67,0.67,0.67,0.67,0.55,0.67,0.67",15,0.00,0.33,"Sitelinks, AI Overview, Image, Image pack, Video, Video carousel, People also ask, Related searches"
enfj characters,Informational,40,3600,"1.00,0.82,1.00,0.82,0.82,0.82,0.82,0.65,1.00,0.82,0.82,0.82",20,0.00,0.33,"Sitelinks, AI Overview, Image, Video, People also ask, Related searches"
mbti characters,Informational,41,3600,"1.00,1.00,1.00,0.82,0.66,0.82,0.55,0.82,1.00,0.66,0.66,0.82",28,0.50,0.33,"Sitelinks, Image pack, Video, Video carousel, People also ask, Related searches"
rarest mbti,Informational,45,3600,"0.54,0.81,1.00,1.00,0.81,1.00,0.54,0.54,0.81,0.65,0.65,0.65",33,0.32,0.33,"Sitelinks, AI Overview, Image, Image pack, Video, People also ask, Related searches"
type a b c d personality,Informational,42,3600,"0.36,0.23,0.30,0.36,0.09,0.16,0.11,0.66,0.36,0.18,1.00,0.16",32,0.13,0.06,"Sitelinks, AI Overview, Reviews, Video, People also ask, Related searches"
4 é,Informational,49,2900,"0.53,0.66,0.01,0.16,0.29,0.44,0.81,0.81,0.44,0.66,1.00,1.00",29,0.00,0.03,"AI Overview, Reviews, Image pack, Video, Video carousel"
enfp t,Informational,44,2900,"0.28,0.15,0.54,1.00,1.00,0.36,0.81,0.28,0.54,0.15,0.24,0.15",30,0.19,0.33,"Sitelinks, AI Overview, Reviews, Image, Image pack, Video, People also ask, Related searches, Things to know"
enneagram one,"Informational, Commercial",69,2900,"0.07,0.35,0.44,0.35,0.16,0.23,0.54,0.03,1.00,0.19,0.29,0.19",28,0.35,0.05,"AI Overview, Reviews, Image pack, Video, People also ask, Related searches, Things to know, Ads top"
enneagram type 1,Informational,68,2900,"1.00,0.81,0.81,1.00,1.00,1.00,1.00,0.81,0.81,0.81,0.63,1.00",27,0.39,0.05,"AI Overview, Reviews, Image pack, Video, People also ask, Related searches, Things to know"
enneagram type 2,Informational,64,2900,"1.00,0.81,0.81,0.81,0.81,0.81,0.63,0.63,0.63,0.63,1.00,0.63",30,0.43,0.03,"AI Overview, Reviews, Image pack, Video, Video carousel, People also ask, Related searches"
enneagram type 4,Informational,59,2900,"0.79,0.67,0.54,0.67,0.79,0.79,0.54,0.54,0.79,0.54,1.00,0.67",30,0.41,0.03,"Sitelinks, AI Overview, Reviews, Video, Video carousel, People also ask, Related searches"
enneagram type 9,Informational,64,2900,"0.67,0.67,1.00,0.79,0.79,0.33,0.42,0.42,0.54,0.42,0.54,0.54",27,0.41,0.08,"Sitelinks, AI Overview, Video, Video carousel, People also ask, Related searches"
ennegram 8,"Informational, Commercial",60,2900,"0.82,0.43,0.82,1.00,0.82,0.82,0.82,0.55,1.00,0.43,1.00,0.30",22,0.39,0.07,"Sitelinks, AI Overview, Reviews, Video, People also ask, Discussions and forums, Related searches, Things to know"
ennegram types,Informational,64,2900,"0.45,0.34,0.55,1.00,0.66,0.45,0.55,0.34,0.55,0.66,0.55,0.55",34,0.30,0.31,"Image, Image pack, Video, People also ask, Knowledge panel, Related searches"
2 on enneagram,Informational,63,2400,"0.02,0.01,0.00,0.19,0.66,1.00,0.01,0.02,0.01,0.10,0.02,0.02",25,0.50,0.03,"AI Overview, Reviews, Image pack, Video, People also ask, Discussions and forums, Related searches"
4w5,Informational,43,2400,"0.83,1.00,0.66,0.66,0.66,0.66,0.66,0.83,1.00,0.66,1.00,0.66",20,0.58,0.01,"Sitelinks, AI Overview, Image, Image pack, Video, People also ask, Related searches"
6 on enneagram,Informational,59,2400,"0.03,0.02,0.01,0.01,0.66,0.06,0.01,0.01,1.00,0.02,0.04,0.03",26,0.24,0.03,"Sitelinks, AI Overview, Video, Video carousel, People also ask, Discussions and forums, Related searches"
dcis personality types,Informational,39,2400,"0.67,0.80,0.00,0.24,0.44,0.67,0.80,0.67,0.53,1.00,0.80,1.00",29,0.60,0.37,"Sitelinks, AI Overview, Reviews, Image pack, Video, People also ask, Related searches"
enfp careers,Commercial,41,2400,"0.65,0.65,0.65,1.00,1.00,0.84,0.84,0.84,0.84,0.84,0.65,0.84",32,0.44,0.02,"Sitelinks, AI Overview, Video, Video carousel, People also ask, Discussions and forums, Related searches"
enneagram nine,Informational,58,2400,"0.36,0.19,1.00,0.43,0.24,0.36,0.28,0.36,0.28,0.36,0.36,0.54",27,0.26,0.07,"AI Overview, Image, Video, Video carousel, People also ask, Related searches"
enneagram three,Informational,60,2400,"0.44,0.44,0.24,0.30,0.44,0.30,0.15,0.67,1.00,0.54,0.13,0.44",24,0.32,0.03,"AI Overview, Image, Image pack, Video, Video carousel, People also ask, Related searches, Things to know"
enneagram type 3,Informational,69,2400,"1.00,0.83,0.83,1.00,0.83,0.65,0.83,0.65,0.83,0.57,0.65,0.83",27,0.56,0.03,"Sitelinks, AI Overview, Reviews, Video, People also ask, Related searches"
enneagram type 5,Informational,64,2400,"1.00,0.83,0.83,1.00,0.65,0.83,0.65,0.83,1.00,0.65,0.83,0.83",30,0.35,0.03,"Sitelinks, AI Overview, Video, Video carousel, People also ask, Related searches"
enneagram type 6,Informational,64,2400,"0.84,0.84,1.00,1.00,1.00,0.84,0.84,0.84,1.00,0.84,1.00,0.63",26,0.36,0.02,"Sitelinks, AI Overview, Video, Video carousel, People also ask, Related searches, Things to know"
ennegram 2,"Informational, Commercial",61,2400,"1.00,0.55,0.83,1.00,0.83,0.66,1.00,0.55,0.83,0.45,0.66,0.66",31,0.50,0.03,"AI Overview, Image pack, Video, Video carousel, People also ask, Related searches, Things to know"
ennegram 3,"Informational, Commercial",67,2400,"0.52,0.52,1.00,0.52,0.52,1.00,0.67,0.67,0.67,0.52,0.52,0.44",28,0.32,0.03,"AI Overview, Reviews, Video, Video carousel, People also ask, Related searches, Things to know"
ennegram 7,Informational,59,2400,"1.00,0.83,0.83,0.66,0.83,0.83,1.00,0.66,0.54,0.66,0.83,0.83",25,0.33,0.04,"AI Overview, Image pack, Video, Short videos, People also ask, Related searches"
ennegram 9,Informational,57,2400,"0.84,0.84,0.84,0.63,0.84,0.63,0.63,0.63,0.63,0.53,0.63,1.00",21,0.26,0.07,"Sitelinks, AI Overview, Video, Video carousel, People also ask, Related searches"
entj characters,Informational,38,2400,"1.00,1.00,0.83,1.00,0.83,0.83,1.00,0.66,0.83,0.83,0.83,1.00",22,0.00,0.33,"Sitelinks, AI Overview, Image, Image pack, Video, People also ask, Related searches"
esfp personality,Informational,45,2400,"0.83,0.65,0.65,0.83,1.00,1.00,0.83,0.65,0.83,0.83,0.83,1.00",34,0.20,0.01,"AI Overview, Image pack, Video, Video carousel, People also ask, Related searches, Things to know"
infp celebrities,Informational,36,2400,"0.67,0.50,0.50,1.00,0.67,0.50,0.67,0.42,0.67,0.50,0.50,0.42",25,0.02,0.33,"Sitelinks, AI Overview, Image, Image pack, Video, People also ask, Discussions and forums, Related searches"
infp jobs,Commercial,32,2400,"0.83,0.66,0.66,0.34,0.83,1.00,0.83,0.66,0.83,0.83,0.66,0.83",30,0.47,0.01,"Sitelinks, AI Overview, Video, People also ask, Related searches"
intj a,Informational,39,2400,"0.66,1.00,0.80,1.00,0.80,0.44,0.80,0.24,0.66,0.66,0.80,0.52",28,0.28,0.01,"Sitelinks, AI Overview, Image pack, Video, Video carousel, People also ask, Related searches"
i人,Informational,29,2400,"0.67,0.54,0.54,1.00,0.54,0.15,0.09,0.09,0.67,0.04,0.05,0.05",34,0.00,0.33,"Sitelinks, AI Overview, Video, People also ask, Related searches"
mbti s vs n,"Informational, Commercial",36,2400,"0.83,0.83,0.83,0.83,0.83,1.00,0.65,0.55,1.00,0.83,0.55,1.00",18,0.00,0.33,"Sitelinks, AI Overview, Image pack, Video, Video carousel, People also ask, Related searches"
mediator personality type,Informational,41,2400,"0.65,1.00,0.45,0.65,0.83,0.83,0.65,0.83,0.83,0.83,0.83,0.65",30,0.23,0.02,"Sitelinks, AI Overview, Reviews, Image pack, Video, Short videos, People also ask, Related searches, Things to know"
type 4 enneagram,"Informational, Commercial",60,2400,"0.55,0.34,0.41,0.55,0.41,0.41,0.41,0.28,0.55,0.55,1.00,0.55",25,0.41,0.03,"Sitelinks, AI Overview, Reviews, Video, People also ask, Related searches, Things to know"
type a b c d personality test,Informational,41,2400,"1.00,0.36,0.12,0.23,0.09,0.23,0.23,0.16,0.00,0.09,0.12,0.12",21,0.46,0.50,"AI Overview, Video, People also ask, Related searches"
what is a type c personality,Informational,36,2400,"0.65,0.44,0.55,0.65,0.82,0.65,0.82,0.82,1.00,0.65,0.82,1.00",31,0.20,0.04,"Sitelinks, AI Overview, Reviews, Image pack, Video, Video carousel, Short videos, People also ask, Related searches"
16personalities com,Navigational,38,1900,"0.28,0.19,0.15,1.00,0.81,0.19,0.10,0.07,0.01,0.13,0.28,0.19",33,0.35,0.30,"Video, People also ask, Related searches"
4w5 enneagram,Informational,62,1900,"0.79,0.55,0.79,0.55,0.79,0.67,1.00,0.79,1.00,0.67,1.00,1.00",31,0.35,0.03,"Sitelinks, AI Overview, Image, Image pack, Video, Video carousel, Short videos, People also ask, Related searches, Things to know"
5w4,Informational,43,1900,"1.00,0.78,0.78,0.78,0.78,0.67,0.53,0.78,0.78,0.78,0.78,0.78",24,0.69,0.01,"Sitelinks, AI Overview, Image, Video, People also ask, Related searches, Things to know"
6w5,Informational,42,1900,"0.78,0.78,0.78,0.67,0.53,0.67,0.67,0.67,1.00,0.78,1.00,1.00",25,0.68,0.33,"Sitelinks, AI Overview, Image, Image pack, Video, People also ask, Related searches"
all possible enneagram types mixes,Informational,59,1900,"1.00,0.00,0.00,0.00",12,0.00,0.00,"Sitelinks, AI Overview, Video, Video carousel, People also ask, Discussions and forums, Related searches"
brez mbti,Informational,45,1900,"1.00,0.00,0.84,0.00",27,0.00,0.00,"Video, People also ask, Related searches"
enfj careers,"Informational, Commercial",42,1900,"0.80,0.55,0.66,0.80,1.00,0.80,0.80,0.55,0.80,0.66,0.66,0.66",25,0.43,0.01,"Sitelinks, AI Overview, Video, People also ask, Discussions and forums, Related searches"
enfp jobs,"Informational, Commercial",37,1900,"0.55,0.66,0.55,1.00,0.34,0.66,0.55,0.66,0.66,0.66,0.55,0.45",30,0.40,0.02,"Sitelinks, AI Overview, Video, People also ask, Related searches"
enneagram eight,Informational,58,1900,"0.03,0.02,0.02,0.02,0.04,0.04,0.02,0.01,1.00,0.03,0.03,0.05",22,0.38,0.05,"AI Overview, Video, Video carousel, People also ask, Related searches, Ads top, Ads bottom"
enneagram four,Informational,61,1900,"0.09,0.07,0.09,0.19,0.15,0.07,0.13,0.06,1.00,0.81,0.35,0.28",25,0.41,0.05,"Sitelinks, AI Overview, Reviews, Image pack, Video, Video carousel, People also ask, Related searches, Things to know"
enneagram type 7,Informational,65,1900,"1.00,0.79,0.79,1.00,0.68,0.68,0.79,0.68,0.79,0.79,1.00,0.79",23,0.37,0.02,"AI Overview, Video, Video carousel, People also ask, Related searches"
enneagram type 8,Informational,60,1900,"1.00,1.00,1.00,1.00,1.00,0.79,0.79,0.67,1.00,0.67,0.79,0.67",25,0.52,0.03,"Sitelinks, AI Overview, Video, Video carousel, People also ask, Related searches"
esfp characters,Informational,37,1900,"0.55,1.00,0.79,0.79,0.67,0.67,0.79,0.67,0.79,0.67,0.67,0.79",20,0.00,0.33,"Sitelinks, Image, Image pack, Video, People also ask, Related searches"
infp-t characters,Informational,34,1900,"0.54,0.22,0.54,0.81,0.65,0.35,0.22,0.19,1.00,0.30,0.35,0.30",26,0.00,0.33,"Sitelinks, AI Overview, Video, People also ask, Related searches"
intj careers,Commercial,32,1900,"0.67,0.67,0.79,1.00,1.00,1.00,0.67,0.79,1.00,0.79,1.00,0.79",21,0.55,0.01,"AI Overview, Video, People also ask, Related searches"
intj female,Informational,33,1900,"0.66,0.80,0.80,1.00,0.80,0.80,0.66,0.80,0.80,0.80,0.66,0.80",30,0.06,0.02,"Sitelinks, AI Overview, Image, Image pack, Video, Video carousel, People also ask, Related searches"
intj vs intp,Informational,35,1900,"0.79,0.55,1.00,0.79,0.67,0.79,0.79,0.67,0.55,1.00,0.79,0.67",25,0.08,0.01,"Sitelinks, AI Overview, Image pack, Video, Video carousel, People also ask, Related searches"
intp vs intj,"Informational, Commercial",34,1900,"0.55,0.65,0.83,0.55,0.45,0.65,0.55,0.65,1.00,0.83,0.65,0.65",27,0.08,0.01,"Sitelinks, AI Overview, Image pack, Video, People also ask, Related searches"
isfj characters,Informational,40,1900,"0.79,0.79,1.00,1.00,1.00,0.79,0.79,0.79,0.79,1.00,0.79,1.00",20,0.00,0.33,"Sitelinks, AI Overview, Video, Video carousel, People also ask, Related searches"
isfj t,Informational,38,1900,"0.20,0.36,0.27,1.00,0.80,0.27,0.80,0.36,0.80,0.44,0.66,0.44",32,0.11,0.01,"Sitelinks, AI Overview, Image pack, Video, Video carousel, People also ask, Related searches, Things to know"
mediator personality,Informational,42,1900,"0.84,0.63,0.63,1.00,0.63,0.84,0.53,0.42,0.42,0.53,0.42,0.42",30,0.01,0.01,"AI Overview, Image pack, Video, Video carousel, People also ask, Related searches, Things to know"
the road back to you,Informational,24,1900,"1.00,0.83,1.00,1.00,0.83,0.83,0.83,0.70,0.83,1.00,1.00,0.83",32,0.26,0.92,"Sitelinks, Video, Video carousel, People also ask, Knowledge panel, Related searches, Popular products"
type c person,Informational,32,1900,"0.52,0.36,0.36,0.36,0.27,0.52,0.44,0.52,0.80,0.66,0.66,1.00",33,0.16,0.02,"Sitelinks, AI Overview, Reviews, Video, Short videos, People also ask, Related searches"
what mbti and ennagram is the opportunist,Informational,59,1900,"1.00,0.00,0.00,0.00",13,0.00,0.00,"Sitelinks, AI Overview, Video, Related searches"
2w1 enneagram,Informational,58,1600,"0.66,0.66,0.66,0.54,0.54,0.54,1.00,0.79,0.41,0.54,0.79,0.79",22,0.37,0.01,"Sitelinks, AI Overview, Image pack, Video, Video carousel, People also ask, Related searches, Things to know"
2w3,Informational,42,1600,"1.00,0.83,1.00,1.00,1.00,1.00,1.00,0.83,1.00,0.83,1.00,1.00",30,0.00,0.00,"Sitelinks, AI Overview, Image pack, Video, People also ask, Related searches"
5w6,Informational,46,1600,"0.69,1.00,1.00,0.69,0.83,0.69,0.69,0.69,0.69,0.83,1.00,0.83",20,0.63,0.33,"Sitelinks, AI Overview, Image, Video, People also ask, Related searches, Things to know"
8w7,Informational,46,1600,"0.86,0.86,1.00,0.86,0.86,0.68,0.68,0.68,0.86,0.86,0.86,0.86",20,0.97,0.01,"Sitelinks, AI Overview, Video, People also ask, Related searches"
9 on enneagram,Informational,67,1600,"0.02,0.08,0.02,0.02,0.02,0.08,0.01,0.01,1.00,0.02,0.04,0.03",34,0.26,0.07,"Sitelinks, AI Overview, Video, Video carousel, People also ask, Related searches"
9w1,Informational,45,1600,"0.86,1.00,1.00,0.86,0.68,0.68,0.68,0.68,1.00,0.86,0.68,0.86",33,0.59,0.01,"Sitelinks, AI Overview, Image, Video, Video carousel, People also ask, Related searches, Things to know"
a type b type personality test,Informational,40,1600,"1.00,1.00,0.00,0.36,0.67,0.53,0.78,0.78,0.53,0.67,0.67,0.78",30,0.46,0.50,"Sitelinks, AI Overview, Reviews, Video, People also ask, Related searches"
best free enneagram test,Commercial,62,1600,"0.45,0.45,0.45,0.34,0.45,0.55,0.45,0.45,0.83,0.45,0.65,1.00",22,1.06,0.70,"Sitelinks, AI Overview, Reviews, Video, Video carousel, People also ask, Discussions and forums, Related searches"
enfp celebrities,Informational,42,1600,"0.70,0.83,0.70,0.83,1.00,0.83,0.83,1.00,0.83,0.70,0.83,0.70",26,0.00,0.33,"Sitelinks, AI Overview, Image, Image pack, Video, People also ask, Related searches"
enneagram 4w5,Informational,60,1600,"0.45,0.45,0.34,0.66,0.34,0.66,0.55,0.34,0.45,0.55,1.00,0.66",23,0.53,0.01,"Sitelinks, AI Overview, Image, Image pack, Video, People also ask, Things to know"
enneagram five,Informational,59,1600,"0.08,0.07,0.35,0.08,0.08,0.07,0.05,0.05,1.00,0.07,0.16,0.10",28,0.34,0.02,"Sitelinks, AI Overview, Video, People also ask, Related searches"
enneagram personality 4,Informational,65,1600,"0.02,0.05,0.00,0.16,1.00,0.07,0.03,0.03,0.66,0.03,0.04,0.03",17,0.41,0.05,"AI Overview, Image pack, Video, Video carousel, People also ask, Discussions and forums, Related searches"
enneagram seven,Informational,61,1600,"0.10,0.10,0.08,0.07,0.05,0.16,0.10,0.04,1.00,0.10,0.35,0.29",25,0.34,0.02,"Image pack, Video, Video carousel, People also ask, Related searches"
ennegram 1,Informational,66,1600,"1.00,0.55,0.79,0.66,0.55,0.79,0.55,0.55,1.00,0.55,0.79,1.00",25,0.38,0.03,"Sitelinks, AI Overview, Video, Video carousel, People also ask, Related searches"
intj jobs,"Informational, Commercial",31,1600,"0.79,0.79,0.79,1.00,1.00,0.67,0.67,0.67,0.41,0.41,0.79,0.41",31,0.50,0.01,"Sitelinks, AI Overview, Video, People also ask, Discussions and forums, Related searches"
intj women,Informational,32,1600,"0.69,1.00,1.00,0.85,0.85,1.00,0.85,0.69,1.00,1.00,0.85,1.00",18,0.06,0.02,"Sitelinks, AI Overview, Image, Video, Video carousel, People also ask, Related searches, Things to know"
intj人格,Informational,35,1600,"0.81,1.00,1.00,0.00,0.00,0.00,0.07,0.08,0.08,0.13,0.10,0.13",34,0.00,0.33,"AI Overview, Video, Video carousel, People also ask, Related searches"
isfj-a,Informational,42,1600,"0.81,1.00,0.13,1.00,0.13,0.16,0.07,0.13,0.20,0.16,0.13,0.13",25,0.04,0.01,"Sitelinks, AI Overview, Reviews, Video, Video carousel, People also ask, Related searches"
myers briggs rare,Informational,58,1600,"0.67,1.00,0.01,0.25,0.00,0.67,0.80,0.00,0.67,0.00,0.00,0.00",16,0.34,0.01,"Sitelinks, AI Overview, Video, Video carousel, Short videos, People also ask, Related searches"
n vs s mbti,Informational,36,1600,"0.41,0.54,0.66,0.66,0.66,0.66,0.79,0.54,0.79,1.00,0.79,0.66",22,0.00,0.33,"Sitelinks, AI Overview, Image pack, Video, Video carousel, People also ask, Related searches"
type 2 enneagram,Informational,63,1600,"0.84,0.68,0.84,0.84,1.00,1.00,0.68,0.68,1.00,0.68,1.00,1.00",34,0.80,0.01,"Sitelinks, Image pack, Video, Video carousel, People also ask, Related searches"
type 3 enneagram,Informational,65,1600,"0.70,0.70,0.83,0.83,0.83,0.70,0.70,0.70,1.00,0.83,0.83,0.70",31,0.52,0.02,"Sitelinks, AI Overview, Reviews, Image pack, Video, People also ask, Related searches, Things to know"
type 5 enneagram,Informational,56,1600,"0.87,0.67,0.87,1.00,0.87,0.67,0.87,0.67,0.87,0.87,1.00,0.67",30,0.45,0.03,"AI Overview, Image pack, Video, People also ask, Discussions and forums, Related searches, Things to know"
type 6 enneagram,Informational,61,1600,"0.84,0.84,0.84,1.00,1.00,0.68,0.84,0.68,0.84,0.68,1.00,1.00",30,0.48,0.02,"Sitelinks, AI Overview, Video, People also ask, Related searches, Things to know"
تست mbti,Commercial,39,1600,"0.79,0.79,1.00,0.50,0.50,0.50,0.67,0.33,0.17,0.21,0.00,0.00",29,0.55,0.04,"Reviews, Video, Related searches"
1w2 enneagram,Informational,58,1300,"1.00,0.44,0.80,0.24,0.62,1.00,1.00,1.00,0.36,1.00,0.62,0.80",22,0.37,0.01,"Sitelinks, AI Overview, Reviews, Image pack, Video, People also ask, Discussions and forums, Related searches"
2w3 enneagram,Informational,61,1300,"0.52,0.85,0.69,0.69,0.69,0.52,0.52,0.52,0.69,0.69,1.00,0.85",23,0.64,0.01,"Sitelinks, AI Overview, Image pack, Video, Video carousel, People also ask, Related searches"
3w2,Informational,42,1300,"0.81,0.61,1.00,0.81,0.61,0.61,0.81,0.61,0.81,0.81,0.81,0.81",21,0.67,0.01,"Sitelinks, AI Overview, Image pack, Video, Video carousel, People also ask, Related searches, Things to know"
4w3,Informational,41,1300,"0.83,0.69,0.83,0.69,0.69,0.69,0.69,0.51,0.69,0.69,0.83,1.00",20,1.48,0.01,"Sitelinks, AI Overview, Image, Image pack, Video, Video carousel, Short videos, People also ask, Related searches"
6 7 gift,Informational,49,1300,"0.00,0.00,0.00,0.00,0.05,0.16,0.44,1.00,0.12,0.02,0.07,0.07",26,0.44,0.38,"Sitelinks, Reviews, Image, Image pack, Video, Short videos, People also ask, Related searches, Popular products"
6w5 enneagram,Informational,56,1300,"0.70,0.35,0.70,0.52,0.52,0.52,0.52,0.52,0.52,0.70,1.00,1.00",26,0.88,0.01,"Sitelinks, AI Overview, Image pack, Video, Video carousel, Short videos, People also ask, Discussions and forums, Related searches, Things to know"
6w7,Informational,42,1300,"0.81,0.56,1.00,0.56,0.61,0.61,0.61,0.61,1.00,0.81,1.00,0.81",17,0.46,0.33,"Sitelinks, AI Overview, Image, Image pack, Video, Video carousel, People also ask, Related searches"
7 on enneagram,Informational,61,1300,"0.02,0.02,0.00,0.05,0.02,0.30,0.02,0.18,1.00,0.07,0.05,0.09",25,0.34,0.02,"AI Overview, Image pack, Video, Video carousel, People also ask, Related searches, Ads middle"
7w8,Informational,41,1300,"0.83,0.83,1.00,0.83,0.83,0.83,0.83,0.83,0.83,0.83,1.00,0.83",28,0.48,0.01,"Sitelinks, AI Overview, Image, Image pack, Video, Video carousel, People also ask, Related searches"
9w8,Informational,41,1300,"0.36,0.36,0.36,0.36,0.27,0.27,0.27,1.00,0.27,0.36,0.44,0.36",25,0.00,0.00,"Sitelinks, AI Overview, Image, Image pack, Video, Video carousel, People also ask, Related searches"
celebrity infp,Informational,35,1300,"0.55,0.82,0.61,1.00,1.00,0.82,0.82,0.18,1.00,0.61,0.82,0.82",25,0.01,0.00,"Sitelinks, AI Overview, Video, People also ask, Related searches"
eights enneagram,Informational,55,1300,"0.00,0.00,0.00,0.00,0.00,0.00,0.00,0.00,0.00,1.00,0.00,0.00",20,0.38,0.05,"Sitelinks, AI Overview, Image pack, Video, People also ask, Related searches"
enfp characteristics,Informational,46,1300,"0.28,0.17,1.00,0.52,0.28,0.34,0.28,0.14,0.34,0.34,0.10,0.52",29,0.00,0.33,"Sitelinks, AI Overview, Image pack, Video, People also ask, Related searches"
enfp compatibility,Informational,40,1300,"0.75,0.67,0.75,0.67,1.00,0.75,0.75,0.56,0.75,0.67,0.75,0.75",20,0.00,0.00,"Sitelinks, AI Overview, Image pack, Video, People also ask, Discussions and forums, Related searches"
enfp famous people,Informational,42,1300,"0.75,1.00,0.42,1.00,0.54,0.75,1.00,0.54,1.00,1.00,0.75,0.75",22,0.00,0.00,"Sitelinks, AI Overview, Video, Video carousel, People also ask, Related searches"
enneagram 5w4,Informational,55,1300,"0.52,0.52,0.38,0.52,0.52,0.69,1.00,0.46,0.85,0.85,0.85,0.85",27,0.53,0.01,"Sitelinks, AI Overview, Image pack, Video, Video carousel, People also ask, Discussions and forums, Related searches"
ennegram 4,Informational,58,1300,"0.22,0.28,0.22,0.53,0.14,0.36,0.36,0.44,1.00,0.14,0.28,0.11",27,0.36,0.02,"Sitelinks, AI Overview, Video, People also ask, Discussions and forums, Related searches, Things to know"
ennegram 6,"Informational, Commercial",58,1300,"0.00,0.00,0.53,0.53,0.53,0.53,0.19,0.36,1.00,0.22,0.19,0.19",25,0.24,0.03,"Sitelinks, AI Overview, Image pack, Video, People also ask, Related searches, Things to know"
esfj characters,Informational,37,1300,"0.82,1.00,0.62,0.82,0.82,0.82,0.82,0.62,1.00,1.00,0.82,0.82",26,0.00,0.33,"Sitelinks, AI Overview, Image pack, Video, Video carousel, People also ask, Related searches"
estj characters,Informational,32,1300,"1.00,0.76,1.00,1.00,1.00,0.76,0.76,0.67,1.00,0.76,0.76,1.00",23,0.00,0.33,"Sitelinks, AI Overview, Image pack, Video, People also ask, Discussions and forums, Related searches"
e人,Informational,33,1300,"1.00,1.00,0.00,0.79,0.67,0.11,0.11,0.11,0.79,0.06,0.08,0.08",34,0.00,0.33,"Sitelinks, AI Overview, Video, Video carousel, People also ask, Related searches"
intj famous people,Informational,34,1300,"0.81,0.81,0.81,1.00,0.81,0.81,0.61,0.28,1.00,1.00,0.81,0.56",23,0.02,0.01,"Sitelinks, AI Overview, Image, Image pack, Video, People also ask, Related searches"
intj-a personality,Informational,41,1300,"0.67,1.00,0.05,0.05,0.00,0.24,0.12,0.15,0.20,0.20,0.27,0.24",31,0.22,0.06,"Sitelinks, AI Overview, Video, Video carousel, People also ask, Discussions and forums, Related searches"
isfj careers,Commercial,34,1300,"0.25,0.52,0.68,1.00,0.68,0.68,0.52,0.10,0.68,0.52,0.52,0.52",27,0.00,0.00,"Sitelinks, AI Overview, Video, People also ask, Related searches"
isfj vs infj,"Informational, Commercial",38,1300,"0.55,0.81,1.00,0.81,0.62,1.00,0.62,0.81,0.81,0.62,0.81,0.81",16,0.04,0.02,"Sitelinks, AI Overview, Image pack, Video, People also ask, Related searches"
logician personality type,Informational,37,1300,"0.52,0.46,0.69,1.00,0.69,0.69,0.52,0.46,0.52,0.52,0.52,0.52",33,0.10,0.02,"Sitelinks, AI Overview, Video, People also ask, Discussions and forums, Related searches"
mbti functions test,Commercial,38,1300,"0.29,0.10,0.35,0.08,0.13,0.24,0.10,0.07,1.00,0.10,0.13,0.24",21,0.43,0.37,"Sitelinks, Video, People also ask, Related searches"
mbti letters meaning,Informational,40,1300,"0.25,0.55,0.34,0.65,0.55,0.34,0.25,0.20,0.65,0.83,0.45,1.00",21,0.31,0.33,"Sitelinks, AI Overview, Video, Related searches"
most common mbti,Informational,40,1300,"0.68,0.84,0.84,0.68,0.84,0.52,0.68,0.46,0.68,0.84,0.84,1.00",24,0.00,0.33,"Sitelinks, AI Overview, Reviews, Image, Video, Video carousel, People also ask, Related searches"
n vs s myers briggs,Commercial,37,1300,"0.54,0.41,0.79,0.41,0.67,0.79,0.24,0.54,0.37,1.00,0.54,0.41",22,0.00,0.33,"Sitelinks, AI Overview, Image pack, Video, Video carousel, People also ask, Related searches"
persona quiz,Informational,34,1300,"1.00,0.14,0.36,0.81,0.22,0.03,0.03,0.03,0.03,0.03,0.03,0.03",12,1.20,0.02,"Sitelinks, Video, Related searches"
rare mbti,Informational,45,1300,"0.03,0.65,0.29,1.00,0.05,0.36,0.05,0.01,0.65,0.07,0.10,0.08",24,0.32,0.33,"Sitelinks, AI Overview, Video, Video carousel, People also ask, Related searches"
rare personality types,Informational,58,1300,"0.28,0.24,0.28,0.15,0.28,0.19,0.19,0.19,0.35,1.00,0.52,0.35",30,0.68,0.01,"Sitelinks, AI Overview, Image, Video, People also ask, Related searches"
riso hudson enneagram type,Informational,48,1300,"1.00,0.02,0.00,0.02,0.00,0.00,0.07,0.00,0.09,0.00,0.02,0.00",30,1.08,0.11,"Sitelinks, AI Overview, Reviews, Video, Video carousel, People also ask, Related searches"
s or n myers briggs,Informational,38,1300,"0.83,1.00,0.01,0.30,0.83,0.65,0.04,0.01,0.04,0.04,0.03,0.04",23,0.00,0.33,"Sitelinks, AI Overview, Image pack, Video, Video carousel, People also ask, Related searches"
type 1 enneagram,Informational,67,1300,"0.84,0.53,0.84,1.00,0.84,0.63,0.53,0.84,0.84,0.63,0.63,0.63",28,0.69,0.02,"AI Overview, Reviews, Image pack, Video, Video carousel, People also ask, Related searches, Things to know, Ads bottom"
type 3,Informational,48,1300,"1.00,0.81,0.81,0.81,1.00,0.81,0.81,0.81,1.00,0.81,1.00,1.00",26,0.00,0.33,"Sitelinks, AI Overview, Reviews, Image pack, Video, Video carousel, People also ask, Related searches, Things to know"
type 7 enneagram,Informational,60,1300,"0.51,0.69,0.69,0.83,0.69,0.69,0.51,0.46,0.69,0.51,1.00,0.69",19,0.43,0.02,"AI Overview, Image pack, Video, Video carousel, People also ask, Related searches"
type 8 enneagram,Informational,60,1300,"0.67,0.67,0.83,0.67,0.83,0.50,0.83,0.67,0.67,0.67,1.00,0.83",21,0.41,0.03,"AI Overview, Reviews, Image pack, Video, People also ask, Related searches"
type 9 enneagram,Informational,59,1300,"0.77,0.77,0.77,1.00,1.00,0.77,0.77,0.77,1.00,0.77,1.00,0.77",23,0.42,0.04,"AI Overview, Video, Video carousel, Short videos, People also ask, Related searches"
type a or b personality test,Informational,37,1300,"1.00,0.46,0.52,0.68,0.68,0.68,0.52,0.52,0.52,0.46,0.46,0.52",24,0.42,0.51,"AI Overview, Video, Related searches, Ads top, Ads bottom"
type four enneagram,Informational,61,1300,"0.41,0.30,0.41,0.24,0.41,0.54,0.30,0.54,1.00,0.54,0.30,0.66",23,0.53,0.04,"Sitelinks, AI Overview, Image pack, Video, Video carousel, People also ask, Related searches, Things to know, Ads top, Ads bottom"
type two enneagram,Informational,62,1300,"0.62,0.55,0.62,0.62,0.80,1.00,0.44,1.00,0.80,1.00,0.80,0.62",29,0.72,0.03,"Sitelinks, AI Overview, Reviews, Image pack, Video, Video carousel, People also ask, Discussions and forums, Related searches"
what is intj,Informational,40,1300,"0.67,0.67,0.67,0.84,1.00,0.67,0.67,0.67,0.84,0.84,0.84,0.67",34,0.50,0.03,"AI Overview, Image, Image pack, Video, People also ask, Related searches"
1w2,Informational,41,1000,"0.55,0.44,0.55,0.62,1.00,0.55,0.62,0.44,0.62,0.55,0.62,0.80",19,0.00,0.33,"Sitelinks, AI Overview, Image pack, Video, Video carousel, People also ask, Related searches"
2w1,Informational,42,1000,"0.75,1.00,0.75,0.75,0.67,0.75,0.75,0.75,1.00,0.75,1.00,1.00",17,0.00,0.33,"Sitelinks, AI Overview, Image pack, Video, Video carousel, People also ask, Related searches"
3w2 enneagram,Informational,61,1000,"1.00,0.20,0.46,0.68,0.52,0.52,0.68,0.68,0.68,0.68,0.46,0.68",24,0.34,0.02,"Sitelinks, AI Overview, Image, Image pack, Video, Video carousel, People also ask, Related searches"
3w4,Informational,43,1000,"0.67,0.75,1.00,0.75,0.67,0.67,1.00,0.75,1.00,1.00,1.00,1.00",16,0.73,0.01,"Featured snippet, Sitelinks, Image, Image pack, Video, Video carousel, People also ask, Related searches, Things to know"
4 enneagram,Informational,61,1000,"0.75,0.75,1.00,0.75,0.75,1.00,1.00,0.50,0.75,0.75,1.00,0.75",25,0.42,0.02,"Sitelinks, AI Overview, Video, People also ask, Related searches, Things to know, Ads middle"
5w4 enneagram,Informational,56,1000,"0.79,0.79,0.79,0.79,0.79,0.54,0.33,0.63,0.79,0.79,0.79,1.00",24,0.53,0.01,"Sitelinks, AI Overview, Image pack, Video, Video carousel, People also ask, Discussions and forums, Related searches"
5w6 enneagram,Informational,60,1000,"0.60,0.80,0.80,0.60,1.00,0.60,0.50,0.50,0.80,0.60,0.80,0.40",24,0.73,0.01,"Sitelinks, AI Overview, Image pack, Video, Video carousel, People also ask, Related searches, Things to know"
6 enneagram,Informational,62,1000,"1.00,1.00,1.00,1.00,1.00,1.00,0.89,0.89,0.89,0.72,1.00,1.00",31,0.28,0.02,"Sitelinks, AI Overview, Image pack, Video, People also ask, Related searches, Things to know"
7 enneagram,Informational,60,1000,"0.63,0.63,1.00,1.00,1.00,0.75,0.75,0.63,1.00,0.75,1.00,0.75",20,0.36,0.02,"Sitelinks, AI Overview, Image pack, Video, Video carousel, People also ask, Related searches"
7w6,Informational,43,1000,"0.55,0.61,0.55,0.61,0.45,0.55,0.82,0.61,0.82,0.61,1.00,0.82",22,0.75,0.33,"Sitelinks, AI Overview, Image, Image pack, Video, Video carousel, People also ask, Related searches"
9 enneagram,Informational,66,1000,"0.68,1.00,1.00,1.00,1.00,0.79,0.68,0.68,1.00,1.00,0.79,0.79",31,0.44,0.06,"Sitelinks, AI Overview, Image pack, Video, People also ask, Discussions and forums, Related searches, Things to know"
9w1 enneagram,Informational,58,1000,"1.00,0.69,1.00,0.76,0.69,0.55,0.55,0.76,0.76,1.00,0.69,1.00",26,0.73,0.01,"Sitelinks, AI Overview, Image pack, Video, People also ask, Related searches"
debater personality type,Informational,35,1000,"1.00,1.00,1.00,0.68,1.00,0.77,0.45,0.77,0.55,0.68,0.68,0.68",33,0.06,0.01,"Sitelinks, AI Overview, Image pack, Video, Video carousel, People also ask, Related searches"
defender mbti,Informational,37,1000,"0.68,1.00,1.00,0.77,1.00,1.00,0.77,0.68,0.77,0.77,0.77,0.77",27,0.02,0.01,"AI Overview, Image pack, Video, Video carousel, People also ask, Discussions and forums, Related searches, Things to know"
define intj,Informational,38,1000,"0.55,0.55,1.00,0.55,0.77,0.45,0.36,1.00,0.77,0.45,0.36,0.68",31,0.31,0.02,"Sitelinks, AI Overview, Image, Video, People also ask, Related searches"
en suffix meaning,Informational,45,1000,"1.00,0.19,0.35,0.56,0.23,0.12,0.23,0.02,0.12,0.23,0.44,0.23",24,0.00,0.33,"AI Overview, Reviews, Video, Video carousel, People also ask, Related searches"
eneagrama,Informational,57,1000,"1.00,0.80,0.62,0.62,0.62,0.55,0.44,0.36,0.36,0.36,0.44,0.44",33,0.82,0.28,"Sitelinks, AI Overview, Video, Video carousel, People also ask, Knowledge panel, Related searches"
enfj celebrities,Informational,40,1000,"0.46,0.52,0.52,0.52,1.00,0.52,0.52,0.38,0.52,0.52,0.46,0.52",30,0.02,0.33,"Sitelinks, AI Overview, Image pack, Video, People also ask, Discussions and forums, Related searches"
enfj famous people,Informational,40,1000,"0.47,0.47,0.30,0.84,1.00,0.67,0.67,0.51,0.47,0.37,0.67,0.51",24,0.02,0.33,"Sitelinks, AI Overview, Image pack, Video, Video carousel, People also ask, Discussions and forums, Related searches"
enfj personality famous,Informational,38,1000,"0.81,1.00,0.06,0.30,1.00,0.81,1.00,0.62,0.81,0.81,0.00,0.81",34,0.02,0.33,"Sitelinks, AI Overview, Video, Short videos, People also ask, Related searches"
enneagram 1w2,Informational,60,1000,"0.37,0.41,0.54,0.41,0.54,0.16,0.16,0.16,1.00,0.13,0.54,0.37",19,0.37,0.01,"Sitelinks, AI Overview, Image pack, Video, People also ask, Things to know"
enneagram 2w3,Informational,61,1000,"1.00,0.55,0.61,0.61,0.61,0.82,0.55,0.45,0.82,0.61,0.45,0.55",22,0.64,0.01,"Sitelinks, AI Overview, Image pack, Video, Video carousel, People also ask, Discussions and forums, Related searches"
enneagram 5w6,Informational,58,1000,"0.68,1.00,0.45,1.00,0.45,0.77,0.77,0.55,0.68,1.00,0.77,0.77",22,0.69,0.01,"Sitelinks, AI Overview, Video, Video carousel, Short videos, People also ask, Things to know"
enneagram 6w5,Informational,60,1000,"0.82,1.00,0.45,0.82,0.45,0.82,0.55,0.30,0.55,0.36,0.30,0.61",27,1.12,0.02,"Sitelinks, AI Overview, Image pack, Video, Video carousel, People also ask, Discussions and forums, Related searches, Things to know"
enneagram 7 description,Informational,64,1000,"1.00,0.67,0.76,1.00,0.76,1.00,1.00,0.67,1.00,0.76,1.00,0.76",25,0.18,0.03,"Sitelinks, AI Overview, Image pack, Video, Video carousel, People also ask, Related searches"
enneagram 9w1,Informational,60,1000,"0.67,0.67,0.67,1.00,0.75,1.00,1.00,0.75,1.00,1.00,1.00,0.75",28,0.73,0.01,"Sitelinks, AI Overview, Video, People also ask, Related searches"
enneagram subtypes,Informational,64,1000,"0.16,0.37,0.41,0.29,0.20,0.24,0.29,0.29,0.41,0.54,1.00,0.79",22,1.03,0.02,"Sitelinks, AI Overview, Reviews, Image pack, Video, Video carousel, Related searches, Things to know"
enneagram triads,Informational,59,1000,"0.55,0.44,0.62,0.62,0.55,0.62,0.62,0.62,0.55,0.62,0.62,1.00",19,1.31,0.33,"Sitelinks, AI Overview, Video, Video carousel, People also ask, Related searches"
enneagram wings,Informational,63,1000,"1.00,0.79,0.79,0.79,1.00,0.79,0.53,0.68,1.00,0.68,0.79,0.79",22,0.83,0.02,"Sitelinks, AI Overview, Video, Video carousel, Short videos, People also ask, Related searches, Things to know"
entj characteristics,Informational,47,1000,"0.36,0.29,0.29,1.00,0.62,0.55,1.00,0.44,0.55,0.80,0.44,0.62",31,0.00,0.33,"Sitelinks, AI Overview, Video, People also ask, Discussions and forums, Related searches"
entj jobs,Commercial,38,1000,"0.75,0.67,0.56,0.75,1.00,1.00,0.75,0.56,0.75,0.75,0.67,0.56",27,0.61,0.01,"Sitelinks, AI Overview, Video, People also ask, Jobs, Discussions and forums, Related searches"
entp jobs,"Informational, Commercial",37,1000,"1.00,0.67,0.44,0.56,0.75,1.00,0.56,0.67,0.56,0.44,0.67,0.44",26,0.49,0.00,"Sitelinks, AI Overview, Video, Video carousel, People also ask, Jobs, Discussions and forums, Related searches"
entp jobs careers,Commercial,34,1000,"1.00,0.68,0.12,0.56,1.00,0.77,0.77,0.44,0.68,0.77,0.77,0.77",25,1.20,0.33,"Sitelinks, AI Overview, Reviews, Video, People also ask, Jobs, Discussions and forums, Related searches"
infj test,Informational,43,1000,"0.77,0.68,0.77,0.77,1.00,1.00,1.00,0.68,0.68,0.77,0.77,0.68",34,0.63,0.63,"Sitelinks, Image pack, Video, Video carousel, People also ask, Related searches, Ads top, Ads bottom"
infj vs isfj,"Informational, Commercial",39,1000,"0.62,0.81,0.81,1.00,0.81,0.45,0.62,0.62,0.81,0.62,0.81,0.81",24,0.05,0.01,"Sitelinks, AI Overview, Video, Video carousel, People also ask, Related searches"
isfj jobs,Commercial,33,1000,"0.62,0.62,0.37,0.62,0.81,1.00,0.62,0.55,0.62,0.30,0.44,0.44",22,0.91,0.01,"Sitelinks, AI Overview, Video, People also ask, Discussions and forums, Related searches"
j vs p myers briggs,"Informational, Commercial",32,1000,"0.81,1.00,1.00,0.62,0.44,0.62,0.44,0.30,0.55,0.37,0.55,0.44",27,0.00,0.33,"Sitelinks, AI Overview, Image pack, Video, Video carousel, People also ask, Related searches"
mbti meaning of letters,Informational,40,1000,"0.83,1.00,0.02,0.31,0.00,0.00,0.00,0.00,0.66,0.00,0.00,0.00",18,0.31,0.33,"Sitelinks, AI Overview, Video, People also ask, Related searches"
mbti most common,Informational,45,1000,"0.62,0.62,0.81,0.55,0.55,0.62,0.55,0.55,0.81,0.81,1.00,0.81",19,0.00,0.33,"Sitelinks, AI Overview, Reviews, Video, Video carousel, People also ask, Related searches"
mbti p vs j,"Informational, Commercial",30,1000,"1.00,1.00,1.00,1.00,1.00,0.76,0.54,0.54,0.54,0.54,0.76,0.68",19,0.00,0.33,"Sitelinks, AI Overview, Image pack, Video, Video carousel, People also ask, Discussions and forums, Related searches"
myers briggs intj,Informational,44,1000,"0.36,1.00,0.68,1.00,1.00,0.55,0.68,0.55,0.77,1.00,1.00,0.77",29,0.16,0.04,"AI Overview, Video, People also ask, Related searches"
personality type intj,Informational,44,1000,"0.36,0.55,1.00,0.45,1.00,0.30,0.55,0.82,0.62,1.00,0.62,0.62",28,0.29,0.09,"Sitelinks, AI Overview, Video, People also ask, Related searches, Things to know"
tritype test,Commercial,47,1000,"0.38,0.50,0.50,0.38,0.38,0.38,0.50,0.50,0.50,0.63,1.00,0.88",16,0.25,0.26,"Sitelinks, Video, Video carousel, People also ask, Related searches"
type 1 personality enneagram,Informational,58,1000,"0.41,0.36,0.04,0.30,0.41,0.54,0.41,0.24,0.54,1.00,0.30,0.41",24,0.39,0.05,"AI Overview, Reviews, Image pack, Video, Video carousel, People also ask, Related searches"
type 4,Informational,44,1000,"0.77,0.77,0.77,0.77,0.77,0.68,0.68,0.68,1.00,0.77,1.00,1.00",27,0.42,0.33,"Sitelinks, AI Overview, Video, Video carousel, People also ask, Related searches"
type 5,Informational,49,1000,"0.82,0.62,0.62,1.00,0.82,0.62,0.62,0.55,0.82,0.62,0.55,0.45",28,4.40,0.04,"Sitelinks, AI Overview, Image pack, Video, Video carousel, People also ask, Discussions and forums, Related searches"
type a type b personality test,Informational,41,1000,"0.68,0.68,0.38,0.68,1.00,0.52,0.38,0.30,0.68,0.38,0.52,0.46",27,0.46,0.49,"Sitelinks, AI Overview, Reviews, Image pack, Video, People also ask, Discussions and forums, Related searches"
type b personality quiz,Commercial,34,1000,"1.00,0.51,0.05,0.37,0.51,0.51,0.05,0.05,0.51,0.37,0.67,0.05",31,0.42,0.51,"Video, Related searches"
type five enneagram,Informational,62,1000,"0.16,0.13,0.13,0.01,0.10,0.65,0.01,0.04,0.55,0.65,1.00,0.83",30,0.35,0.03,"Sitelinks, AI Overview, Video, People also ask, Discussions and forums, Related searches"
type one enneagram,Informational,67,1000,"0.68,0.37,0.37,0.37,0.37,0.68,0.31,0.25,0.37,0.20,0.46,1.00",26,0.76,0.05,"Sitelinks, AI Overview, Video, Video carousel, People also ask, Related searches, Things to know"
what is intj personality type,Informational,44,1000,"0.30,0.36,0.81,0.62,1.00,0.62,0.81,0.81,1.00,0.81,0.36,0.36",29,0.34,0.12,"Sitelinks, AI Overview, Image, Video, People also ask, Related searches"
1w9,Informational,42,880,"0.55,0.68,1.00,0.45,0.68,0.68,0.55,0.55,1.00,0.68,0.68,0.77",22,0.00,0.33,"Sitelinks, AI Overview, Image, Image pack, Video, Video carousel, People also ask, Related searches"
8 enneagram,Informational,60,880,"0.28,0.22,0.42,0.06,0.22,0.22,1.00,0.19,0.00,0.67,0.28,0.53",25,0.39,0.07,"Sitelinks, AI Overview, Reviews, Video, Video carousel, People also ask, Related searches, Ads middle"
8w7 enneagram,Informational,60,880,"0.55,0.55,0.77,0.55,0.55,0.77,0.68,0.68,1.00,0.77,0.77,1.00",17,0.55,0.01,"Sitelinks, AI Overview, Video, People also ask, Discussions and forums"
8w9,Informational,40,880,"0.75,0.67,1.00,0.67,0.67,0.56,0.56,0.67,0.75,0.67,0.67,1.00",25,1.01,0.01,"Sitelinks, AI Overview, Image, Image pack, Video, Video carousel, People also ask, Related searches"
careers for enfp-t,"Informational, Commercial",36,880,"0.00,0.00,0.00,0.00,0.00,1.00,0.00,0.67,0.67,0.16,0.30,0.47",30,0.39,0.01,"Sitelinks, AI Overview, Video, Video carousel, People also ask, Related searches"
commander mbti,Informational,35,880,"0.88,0.88,0.72,0.88,0.88,1.00,0.88,0.59,0.72,0.72,0.72,0.88",27,0.10,0.01,"Sitelinks, AI Overview, Reviews, Image pack, Video, Video carousel, People also ask, Discussions and forums, Related searches, Things to know"
enfj jobs,"Informational, Commercial",41,880,"0.69,0.46,0.51,0.06,0.20,0.83,0.37,0.46,1.00,0.69,0.46,0.83",26,0.50,0.01,"Sitelinks, AI Overview, Video, People also ask, Discussions and forums, Related searches"
enfp compatibilidad,Informational,39,880,"1.00,1.00,0.10,0.73,1.00,0.73,1.00,0.89,0.89,0.73,0.89,1.00",20,0.00,0.33,"Sitelinks, AI Overview, Image pack, Video, Video carousel, People also ask, Related searches"
enfp vs enfj,"Informational, Commercial",42,880,"1.00,0.73,0.89,1.00,0.58,0.89,0.73,1.00,0.73,0.89,0.89,1.00",6,0.00,0.33,"Sitelinks, AI Overview, Image pack, Video, People also ask, Related searches"
enneagram 1 wing 2,Informational,62,880,"0.58,0.73,0.89,0.89,0.89,0.89,0.89,0.73,1.00,0.73,0.89,0.73",23,0.23,0.01,"Sitelinks, AI Overview, Reviews, Image pack, Video, Video carousel, Short videos, People also ask, Related searches"
enneagram 2w1,Informational,59,880,"0.45,0.55,0.55,0.62,0.30,0.36,0.36,0.82,1.00,0.82,0.20,0.55",17,0.37,0.01,"Sitelinks, AI Overview, Image pack, Video, Video carousel, People also ask, Discussions and forums, Related searches"
enneagram 3 type,Informational,66,880,"0.00,0.00,0.03,0.36,0.04,0.79,0.05,0.02,0.66,0.79,1.00,0.79",29,0.56,0.03,"Sitelinks, AI Overview, Reviews, Image pack, Video, People also ask, Related searches"
enneagram 3w2,Informational,62,880,"0.36,0.77,0.77,0.77,0.55,0.68,0.68,0.18,0.77,1.00,0.30,0.77",25,0.62,0.02,"Sitelinks, AI Overview, Image pack, Video, Video carousel, People also ask, Related searches, Things to know"
enneagram 8 description,Informational,63,880,"0.55,0.45,0.76,0.76,0.55,0.67,0.67,0.55,1.00,0.67,0.55,0.45",22,0.10,0.05,"Sitelinks, AI Overview, Image pack, Video, People also ask, Related searches"
enneagram 9 description,Informational,66,880,"0.72,0.72,1.00,0.88,0.59,0.59,1.00,1.00,1.00,0.72,0.88,0.72",27,0.06,0.09,"AI Overview, Reviews, Image pack, Video, Video carousel, People also ask, Related searches"
enneagram book,"Informational, Commercial",55,880,"0.80,0.50,1.00,0.70,1.00,0.50,0.80,0.70,0.70,0.80,0.80,1.00",20,0.21,1.00,"Sitelinks, AI Overview, Image, Image pack, Video, People also ask, Related searches, Popular products"
enneagram four with a five-wing,Informational,61,880,"0.00,0.00,0.00,0.00,0.00,0.52,0.00,0.52,0.44,0.52,0.80,1.00",32,0.53,0.01,"Sitelinks, AI Overview, Video, People also ask, Discussions and forums"
enneagram personality type 6,Informational,62,880,"0.65,0.05,0.03,0.07,1.00,0.03,0.04,0.03,0.65,0.65,0.30,0.20",27,0.39,0.02,"Sitelinks, AI Overview, Reviews, Image pack, Video, Video carousel, People also ask, Related searches"
enneagram types explained,Informational,70,880,"0.73,1.00,0.89,0.89,0.89,0.89,0.89,0.48,1.00,1.00,1.00,1.00",30,0.17,0.19,"Sitelinks, AI Overview, Video, Video carousel, People also ask, Related searches"
ennegram type 9,Informational,60,880,"0.67,0.76,0.76,0.76,0.56,0.56,1.00,1.00,0.44,0.37,0.44,0.44",20,0.46,0.06,"Sitelinks, AI Overview, Image pack, Video, People also ask"
entj careers,Commercial,39,880,"0.67,0.67,0.56,0.76,1.00,0.76,0.67,0.56,0.56,0.44,0.56,0.44",26,0.61,0.01,"Sitelinks, AI Overview, Video, People also ask, Discussions and forums, Related searches"
entj celebrities,Informational,38,880,"0.56,0.56,0.44,0.68,1.00,0.68,0.68,0.68,0.56,0.56,0.56,0.44",26,0.00,0.33,"Sitelinks, AI Overview, Image, Image pack, Video, People also ask, Discussions and forums, Related searches"
entp careers,Commercial,38,880,"0.28,0.44,0.56,0.61,1.00,0.44,0.28,0.28,0.56,0.44,0.61,0.44",26,1.20,0.33,"Sitelinks, AI Overview, Reviews, Video, People also ask, Discussions and forums, Related searches"
famous intj,Informational,37,880,"0.76,0.56,0.56,1.00,0.76,0.67,0.76,0.56,0.76,0.44,0.67,0.67",26,0.03,0.01,"Sitelinks, AI Overview, Image pack, Video, Video carousel, People also ask, Related searches"
imbt,Commercial,30,880,"0.62,0.30,0.44,0.62,0.44,0.44,0.81,0.62,1.00,0.44,0.30,0.81",16,0.02,0.03,"Image pack, Video, People also ask, Related searches"
infp 4w5,Informational,42,880,"0.45,0.62,0.45,0.45,0.45,0.45,0.55,0.45,0.62,0.36,1.00,0.62",21,0.81,0.01,"Sitelinks, AI Overview, Image pack, Video, Video carousel, People also ask, Related searches"
intj woman,Informational,28,880,"0.68,0.52,0.46,0.46,0.46,0.25,0.31,0.46,0.52,0.84,0.46,1.00",20,0.06,0.02,"Sitelinks, AI Overview, Video, Video carousel, People also ask, Related searches"
intp celebrities,Informational,35,880,"0.69,0.55,0.69,0.45,1.00,0.76,0.69,0.55,0.69,0.45,0.45,0.55",28,0.00,0.33,"Sitelinks, AI Overview, Image pack, Video, Video carousel, People also ask, Discussions and forums, Related searches"
isfj-t personality type,Informational,40,880,"0.15,0.19,0.19,1.00,0.83,0.19,0.25,0.19,0.19,0.25,0.25,0.25",34,0.04,0.02,"Sitelinks, AI Overview, Video, People also ask, Discussions and forums"
j vs p mbti,"Informational, Commercial",30,880,"0.45,0.55,0.55,0.76,0.76,0.76,0.67,0.67,0.76,0.67,1.00,0.67",18,0.00,0.33,"Sitelinks, AI Overview, Image pack, Video, People also ask, Discussions and forums, Related searches"
mbti j vs p,"Informational, Commercial",30,880,"0.76,1.00,1.00,0.56,0.67,0.67,0.37,0.37,0.67,0.44,0.56,0.56",20,0.00,0.33,"Sitelinks, AI Overview, Image pack, Video, Video carousel, People also ask, Discussions and forums, Related searches"
mbti 검사,Informational,37,880,"0.74,0.74,0.74,0.89,0.74,0.74,0.89,0.74,0.74,0.74,0.89,1.00",33,0.86,0.07,"Image pack, Video, Video carousel, Related searches"
pdb mbti,Informational,36,880,"0.88,0.88,0.88,0.73,0.59,0.73,0.88,0.59,1.00,0.88,1.00,1.00",29,0.00,0.33,"Sitelinks, Related searches"
personality test truity,Navigational,43,880,"0.24,0.45,0.62,0.24,1.00,0.62,0.62,0.24,0.24,1.00,0.55,1.00",32,0.42,0.08,"Sitelinks, Video, Discussions and forums, Related searches"
riso hudson enneagram type indicator rheti,Informational,45,880,"0.00,0.00,0.00,0.00,0.00,0.00,0.00,0.00,0.00,0.00,0.00,0.00",16,1.22,0.02,"Sitelinks, Video, Video carousel, People also ask, Related searches, Ads top, Ads bottom"
type 8 personality enneagram,Informational,61,880,"0.00,0.00,0.00,0.00,0.00,0.68,0.84,0.84,0.84,0.00,1.00,0.84",23,0.52,0.03,"Sitelinks, AI Overview, Reviews, Image pack, Video, People also ask, Related searches"
type e personality,Informational,39,880,"0.76,0.76,1.00,0.76,0.67,0.76,1.00,0.67,0.30,0.45,0.67,0.76",11,0.59,0.33,"Sitelinks, AI Overview, Video, Video carousel, People also ask, Discussions and forums, Related searches, Things to know"
type five,Navigational,43,880,"0.76,0.30,0.30,1.00,0.76,0.76,0.67,0.67,0.67,0.55,0.45,0.67",32,4.57,0.05,"Sitelinks, Reviews, Image pack, Video, People also ask, Knowledge panel, Related searches"
type seven enneagram,Informational,60,880,"0.56,0.56,0.76,1.00,0.67,0.56,0.44,0.44,0.37,0.56,1.00,0.67",17,0.60,0.04,"Sitelinks, Image pack, Video, Video carousel, People also ask, Related searches"
what does enfp stand for,Informational,46,880,"0.67,0.44,0.67,0.76,0.67,0.76,0.56,0.67,0.67,0.56,1.00,0.56",31,0.77,0.01,"Sitelinks, AI Overview, Video, People also ask, Related searches"
what is c type personality,Informational,36,880,"0.00,0.00,0.00,0.00,0.00,0.00,0.13,0.00,1.00,0.00,0.00,0.24",33,0.27,0.02,"Sitelinks, AI Overview, Image pack, Video, People also ask, Related searches"
1w9 enneagram,Informational,57,720,"0.02,0.55,0.55,0.55,0.36,0.55,0.45,0.36,0.55,0.76,1.00,0.67",21,0.31,0.02,"Sitelinks, AI Overview, Image pack, Video, Video carousel, People also ask, Discussions and forums, Related searches"
2 enneagram,Informational,62,720,"0.67,0.83,0.67,0.83,0.67,1.00,1.00,0.56,0.67,0.67,0.83,0.83",31,0.46,0.02,"AI Overview, Reviews, Image pack, Video, People also ask, Related searches, Things to know"
3 enneagram,Informational,66,720,"0.55,0.44,0.55,0.44,0.55,0.44,0.44,0.36,0.44,0.36,0.55,1.00",25,1.17,0.01,"AI Overview, Image pack, Video, People also ask, Related searches"
4w3 enneagram,Informational,59,720,"0.28,0.24,0.55,0.83,0.55,0.17,0.55,0.83,0.45,0.83,1.00,1.00",22,1.24,0.01,"Sitelinks, AI Overview, Image pack, Video, Video carousel, People also ask, Discussions and forums, Related searches"
5 enneagram,Informational,62,720,"0.87,0.67,1.00,0.87,0.67,0.53,0.27,0.67,0.67,0.47,0.67,0.87",30,0.39,0.02,"Sitelinks, AI Overview, Video, People also ask, Related searches, Things to know"
7w6 enneagram,Informational,56,720,"0.88,0.72,0.59,0.72,0.59,0.48,0.59,0.26,0.59,0.88,1.00,0.72",24,0.33,0.01,"Sitelinks, AI Overview, Image pack, Video, Video carousel, People also ask, Related searches, Things to know"
7w8 enneagram,Informational,59,720,"0.59,1.00,0.71,0.71,0.59,0.71,0.71,0.59,0.88,0.88,0.88,1.00",27,0.35,0.03,"Sitelinks, AI Overview, Image pack, Video, People also ask, Related searches"
9w8 enneagram,Informational,57,720,"0.73,0.58,0.73,0.58,0.48,0.48,0.58,0.39,0.89,0.89,0.73,1.00",25,0.38,0.02,"Sitelinks, AI Overview, Image pack, Video, Video carousel, People also ask, Related searches, Things to know"
architect personality,Informational,36,720,"0.80,0.80,0.80,1.00,1.00,0.80,0.50,0.50,0.80,0.80,0.65,0.80",24,0.01,0.02,"Sitelinks, AI Overview, Reviews, Image pack, Video, Video carousel, People also ask, Related searches, Things to know"
best enneagram test,Commercial,61,720,"0.69,0.34,0.69,0.69,0.55,0.55,0.69,0.55,1.00,0.69,0.45,0.55",28,1.78,0.56,"Sitelinks, AI Overview, Reviews, Video, Video carousel, Short videos, People also ask, Discussions and forums, Related searches"
celebrities that are enfj,Informational,37,720,"0.81,0.62,0.06,0.30,1.00,0.81,0.00,0.01,0.24,0.24,0.00,0.00",25,0.02,0.33,"Sitelinks, AI Overview, Video, People also ask, Related searches"
celebrities who are enfj,Informational,37,720,"0.81,0.62,0.06,0.30,1.00,0.81,0.00,0.00,0.08,0.04,0.00,0.00",23,0.02,0.00,"Sitelinks, AI Overview, Image pack, Video, People also ask"
e n t j,Informational,43,720,"0.00,0.00,0.00,0.00,0.00,1.00,0.00,0.00,0.00,0.00,0.00,0.00",22,0.00,0.33,"AI Overview, Image, Image pack, Video, Video carousel, People also ask, Related searches, Things to know"
enfp and infj,Informational,43,720,"0.05,0.55,0.55,0.55,0.77,0.77,0.68,1.00,0.77,0.25,0.18,0.18",13,0.00,0.33,"Sitelinks, AI Overview, Image pack, Video, Video carousel, People also ask, Related searches"
enfp vs entp,Informational,41,720,"0.88,1.00,0.72,0.72,0.88,0.72,0.72,0.88,0.72,0.59,0.72,0.88",15,0.00,0.33,"Sitelinks, AI Overview, Image pack, Video, Video carousel, People also ask, Related searches"
enft,"Informational, Commercial",42,720,"1.00,0.20,0.20,0.60,0.40,0.60,0.00,0.20,0.60,0.00,0.60,0.20",24,0.23,0.01,"Sitelinks, AI Overview, Reviews, Image pack, Video, Video carousel, People also ask, Related searches, Things to know"
enneagram 1 description,Informational,64,720,"0.72,0.48,0.59,1.00,0.59,0.59,0.48,0.59,1.00,0.88,0.59,0.72",31,0.14,0.08,"Sitelinks, AI Overview, Reviews, Image pack, Video, Video carousel, People also ask, Related searches, Ads middle"
enneagram 1 wing 9,Informational,62,720,"0.55,0.45,0.45,0.67,0.45,0.55,0.55,0.55,1.00,0.67,0.55,0.67",21,0.27,0.01,"Sitelinks, AI Overview, Video, Video carousel, People also ask, Related searches"
enneagram 2 description,Informational,67,720,"0.72,0.59,0.59,0.72,0.72,1.00,0.72,0.48,1.00,0.59,0.59,0.48",29,0.09,0.05,"Sitelinks, AI Overview, Reviews, Image pack, Video, Video carousel, People also ask, Related searches"
enneagram 2 wing 3,Informational,64,720,"0.48,0.58,0.73,0.58,0.73,1.00,0.73,0.58,0.89,0.58,0.73,0.58",26,0.49,0.01,"Sitelinks, AI Overview, Reviews, Image pack, Video, Video carousel, People also ask, Discussions and forums, Related searches"
enneagram 3 description,Informational,64,720,"0.72,0.59,0.59,0.39,0.59,0.72,0.72,0.72,1.00,0.88,0.59,0.48",29,0.10,0.03,"Sitelinks, AI Overview, Image pack, Video, Video carousel, People also ask, Related searches"
enneagram 3w4,Informational,58,720,"1.00,0.88,0.73,0.73,0.73,0.39,1.00,0.49,0.59,0.59,0.73,0.49",22,0.48,0.01,"Sitelinks, AI Overview, Image pack, Video, Video carousel, People also ask, Discussions and forums, Related searches, Things to know"
enneagram 4 description,Informational,63,720,"0.32,0.48,0.48,0.59,0.72,0.72,0.72,0.88,1.00,0.88,1.00,0.72",26,0.09,0.03,"Sitelinks, AI Overview, Reviews, Image pack, Video, Video carousel, People also ask, Related searches, Things to know"
enneagram 4w3,Informational,61,720,"1.00,0.77,0.55,0.36,0.45,0.77,0.77,0.18,0.45,1.00,0.30,0.55",23,0.79,0.01,"Sitelinks, AI Overview, Image, Image pack, Video, Video carousel, Short videos, People also ask, Related searches"
enneagram 5 description,Informational,65,720,"0.72,0.72,0.59,0.88,0.72,0.72,0.72,0.48,1.00,0.48,0.59,0.48",29,0.02,0.03,"Sitelinks, AI Overview, Image pack, Video, People also ask, Related searches"
enneagram 6 description,Informational,60,720,"0.88,0.59,0.59,1.00,0.72,0.59,0.88,0.47,1.00,0.72,0.88,0.88",25,0.03,0.04,"Sitelinks, AI Overview, Reviews, Image pack, Video, People also ask, Related searches"
enneagram 7 wing 8,Informational,60,720,"0.82,1.00,0.82,0.55,0.65,0.82,0.65,0.36,1.00,0.55,0.82,0.82",22,0.19,0.01,"Sitelinks, AI Overview, Image pack, Video, Video carousel, People also ask, Related searches"
enneagram 8 wing 7,Informational,62,720,"0.83,0.67,0.83,1.00,0.83,0.83,0.83,0.56,1.00,0.36,0.67,0.83",19,0.34,0.02,"Sitelinks, AI Overview, Video, Video carousel, People also ask, Discussions and forums, Related searches"
enneagram 8w7,Informational,63,720,"0.73,0.59,0.73,0.73,1.00,0.59,0.73,1.00,1.00,0.88,0.73,0.59",22,1.21,0.02,"Sitelinks, AI Overview, Image pack, Video, People also ask, Discussions and forums, Related searches, Things to know"
enneagram 9 wing 1,Informational,62,720,"0.71,0.71,0.88,0.88,0.71,0.88,0.88,0.60,1.00,0.60,0.71,0.48",24,0.27,0.01,"Sitelinks, AI Overview, Image pack, Video, People also ask, Related searches"
enneagram books,Commercial,55,720,"0.17,0.67,0.21,0.08,0.29,0.67,0.67,0.17,1.00,0.75,0.54,1.00",19,0.23,1.00,"Sitelinks, AI Overview, Video, People also ask, Discussions and forums, Related searches, Popular products"
enneagram compatibility,Informational,57,720,"1.00,0.59,0.74,0.74,0.74,0.59,0.74,0.59,0.74,0.48,0.48,0.48",19,0.00,0.33,"Sitelinks, AI Overview, Image pack, Video, Video carousel, People also ask, Discussions and forums, Related searches, Things to know"
enneagram number 9,Informational,63,720,"0.46,0.37,0.20,0.37,0.37,0.31,0.20,0.20,1.00,0.13,0.25,0.25",24,0.46,0.06,"AI Overview, Video, Video carousel, People also ask, Related searches"
enneagram test eclecticenergies song,"Informational, Transactional",48,720,"0.20,0.20,0.08,0.08,0.55,0.62,0.62,0.55,0.62,0.81,0.81,1.00",26,0.00,0.33,"Sitelinks, People also ask, Related searches"
enneagram tritype,Informational,58,720,"0.56,0.44,0.56,0.67,0.75,0.56,0.67,0.28,0.44,0.36,1.00,0.56",17,0.32,0.17,"Sitelinks, AI Overview, Reviews, Video, Video carousel, People also ask, Related searches"
ennegram 5,Informational,62,720,"0.42,0.37,0.37,0.42,0.63,0.26,0.63,0.53,1.00,0.05,0.53,0.05",31,0.34,0.02,"Sitelinks, AI Overview, Image pack, Video, Video carousel, People also ask, Discussions and forums, Related searches"
entj famous people,Informational,38,720,"0.71,0.71,0.59,1.00,1.00,0.71,0.71,0.47,0.59,1.00,0.71,0.59",26,0.00,0.33,"Sitelinks, AI Overview, Image, Image pack, Video, People also ask, Discussions and forums, Related searches"
entp celebrities,Informational,40,720,"0.83,0.83,0.83,1.00,1.00,0.83,0.83,0.67,0.83,0.83,0.83,0.83",18,0.00,0.33,"Sitelinks, AI Overview, Image pack, Video, People also ask, Discussions and forums, Related searches"
esfj careers,"Informational, Commercial",39,720,"0.72,0.88,0.59,1.00,1.00,0.72,0.88,0.47,0.72,0.72,0.59,0.59",22,0.00,0.33,"AI Overview, Video, People also ask, Discussions and forums, Related searches"
esfj jobs,"Informational, Commercial",37,720,"0.74,0.74,0.59,1.00,1.00,0.74,0.74,0.48,0.74,0.74,0.59,0.59",27,0.00,0.33,"Sitelinks, AI Overview, Video, People also ask, Discussions and forums, Related searches"
esfp a personality,Informational,42,720,"0.08,0.20,0.84,0.46,1.00,0.05,0.03,0.05,0.68,0.37,0.46,0.52",33,0.09,0.01,"AI Overview, Video, Video carousel, People also ask, Related searches"
esfp vs enfp,Informational,35,720,"0.72,0.59,0.88,0.72,0.59,0.72,0.72,0.59,0.72,0.72,0.72,1.00",14,0.00,0.33,"Sitelinks, AI Overview, Video, Video carousel, People also ask, Related searches"
estj jobs,Commercial,32,720,"0.54,0.84,0.43,1.00,1.00,0.68,0.68,0.68,0.68,0.68,0.68,0.54",24,0.00,0.00,"Sitelinks, AI Overview, Video, People also ask, Discussions and forums, Related searches"
famous infp,Informational,37,720,"0.59,0.74,0.74,0.89,0.74,1.00,0.74,0.59,1.00,1.00,0.74,0.74",25,0.04,0.33,"Sitelinks, AI Overview, Image pack, Video, People also ask, Related searches"
four personality,Informational,61,720,"1.00,0.39,0.49,1.00,0.10,0.24,0.39,0.32,0.20,0.20,0.32,0.20",29,0.65,0.03,"Sitelinks, AI Overview, Image pack, Video, People also ask, Related searches"
imtj,Informational,39,720,"0.04,0.00,0.00,0.03,0.00,0.00,0.00,0.05,1.00,0.13,0.13,0.04",30,0.26,0.01,"AI Overview, Image pack, Video, People also ask, Related searches, Things to know"
infj and enfp,Informational,40,720,"0.76,1.00,0.44,1.00,0.44,0.44,0.37,0.15,0.67,0.76,0.67,0.67",23,0.00,0.33,"Sitelinks, AI Overview, Reviews, Video, People also ask, Related searches"
infp and careers,Commercial,34,720,"0.00,1.00,0.00,0.00,0.00,0.00,0.00,0.00,0.66,0.00,0.00,0.00",34,0.35,0.01,"Sitelinks, AI Overview, Video, People also ask, Related searches"
infp t characters,Informational,34,720,"0.28,0.36,0.36,1.00,1.00,0.67,1.00,0.36,0.44,0.28,0.22,0.28",20,0.00,0.33,"Sitelinks, Image pack, Video, People also ask, Related searches"
intj a personality,Informational,41,720,"0.89,0.89,0.58,0.89,0.73,0.73,0.73,0.26,0.73,1.00,0.58,0.73",28,0.13,0.03,"Sitelinks, AI Overview, Image, Video, People also ask, Discussions and forums, Related searches"
intj and infj,Informational,42,720,"0.67,0.82,1.00,0.67,0.67,0.67,0.67,0.82,0.82,0.54,0.67,0.82",25,0.00,0.01,"Sitelinks, AI Overview, Image pack, Video, People also ask, Related searches"
intj mbti,Informational,43,720,"0.72,0.88,0.88,0.72,0.59,0.72,0.72,0.72,0.88,0.88,0.88,1.00",28,0.20,0.01,"Sitelinks, AI Overview, Image, Image pack, Video, People also ask, Related searches"
intj occupations,Commercial,32,720,"0.09,0.16,1.00,0.37,0.79,1.00,0.06,0.04,0.06,0.05,0.16,0.02",24,0.55,0.01,"Sitelinks, AI Overview, Video, Video carousel, People also ask, Related searches"
intj personality traits,Informational,44,720,"1.00,0.30,0.36,0.30,0.45,0.25,0.16,0.16,0.18,0.16,0.18,0.18",34,0.06,0.02,"Sitelinks, AI Overview, Video, People also ask, Knowledge panel, Related searches"
intp famous people,Informational,32,720,"0.67,0.56,0.44,0.75,1.00,0.44,0.56,0.67,0.67,0.44,0.44,0.44",26,0.00,0.33,"Sitelinks, AI Overview, Image pack, Video, People also ask, Discussions and forums, Related searches"
intp myers briggs,Informational,44,720,"0.55,0.82,1.00,1.00,1.00,0.82,0.65,0.65,0.65,1.00,0.82,0.65",32,0.11,0.03,"Sitelinks, AI Overview, Image pack, Video, Video carousel, People also ask, Related searches"
most common myers briggs,Informational,41,720,"0.30,0.36,0.45,0.13,0.36,0.62,0.24,0.30,0.30,1.00,0.62,0.45",27,0.00,0.33,"Sitelinks, AI Overview, Reviews, Video, Video carousel, People also ask, Related searches"
most rarest mbti,Informational,45,720,"0.00,0.00,0.00,0.30,0.00,0.82,1.00,0.65,0.00,0.00,0.00,0.00",30,0.00,0.33,"Sitelinks, AI Overview, Image, Image pack, Video, Short videos, People also ask, Discussions and forums, Related searches"
my type quiz,Informational,36,720,"1.00,1.00,1.00,0.83,0.67,0.83,0.67,0.83,0.83,0.67,0.83,0.67",27,0.21,0.03,"Sitelinks, Video"
myers briggs compatibility,Informational,37,720,"0.75,0.63,1.00,0.25,1.00,0.13,0.31,0.50,0.44,0.31,0.44,0.25",28,1.00,0.01,"Sitelinks, Reviews, Image pack, Video, Video carousel, People also ask, Discussions and forums, Related searches"
myers briggs j vs p,Commercial,36,720,"0.73,0.32,1.00,0.73,0.58,0.73,0.73,0.48,0.89,0.73,0.89,0.58",32,0.00,0.33,"Sitelinks, AI Overview, Image pack, Video, People also ask, Related searches"
myers briggs mediator,Informational,43,720,"0.89,0.58,1.00,0.73,0.73,0.58,0.73,0.48,0.58,0.58,0.89,0.73",29,0.01,0.33,"Sitelinks, AI Overview, Reviews, Image pack, Video, Video carousel, People also ask, Related searches"
myers briggs n vs s,"Informational, Commercial",38,720,"0.05,0.55,0.55,0.00,0.23,0.23,1.00,0.18,0.18,0.23,0.41,0.36",20,0.00,0.00,"Sitelinks, AI Overview, Image pack, Video, People also ask, Related searches"
p vs j mbti,"Informational, Commercial",30,720,"0.54,0.67,1.00,0.81,0.81,1.00,0.81,0.67,1.00,1.00,1.00,1.00",21,0.00,0.33,"Featured snippet, Image pack, Video, Video carousel, People also ask, Discussions and forums, Related searches"
personality type c,Informational,36,720,"1.00,0.53,0.53,0.53,0.53,0.53,1.00,0.53,0.42,0.21,0.53,0.42",33,0.16,0.02,"Sitelinks, AI Overview, Reviews, Image pack, Video, Video carousel, Short videos, People also ask, Related searches"
rarest personality types,Informational,58,720,"1.00,0.33,0.54,0.42,0.29,0.33,0.29,0.33,0.17,0.42,0.54,0.29",25,0.68,0.01,"Sitelinks, AI Overview, Image, Video, People also ask, Related searches"
sexual 3,Informational,34,720,"0.20,0.08,0.66,0.41,0.36,1.00,0.79,0.04,0.07,0.03,0.08,0.08",10,0.00,0.33,"Sitelinks, AI Overview, Video, Video carousel, People also ask, Related searches"
sx4 enneagram,Informational,45,720,"0.13,0.08,0.10,0.10,0.13,0.13,0.13,0.13,0.24,0.30,0.79,1.00",10,1.22,0.33,"Sitelinks, AI Overview, Video, Video carousel, People also ask, Related searches"
test infj,Informational,42,720,"0.88,0.59,1.00,0.17,0.88,1.00,1.00,0.72,0.59,0.59,0.88,0.21",22,0.63,0.63,"Video, Video carousel, People also ask, Related searches"
the road back to you type 4,Informational,27,720,"0.68,0.30,0.10,0.10,1.00,0.77,0.77,0.37,0.68,0.56,0.68,0.56",18,0.00,0.33,"Video, People also ask, Related searches"
truity login,"Navigational, Transactional",33,720,"1.00,0.81,0.67,1.00,1.00,0.67,0.54,0.67,0.67,0.67,0.67,0.54",31,0.29,0.04,"Sitelinks, Reviews, Related searches"
type architect,Informational,29,720,"0.62,1.00,0.07,0.36,0.62,0.36,0.44,0.29,0.36,0.29,0.36,0.44",28,0.00,0.33,"Sitelinks, AI Overview, Video, People also ask, Related searches"
type eight enneagram,Informational,61,720,"0.20,0.08,0.11,0.46,0.05,0.68,0.05,0.05,0.84,1.00,1.00,0.84",31,0.29,0.02,"AI Overview, Image pack, Video, Video carousel, People also ask, Related searches, Ads bottom"
what are the rarest personality types,Informational,58,720,"0.30,0.25,0.18,0.55,0.55,0.68,1.00,0.45,0.68,0.45,0.68,0.68",27,0.55,0.01,"Sitelinks, AI Overview, Image, Image pack, Video, People also ask, Related searches"
what does enfp mean,Informational,44,720,"0.82,0.82,1.00,0.82,1.00,1.00,1.00,0.82,1.00,0.82,1.00,1.00",34,0.23,0.01,"Sitelinks, AI Overview, Video, People also ask, Related searches"
what is an intj,Informational,43,720,"1.00,0.71,1.00,1.00,1.00,1.00,1.00,0.38,0.60,0.38,0.38,0.38",29,0.31,0.03,"Sitelinks, AI Overview, Image, Image pack, Video, Video carousel, People also ask"
what is mbti meaning,Informational,39,720,"0.54,0.36,0.00,0.30,0.30,0.03,1.00,0.20,0.54,0.02,0.01,0.00",33,0.86,0.12,"AI Overview, Image pack, Video, People also ask, Related searches"
what is my type quiz,Informational,39,720,"1.00,0.88,0.73,0.59,0.59,0.59,0.73,0.59,0.73,0.59,0.49,0.59",34,0.65,0.04,"Video, Related searches"
what is the most common personality type,Informational,38,720,"0.73,0.73,0.59,0.59,0.88,0.73,0.88,0.49,0.88,1.00,1.00,0.88",30,0.64,0.33,"Sitelinks, AI Overview, Reviews, Video, Video carousel, People also ask, Related searches"
what's my type quiz,Informational,31,720,"0.73,0.73,0.39,0.88,1.00,0.73,0.39,0.00,0.88,0.39,0.88,1.00",18,0.65,0.04,"Video, Related searches"
what's the rarest personality type,Informational,58,720,"0.46,0.37,0.46,0.54,0.54,0.46,0.76,1.00,0.37,0.37,0.54,0.46",27,0.00,0.01,"Sitelinks, AI Overview, Image, Image pack, Video, Video carousel, Short videos, People also ask, Related searches"
what's your type quiz,Informational,34,720,"0.37,0.37,0.13,0.31,0.31,0.37,0.46,1.00,0.31,0.25,0.31,0.25",28,0.58,0.02,"AI Overview, Video, Related searches"
whats my type,Informational,36,720,"1.00,0.59,1.00,0.88,0.39,0.59,0.88,0.20,0.59,0.24,0.73,0.32",24,0.68,0.02,"Sitelinks, Video, Related searches"
1 w 9 enneagram,Informational,58,590,"0.88,0.88,0.17,0.59,0.48,0.72,1.00,0.59,1.00,0.72,1.00,1.00",20,0.94,0.02,"Sitelinks, Video, Video carousel, People also ask, Discussions and forums, Related searches"
2 w 3 enneagram,Informational,58,590,"1.00,0.76,1.00,0.44,0.15,0.24,0.24,0.30,0.15,0.24,0.24,0.44",27,0.64,0.01,"Sitelinks, AI Overview, Reviews, Image pack, Video, People also ask, Related searches"
3w4 enneagram,Informational,59,590,"0.34,0.24,0.45,0.28,0.34,0.55,0.45,0.69,0.55,0.55,1.00,0.76",16,1.05,0.01,"Sitelinks, AI Overview, Image pack, Video, People also ask, Discussions and forums, Related searches, Things to know"
6w7 enneagram,Informational,59,590,"0.36,0.36,0.45,0.45,0.45,0.36,0.36,0.45,0.55,0.36,1.00,0.76",18,0.44,0.02,"Sitelinks, AI Overview, Image pack, Video, People also ask, Discussions and forums, Related searches"
8w9 enneagram,Informational,56,590,"0.67,0.54,0.82,0.67,0.67,0.82,0.82,0.67,1.00,0.82,1.00,1.00",18,0.23,0.01,"Sitelinks, AI Overview, Image pack, Video, Video carousel, People also ask, Related searches"
best careers for infp,Commercial,32,590,"0.77,0.62,0.77,0.62,0.77,1.00,0.31,0.23,0.38,0.38,0.54,0.54",32,0.37,0.03,"Sitelinks, AI Overview, Video, Video carousel, People also ask, Related searches"
best myers briggs test,"Informational, Commercial",40,590,"0.82,0.67,1.00,0.55,0.67,0.55,0.55,0.67,0.44,0.67,0.67,0.67",25,1.40,0.20,"Sitelinks, AI Overview, Video, People also ask, Related searches"
chakra test,Informational,32,590,"0.33,0.67,1.00,0.33,0.33,0.33,1.00,0.33,0.67,0.33,0.33,0.67",18,0.62,0.01,"Sitelinks, Video, Video carousel, Related searches"
character mbti,Informational,37,590,"0.54,0.67,0.82,0.54,0.54,0.45,0.45,0.67,0.82,0.45,0.54,1.00",31,0.00,0.33,"Sitelinks, Image pack, Video, Video carousel, Related searches"
cognitive functions intj,Informational,36,590,"1.00,0.82,1.00,0.82,0.24,0.67,0.19,0.19,0.67,0.30,0.67,0.67",28,0.05,0.01,"Sitelinks, AI Overview, Video, Video carousel, People also ask, Related searches"
defender myers briggs,Informational,38,590,"1.00,0.82,0.82,0.55,0.82,0.55,0.82,0.82,0.82,0.65,0.82,0.82",26,0.01,0.01,"Image pack, Video, Video carousel, People also ask, Related searches"
defender personality,Informational,38,590,"0.56,0.56,0.56,0.89,1.00,0.72,0.56,0.39,0.72,0.56,0.44,0.44",31,0.01,0.01,"AI Overview, Reviews, Image pack, Video, Video carousel, People also ask, Discussions and forums, Related searches"
different kinds of people,Informational,34,590,"1.00,0.45,0.67,0.67,0.67,0.30,0.45,0.54,0.67,0.36,0.82,0.82",20,0.00,0.33,"Sitelinks, AI Overview, Reviews, Video, Video carousel, People also ask, Discussions and forums, Related searches"
emtj,Informational,44,590,"0.55,0.55,0.36,0.20,0.36,0.45,0.36,0.24,0.30,1.00,0.30,0.55",22,0.00,0.33,"Sitelinks, AI Overview, Reviews, Image, Image pack, Video, Video carousel, People also ask, Related searches, Things to know"
eneagram types,Informational,60,590,"0.13,0.10,0.16,0.13,0.13,0.00,0.00,0.41,1.00,0.24,0.08,0.36",32,0.30,0.31,"Image, Image pack, Video, People also ask, Knowledge panel, Related searches, Ads top, Ads middle"
enfj a careers,Commercial,42,590,"0.30,0.24,0.45,0.36,0.76,0.24,0.24,0.30,1.00,0.30,0.36,0.45",24,0.99,0.01,"Sitelinks, AI Overview, Video, People also ask, Discussions and forums, Related searches"
enfp jobs and careers,Commercial,37,590,"0.00,1.00,0.00,0.00,0.00,0.00,0.00,0.00,0.67,0.00,0.00,0.00",25,0.40,0.02,"Sitelinks, AI Overview, Video, People also ask, Related searches"
enfp traits,Informational,48,590,"1.00,0.83,0.83,1.00,0.67,0.83,0.83,0.67,0.67,0.67,0.83,0.56",30,0.07,0.01,"Sitelinks, AI Overview, Image pack, Video, People also ask, Discussions and forums, Related searches"
enfp vs esfp,Informational,37,590,"0.59,0.39,0.72,0.59,0.59,0.59,0.59,0.59,1.00,0.59,0.72,0.88",14,0.00,0.33,"Sitelinks, AI Overview, Image pack, Video, Video carousel, People also ask, Related searches"
enne suffix,Informational,45,590,"0.00,0.00,1.00,0.00,0.00,0.00,0.00,0.00,0.00,0.00,0.00,0.01",16,0.00,0.33,"AI Overview, People also ask, Related searches"
enneagram 1w9,"Informational, Commercial",58,590,"1.00,0.80,0.80,0.80,0.80,0.80,0.80,0.54,0.54,0.35,1.00,0.35",20,0.31,0.02,"Sitelinks, AI Overview, Image pack, Video, Video carousel, People also ask, Related searches, Things to know"
enneagram 2 wing 1,Informational,63,590,"0.59,0.47,0.59,0.39,0.59,0.72,0.59,0.47,1.00,0.59,0.59,0.72",24,0.23,0.01,"Sitelinks, AI Overview, Image pack, Video, Video carousel, People also ask, Related searches"
enneagram 3 wing 2,Informational,61,590,"0.54,0.54,0.67,0.67,0.54,0.67,0.67,0.54,1.00,0.67,0.67,0.67",24,1.22,0.01,"Sitelinks, AI Overview, Video, Video carousel, People also ask, Discussions and forums, Related searches"
enneagram 4 wing 5,Informational,63,590,"0.73,0.48,0.58,0.58,0.48,1.00,0.73,0.58,0.73,0.58,0.58,0.58",19,0.28,0.01,"Sitelinks, AI Overview, Image pack, Video, Short videos, People also ask, Discussions and forums, Related searches"
enneagram 5 wing 6,Informational,59,590,"0.67,0.82,0.67,0.82,0.67,0.55,0.82,0.55,1.00,0.55,0.67,0.67",21,0.56,0.01,"Sitelinks, AI Overview, Image pack, Video, Video carousel, People also ask, Discussions and forums, Related searches"
enneagram 6 wing 5,Informational,63,590,"0.67,0.67,0.67,0.43,0.67,0.54,1.00,0.67,1.00,0.54,0.67,0.54",26,0.56,0.01,"Sitelinks, AI Overview, Video, People also ask, Discussions and forums, Related searches"
enneagram 7w8,Informational,60,590,"0.80,1.00,0.80,0.80,0.80,0.53,0.67,0.80,0.53,0.27,0.67,0.43",23,0.42,0.02,"Sitelinks, AI Overview, Image pack, Video, Short videos, People also ask, Related searches"
enneagram 8w9,Informational,58,590,"0.82,0.82,0.82,0.82,0.67,0.67,0.82,0.82,1.00,0.82,0.82,1.00",19,0.23,0.01,"Sitelinks, AI Overview, Image pack, Video, Video carousel, Short videos, People also ask, Related searches"
enneagram 9 wing 8,Informational,61,590,"0.55,0.44,0.67,0.55,0.55,0.67,0.67,0.55,1.00,0.55,0.67,0.67",22,0.24,0.01,"Sitelinks, AI Overview, Video, Video carousel, People also ask, Discussions and forums, Related searches"
enneagram 9w8,Informational,60,590,"0.39,0.59,0.88,0.49,0.73,0.73,0.88,0.73,0.49,0.17,1.00,0.32",24,0.38,0.02,"Sitelinks, AI Overview, Image pack, Video, Video carousel, People also ask, Discussions and forums, Related searches"
enneagram personality type 4,Informational,63,590,"0.54,0.08,0.30,0.04,0.24,0.13,0.20,0.13,0.10,1.00,0.41,0.13",27,0.43,0.02,"Sitelinks, AI Overview, Reviews, Image pack, Video, People also ask, Related searches"
enneagram personality type 8,Informational,64,590,"0.08,0.16,0.52,0.46,0.84,0.00,0.00,0.00,0.84,1.00,0.00,0.00",31,0.29,0.02,"Sitelinks, AI Overview, Image pack, Video, People also ask, Discussions and forums, Related searches"
ennegram type 1,Informational,68,590,"0.24,0.29,0.68,0.29,0.29,0.54,0.29,0.19,0.76,0.29,1.00,0.37",28,0.39,0.05,"AI Overview, Reviews, Video, Video carousel, Short videos, People also ask, Related searches, Things to know"
ennegram type 3,Informational,63,590,"0.34,0.28,0.28,0.24,0.45,0.45,0.28,0.45,0.34,0.45,1.00,0.34",24,0.56,0.03,"Sitelinks, AI Overview, Reviews, Video, Video carousel, People also ask, Related searches"
ennegram type 8,Informational,59,590,"0.08,0.48,0.58,0.48,0.48,0.73,0.58,0.89,0.58,0.58,1.00,0.39",21,0.52,0.03,"Sitelinks, AI Overview, Reviews, Video, Video carousel, People also ask, Related searches"
entj compatibility,Informational,41,590,"1.00,1.00,0.80,1.00,0.67,0.80,0.80,0.67,0.80,0.67,0.53,0.67",15,0.00,0.33,"Sitelinks, AI Overview, Image pack, Video, Video carousel, People also ask, Discussions and forums, Related searches"
entp women,Informational,43,590,"0.36,0.30,0.36,0.24,0.24,0.24,0.24,0.24,0.30,0.24,1.00,0.62",13,0.00,0.33,"Sitelinks, AI Overview, Image pack, Video, Video carousel, People also ask, Related searches, Things to know"
esfj jobs careers,Commercial,35,590,"0.59,0.59,0.14,0.72,1.00,0.59,0.72,0.48,0.59,0.59,0.59,0.59",24,0.00,0.33,"Sitelinks, AI Overview, Video, People also ask, Discussions and forums, Related searches"
esfj occupations,"Informational, Commercial",38,590,"0.59,0.59,0.14,0.72,1.00,0.59,0.72,0.48,0.59,0.59,0.59,0.59",28,0.04,0.33,"Featured snippet, Sitelinks, Video, People also ask, Discussions and forums, Related searches"
estj careers,Commercial,38,590,"0.55,0.44,0.44,0.82,1.00,0.65,0.36,0.55,0.55,0.65,0.65,0.55",24,1.16,0.01,"AI Overview, Video, People also ask, Related searches"
famous enfj personality,Informational,38,590,"0.24,0.36,0.04,0.30,1.00,0.08,0.13,0.05,0.08,0.05,0.16,0.04",27,0.02,0.00,"Sitelinks, AI Overview, Video, Short videos, People also ask"
famous enfp,Informational,42,590,"0.83,0.44,0.83,1.00,0.67,0.67,0.83,0.36,0.83,0.83,0.67,0.83",21,0.00,0.33,"Sitelinks, AI Overview, Reviews, Image, Video, People also ask, Related searches"
famous people who are enfp,Informational,42,590,"0.40,0.50,0.50,0.50,1.00,0.80,0.80,0.50,0.65,0.80,0.80,0.80",23,0.00,0.33,"Sitelinks, AI Overview, Reviews, Video, People also ask, Related searches"
intj best match,Commercial,32,590,"0.16,0.13,0.07,0.79,0.03,1.00,0.08,0.08,0.07,0.05,0.07,0.08",24,0.00,0.00,"Sitelinks, AI Overview, Image pack, Video, People also ask, Related searches"
intj career,"Informational, Commercial",33,590,"0.76,0.54,0.37,0.24,0.46,0.46,0.29,0.37,0.37,1.00,0.37,0.29",23,0.50,0.01,"Sitelinks, AI Overview, Video, People also ask, Discussions and forums, Related searches"
intj career matches,"Informational, Commercial",30,590,"0.42,0.42,1.00,0.54,0.67,0.67,0.54,0.42,0.67,0.33,0.54,0.29",30,0.62,0.02,"Sitelinks, AI Overview, Video, People also ask, Related searches"
intj people,Informational,42,590,"0.81,1.00,1.00,1.00,1.00,1.00,1.00,0.81,0.81,0.81,0.81,1.00",23,0.21,0.33,"Sitelinks, AI Overview, Image, Image pack, Video, Video carousel, Short videos, People also ask, Related searches"
isfj career,Commercial,36,590,"0.89,0.32,0.39,0.73,1.00,0.58,0.32,0.32,0.26,0.58,0.73,0.58",23,0.13,0.01,"Sitelinks, AI Overview, Reviews, Video, People also ask, Discussions and forums, Related searches"
i人和e人,Informational,30,590,"0.11,0.20,0.24,0.24,1.00,0.08,0.08,0.07,0.07,0.04,0.08,0.07",29,0.00,0.33,"Sitelinks, AI Overview, Video, Video carousel, People also ask, Related searches"
jobs for enfp,"Informational, Commercial",36,590,"0.37,0.08,0.11,1.00,0.84,0.25,0.05,0.05,0.04,0.04,0.07,0.46",27,0.44,0.02,"Sitelinks, AI Overview, Video, Video carousel, People also ask, Related searches"
jungian functions test,Informational,34,590,"0.05,0.10,0.13,0.79,0.04,1.00,0.08,0.08,0.05,0.05,0.54,0.08",20,0.41,0.29,"Sitelinks, Video, Video carousel"
mbti intj,Informational,43,590,"0.81,1.00,1.00,0.81,0.81,0.81,0.66,0.81,0.81,1.00,0.66,0.81",30,0.34,0.01,"Sitelinks, AI Overview, Image pack, Video, Video carousel, People also ask, Knowledge panel, Related searches"
mbti test accurate,Informational,36,590,"0.60,0.88,0.60,1.00,0.38,0.71,0.38,0.48,0.71,0.60,0.48,0.48",21,0.63,0.34,"Sitelinks, Video, Video carousel, People also ask, Related searches"
meyer briggs compatibility,Informational,34,590,"0.29,0.42,0.54,0.54,1.00,0.54,0.00,0.08,0.42,0.42,0.54,0.42",30,1.00,0.01,"Sitelinks, AI Overview, Image pack, Video, Video carousel, Related searches"
myers briggs type indicator entj,Informational,44,590,"0.83,0.54,0.54,1.00,0.83,1.00,0.54,0.83,0.83,0.44,1.00,0.83",25,0.11,0.04,"Sitelinks, AI Overview, Image pack, Video, People also ask, Discussions and forums, Related searches"
personality character test,Informational,38,590,"0.00,0.00,0.50,0.00,0.50,0.00,0.00,0.50,1.00,0.50,0.50,0.50",31,0.81,0.02,"Sitelinks, Reviews, Video, Related searches"
rare mbti types,Informational,45,590,"0.44,0.44,0.65,1.00,0.65,0.82,0.82,0.15,0.65,0.65,0.55,0.82",22,0.69,0.33,"Sitelinks, AI Overview, Image, Video, People also ask, Related searches"
rare myers briggs,Informational,45,590,"1.00,0.37,0.12,0.17,0.05,1.00,0.06,0.00,0.17,0.00,0.52,0.00",23,0.32,0.33,"Sitelinks, AI Overview, Image, Video, Short videos, People also ask, Related searches"
rare personality type,Informational,58,590,"0.67,0.80,1.00,1.00,1.00,1.00,1.00,0.80,1.00,1.00,1.00,1.00",27,0.59,0.01,"Sitelinks, AI Overview, Image, Video, Video carousel, People also ask, Related searches"
riso hudson enneagram,Informational,47,590,"0.68,0.55,0.07,0.25,0.77,0.55,1.00,0.11,0.11,0.45,0.25,0.30",33,1.08,0.11,"Sitelinks, AI Overview, Reviews, Video, Video carousel, People also ask, Related searches"
s versus n mbti,Informational,37,590,"0.00,0.00,0.00,0.00,1.00,0.79,1.00,0.10,0.24,0.13,0.00,0.00",24,0.00,0.33,"Sitelinks, AI Overview, Image pack, Video, People also ask, Related searches"
so5,Informational,27,590,"0.36,0.30,0.36,0.36,0.36,0.45,0.67,0.76,0.67,0.76,1.00,0.76",25,1.58,0.01,"Sitelinks, AI Overview, Image pack, Video, Video carousel, People also ask, Related searches"
test for infj,Informational,42,590,"0.55,0.36,0.10,0.36,0.55,0.62,1.00,0.36,0.36,0.36,0.55,0.45",21,0.69,0.73,"Sitelinks, AI Overview, Video, Video carousel, People also ask, Related searches"
the consul,Informational,24,590,"0.11,0.22,0.11,0.14,0.14,0.44,0.36,0.56,0.44,1.00,0.11,0.19",21,0.26,0.03,"Image pack, Video, Video carousel, People also ask, Related searches"
the debater personality type,Informational,36,590,"0.84,0.84,1.00,0.54,1.00,0.68,0.68,0.68,0.84,0.84,0.68,0.84",31,0.05,0.02,"AI Overview, Image pack, Video, Video carousel, Short videos, People also ask, Related searches"
triples sullin mbti,Informational,45,590,"1.00,0.00,0.00,0.00,0.00",14,0.00,0.00,"Sitelinks, AI Overview, Video carousel, People also ask, Related searches"
type 6,Informational,48,590,"0.67,0.67,0.80,0.67,0.67,0.67,0.67,0.67,1.00,0.80,0.80,1.00",25,1.43,0.01,"AI Overview, Image pack, Video, Video carousel, People also ask, Discussions and forums, Ads bottom"
type a type b test,Commercial,34,590,"0.13,0.07,0.13,1.00,0.03,0.13,0.03,0.16,0.44,0.13,0.16,0.44",24,0.46,0.49,"Video, Related searches"
type a vs type b personality test,Commercial,37,590,"1.00,0.54,1.00,0.54,0.67,0.83,0.67,0.67,0.83,0.67,0.67,0.83",31,0.41,0.44,"AI Overview, Video, People also ask, Related searches"
what is the intj personality type,Informational,44,590,"0.02,0.00,0.01,0.37,0.37,0.16,0.31,0.20,1.00,0.52,0.37,0.37",26,0.39,0.14,"Sitelinks, AI Overview, Reviews, Video, Video carousel, People also ask, Related searches"
what is your type,Informational,36,590,"0.82,0.55,0.67,0.55,0.36,0.55,0.67,0.44,1.00,0.67,1.00,0.82",30,0.85,0.02,"Sitelinks, AI Overview, Video, People also ask, Related searches"
when from eenagram 5 to 9,Informational,62,590,"1.00,0.00,0.00,0.00",19,0.00,0.00,"Sitelinks, AI Overview, Video, Video carousel, People also ask, Related searches"
1 enneagram,Informational,68,480,"0.83,0.67,1.00,0.83,1.00,0.83,0.67,0.54,0.67,0.46,0.54,0.67",25,0.43,0.03,"AI Overview, Reviews, Video, Short videos, People also ask, Related searches, Things to know"
2 wing 3 enneagram,Informational,61,480,"0.29,0.36,0.54,0.44,0.23,1.00,0.29,0.36,1.00,0.54,0.67,0.81",21,0.59,0.01,"Sitelinks, AI Overview, Reviews, Image pack, Video, Video carousel, Short videos, People also ask, Related searches"
4 personality types test,Informational,41,480,"1.00,0.67,0.83,0.67,0.83,0.83,0.67,0.44,0.67,0.44,0.67,0.67",16,0.61,0.44,"Sitelinks, AI Overview, Reviews, Image pack, Video, Video carousel, People also ask, Discussions and forums"
4 wing 5 enneagram,Informational,64,480,"0.66,0.36,0.44,0.54,0.44,1.00,0.66,0.54,0.66,0.54,0.66,0.66",28,0.28,0.01,"Sitelinks, AI Overview, Image pack, Video, Video carousel, Short videos, People also ask, Discussions and forums, Related searches, Things to know"
am i a good person quiz,Informational,33,480,"0.13,0.05,1.00,0.05,0.79,0.16,0.00,0.00,0.00,0.00,0.00,0.13",25,0.78,0.15,"Video, Discussions and forums, Related searches, Ads bottom"
careers for enfps,"Informational, Commercial",34,480,"1.00,0.67,0.67,0.44,1.00,0.83,0.67,0.83,0.67,0.67,0.83,0.83",15,0.40,0.02,"Sitelinks, AI Overview, Video, People also ask, Discussions and forums, Related searches"
careers for entp,Commercial,34,480,"1.00,0.55,0.24,0.44,0.44,0.55,0.67,0.24,0.36,0.82,0.82,0.55",24,0.46,0.33,"Sitelinks, AI Overview, Reviews, Video, Video carousel, People also ask, Related searches"
celebrities with enfj,Informational,40,480,"0.68,0.20,0.07,1.00,0.03,0.37,0.13,0.16,0.08,0.31,0.16,0.11",20,0.01,0.33,"Sitelinks, AI Overview, Video, People also ask, Related searches"
celebrity entp,Informational,39,480,"0.36,0.54,0.12,0.67,1.00,0.67,0.04,0.15,0.67,0.67,0.82,0.24",17,0.00,0.33,"Sitelinks, AI Overview, Image pack, Video, People also ask, Related searches"
character database,Navigational,28,480,"0.81,0.65,0.65,0.52,0.65,0.81,1.00,0.81,0.81,0.81,1.00,0.81",32,0.00,0.33,"Sitelinks, People also ask, Related searches"
character types llc,Informational,33,480,"0.36,0.23,0.29,0.54,0.81,1.00,1.00,0.81,0.81,0.66,0.81,0.66",21,0.06,0.13,"Sitelinks, AI Overview, Reviews, Video, People also ask, Related searches"
enfp a careers,"Informational, Commercial",38,480,"0.16,0.16,0.04,0.03,0.01,0.20,0.00,0.06,1.00,0.36,0.62,0.62",20,0.44,0.02,"Sitelinks, AI Overview, Video, Short videos, People also ask, Discussions and forums, Related searches"
enfp personality type characters,Informational,42,480,"0.44,0.66,1.00,1.00,1.00,1.00,0.54,0.54,0.81,0.81,0.66,0.44",33,0.00,0.33,"Sitelinks, AI Overview, Image, Video, Video carousel, People also ask, Related searches"
enfp-t characters,Informational,41,480,"0.08,0.02,1.00,0.11,0.16,0.25,0.02,0.16,0.25,0.31,0.31,0.37",20,0.00,0.33,"Sitelinks, Video, People also ask, Related searches"
enneagram 2 with a 3 wing,Informational,65,480,"0.59,0.48,0.17,0.17,0.21,0.72,1.00,0.39,0.88,0.26,0.32,0.39",20,0.49,0.01,"Sitelinks, AI Overview, Video, Video carousel, People also ask, Related searches"
enneagram 5 type,Informational,64,480,"1.00,0.49,0.12,0.32,0.39,0.39,0.39,0.32,0.39,0.24,0.49,0.59",27,0.64,0.02,"Sitelinks, AI Overview, Video, Video carousel, People also ask, Related searches"
enneagram 6 w 7,Informational,59,480,"0.81,0.81,1.00,0.81,1.00,1.00,0.54,0.67,0.28,0.36,0.67,0.81",15,0.41,0.01,"Sitelinks, AI Overview, Image pack, Video, Video carousel, People also ask, Related searches"
enneagram 6 with 5 wing,Informational,60,480,"0.66,0.54,0.44,0.81,0.66,0.81,0.81,0.66,0.81,0.66,1.00,0.81",28,0.56,0.01,"Sitelinks, AI Overview, Video, Video carousel, People also ask, Discussions and forums, Related searches"
enneagram 6w7,Informational,61,480,"0.67,0.67,1.00,0.83,0.83,0.83,0.83,0.56,0.67,0.67,0.83,0.67",18,0.28,0.02,"Sitelinks, AI Overview, Image pack, Video, Video carousel, People also ask, Discussions and forums, Related searches"
enneagram 7 wing 6,Informational,61,480,"0.81,0.81,0.81,0.81,1.00,1.00,1.00,1.00,1.00,0.81,0.81,1.00",22,0.37,0.01,"Sitelinks, AI Overview, Image pack, Video, Video carousel, People also ask, Discussions and forums, Related searches"
enneagram 8 wing 9,Informational,60,480,"0.67,0.67,0.54,0.67,0.44,0.44,0.54,0.44,1.00,0.67,0.54,0.54",17,0.24,0.01,"Sitelinks, AI Overview, Video, Video carousel, People also ask, Discussions and forums, Related searches"
enneagram history,Informational,57,480,"0.81,0.66,0.81,0.81,1.00,1.00,0.81,0.54,0.54,0.54,0.81,0.81",23,1.11,0.03,"Sitelinks, AI Overview, Reviews, Image, Video, Video carousel, People also ask, Discussions and forums, Related searches"
enneagram origin,Informational,56,480,"0.65,0.65,1.00,0.81,1.00,1.00,0.81,0.65,0.65,0.65,0.81,0.81",13,1.11,0.03,"Sitelinks, AI Overview, Video, People also ask, Related searches"
enneagram personality descriptions,Informational,72,480,"0.72,0.21,1.00,0.26,0.14,0.14,0.88,0.48,1.00,0.21,0.39,0.32",30,0.10,0.20,"Sitelinks, AI Overview, Image pack, Video, People also ask, Related searches"
enneagram personality type 2,Informational,63,480,"0.37,0.11,0.11,0.05,0.03,0.17,0.25,0.17,0.25,1.00,0.20,0.25",26,0.43,0.03,"Sitelinks, AI Overview, Reviews, Image pack, Video, People also ask, Related searches"
enneagram type 8 wing 7,Informational,63,480,"0.67,0.24,0.44,0.19,0.55,0.44,0.82,0.24,1.00,0.67,0.67,0.82",14,0.34,0.02,"Sitelinks, AI Overview, Video, Video carousel, People also ask, Discussions and forums, Related searches"
enneagram types 3,Informational,64,480,"0.81,0.44,0.54,0.15,1.00,0.10,0.10,0.15,0.67,0.54,0.67,0.67",24,0.60,0.02,"Sitelinks, Image pack, Video, People also ask, Related searches"
ennegram type 2,Informational,60,480,"0.32,0.23,0.18,0.45,0.36,0.45,0.18,0.73,0.14,0.59,0.36,1.00",28,0.43,0.03,"AI Overview, Reviews, Image pack, Video, Video carousel, People also ask, Related searches, Things to know"
entj cognitive functions,Informational,41,480,"0.55,0.55,0.44,0.67,0.55,0.44,0.44,0.44,0.67,0.44,1.00,0.67",21,0.00,0.33,"Sitelinks, AI Overview, Image pack, Video, People also ask, Related searches"
entj mbti,Informational,46,480,"1.00,0.81,0.81,0.66,0.66,0.81,0.66,0.54,1.00,0.54,0.66,0.66",31,0.00,0.33,"AI Overview, Image, Image pack, Video, Video carousel, People also ask, Related searches"
entp famous people,Informational,41,480,"0.21,0.39,0.58,0.58,1.00,0.39,0.48,0.39,0.58,0.58,0.58,0.58",16,0.00,0.33,"Sitelinks, AI Overview, Reviews, Image, Image pack, Video, People also ask, Related searches"
entp female,Informational,44,480,"0.81,0.81,1.00,0.81,0.66,0.66,0.66,0.66,0.81,0.66,1.00,0.81",7,0.00,0.33,"Sitelinks, AI Overview, Image, Image pack, Video, Video carousel, People also ask, Related searches"
esfj celebrities,Informational,37,480,"0.44,0.36,0.44,0.82,1.00,0.55,0.55,0.55,0.65,0.55,0.44,0.36",26,0.00,0.33,"Sitelinks, AI Overview, Video, People also ask, Related searches"
esfp careers,"Informational, Commercial",36,480,"0.83,0.56,0.56,0.83,1.00,0.83,1.00,0.83,0.83,0.83,0.67,0.56",21,0.00,0.33,"Sitelinks, AI Overview, Video, People also ask, Discussions and forums, Related searches"
famous enfj,Informational,41,480,"1.00,0.80,0.80,0.80,0.36,0.80,0.67,0.53,1.00,0.80,0.80,0.80",30,0.00,0.33,"Sitelinks, AI Overview, Video, People also ask, Related searches"
famous entj,Informational,39,480,"1.00,0.56,0.67,1.00,1.00,0.83,1.00,0.44,0.56,0.83,0.83,0.67",26,0.00,0.33,"Sitelinks, AI Overview, Image pack, Video, Video carousel, People also ask, Related searches"
famous intj people,Informational,37,480,"1.00,0.83,0.67,0.83,1.00,0.83,0.83,0.67,0.83,0.67,0.83,0.67",12,0.02,0.01,"Sitelinks, AI Overview, Image, Image pack, Video, Video carousel, People also ask, Related searches"
famous intp,Informational,36,480,"0.83,0.54,0.67,0.83,0.67,0.83,0.83,0.67,1.00,0.67,0.83,0.83",31,0.00,0.33,"Featured snippet, Sitelinks, Image pack, Video, People also ask, Related searches"
famous people enfj,Informational,40,480,"0.48,0.32,0.39,0.72,1.00,0.48,0.39,0.32,0.48,0.59,0.59,0.39",28,0.02,0.00,"Sitelinks, AI Overview, Video, Video carousel, People also ask, Discussions and forums, Related searches"
frieren mbti,Informational,45,480,"0.81,0.66,0.81,0.81,0.44,0.44,0.66,0.66,1.00,1.00,1.00,1.00",14,0.00,0.33,"Sitelinks, Image pack, Video, People also ask, Related searches"
i s f j personality,Informational,40,480,"0.00,0.00,0.00,0.00,0.00,0.00,0.00,0.00,0.00,0.00,0.00,0.00",32,0.12,0.02,"Sitelinks, AI Overview, Video, Video carousel, People also ask, Discussions and forums, Related searches"
infj 4w5,Informational,46,480,"0.81,1.00,0.81,0.81,0.81,0.81,0.81,0.81,0.81,0.81,0.66,0.66",20,0.00,0.33,"Sitelinks, AI Overview, Image pack, Video, Video carousel, People also ask, Related searches"
infj enfj compatibility,Informational,44,480,"0.54,0.54,0.83,0.83,0.44,0.83,0.54,0.54,0.83,0.67,0.83,1.00",8,0.00,0.33,"Sitelinks, AI Overview, Video, People also ask, Related searches"
infp job,"Informational, Commercial",32,480,"0.26,0.14,0.32,1.00,0.48,0.48,0.32,0.32,0.26,1.00,0.32,0.39",28,0.47,0.01,"Sitelinks, AI Overview, Video, Video carousel, People also ask, Related searches"
infp occupations,"Informational, Commercial",34,480,"0.02,0.18,0.00,0.05,0.66,1.00,0.05,0.05,0.07,0.07,0.18,0.05",25,0.35,0.01,"Sitelinks, AI Overview, Image pack, Video, People also ask, Discussions and forums, Related searches"
infp weaknesses,Informational,39,480,"0.81,0.66,0.66,0.81,1.00,0.66,0.66,0.66,0.66,0.66,0.66,0.54",16,0.01,0.02,"Sitelinks, AI Overview, Image, Image pack, Video, People also ask, Related searches"
intj 5w4,Informational,36,480,"0.54,0.66,0.66,0.54,0.54,0.54,0.66,0.54,0.54,0.54,1.00,0.66",21,0.00,0.33,"Sitelinks, AI Overview, Image pack, Video, People also ask, Related searches"
intj test,"Informational, Transactional",43,480,"0.82,0.55,0.65,0.82,0.65,0.82,1.00,0.29,0.82,0.65,0.82,0.82",24,0.43,0.59,"Sitelinks, Reviews, Image pack, Video, People also ask"
intp 5w4,Informational,32,480,"0.81,0.81,0.81,0.81,0.67,0.81,0.81,0.67,0.81,0.67,0.81,1.00",13,0.00,0.33,"Sitelinks, AI Overview, Image pack, Video, People also ask, Related searches"
intp personality traits,Informational,40,480,"0.80,0.80,1.00,0.80,1.00,1.00,0.35,0.50,0.65,0.40,0.40,0.40",32,0.00,0.01,"Sitelinks, AI Overview, Reviews, Image pack, Video, Video carousel, People also ask, Related searches"
intp traits,Informational,38,480,"1.00,0.77,0.77,0.77,1.00,0.62,0.38,0.54,0.54,0.62,0.54,0.38",32,0.04,0.01,"Sitelinks, AI Overview, Video, People also ask, Related searches"
intp-t characters,Informational,35,480,"0.03,0.03,1.00,0.07,0.10,0.07,0.07,0.07,0.07,0.10,0.10,0.07",30,0.00,0.33,"Sitelinks, AI Overview, Video, People also ask, Discussions and forums, Related searches"
intp人格,Informational,34,480,"1.00,0.01,0.00,0.00,0.00,0.02,0.02,0.03,0.00,0.00,0.01,0.02",32,0.00,0.33,"AI Overview, Video, Video carousel, People also ask, Related searches"
isfj cognitive functions,Informational,37,480,"0.81,0.66,0.81,1.00,0.81,0.66,0.66,0.66,0.81,0.66,0.81,0.81",19,0.00,0.33,"Sitelinks, AI Overview, Image pack, Video, People also ask, Related searches"
isfj compatible,Informational,38,480,"1.00,1.00,0.29,0.21,0.67,0.83,0.83,0.83,0.83,0.83,1.00,0.83",23,0.00,0.33,"Sitelinks, AI Overview, Image pack, Video, People also ask, Discussions and forums, Related searches"
jobs for enfj,"Informational, Commercial",39,480,"0.15,0.02,0.04,0.38,1.00,0.15,0.71,0.08,0.15,0.71,0.15,0.15",22,0.50,0.01,"Sitelinks, AI Overview, Video, People also ask, Discussions and forums, Related searches"
korean personality test,Informational,36,480,"0.54,0.54,0.54,0.54,0.54,0.67,0.67,0.54,1.00,0.82,0.82,1.00",22,0.49,0.33,"Sitelinks, AI Overview, Reviews, Video, Video carousel, Related searches"
logician personality,"Informational, Commercial",33,480,"0.55,1.00,0.65,0.65,1.00,0.65,0.65,0.55,1.00,0.80,0.55,0.80",28,0.01,0.02,"Sitelinks, AI Overview, Reviews, Video, Video carousel, People also ask, Discussions and forums, Related searches, Things to know"
mbpt,Informational,31,480,"0.66,1.00,0.81,1.00,0.81,0.66,1.00,1.00,0.81,0.81,0.81,0.54",23,0.26,0.22,"Sitelinks, AI Overview, Reviews, Image pack, Video, People also ask, Related searches, Things to know, Ads bottom"
mbti cognitive functions test,Informational,38,480,"0.83,0.67,1.00,0.83,0.67,0.67,0.67,0.54,1.00,0.67,0.83,0.83",15,0.35,0.17,"Sitelinks, Image pack, Video, Discussions and forums"
mbti letters meanings,Informational,45,480,"0.02,0.02,0.02,0.02,0.88,1.00,1.00,1.00,0.59,0.72,0.59,0.02",30,0.00,0.33,"Sitelinks, AI Overview, Image pack, Video, Video carousel, People also ask, Related searches"
mbti rarity,Informational,45,480,"0.67,0.83,1.00,0.83,0.67,0.56,0.83,0.67,0.67,0.67,0.67,0.83",13,0.00,0.00,"Sitelinks, AI Overview, Image, Image pack, Video, Video carousel, People also ask, Related searches"
mbti test questions,Informational,36,480,"0.36,0.29,0.29,0.19,0.36,0.36,0.54,0.81,1.00,0.67,0.81,0.81",33,0.66,0.33,"AI Overview, Video, People also ask, Related searches"
mbti types rarity,Informational,45,480,"0.37,0.56,1.00,0.00,0.20,0.25,0.68,0.25,0.25,0.12,0.25,0.30",19,0.69,0.33,"Sitelinks, AI Overview, Video, People also ask, Related searches"
most common mbti types,Informational,39,480,"0.67,1.00,1.00,0.67,0.54,0.83,0.54,0.54,0.67,0.67,0.67,0.67",33,0.00,0.00,"Sitelinks, AI Overview, Video, People also ask, Related searches"
most common myers briggs type,Informational,40,480,"0.80,0.67,1.00,0.67,0.80,0.80,0.67,0.67,0.80,0.80,0.80,0.80",30,0.00,0.33,"Sitelinks, AI Overview, Reviews, Video, People also ask, Related searches"
most common personality types myers briggs,Informational,40,480,"0.01,0.01,0.01,0.55,1.00,0.16,0.76,0.02,0.45,0.55,0.67,0.55",34,0.00,0.33,"Sitelinks, AI Overview, Reviews, Video, People also ask, Related searches"
my personality net,Navigational,38,480,"0.08,0.06,0.30,0.45,0.67,0.30,0.24,0.30,1.00,0.30,0.20,0.76",34,0.40,0.23,"Sitelinks, People also ask, Related searches"
myers briggs rarity,Informational,58,480,"0.36,0.16,0.09,0.11,0.02,1.00,1.00,0.18,0.23,0.11,0.30,0.30",20,0.34,0.01,"Sitelinks, AI Overview, Image, Image pack, Video, People also ask"
mypersonality net,Navigational,35,480,"0.20,0.24,0.13,0.16,0.30,0.36,0.30,0.36,1.00,0.24,0.55,0.36",34,0.40,0.23,"Sitelinks, People also ask, Related searches"
mypersonality.net,Navigational,37,480,"0.05,0.05,0.10,0.24,0.24,0.55,1.00,0.55,0.24,0.20,0.45,0.20",33,0.40,0.23,"Sitelinks, Video, People also ask"
personality cafe,Navigational,43,480,"1.00,0.80,1.00,0.80,0.80,1.00,0.80,0.53,0.80,0.67,0.80,0.80",22,0.00,0.00,"Sitelinks, Video, People also ask, Knowledge panel, Related searches"
personality test intj,Informational,45,480,"1.00,0.80,0.29,0.67,1.00,1.00,0.36,0.36,0.67,1.00,1.00,0.53",29,0.71,0.64,"Sitelinks, Image pack, Video, People also ask, Discussions and forums, Related searches"
rarity mbti,Informational,45,480,"0.06,0.09,1.00,0.54,0.00,0.06,0.54,0.00,0.02,0.06,0.00,0.00",7,0.34,0.01,"Sitelinks, Image, Image pack, Video, Video carousel, People also ask, Related searches"
sp 9,Informational,30,480,"0.39,0.14,0.21,0.39,0.72,0.21,0.32,0.48,1.00,0.59,1.00,0.72",16,0.00,0.33,"Sitelinks, AI Overview, Video, Video carousel, People also ask, Related searches"
sx9 enneagram,Informational,46,480,"0.10,0.10,0.16,0.24,0.36,0.10,0.08,0.08,0.16,0.24,0.81,1.00",11,0.00,0.33,"Sitelinks, AI Overview, Video, Video carousel, People also ask, Related searches"
the architect mbti,Informational,36,480,"0.54,0.81,0.81,0.66,0.66,0.81,0.54,0.54,0.66,0.66,0.81,1.00",32,0.13,0.02,"Sitelinks, AI Overview, Reviews, Image pack, Video, People also ask, Related searches"
the campaigner,Informational,30,480,"0.83,0.83,1.00,1.00,0.67,0.83,0.83,0.67,0.83,0.67,0.83,0.67",30,0.00,0.33,"Sitelinks, AI Overview, Image pack, Video, Video carousel, People also ask, Related searches"
the long road back to you,"Informational, Transactional",24,480,"0.08,0.16,0.30,0.55,1.00,0.36,0.20,0.16,0.24,0.10,0.10,0.10",19,0.26,0.36,"Reviews, Video, People also ask, Knowledge panel, Related searches, Popular products"
the mediator personality,Informational,38,480,"1.00,0.14,0.76,0.55,1.00,0.45,0.24,0.03,0.07,0.03,0.07,0.03",23,0.02,0.01,"Sitelinks, AI Overview, Image pack, Video, Video carousel, People also ask, Discussions and forums, Related searches, Things to know"
the wisdom of the enneagram,Informational,47,480,"0.81,0.19,0.81,1.00,0.63,0.13,0.50,1.00,1.00,0.63,1.00,0.81",27,0.49,0.80,"Sitelinks, Video, People also ask, Knowledge panel, Related searches"
tritype enneagram,Informational,58,480,"0.21,0.48,0.13,0.48,0.13,0.13,0.10,1.00,0.71,0.48,1.00,0.48",19,0.32,0.17,"Sitelinks, AI Overview, Reviews, Image pack, Video, Video carousel, People also ask, Related searches, Things to know"
type 2 personality,Informational,49,480,"1.00,0.67,0.80,0.67,0.80,1.00,0.53,0.44,0.67,0.67,0.67,0.80",24,0.86,0.02,"Sitelinks, AI Overview, Reviews, Video, Video carousel, People also ask, Related searches"
type 2 personality enneagram,Informational,56,480,"0.81,0.13,0.13,0.06,0.36,0.20,0.30,0.20,0.24,0.24,0.24,1.00",28,0.43,0.03,"AI Overview, Reviews, Image pack, Video, Video carousel, Short videos, People also ask, Discussions and forums, Related searches"
type 8,Informational,47,480,"1.00,0.67,0.83,0.83,1.00,0.83,0.83,0.67,1.00,0.83,1.00,0.83",21,1.14,0.01,"AI Overview, Video, Video carousel, People also ask, Related searches"
type 9,Informational,53,480,"0.67,0.54,0.67,0.83,0.67,0.67,0.54,0.54,1.00,0.83,0.67,0.67",21,0.78,0.02,"Sitelinks, AI Overview, Image, Video, People also ask, Related searches"
type a and type b personality test,Commercial,37,480,"0.49,0.88,0.39,0.32,0.49,0.32,0.32,0.49,0.20,0.32,1.00,0.39",28,0.46,0.50,"Sitelinks, AI Overview, Reviews, Video, People also ask, Related searches, Ads bottom"
type six enneagram,Informational,63,480,"0.77,0.11,0.77,0.45,0.25,0.07,0.18,0.11,0.16,0.45,0.55,1.00",24,0.39,0.02,"Sitelinks, Video, Video carousel, People also ask, Related searches"
what are the rare personality types,Informational,58,480,"1.00,0.85,0.06,0.00,0.00,0.00,0.00,0.00,0.85,0.38,0.00,0.00",32,0.63,0.01,"Sitelinks, AI Overview, Image, Video, People also ask, Related searches"
what is intj personality,Informational,38,480,"0.23,0.23,0.54,0.81,1.00,0.44,0.81,0.67,0.81,0.54,0.36,0.36",27,0.43,0.07,"Sitelinks, AI Overview, Reviews, Image, Image pack, Video, People also ask, Related searches"
whats my type quiz,Informational,34,480,"0.67,0.56,0.28,0.44,0.22,1.00,0.56,0.56,0.56,0.83,0.56,0.19",31,0.38,0.05,"Video, Related searches"
2 w 3,Informational,43,390,"0.32,0.09,0.07,0.48,1.00,0.72,0.48,0.32,0.39,0.39,0.26,0.21",25,0.00,0.33,"Sitelinks, AI Overview, Reviews, Image, Video, Video carousel, Short videos, People also ask, Related searches"
4 on enneagram,Informational,65,390,"0.20,0.11,0.15,0.30,1.00,0.24,0.08,0.15,0.20,0.15,0.24,0.20",26,0.41,0.05,"Sitelinks, Video, People also ask, Related searches"
4w3 vs 4w5,"Informational, Commercial",35,390,"0.81,0.81,0.81,0.81,0.54,0.81,0.81,0.81,0.81,0.81,1.00,1.00",19,0.00,0.33,"Sitelinks, AI Overview, Image, Video, People also ask, Related searches"
5 enneagram type,Informational,62,390,"0.66,0.29,0.81,0.66,1.00,0.81,0.81,0.81,1.00,0.66,1.00,1.00",30,0.64,0.02,"AI Overview, Image pack, Video, Video carousel, People also ask, Related searches"
5 wing 6 enneagram,Informational,58,390,"0.29,0.44,0.67,0.44,0.36,0.07,0.29,0.12,1.00,0.36,0.44,0.44",28,0.42,0.33,"Sitelinks, AI Overview, Image pack, Video, People also ask, Discussions and forums"
5w4 vs 5w6,Informational,29,390,"0.54,0.54,0.81,0.54,1.00,0.66,0.44,0.66,0.81,0.66,0.81,0.81",21,0.00,0.33,"Sitelinks, AI Overview, Image pack, Video, Video carousel, People also ask, Related searches"
6 wing 5 enneagram,Informational,61,390,"0.29,0.44,0.67,0.54,0.23,0.36,0.29,0.23,1.00,0.54,0.81,0.67",24,0.42,0.33,"Sitelinks, AI Overview, Video, Video carousel, People also ask, Discussions and forums, Related searches, Things to know"
7 types,Informational,44,390,"0.80,0.80,1.00,1.00,0.29,1.00,0.80,0.36,0.67,1.00,0.36,0.53",23,0.74,0.01,"AI Overview, Video, Video carousel, People also ask, Related searches"
9 types,Informational,53,390,"0.66,0.35,0.66,0.81,0.66,0.66,0.66,0.66,1.00,0.81,0.81,0.66",32,1.13,0.02,"Sitelinks, Image pack, Video, Video carousel, People also ask, Related searches"
9w8 vs 9w1,"Informational, Commercial",37,390,"0.08,0.08,0.10,0.08,0.08,0.07,0.08,1.00,0.08,0.08,0.13,0.13",17,0.00,0.00,"Sitelinks, AI Overview, Image pack, Video, Video carousel, People also ask, Related searches"
best jobs for infp,Commercial,32,390,"1.00,0.65,0.15,0.65,0.80,0.40,0.40,0.25,0.65,0.65,0.65,0.15",28,0.40,0.02,"Sitelinks, AI Overview, Video, People also ask, Related searches"
book the road back to you,Informational,22,390,"0.24,0.10,1.00,0.13,0.24,0.81,0.06,0.06,0.10,0.04,0.08,0.04",13,0.26,0.92,"Sitelinks, Video, Video carousel, People also ask, Knowledge panel, Related searches, Popular products"
briggs myers logician,Informational,39,390,"1.00,0.81,0.23,0.28,0.67,0.81,0.81,0.81,0.81,0.81,1.00,0.81",28,0.01,0.01,"Sitelinks, AI Overview, Reviews, Video, Video carousel, People also ask, Related searches"
campaigners,Informational,25,390,"0.35,0.35,0.22,0.03,0.43,0.84,0.54,1.00,0.43,1.00,0.68,0.30",30,20.08,0.15,"AI Overview, Video, Video carousel, People also ask, Related searches"
careers for enfp,Commercial,37,390,"0.54,0.36,0.19,1.00,0.07,0.82,0.36,0.07,0.67,1.00,0.67,0.24",21,0.40,0.02,"Sitelinks, AI Overview, Video, People also ask, Related searches"
careers for intj,"Informational, Commercial",31,390,"0.00,0.23,0.17,1.00,0.27,0.17,0.43,0.23,0.17,0.67,0.67,0.13",22,0.50,0.01,"Sitelinks, AI Overview, Video, Video carousel, People also ask, Related searches"
cloverleaf enneagram test,Transactional,57,390,"0.01,0.01,0.01,0.01,0.01,1.00,0.16,0.07,0.25,0.20,0.52,0.11",29,0.78,0.20,"Sitelinks, AI Overview, Reviews, Video, Video carousel, People also ask, Related searches"
david daniels m.d. enneagram,Navigational,55,390,"1.00,0.00,0.00,0.00,0.00,0.00,0.00,0.00",15,0.00,0.06,"Sitelinks, Reviews, Video, Video carousel, Related searches"
define entj,Informational,42,390,"0.71,0.08,0.15,0.10,0.38,0.13,0.48,0.38,0.21,0.21,1.00,0.48",27,0.10,0.02,"Sitelinks, AI Overview, Video, People also ask, Related searches"
eneagram 7,Informational,56,390,"0.32,0.24,0.17,0.20,0.49,0.39,1.00,0.73,0.73,0.20,0.32,0.39",24,0.34,0.02,"Sitelinks, AI Overview, Video, Video carousel, People also ask, Related searches, Ads bottom"
enfp and infp compatibility,Informational,44,390,"0.81,0.67,0.54,0.67,0.81,0.81,0.81,0.81,1.00,0.67,0.81,0.81",10,0.00,0.33,"Sitelinks, AI Overview, Video, People also ask, Related searches"
enfp compatible,Informational,43,390,"0.71,0.15,1.00,0.24,0.15,0.38,0.24,0.24,0.21,0.15,0.47,0.32",24,0.00,0.33,"Sitelinks, AI Overview, Image pack, Video, People also ask, Related searches"
enfp function stack,Informational,42,390,"0.81,0.81,0.81,0.81,1.00,1.00,0.81,0.54,0.81,0.67,0.67,0.54",26,0.00,0.00,"Sitelinks, AI Overview, Image, Image pack, Video, Video carousel, People also ask, Related searches"
enfp people,Informational,46,390,"0.80,0.80,0.80,1.00,1.00,1.00,0.80,0.67,1.00,1.00,1.00,1.00",27,0.00,0.33,"Sitelinks, AI Overview, Image, Image pack, Video, People also ask, Related searches"
enfp strengths and weaknesses,Informational,43,390,"0.66,0.54,0.66,0.81,1.00,0.66,0.66,0.54,0.54,0.54,0.66,0.54",26,0.00,0.33,"Sitelinks, AI Overview, Video, Video carousel, People also ask, Related searches"
enfp with infj,Informational,43,390,"1.00,0.36,1.00,0.36,0.29,0.44,0.44,0.44,0.36,0.29,0.65,0.55",25,0.00,0.33,"Sitelinks, AI Overview, Video, Video carousel, Short videos, People also ask, Related searches"
enneagram 2 with 3 wing,Informational,62,390,"0.29,0.23,0.07,0.23,0.36,0.81,0.10,0.12,1.00,0.67,0.81,0.81",25,0.49,0.01,"Sitelinks, Image pack, Video, Video carousel, People also ask, Related searches"
enneagram 4 wing 3,Informational,59,390,"0.54,0.81,1.00,0.81,0.81,0.81,0.81,0.67,0.67,0.81,0.67,0.54",19,0.78,0.01,"Sitelinks, AI Overview, Image pack, Video, Video carousel, People also ask, Discussions and forums, Related searches"
enneagram 5 with 4 wing,Informational,64,390,"0.54,0.44,0.19,0.19,0.19,1.00,0.15,0.15,0.81,0.66,0.81,0.81",23,0.28,0.01,"Sitelinks, AI Overview, Video, People also ask, Discussions and forums, Related searches"
enneagram 6 wing 7,Informational,61,390,"0.81,0.66,0.66,0.66,1.00,0.66,0.81,0.66,0.66,0.66,0.66,0.66",18,0.54,0.01,"Sitelinks, AI Overview, Video, People also ask, Discussions and forums, Related searches"
enneagram 7w6,Informational,60,390,"0.53,0.53,0.80,0.80,0.67,0.80,0.67,1.00,1.00,0.53,1.00,1.00",19,0.72,0.01,"Sitelinks, AI Overview, Image pack, Video, Video carousel, People also ask, Related searches, Things to know"
enneagram 8 type,Informational,60,390,"1.00,0.16,0.67,0.30,0.08,0.20,0.30,0.24,0.24,0.30,0.24,0.36",24,0.29,0.02,"Sitelinks, AI Overview, Video, People also ask, Related searches"
enneagram 9 with 8 wing,Informational,61,390,"0.44,0.23,0.44,0.29,0.44,0.44,0.36,0.23,1.00,0.44,0.44,0.44",20,0.24,0.01,"Sitelinks, AI Overview, Image pack, Video, People also ask, Related searches"
enneagram number meaning,Informational,61,390,"0.17,0.14,0.21,0.32,0.32,0.48,0.32,0.32,0.59,1.00,0.39,0.59",21,0.24,0.32,"Sitelinks, AI Overview, Image pack, Video, Video carousel, People also ask, Discussions and forums, Related searches"
enneagram pronunciation,Informational,46,390,"0.67,0.67,0.82,0.82,1.00,0.82,0.67,0.67,0.67,0.55,0.67,0.67",25,0.00,0.33,"AI Overview, Reviews, Video, People also ask, Related searches"
enneagram subtypes test,Informational,66,390,"0.21,0.21,0.29,0.29,0.21,0.29,0.29,0.21,0.33,0.83,1.00,0.67",25,0.42,0.31,"Sitelinks, Reviews, Video, People also ask, Related searches"
enneagram test with wings,"Informational, Commercial",60,390,"0.65,0.80,0.65,0.65,0.65,0.65,1.00,0.55,0.80,0.55,0.40,0.80",30,0.79,0.39,"Sitelinks, AI Overview, Reviews, Video, Video carousel, Related searches, Things to know"
enneagram wing,Informational,62,390,"0.28,0.28,0.28,0.22,0.28,0.22,1.00,0.19,0.44,0.28,0.67,0.36",18,0.83,0.02,"Sitelinks, AI Overview, Video, Video carousel, People also ask, Related searches"
ennegram type 4,Informational,64,390,"0.15,0.15,0.59,0.59,0.21,0.21,0.38,0.47,0.00,0.71,1.00,0.32",25,0.41,0.03,"Sitelinks, AI Overview, Reviews, Video, Video carousel, Short videos, People also ask, Related searches"
ennegram type 7,Informational,60,390,"0.31,0.19,0.25,0.50,1.00,0.44,0.81,0.19,0.50,0.25,0.50,0.50",18,0.38,0.04,"AI Overview, Reviews, Video, Video carousel, People also ask, Related searches"
entj and infj,Informational,46,390,"1.00,0.67,0.81,1.00,0.54,1.00,0.81,0.67,1.00,0.81,0.81,0.81",10,0.00,0.33,"Sitelinks, AI Overview, Image pack, Video, People also ask, Related searches, Things to know"
entj and infp,Informational,42,390,"1.00,0.81,1.00,0.81,1.00,0.81,0.81,0.81,0.81,0.69,0.81,0.81",10,0.00,0.33,"Sitelinks, AI Overview, Image pack, Video, People also ask, Related searches, Things to know"
entj traits,Informational,48,390,"1.00,0.80,0.65,1.00,0.65,0.65,0.50,0.65,0.50,0.65,1.00,0.65",25,0.00,0.01,"Sitelinks, AI Overview, Image pack, Video, People also ask, Discussions and forums, Related searches"
entj vs entp,Informational,43,390,"0.67,0.67,0.81,0.67,0.81,0.67,0.81,0.67,1.00,0.67,1.00,0.81",14,0.00,0.33,"Sitelinks, AI Overview, Image pack, Video, Video carousel, People also ask, Related searches"
entj vs estj,Commercial,40,390,"0.44,0.36,0.36,0.44,0.67,0.67,0.54,0.28,0.54,0.54,1.00,0.54",11,0.00,0.33,"Sitelinks, AI Overview, Image pack, Video, Video carousel, People also ask, Related searches"
entp and infp,Informational,43,390,"0.83,1.00,0.83,0.83,1.00,0.83,0.67,0.83,0.67,0.67,0.83,0.44",12,0.00,0.33,"Sitelinks, AI Overview, Image pack, Video, Video carousel, People also ask, Related searches, Things to know"
entp and intj,Informational,41,390,"1.00,0.55,1.00,0.82,0.82,0.82,0.67,0.82,0.82,0.67,0.55,1.00",10,0.00,0.33,"Sitelinks, AI Overview, Reviews, Image pack, Video, Video carousel, People also ask, Related searches"
entp vs entj,Informational,43,390,"0.67,0.43,0.81,0.43,1.00,1.00,0.81,0.81,1.00,0.81,0.81,0.81",13,0.00,0.33,"Sitelinks, AI Overview, Image pack, Video, Video carousel, People also ask, Related searches"
entp woman,Informational,42,390,"0.18,0.44,0.81,0.81,0.66,0.66,0.66,0.66,1.00,0.54,0.81,0.81",13,0.00,0.33,"Sitelinks, Video, Video carousel, People also ask, Related searches"
esfj a,Informational,43,390,"0.36,0.82,0.82,1.00,0.65,0.15,0.44,0.55,0.09,0.04,0.44,0.29",33,0.00,0.33,"Sitelinks, AI Overview, Image, Image pack, Video, Video carousel, People also ask, Related searches"
esfj cognitive functions,Informational,39,390,"0.44,0.44,0.54,0.44,0.44,0.36,0.44,0.44,0.54,0.44,1.00,0.67",23,0.00,0.33,"Sitelinks, AI Overview, Video, People also ask, Related searches"
esfj famous people,Informational,37,390,"0.55,0.36,0.36,0.36,1.00,0.55,0.44,0.36,0.65,0.65,0.55,0.36",21,0.00,0.33,"Sitelinks, AI Overview, Video, People also ask, Related searches"
esfp celebrities,Informational,35,390,"0.65,0.65,0.81,1.00,1.00,0.65,0.52,0.52,0.81,0.81,0.52,0.65",25,0.00,0.33,"AI Overview, Image pack, Video, Video carousel, People also ask, Related searches"
esfp famous people,Informational,35,390,"0.67,0.54,0.54,0.81,0.81,0.81,0.67,0.67,0.81,1.00,0.67,0.67",21,0.00,0.33,"Sitelinks, AI Overview, Image pack, Video, People also ask, Discussions and forums, Related searches"
espf,Informational,36,390,"1.00,0.81,0.81,1.00,0.54,0.35,0.35,0.81,0.67,0.67,0.67,0.81",34,0.09,0.00,"AI Overview, Image pack, Video, People also ask, Related searches"
estj celebrities,Informational,37,390,"0.66,0.54,0.54,0.81,1.00,0.66,0.66,0.54,0.66,0.81,0.54,0.44",25,0.00,0.33,"AI Overview, Video, People also ask, Related searches"
estj myers briggs,Informational,42,390,"0.83,0.83,1.00,1.00,1.00,0.67,0.83,0.83,1.00,1.00,0.67,0.83",28,0.06,0.03,"AI Overview, Image, Image pack, Video, People also ask, Related searches"
famous enfp people,Informational,42,390,"0.83,0.83,1.00,0.83,0.83,0.83,0.83,0.83,1.00,0.83,0.83,0.67",30,0.00,0.33,"Sitelinks, AI Overview, Video, Video carousel, People also ask, Related searches"
famous entp,Informational,38,390,"0.36,0.44,0.56,1.00,0.56,0.44,0.83,0.67,0.44,0.44,0.67,0.67",6,0.00,0.33,"Sitelinks, AI Overview, Image pack, Video, People also ask, Related searches"
famous entps,Informational,38,390,"1.00,0.66,1.00,0.29,0.66,0.81,0.36,0.15,1.00,0.81,0.66,0.36",17,0.00,0.33,"Sitelinks, AI Overview, Image pack, Video, People also ask, Related searches"
famous infp people,Informational,33,390,"0.56,0.44,0.44,0.56,0.67,0.36,0.67,0.44,1.00,0.83,0.67,0.44",28,0.05,0.33,"Sitelinks, AI Overview, Image, Image pack, Video, People also ask, Related searches"
famous people who are entj,Informational,41,390,"0.83,0.54,0.54,0.83,0.54,0.46,0.46,0.46,1.00,0.46,0.67,0.54",19,0.00,0.00,"Sitelinks, AI Overview, Video, People also ask, Related searches"
fast enneagram test,Commercial,56,390,"1.00,0.67,0.82,0.36,1.00,0.82,1.00,0.67,1.00,0.54,0.82,1.00",22,1.34,0.79,"Sitelinks, Video, Discussions and forums, Related searches"
feeling vs thinking mbti,Commercial,33,390,"0.44,0.54,0.44,0.66,0.54,0.66,0.81,0.54,0.81,0.81,1.00,0.81",30,0.00,0.33,"Sitelinks, AI Overview, Image pack, Video, Video carousel, People also ask, Discussions and forums, Related searches"
function test mbti,Commercial,35,390,"1.00,0.81,0.11,0.23,0.67,0.81,0.05,0.11,1.00,0.81,1.00,0.11",13,0.35,0.17,"Sitelinks, Video, Video carousel, Related searches"
infj enneagram,Informational,57,390,"0.80,1.00,1.00,0.80,0.80,0.80,0.80,0.67,1.00,0.80,1.00,0.80",9,0.61,0.09,"Sitelinks, AI Overview, Image pack, Video, Video carousel, People also ask, Related searches"
infj personality quiz,Informational,44,390,"0.07,0.15,0.36,0.23,0.44,0.54,0.54,0.67,1.00,0.29,0.44,0.36",26,0.59,0.59,"Sitelinks, Video, People also ask, Related searches"
infp 9w1,Informational,46,390,"0.82,0.82,1.00,0.82,0.82,0.82,0.82,0.82,0.67,0.67,0.67,0.82",17,0.00,0.33,"Sitelinks, AI Overview, Image pack, Video, Video carousel, People also ask, Related searches"
infp and enfp compatibility,Informational,44,390,"0.66,0.54,0.43,0.66,0.81,0.54,0.66,0.81,1.00,0.66,1.00,0.81",6,0.00,0.33,"Sitelinks, AI Overview, Image pack, Video, Video carousel, People also ask, Related searches"
infp and entj,Informational,41,390,"0.82,0.82,1.00,0.82,1.00,0.82,1.00,0.82,0.82,0.54,0.82,0.82",19,0.00,0.00,"Sitelinks, AI Overview, Image pack, Video, People also ask, Related searches"
infp and infj compatibility,Informational,44,390,"0.54,0.44,1.00,0.54,0.44,0.44,0.54,0.44,0.66,0.54,0.54,0.54",12,0.00,0.33,"Sitelinks, AI Overview, Video, People also ask, Related searches"
infp enneagram,Informational,58,390,"0.67,0.67,0.67,0.83,0.67,0.83,0.83,0.56,0.83,0.56,1.00,0.83",10,0.53,0.09,"Sitelinks, AI Overview, Image pack, Video, People also ask, Related searches"
infp famous,Informational,34,390,"0.56,0.67,0.67,0.67,0.67,1.00,0.36,0.44,0.67,0.83,0.36,0.56",28,0.04,0.33,"Sitelinks, AI Overview, Image, Image pack, Video, Video carousel, People also ask, Related searches"
infp infj compatibility,Informational,44,390,"0.81,0.35,0.44,0.54,0.54,1.00,0.66,0.54,0.66,0.54,0.81,0.66",10,0.00,0.33,"Sitelinks, AI Overview, Image pack, Video, Video carousel, People also ask, Related searches"
infp mediator,Informational,36,390,"1.00,0.81,0.66,0.54,0.66,0.66,0.54,0.43,0.54,0.81,1.00,0.81",33,0.05,0.02,"Sitelinks, AI Overview, Video, Video carousel, People also ask, Related searches, Things to know"
infp personality type characters,Informational,38,390,"0.81,0.81,1.00,1.00,1.00,1.00,0.81,0.67,0.81,0.81,0.81,0.67",25,0.00,0.33,"Sitelinks, AI Overview, Image, Image pack, Video, People also ask, Related searches"
infp strengths and weaknesses,Informational,40,390,"1.00,0.54,0.54,0.67,0.67,0.54,0.54,0.44,0.81,0.54,0.67,0.54",24,0.01,0.01,"Sitelinks, AI Overview, Image pack, Video, Video carousel, People also ask, Discussions and forums, Related searches"
infp t careers,Commercial,31,390,"0.55,0.36,0.44,1.00,0.82,0.29,0.55,0.36,0.55,0.36,0.44,0.55",27,1.03,0.01,"Sitelinks, AI Overview, Video, Video carousel, People also ask, Related searches"
instinctual variant test,Informational,46,390,"1.00,1.00,1.00,1.00,0.50,0.50,1.00,0.50,0.50,1.00,1.00,1.00",18,0.82,0.07,"Sitelinks, Video, Related searches"
intj architect,Informational,35,390,"0.67,0.67,0.67,0.81,0.67,0.67,0.67,0.67,1.00,0.67,0.67,0.67",23,0.30,0.01,"Sitelinks, AI Overview, Reviews, Image pack, Video, Video carousel, People also ask, Related searches"
intj personality type characters,Informational,38,390,"0.81,0.44,0.54,1.00,0.66,0.66,1.00,0.54,0.66,0.54,0.81,0.54",16,0.00,0.00,"Sitelinks, AI Overview, Image, Image pack, Video, Video carousel, People also ask, Related searches"
intj relationships,Informational,36,390,"1.00,0.83,1.00,0.83,0.83,0.67,0.67,0.83,0.67,0.67,0.67,0.67",12,0.04,0.01,"Sitelinks, AI Overview, Image pack, Video, People also ask, Related searches"
intj strengths and weaknesses,Informational,37,390,"0.66,0.54,0.66,1.00,0.66,0.66,0.44,0.44,0.81,0.44,0.66,0.44",17,0.02,0.01,"Sitelinks, AI Overview, Reviews, Image pack, Video, People also ask, Related searches"
intj traits,Informational,41,390,"0.66,0.81,0.81,0.81,0.66,0.66,0.54,0.66,0.54,0.44,1.00,0.66",30,0.11,0.02,"Sitelinks, AI Overview, Image, Image pack, Video, People also ask, Related searches"
intj weaknesses,Informational,36,390,"0.82,0.82,0.82,1.00,1.00,0.82,0.67,0.55,1.00,0.67,0.82,0.67",14,0.02,0.01,"Sitelinks, AI Overview, Reviews, Image pack, Video, People also ask, Related searches"
is personality.co legit,Informational,34,390,"0.08,0.00,0.00,0.00,0.00,0.13,1.00,0.76,0.67,0.55,0.55,0.67",22,0.00,0.33,"Sitelinks, AI Overview, People also ask, Related searches"
isfj vs isfp,Commercial,35,390,"0.66,1.00,0.54,0.81,0.81,1.00,0.66,0.81,1.00,0.66,1.00,0.81",9,0.00,0.33,"Sitelinks, AI Overview, Image pack, Video, Video carousel, People also ask, Related searches"
isfp vs isfj,Commercial,35,390,"0.67,0.81,0.67,0.81,0.81,0.81,0.67,0.81,0.81,1.00,1.00,1.00",9,0.00,0.33,"Sitelinks, AI Overview, Image pack, Video, Video carousel, People also ask, Related searches"
istp 5w6 vs 5w4 vs 9w8 vs 6w5 behavioral differences,Informational,54,390,"1.00,0.00,0.00,0.00,0.00,0.00,0.00,0.00",22,0.00,0.00,"Sitelinks, AI Overview, Video, People also ask"
jobs for intj,Commercial,31,390,"0.54,0.66,0.44,1.00,0.54,0.81,0.81,0.54,0.44,0.44,1.00,0.81",26,0.50,0.01,"Sitelinks, AI Overview, Video, People also ask"
logician mbti,Informational,38,390,"0.23,0.81,0.81,1.00,0.66,0.81,0.29,0.29,0.66,0.19,0.19,0.36",29,0.01,0.01,"Sitelinks, AI Overview, Reviews, Image pack, Video, Video carousel, Short videos, People also ask, Related searches, Things to know"
mbti enneagram,Informational,66,390,"0.54,0.44,0.54,0.44,0.54,0.81,1.00,1.00,1.00,0.81,0.81,0.81",26,0.68,0.17,"Sitelinks, AI Overview, Image pack, Video, Video carousel, People also ask, Related searches"
mbti type true to themselves,Informational,45,390,"1.00,0.00,0.00,0.00,0.00",33,0.00,0.00,"Sitelinks, AI Overview, Video, Video carousel, People also ask, Related searches"
most common personality type myers briggs,Informational,40,390,"0.24,1.00,0.05,0.00,0.00,0.00,0.00,0.49,0.00,0.00,0.00,0.00",34,0.00,0.00,"Sitelinks, AI Overview, Video, People also ask, Related searches"
most popular personality type,Informational,37,390,"0.08,0.06,0.10,0.08,0.10,0.08,0.10,0.06,0.55,1.00,0.81,0.81",29,0.00,0.33,"Sitelinks, AI Overview, Image, Video, People also ask, Related searches"
myers briggs cognitive functions test,Commercial,39,390,"0.66,0.66,0.81,0.24,0.66,0.81,0.81,0.81,1.00,0.81,0.81,1.00",24,0.48,0.23,"Sitelinks, Video, Video carousel, Related searches, Ads bottom"
myers briggs enneagram,Informational,56,390,"0.28,0.35,0.67,0.81,0.54,1.00,1.00,0.67,1.00,0.67,0.81,1.00",19,0.68,0.17,"Sitelinks, AI Overview, Image pack, Video, People also ask, Related searches, Things to know"
myers briggs logician,Informational,40,390,"0.82,0.44,0.67,1.00,0.82,0.82,0.67,0.67,0.82,0.82,0.82,0.82",29,0.01,0.01,"Sitelinks, AI Overview, Image pack, Video, Video carousel, People also ask, Related searches"
myers briggs s vs n,Commercial,41,390,"0.00,0.01,0.03,1.00,0.01,0.02,0.02,0.00,0.00,0.02,0.03,0.03",21,0.00,0.33,"Sitelinks, AI Overview, Image pack, Video, Video carousel, People also ask, Discussions and forums, Related searches"
myers briggs the defender,Informational,38,390,"1.00,0.88,0.26,0.26,0.48,0.26,0.21,0.26,0.21,0.17,0.48,0.59",33,0.06,0.01,"AI Overview, Image pack, Video, Video carousel, Short videos, People also ask, Discussions and forums, Related searches"
myers briggs type indicator enfj,Informational,44,390,"0.20,0.37,0.07,0.11,1.00,0.07,0.05,0.03,0.04,0.03,0.11,0.05",33,0.08,0.03,"Sitelinks, AI Overview, Image, Video, Video carousel, People also ask, Knowledge panel, Discussions and forums, Related searches, Things to know"
myers briggs types defender,Informational,36,390,"0.00,0.00,0.10,0.73,1.00,1.00,0.00,0.00,0.89,0.00,0.00,0.00",29,0.02,0.01,"Image pack, Video, People also ask, Discussions and forums, Related searches"
n versus s myers briggs,Commercial,38,390,"0.10,0.20,0.01,0.36,1.00,0.03,0.05,0.04,0.03,0.05,0.07,0.04",18,0.00,0.33,"Sitelinks, AI Overview, Image pack, Video, People also ask, Related searches"
openpsychometrics harry potter,"Navigational, Transactional",48,390,"0.00,0.00,0.00,0.00,0.00,0.00,0.00,0.04,1.00,0.13,0.04,0.20",7,0.00,0.33,"Sitelinks, Related searches"
personajes enfp,Informational,40,390,"1.00,0.24,0.36,0.36,0.00,0.00,0.00,0.00,0.00,0.00,0.00,0.00",23,0.00,0.33,"Sitelinks, Image pack, Video, Video carousel, Short videos, People also ask, Related searches"
personality test enfp,Informational,49,390,"0.44,0.81,0.66,0.81,0.44,0.81,0.81,0.66,1.00,0.66,1.00,0.81",23,0.47,0.54,"Sitelinks, AI Overview, Image pack, Video, Video carousel, People also ask, Discussions and forums, Related searches"
personality type campaigner,Informational,35,390,"0.13,0.24,0.10,0.67,0.08,1.00,0.08,0.05,0.13,0.03,0.16,0.67",32,0.05,0.02,"AI Overview, Reviews, Image pack, Video, Video carousel, People also ask, Discussions and forums, Related searches"
rare enneagram types,Informational,51,390,"1.00,1.00,1.00,1.00,1.00,1.00,0.80,0.80,1.00,0.80,1.00,0.80",20,0.00,0.33,"Sitelinks, AI Overview, Image pack, Video, People also ask, Related searches"
riso hudson,Informational,33,390,"0.10,1.00,0.30,0.24,0.08,0.00,0.24,0.00,0.81,0.00,0.00,0.30",18,1.08,0.11,"Sitelinks, Reviews, Video, People also ask, Knowledge panel, Related searches"
s vs n myers briggs,"Informational, Commercial",37,390,"1.00,0.31,0.11,0.00,0.12,0.11,0.11,0.08,0.11,0.08,0.11,0.12",27,0.00,0.33,"Sitelinks, AI Overview, Image pack, Video, Video carousel, People also ask, Related searches"
so2 enneagram,Informational,51,390,"0.08,0.10,0.10,0.10,0.13,0.10,0.10,0.10,0.16,0.30,1.00,1.00",7,0.00,0.33,"Sitelinks, AI Overview, Image pack, Video, People also ask, Related searches"
so3 enneagram,Informational,51,390,"0.08,0.08,0.08,0.10,0.08,0.10,0.13,0.10,0.20,0.24,1.00,1.00",7,0.00,0.33,"Sitelinks, AI Overview, Video, Short videos, People also ask, Related searches"
so4 enneagram,Informational,48,390,"0.08,0.08,0.07,0.07,0.05,0.11,0.13,0.11,0.20,0.31,1.00,0.84",5,0.00,0.33,"Sitelinks, AI Overview, Image pack, Video, People also ask, Related searches"
so6,Informational,28,390,"0.20,0.24,0.16,0.30,0.30,0.13,0.16,0.13,0.24,0.45,1.00,0.67",19,0.00,0.33,"Sitelinks, AI Overview, Image pack, Video, People also ask, Related searches"
sp2 enneagram,Informational,51,390,"0.10,0.13,0.10,0.10,0.13,0.13,0.16,0.08,0.30,0.30,1.00,1.00",10,0.00,0.33,"Sitelinks, AI Overview, Video, People also ask, Related searches"
sp4 enneagram,Informational,49,390,"0.13,0.10,0.08,0.08,0.08,0.20,0.13,0.13,0.20,0.36,1.00,1.00",13,0.00,0.33,"Sitelinks, Video, Video carousel, People also ask, Related searches, Things to know"
sp6 enneagram,Informational,49,390,"0.08,0.11,0.11,0.13,0.08,0.13,0.11,0.16,0.20,0.25,0.84,1.00",21,0.00,0.33,"Sitelinks, AI Overview, Video, Video carousel, People also ask, Related searches"
sp7 enneagram,Informational,50,390,"0.10,0.10,0.03,0.08,0.13,0.13,0.16,0.16,0.16,0.30,1.00,1.00",14,0.00,0.33,"Sitelinks, AI Overview, Video, People also ask, Related searches"
suzanne stabile,Informational,26,390,"0.60,0.40,0.60,0.60,0.60,1.00,0.40,0.40,0.40,0.20,0.20,0.20",32,0.65,0.10,"Sitelinks, Reviews, Image, Image pack, Video, Video carousel, People also ask, Top stories, Related searches"
sx5 enneagram,Informational,45,390,"0.17,0.17,0.17,0.21,0.17,0.32,0.26,0.17,0.32,0.48,1.00,1.00",23,0.00,0.33,"Sitelinks, AI Overview, Reviews, Image pack, Video, Video carousel, People also ask, Related searches"
the art of growth enneagram test,"Informational, Transactional",59,390,"0.00,0.00,0.00,0.00,0.00,0.00,1.00,0.01,0.02,0.01,0.01,0.00",34,1.02,0.22,"AI Overview, Reviews, Video, Related searches"
the entertainer mbti,Informational,39,390,"0.67,0.43,1.00,0.81,0.81,1.00,0.67,0.54,0.67,0.67,0.81,0.81",32,0.01,0.01,"AI Overview, Image pack, Video, Video carousel, People also ask, Related searches"
type 3 personality,Informational,56,390,"0.67,0.81,0.81,1.00,1.00,1.00,1.00,0.81,0.81,0.67,0.67,0.81",24,1.24,0.04,"AI Overview, Image pack, Video, People also ask, Discussions and forums, Related searches"
type 5 enneagram personality,Informational,61,390,"0.71,1.00,0.06,0.04,0.13,0.15,0.08,0.08,0.48,0.38,0.13,0.10",29,0.64,0.02,"Sitelinks, AI Overview, Reviews, Video, Video carousel, People also ask, Discussions and forums, Related searches"
type a vs type b personality quiz,Commercial,34,390,"0.24,0.03,0.08,0.00,0.08,0.05,0.04,0.05,0.62,0.20,0.00,1.00",24,0.41,0.52,"Sitelinks, Video, Related searches"
type f personality,Informational,39,390,"0.81,0.65,0.42,0.52,0.42,0.52,0.81,0.52,0.52,0.52,0.81,1.00",30,0.00,0.33,"Sitelinks, AI Overview, Image pack, Video, People also ask, Related searches"
type nine enneagram,Informational,67,390,"0.25,0.00,0.37,0.31,0.05,0.05,0.00,0.02,1.00,0.12,0.00,0.00",29,0.41,0.08,"AI Overview, Image pack, Video, People also ask, Discussions and forums, Related searches"
what is a infp,Informational,38,390,"0.21,0.17,0.32,1.00,0.14,0.17,0.21,0.21,0.59,0.21,0.59,0.21",29,0.14,0.02,"Sitelinks, AI Overview, Video, People also ask, Related searches"
what is a intj,Informational,42,390,"0.55,0.55,1.00,0.55,0.65,0.65,0.55,0.09,0.15,0.09,0.11,0.11",29,0.14,0.04,"AI Overview, Image, Video, People also ask, Related searches"
شخصیت,Informational,31,390,"0.54,0.67,1.00,1.00,0.67,0.67,0.67,0.44,0.15,0.19,0.10,0.15",16,0.00,0.33,"Sitelinks, Reviews, Instant answer, Video, Video carousel, Related searches"
九型人格测试,Informational,44,390,"0.00,1.00,0.00,0.00,0.00,0.03,0.04,0.05,0.03,0.05,0.03,0.00",15,0.83,0.59,"Sitelinks, Video, Related searches"
16 personalidades,Navigational,41,320,"0.54,1.00,0.67,1.00,1.00,1.00,0.67,0.67,0.81,0.54,0.67,0.81",34,0.06,0.15,"Sitelinks, Reviews, Image pack, Video, Video carousel, People also ask, Related searches"
2 wing 3,Informational,47,320,"0.67,0.80,0.80,1.00,1.00,0.80,1.00,0.53,0.80,0.80,0.80,0.67",21,0.74,0.02,"Sitelinks, AI Overview, Reviews, Image, Image pack, Video, Video carousel, People also ask, Discussions and forums, Related searches"
2w2,Informational,48,320,"0.36,0.36,0.66,0.44,0.44,0.44,0.81,1.00,1.00,0.44,0.36,0.66",7,0.00,0.02,"AI Overview, Reviews, Image pack, Video, Video carousel, People also ask, Related searches"
3 wing 2,Informational,46,320,"1.00,1.00,1.00,1.00,1.00,1.00,1.00,0.66,1.00,0.81,1.00,0.81",23,0.74,0.02,"Sitelinks, AI Overview, Image, Video, Video carousel, People also ask, Discussions and forums, Related searches"
3 wing 4 enneagram,Informational,61,320,"0.55,0.55,0.67,1.00,0.67,0.82,0.67,0.67,0.82,0.55,0.55,0.55",13,0.78,0.01,"Sitelinks, AI Overview, Image pack, Video, Video carousel, People also ask"
4 en roman,Informational,49,320,"0.66,0.66,0.35,0.22,0.66,1.00,1.00,0.81,1.00,0.81,1.00,1.00",33,0.00,0.01,"AI Overview, Video, Video carousel, Short videos, People also ask, Related searches"
5 es,Informational,47,320,"0.24,1.00,0.15,0.30,0.36,0.82,0.15,0.12,0.54,0.30,0.30,0.30",28,2.61,0.03,"AI Overview, Image pack, Video, Video carousel, People also ask, Related searches"
6 7 gifts,Informational,49,320,"0.00,0.00,0.00,0.13,0.05,0.07,1.00,0.37,0.04,0.20,0.00,0.00",22,0.44,0.38,"Sitelinks, Reviews, Image, Image pack, Video, Video carousel, People also ask, Knowledge panel, Related searches, Popular products"
6 enneagram type,Informational,66,320,"0.11,0.08,0.08,0.13,0.13,0.08,0.05,0.05,1.00,0.04,0.07,0.03",26,0.39,0.02,"AI Overview, Reviews, Image pack, Video, Video carousel, People also ask, Related searches"
7 personality types,Informational,54,320,"1.00,0.66,0.52,0.82,0.82,0.82,0.66,0.66,0.66,0.66,0.66,0.66",23,0.47,0.07,"Sitelinks, AI Overview, Video, People also ask"
all enneagram types,Informational,67,320,"0.54,0.44,0.44,0.66,0.54,0.54,0.54,0.44,0.66,0.54,1.00,0.81",31,0.32,0.12,"Sitelinks, AI Overview, Image, Image pack, Video, Short videos, People also ask, Related searches, Ads top, Ads bottom"
archetype personality test,"Informational, Commercial",36,320,"0.52,0.44,0.80,0.64,0.52,0.64,0.52,0.52,1.00,0.64,0.80,0.64",33,0.87,0.54,"Sitelinks, Reviews, Video, Video carousel, People also ask, Related searches, Things to know"
best careers for enfp,Commercial,36,320,"1.00,0.81,0.81,1.00,1.00,1.00,0.81,0.67,1.00,1.00,1.00,0.81",27,0.57,0.03,"Sitelinks, AI Overview, Video, People also ask, Related searches"
best careers for intj,Commercial,31,320,"0.67,0.67,0.82,0.67,0.67,1.00,0.55,0.55,1.00,0.55,0.67,0.67",28,0.38,0.03,"Sitelinks, AI Overview, Video, Video carousel, People also ask, Related searches"
best jobs for enfp,Commercial,36,320,"0.81,0.81,0.81,1.00,1.00,1.00,0.81,0.67,1.00,1.00,1.00,0.81",24,0.40,0.02,"Sitelinks, AI Overview, Video, Video carousel, People also ask, Related searches"
best mbti,"Informational, Commercial",36,320,"0.81,0.81,1.00,0.81,0.81,0.81,0.81,0.67,0.67,0.81,0.81,0.67",32,1.03,0.01,"Sitelinks, AI Overview, Image, Image pack, Video, People also ask, Related searches"
best personality type,Informational,38,320,"0.82,0.82,0.82,0.82,0.82,0.67,0.67,0.82,1.00,0.82,0.67,0.82",24,0.95,0.02,"Sitelinks, AI Overview, Image pack, Video, Video carousel, People also ask, Related searches"
careers for enfj,"Informational, Commercial",41,320,"0.23,0.18,0.35,0.66,1.00,0.81,0.66,0.44,0.66,0.66,0.81,0.66",21,0.50,0.01,"Sitelinks, AI Overview, Video, People also ask, Discussions and forums, Related searches"
careers for isfj,Commercial,33,320,"0.47,0.11,0.13,0.08,1.00,0.26,0.11,0.59,0.32,0.32,0.08,0.07",22,0.13,0.01,"Sitelinks, AI Overview, Reviews, Video, People also ask, Discussions and forums, Related searches"
celebrities intp,Informational,32,320,"1.00,0.36,0.09,0.65,0.65,0.55,0.29,0.44,0.36,0.24,0.29,0.36",30,0.00,0.33,"Sitelinks, AI Overview, Image pack, Video, Video carousel, People also ask, Related searches"
celebrity intj,Informational,36,320,"1.00,0.12,0.16,0.07,0.06,0.19,0.37,0.00,0.16,0.12,0.37,0.29",12,0.02,0.01,"Sitelinks, AI Overview, Video, Video carousel, People also ask, Related searches"
characters mbti,Informational,37,320,"0.81,0.18,0.34,0.43,0.43,0.66,0.66,0.54,0.18,0.34,0.66,1.00",26,0.00,0.33,"Sitelinks, Image pack, Video, Video carousel, Related searches"
cognitive functions enfp,Informational,40,320,"0.54,0.54,1.00,0.24,0.36,0.24,0.24,0.29,0.36,0.19,0.54,0.44",34,0.00,0.33,"Sitelinks, AI Overview, Image, Image pack, Video, Video carousel, People also ask, Related searches"
cognitive functions intp,Informational,38,320,"1.00,0.53,0.44,0.29,0.44,0.36,0.80,0.36,0.44,0.22,0.53,0.53",25,0.00,0.33,"Sitelinks, AI Overview, Video, Video carousel, People also ask, Related searches"
define intp,Informational,36,320,"1.00,0.08,0.11,0.08,0.06,0.22,0.19,0.22,0.28,0.28,0.28,0.36",27,0.12,0.01,"Sitelinks, AI Overview, Video, Video carousel, People also ask, Related searches"
eneagram 6,Informational,59,320,"0.00,1.00,0.07,0.19,0.74,0.04,0.00,0.37,0.00,0.15,0.11,0.19",25,0.30,0.02,"Sitelinks, AI Overview, Video, People also ask, Related searches"
eneagram 8,Informational,51,320,"0.08,0.08,0.03,0.03,0.06,1.00,0.36,0.22,0.00,0.06,0.08,0.06",19,0.39,0.07,"Sitelinks, AI Overview, Reviews, Image pack, Video, Video carousel, People also ask, Discussions and forums, Related searches, Things to know, Ads bottom"
enegram 3,Informational,62,320,"0.11,0.11,0.04,0.04,1.00,0.00,0.31,0.00,0.00,0.02,0.05,0.31",29,0.32,0.03,"Sitelinks, AI Overview, Reviews, Video, Video carousel, People also ask, Related searches, Things to know"
enegram 7,Informational,55,320,"0.36,0.28,0.19,0.22,0.56,1.00,0.28,0.19,0.28,0.22,0.36,0.44",18,0.33,0.04,"AI Overview, Image pack, Video, Video carousel, People also ask, Related searches"
enfj and enfp compatibility,Informational,41,320,"0.54,0.54,0.81,0.54,1.00,1.00,0.66,0.66,0.54,0.81,0.66,0.81",13,0.00,0.33,"Sitelinks, AI Overview, Image pack, Video, People also ask, Related searches"
enfj people,Informational,49,320,"0.53,0.67,0.80,0.80,0.80,1.00,0.67,0.53,0.80,0.67,1.00,0.67",28,0.00,0.33,"Sitelinks, AI Overview, Image, Image pack, Video, People also ask, Related searches"
enfj t personality,Informational,44,320,"0.44,0.44,0.67,0.82,0.82,0.55,0.82,0.67,1.00,0.67,0.67,0.67",33,0.04,0.01,"Sitelinks, AI Overview, Image, Video, People also ask, Discussions and forums, Related searches"
enfp jobs careers,Commercial,37,320,"0.00,0.02,0.00,0.00,0.00,0.00,0.00,0.00,0.66,0.00,1.00,0.00",20,0.40,0.02,"Sitelinks, AI Overview, Video, People also ask, Related searches"
enfp personality test,Informational,43,320,"0.15,0.23,0.19,0.29,0.19,0.23,0.44,0.66,0.81,1.00,0.66,0.44",21,0.47,0.54,"Sitelinks, AI Overview, Image pack, Video, Video carousel, People also ask, Discussions and forums, Related searches"
enfp t characters,Informational,41,320,"0.66,0.66,0.81,0.81,1.00,0.11,0.81,0.35,0.81,0.11,0.15,0.11",25,0.00,0.33,"Sitelinks, Image pack, Video, Video carousel, Short videos, People also ask, Related searches"
enfp weaknesses,Informational,43,320,"0.54,0.44,0.44,0.81,1.00,0.54,0.54,0.54,0.44,0.44,0.54,0.54",15,0.00,0.33,"Sitelinks, AI Overview, Image pack, Video, People also ask, Related searches"
enfp-a careers,"Informational, Commercial",38,320,"0.00,0.00,0.03,0.03,0.03,1.00,0.00,0.82,0.82,0.82,0.19,0.82",30,0.44,0.02,"Sitelinks, AI Overview, Video, People also ask, Related searches"
enfp是什么,Informational,36,320,"0.04,0.05,0.00,1.00,0.00,0.00,0.03,0.04,0.03,0.03,0.03,0.03",34,0.00,0.33,"AI Overview, Video, People also ask, Related searches"
enjp,Informational,44,320,"1.00,0.01,0.56,0.20,0.25,0.16,0.00,0.00,0.12,0.12,0.56,0.16",31,0.11,0.01,"AI Overview, Video, People also ask, Related searches"
ennagram 4,Informational,57,320,"0.00,0.67,0.35,0.24,0.11,0.54,0.54,0.00,0.00,0.11,0.67,1.00",27,0.41,0.05,"Sitelinks, AI Overview, Reviews, Video, Video carousel, People also ask, Discussions and forums, Related searches, Things to know"
ennagram 9,Informational,58,320,"0.84,0.43,0.19,0.19,0.35,0.35,0.30,0.08,0.19,0.54,1.00,0.68",25,0.22,0.04,"AI Overview, Image pack, Video, People also ask, Related searches"
enne meaning,Informational,46,320,"0.00,0.00,1.00,0.01,0.01,0.01,0.01,0.01,0.01,0.01,0.01,0.01",19,0.00,0.33,"AI Overview, Reviews, Video, People also ask, Related searches"
enneagram 3 wing 4,Informational,59,320,"0.52,0.66,1.00,0.66,0.66,0.82,0.82,0.66,1.00,0.66,0.66,0.82",15,0.00,0.01,"Sitelinks, AI Overview, Video, Video carousel, People also ask, Discussions and forums, Related searches"
enneagram and mbti,Informational,60,320,"0.54,0.54,0.54,0.81,0.54,0.81,0.22,0.14,1.00,0.81,1.00,0.18",18,0.73,0.15,"Sitelinks, Image pack, Video, Video carousel, People also ask, Discussions and forums, Related searches"
enneagram circle,Informational,66,320,"0.55,0.55,0.67,1.00,0.67,0.55,0.44,0.44,0.55,0.55,0.67,0.82",27,0.99,0.50,"Sitelinks, AI Overview, Image, Video, Video carousel, Related searches"
enneagram loyalist,Informational,61,320,"0.80,0.67,0.80,1.00,1.00,0.80,0.80,0.67,0.80,0.67,0.80,0.80",16,0.18,0.05,"Sitelinks, AI Overview, Reviews, Video, Video carousel, People also ask, Related searches"
enneagram peacemaker,Informational,57,320,"0.82,0.82,0.82,1.00,1.00,1.00,0.82,0.82,1.00,0.82,0.82,0.82",14,0.14,0.07,"Sitelinks, AI Overview, Reviews, Video, Video carousel, People also ask, Related searches"
enneagram personality 7,Informational,60,320,"0.64,0.28,0.28,0.32,0.80,0.80,0.64,0.44,0.52,0.64,0.80,1.00",20,0.33,0.04,"Sitelinks, AI Overview, Reviews, Image pack, Video, People also ask, Related searches"
enneagram personality 8,Informational,60,320,"0.67,0.28,0.22,0.83,0.83,0.56,0.44,0.56,0.67,0.56,1.00,0.83",21,0.38,0.05,"AI Overview, Image pack, Video, Video carousel, People also ask, Related searches, Ads bottom, Ads middle"
enneagram six,Informational,62,320,"0.44,0.80,0.64,0.80,0.80,0.64,0.52,0.52,1.00,0.64,0.64,0.52",29,0.28,0.04,"Sitelinks, AI Overview, Video, People also ask, Related searches"
enneagram symbol,Informational,59,320,"0.67,0.55,0.82,0.67,0.67,1.00,0.55,0.55,0.67,0.55,0.67,0.67",5,0.00,0.47,"Sitelinks, AI Overview, Reviews, Image, Image pack, Video, People also ask, Related searches"
enneagram triad,Informational,60,320,"0.23,0.07,0.29,0.01,0.44,0.19,0.36,0.36,0.12,0.54,1.00,0.29",16,2.16,0.33,"Sitelinks, AI Overview, Video, People also ask, Related searches"
enneagram tritype test,Informational,61,320,"0.42,0.42,0.65,0.52,0.52,0.52,0.65,0.42,0.52,0.65,1.00,1.00",20,0.39,0.19,"Sitelinks, Image, Video, Related searches"
enneagram types 7,Informational,59,320,"0.34,0.22,0.54,0.66,1.00,0.54,0.54,0.34,0.54,0.43,0.66,0.81",20,0.37,0.02,"Sitelinks, AI Overview, Image pack, Video, Video carousel, People also ask, Related searches, Ads bottom, Ads middle"
enneagram types with wings,Informational,63,320,"0.54,1.00,1.00,0.81,0.67,0.81,0.67,0.67,0.81,0.54,0.43,0.67",21,0.54,0.16,"Sitelinks, AI Overview, Video, People also ask, Related searches"
ennegram 5w4,Informational,56,320,"0.14,0.56,0.44,0.44,0.44,0.67,0.67,0.83,0.83,1.00,0.83,1.00",21,0.53,0.01,"Sitelinks, AI Overview, Image pack, Video, Video carousel, People also ask, Discussions and forums, Related searches"
ennegram type 5,Informational,65,320,"0.10,0.40,0.35,1.00,0.55,0.80,0.55,0.35,0.00,0.40,1.00,1.00",29,0.35,0.03,"Sitelinks, AI Overview, Video, Video carousel, People also ask, Related searches"
ennegram type 6,Informational,65,320,"0.07,0.10,0.73,0.32,0.49,0.32,0.32,0.24,1.00,0.24,0.24,0.24",22,0.39,0.02,"Sitelinks, AI Overview, Reviews, Image pack, Video, People also ask, Related searches, Things to know"
entertainer personality,Informational,40,320,"0.53,0.43,0.43,0.80,1.00,0.80,0.67,0.43,0.53,0.53,0.53,0.43",28,0.00,0.33,"AI Overview, Image, Image pack, Video, Video carousel, People also ask, Related searches"
entj and infj compatibility,Informational,42,320,"0.82,0.82,1.00,1.00,0.82,0.82,0.82,0.66,0.82,0.53,0.66,0.53",9,0.00,0.33,"Sitelinks, AI Overview, Image pack, Video, People also ask, Related searches"
entj car,Informational,47,320,"1.00,0.00,0.00,0.00,0.00",19,0.00,0.00,"Sitelinks, AI Overview, Image pack, Video, Video carousel, People also ask, Related searches"
entj people,Informational,47,320,"0.67,0.67,0.67,0.82,0.82,1.00,0.82,0.53,0.67,0.82,0.67,0.53",22,0.00,0.33,"Sitelinks, AI Overview, Image, Image pack, Video, People also ask, Related searches"
entj women,Informational,40,320,"0.81,1.00,0.81,0.81,0.81,1.00,1.00,0.81,0.81,0.81,1.00,0.67",10,0.00,0.33,"Sitelinks, AI Overview, Video, Video carousel, People also ask, Related searches"
entp 7w8,Informational,45,320,"0.82,0.82,0.82,0.82,1.00,1.00,0.82,0.82,0.82,0.67,1.00,0.82",15,0.00,0.33,"Sitelinks, AI Overview, Image pack, Video, People also ask, Related searches"
entp personality traits,Informational,45,320,"1.00,0.80,0.80,0.64,0.52,0.64,0.44,0.44,0.52,0.52,0.08,0.52",25,0.00,0.33,"Sitelinks, AI Overview, Video, People also ask, Discussions and forums, Related searches"
entp traits,Informational,44,320,"1.00,1.00,0.83,0.83,0.67,0.56,0.56,0.56,0.67,0.67,0.56,0.44",31,0.00,0.33,"Sitelinks, AI Overview, Image pack, Video, People also ask, Related searches"
esfj mbti,Informational,45,320,"1.00,0.82,0.82,0.82,0.82,0.82,0.67,0.67,0.82,0.82,0.82,0.82",31,0.00,0.33,"Sitelinks, AI Overview, Image pack, Video, People also ask, Related searches"
esfp compatibility,Informational,40,320,"0.64,0.80,0.80,0.80,0.64,0.64,0.64,0.64,1.00,0.64,0.64,0.44",16,0.00,0.33,"Sitelinks, AI Overview, Image pack, Video, People also ask, Discussions and forums, Related searches"
estj famous people,Informational,38,320,"0.67,0.80,0.67,0.80,1.00,0.80,0.80,0.67,0.80,1.00,0.80,0.53",23,0.00,0.33,"Sitelinks, AI Overview, Video, People also ask, Related searches"
famous enfps,Informational,39,320,"0.00,0.65,0.44,0.18,0.36,0.44,0.55,1.00,0.36,0.82,0.44,0.55",30,0.00,0.33,"Sitelinks, AI Overview, Image, Video, Video carousel, People also ask, Related searches"
famous estj people,Informational,36,320,"0.43,0.43,0.35,1.00,0.67,0.81,1.00,0.67,0.81,1.00,0.67,0.54",23,0.00,0.33,"Sitelinks, AI Overview, Video, Video carousel, People also ask, Related searches"
famous intps,Informational,33,320,"0.56,0.67,0.83,0.67,0.67,0.67,0.56,0.83,0.83,0.56,1.00,0.56",25,0.00,0.33,"Sitelinks, AI Overview, Image pack, Video, People also ask, Related searches"
famous people intp,Informational,32,320,"1.00,0.31,0.06,0.63,0.63,0.50,0.25,0.31,0.31,0.63,0.25,0.31",24,0.00,0.33,"Sitelinks, AI Overview, Image, Image pack, Video, People also ask, Discussions and forums, Related searches"
female intj,Informational,29,320,"0.30,0.19,0.36,0.30,0.45,0.45,0.24,1.00,0.09,0.82,0.15,0.36",15,0.06,0.02,"Sitelinks, AI Overview, Image, Image pack, Video, Video carousel, People also ask, Related searches"
find my match pdb personality,Informational,43,320,"1.00,0.00,0.00,0.00,0.00,0.00,0.00,0.00,0.00,0.00",28,0.00,0.00,"AI Overview, Video, People also ask, Related searches"
four personality types test,Informational,52,320,"1.00,0.67,0.67,1.00,0.67,0.81,0.67,0.54,0.67,0.54,0.67,0.81",16,0.60,0.39,"Sitelinks, Reviews, Image pack, Video, People also ask, Related searches"
her personality,Informational,39,320,"0.08,0.01,0.01,0.08,0.08,0.08,0.10,0.20,0.36,0.36,0.67,1.00",24,0.00,0.33,"Sitelinks, AI Overview, Video, People also ask, Related searches"
ieq9,Navigational,39,320,"0.81,0.67,0.81,0.67,0.81,1.00,0.54,0.43,0.67,0.67,0.81,0.54",5,5.97,0.35,"Sitelinks, Video, Video carousel, People also ask, Related searches"
infj and enfj compatibility,Informational,44,320,"0.80,0.33,0.53,1.00,1.00,0.53,0.67,0.67,0.67,0.67,0.67,0.43",7,0.00,0.33,"Sitelinks, AI Overview, Image pack, Video, People also ask, Related searches"
infj and enfp compatibility,Informational,41,320,"0.43,0.81,1.00,0.66,0.81,0.66,0.81,0.54,0.81,0.66,0.54,0.54",18,0.00,0.33,"Sitelinks, AI Overview, Reviews, Image pack, Video, Video carousel, People also ask, Related searches"
infj with infp,Informational,44,320,"0.29,0.66,0.19,0.66,1.00,1.00,0.19,0.12,1.00,0.81,1.00,0.12",18,0.11,0.02,"Sitelinks, AI Overview, Video, People also ask, Related searches"
infp and entp,Informational,43,320,"0.66,0.22,0.66,0.22,0.28,0.28,0.66,0.18,0.54,0.66,0.66,1.00",9,0.00,0.33,"Sitelinks, AI Overview, Reviews, Image pack, Video, Video carousel, People also ask, Related searches"
infp career,Commercial,33,320,"0.80,0.33,0.17,0.03,0.23,1.00,0.53,0.07,0.10,0.10,0.07,0.10",31,0.35,0.01,"Sitelinks, AI Overview, Video, Video carousel, People also ask, Discussions and forums, Related searches"
infp personality strengths and weaknesses,Informational,41,320,"0.66,0.66,1.00,0.66,0.66,0.82,0.82,0.66,1.00,0.82,0.82,0.66",20,0.02,0.01,"Sitelinks, AI Overview, Image, Image pack, Video, People also ask, Related searches"
infp women,Informational,36,320,"0.07,0.08,0.07,0.07,0.05,0.07,0.07,0.05,0.05,0.16,0.44,1.00",19,0.00,0.33,"Sitelinks, AI Overview, Image, Image pack, Video, Video carousel, People also ask, Related searches"
infp-t jobs,Commercial,30,320,"0.04,0.01,0.01,0.02,0.03,0.04,1.00,0.08,0.00,0.05,0.03,0.05",28,0.00,0.01,"Sitelinks, AI Overview, Video, Video carousel, People also ask, Related searches"
infp-t vs infp-a,"Informational, Commercial",32,320,"0.11,0.07,0.03,0.00,0.07,0.11,1.00,0.08,0.08,0.08,0.20,0.13",22,0.00,0.01,"Sitelinks, AI Overview, Video, Video carousel, People also ask, Related searches"
instinctual variant,Informational,45,320,"0.29,0.46,0.54,0.33,0.17,0.54,0.54,0.33,0.54,0.46,1.00,0.54",33,0.00,0.33,"Sitelinks, AI Overview, Image pack, Video, People also ask, Related searches, Things to know"
instinctual variants,Informational,46,320,"0.33,0.42,0.54,0.54,0.67,0.67,0.54,0.54,0.67,0.42,0.67,1.00",28,0.00,0.33,"Sitelinks, AI Overview, Video, Video carousel, People also ask, Related searches"
intj 5w6,Informational,38,320,"0.80,0.80,1.00,1.00,0.80,0.60,0.80,0.80,0.80,0.60,0.60,0.80",28,0.00,0.33,"Sitelinks, AI Overview, Image pack, Video, Video carousel, People also ask, Related searches"
intj job,"Informational, Commercial",32,320,"0.35,0.35,0.35,0.44,0.81,0.81,1.00,0.44,0.66,0.35,0.44,0.66",28,0.41,0.02,"Sitelinks, AI Overview, Image pack, Video, Video carousel, People also ask, Discussions and forums, Related searches"
intj rare,Informational,37,320,"0.67,0.54,0.67,1.00,0.67,0.81,0.81,0.54,0.67,0.67,0.67,0.81",27,0.00,0.33,"Sitelinks, AI Overview, Image pack, Video, People also ask, Related searches"
isfj a,Informational,41,320,"0.53,0.67,0.67,1.00,0.80,0.11,0.44,0.53,0.44,0.18,0.18,0.13",34,0.04,0.01,"Sitelinks, AI Overview, Image pack, Video, Video carousel, People also ask, Related searches"
logician myers briggs,Informational,40,320,"0.55,1.00,0.67,0.82,0.67,0.35,0.29,0.29,1.00,0.82,0.82,0.55",24,0.01,0.01,"Sitelinks, AI Overview, Reviews, Image pack, Video, Video carousel, Short videos, People also ask, Related searches"
mbti introvert,Informational,32,320,"1.00,0.66,0.81,0.81,0.81,0.66,0.54,0.66,0.81,0.81,0.22,0.29",18,0.73,0.03,"Sitelinks, AI Overview, Image pack, Video, Video carousel, People also ask, Discussions and forums, Related searches"
mbti percentages,Informational,39,320,"1.00,0.04,0.80,1.00,0.80,1.00,0.44,0.52,0.80,0.52,0.64,0.32",25,0.00,0.33,"Sitelinks, AI Overview, Image, Image pack, Video, People also ask, Related searches"
mbti t vs f,Informational,32,320,"0.82,0.67,0.82,0.67,0.67,0.82,1.00,0.67,0.67,0.82,1.00,1.00",17,0.00,0.33,"Sitelinks, AI Overview, Image pack, Video, Video carousel, People also ask, Related searches"
mbti test short,Informational,35,320,"1.00,0.65,0.82,1.00,0.82,0.65,0.82,0.82,1.00,1.00,0.65,0.44",34,0.47,0.48,"Sitelinks, Video, Related searches"
mbti 一覧,Informational,45,320,"0.66,0.81,0.54,1.00,0.81,0.29,0.54,0.66,0.54,0.66,0.66,0.43",10,0.00,0.33,"Image pack, Video, People also ask, Related searches"
mbti为什么能走红,Informational,45,320,"1.00,0.00,0.00,0.00,0.00,0.00,0.00,0.00",9,0.00,0.00,"AI Overview, Video, People also ask"
mbti测试 数据,Informational,33,320,"1.00,0.00,0.00,0.00,0.00,0.00,0.00,0.00",34,0.00,0.00,"Sitelinks, AI Overview, Video, People also ask, Related searches"
meyer briggs entertainer,Informational,29,320,"0.66,0.81,0.29,0.29,0.66,1.00,0.81,0.81,0.66,0.66,0.81,0.66",34,0.01,0.01,"Sitelinks, AI Overview, Image pack, Video, People also ask, Related searches"
myers briggs architect,Informational,39,320,"1.00,1.00,1.00,1.00,0.80,0.80,0.80,0.80,1.00,0.80,0.80,0.80",28,0.08,0.02,"Sitelinks, AI Overview, Reviews, Image pack, Video, Video carousel, People also ask, Related searches"
myers briggs entp,Informational,47,320,"0.43,0.81,0.28,0.81,0.34,1.00,0.81,0.66,0.18,0.28,0.28,0.81",31,0.08,0.04,"AI Overview, Reviews, Image pack, Video, Video carousel, People also ask, Related searches, Things to know"
myers briggs test intp,Informational,43,320,"0.36,0.54,0.10,0.67,1.00,0.67,0.07,0.12,0.07,0.07,0.19,0.05",30,0.11,0.03,"Sitelinks, AI Overview, Image pack, Video, People also ask, Related searches"
nbti test,Navigational,40,320,"0.08,0.16,1.00,0.00,0.30,0.00,0.04,0.10,0.07,0.00,0.01,0.08",12,0.30,0.34,"Video, People also ask, Related searches"
nightmare jobs for enneagram 5w4 sx/sp,Commercial,53,320,"1.00,0.00,0.00,0.00,0.00,0.00,0.00,0.00,0.00,0.00",18,0.00,0.00,"Sitelinks, AI Overview, Reviews, Video, People also ask, Related searches"
personality test for teens,Informational,41,320,"0.54,0.43,0.81,1.00,0.66,0.81,0.66,0.66,0.81,0.66,0.66,0.43",33,0.55,0.26,"AI Overview, Video, People also ask, Related searches"
personality test meaning,Informational,35,320,"0.66,0.66,0.43,0.66,1.00,1.00,1.00,0.82,1.00,1.00,0.82,1.00",30,0.00,0.33,"AI Overview, Reviews, Image pack, Video, People also ask, Related searches"
personality-database,Navigational,36,320,"0.08,0.08,0.00,0.00,0.00,0.81,0.00,0.61,0.00,0.22,0.36,1.00",21,0.73,0.33,"Sitelinks, Reviews, Related searches"
personaliy database,Navigational,43,320,"0.04,0.02,0.72,1.00,0.02,0.01,0.00,0.01,0.14,1.00,0.59,0.01",27,0.73,0.33,"Sitelinks, Video, Related searches"
pronounce enneagram,Informational,49,320,"0.66,0.66,0.82,1.00,0.82,1.00,0.82,0.82,0.82,0.66,0.82,0.82",21,0.00,0.33,"AI Overview, Reviews, Video, People also ask, Related searches"
quick enneagram test,Commercial,60,320,"0.83,0.67,0.83,0.83,0.67,0.83,0.83,0.83,1.00,0.36,0.67,0.67",19,1.61,0.65,"Sitelinks, Reviews, Video, Video carousel, Related searches"
rarest enneagram type,Informational,54,320,"0.10,1.00,1.00,1.00,1.00,0.43,0.80,0.67,1.00,0.80,0.80,0.80",9,0.00,0.33,"Sitelinks, AI Overview, Video, People also ask, Related searches"
rarest type of personality,Informational,58,320,"1.00,0.00,0.00,0.00,0.15,0.25,0.00,0.00,0.15,0.48,0.00,0.00",34,0.68,0.01,"Sitelinks, AI Overview, Video, People also ask, Related searches"
sexual 6,Informational,31,320,"0.81,0.53,1.00,0.81,0.53,0.67,0.81,0.81,1.00,0.81,0.67,1.00",16,0.00,0.33,"Sitelinks, Reviews, Image pack, Video, Video carousel, People also ask, Related searches"
sexual 8,Informational,36,320,"0.07,1.00,0.09,0.11,0.15,0.11,0.11,0.15,0.09,0.11,0.15,0.11",8,0.00,0.33,"Sitelinks, AI Overview, Video, Video carousel, People also ask, Related searches"
sexual seven,Informational,33,320,"0.15,0.04,0.15,0.15,0.44,0.81,0.66,1.00,0.81,0.54,0.66,0.54",3,0.00,0.33,"Sitelinks, Video, Video carousel, People also ask, Related searches"
so8,Informational,28,320,"0.23,0.36,0.36,0.36,0.36,0.36,0.36,0.36,0.44,0.36,1.00,1.00",18,0.00,0.33,"Sitelinks, AI Overview, Video, Video carousel, People also ask"
sp 9 enneagram,Informational,54,320,"0.08,0.08,0.10,0.10,0.08,0.10,0.10,0.13,0.20,0.24,1.00,0.81",11,0.00,0.33,"Sitelinks, AI Overview, Image pack, Video, People also ask, Discussions and forums, Related searches"
sp5 enneagram,Informational,59,320,"0.10,0.10,0.10,0.10,0.13,0.16,0.13,0.13,0.20,0.30,1.00,0.81",14,0.00,0.33,"Sitelinks, AI Overview, Image pack, Video, Video carousel, People also ask, Related searches"
sp8 enneagram,Informational,52,320,"0.07,0.09,0.11,0.14,0.11,0.14,0.17,0.17,0.21,0.26,1.00,1.00",12,0.00,0.33,"Sitelinks, AI Overview, Video, Short videos, People also ask, Related searches"
sp9 enneagram,Informational,55,320,"0.08,0.06,0.08,0.13,0.10,0.13,0.16,0.16,0.24,0.36,1.00,1.00",4,0.00,0.33,"Sitelinks, AI Overview, Image pack, Video, Video carousel, People also ask, Related searches"
surrounded by idiots colors,Informational,26,320,"0.35,0.66,0.66,0.54,0.66,0.66,0.54,0.54,1.00,0.54,0.66,0.54",17,0.00,0.33,"Sitelinks, AI Overview, Reviews, Image, Video, Video carousel, People also ask, Related searches"
sx3 enneagram,Informational,49,320,"0.17,0.21,0.14,0.09,0.17,0.17,0.21,0.26,0.32,0.32,1.00,1.00",10,0.00,0.33,"Sitelinks, AI Overview, Image pack, Video, People also ask, Related searches"
sx6 enneagram,Informational,49,320,"0.11,0.11,0.11,0.14,0.11,0.14,0.14,0.17,0.32,0.26,1.00,0.88",18,0.00,0.33,"Sitelinks, AI Overview, Reviews, Video, Video carousel, People also ask, Related searches"
the enthusiast,Informational,40,320,"0.66,0.81,0.35,1.00,0.66,0.54,0.66,1.00,0.66,0.66,0.54,0.81",24,0.00,0.33,"AI Overview, Video, Video carousel, People also ask, Knowledge panel, Related searches"
top 5 mbtis,Informational,30,320,"1.00,0.00,0.00,0.00,0.00,0.00",21,0.00,0.00,"Sitelinks, AI Overview, Video, Video carousel, People also ask, Related searches"
txt mbti,Informational,45,320,"0.67,0.67,1.00,0.80,1.00,0.80,0.67,1.00,0.67,0.53,0.53,0.67",14,0.00,0.33,"Sitelinks, AI Overview, Video, Video carousel, Short videos, People also ask, Related searches"
type a and type b personality quiz,Informational,34,320,"0.21,0.48,0.13,0.73,1.00,1.00,0.13,0.06,0.10,0.05,0.10,0.06",23,0.42,0.51,"Sitelinks, Video, Related searches"
type a or b quiz,Commercial,37,320,"0.81,0.54,0.54,0.67,0.43,0.67,0.67,0.67,1.00,0.67,0.81,1.00",26,0.31,0.43,"Video, Related searches"
type a or type b personality test,Commercial,37,320,"0.80,0.67,0.00,1.00,0.13,0.43,0.43,0.53,0.43,0.27,0.33,0.23",29,0.46,0.50,"Sitelinks, Reviews, Video, People also ask, Discussions and forums, Related searches, Ads top, Ads bottom"
type abcd personality test,Informational,45,320,"0.33,0.33,0.33,1.00,0.00,0.33,0.33,0.67,0.67,0.00,0.67,0.67",14,0.46,0.49,"Sitelinks, AI Overview, Image pack, Video, People also ask, Related searches"
type d personality traits,Informational,40,320,"1.00,1.00,0.81,0.53,0.67,1.00,1.00,1.00,0.81,1.00,1.00,0.67",33,0.00,0.33,"Sitelinks, AI Overview, Image pack, Video, People also ask, Related searches"
type four,Informational,49,320,"0.02,1.00,0.36,0.19,0.54,0.36,0.23,0.44,0.36,0.01,0.54,0.44",26,0.00,0.33,"Reviews, Image, Image pack, Video, Video carousel, People also ask, Related searches"
what are campaigners,Informational,27,320,"1.00,0.52,0.08,0.37,0.00,0.00,0.00,0.00,0.00,0.00,0.00,0.00",17,0.00,0.33,"Sitelinks, AI Overview, Video, People also ask, Related searches"
what does entp mean,Informational,41,320,"0.44,0.64,0.64,0.64,0.80,0.64,0.64,0.80,0.64,0.52,1.00,0.52",32,0.05,0.02,"Sitelinks, AI Overview, Video, People also ask, Related searches"
what does intp teammate esfp,Informational,45,320,"1.00,0.00,0.00,0.00,0.00,0.00",7,0.00,0.00,"Sitelinks, Reviews, Video, Video carousel, People also ask, Related searches"
what is intj mean,Informational,40,320,"0.29,0.54,0.07,0.36,0.44,0.44,0.19,0.15,1.00,0.67,0.67,0.54",33,0.20,0.03,"Sitelinks, AI Overview, Video, People also ask, Related searches"
what's your type,Informational,36,320,"1.00,1.00,0.83,0.83,0.83,0.56,0.44,0.67,0.56,0.56,0.67,0.56",27,0.00,0.33,"Sitelinks, AI Overview, Video, Video carousel, People also ask, Related searches"
whats intj,Informational,34,320,"0.10,0.10,0.13,0.16,0.04,0.02,0.10,0.08,1.00,0.36,0.00,0.00",26,0.39,0.04,"AI Overview, Image, Image pack, Video, Video carousel, People also ask, Related searches"
wisdom of the enneagram,Informational,47,320,"0.44,1.00,0.81,0.24,0.19,0.81,0.66,0.54,0.66,0.81,0.36,0.24",24,0.55,0.83,"Sitelinks, Reviews, Video, Video carousel, People also ask, Knowledge panel, Discussions and forums, Related searches"
小蝴蝶,Informational,24,320,"0.00,0.00,0.00,0.00,0.00,0.05,0.07,0.04,1.00,0.03,0.05,0.04",26,0.00,0.01,"AI Overview, Video, Video carousel, People also ask, Related searches"
性格,Informational,32,320,"0.53,0.82,0.67,0.82,0.82,0.67,0.82,0.67,1.00,1.00,1.00,0.82",30,0.00,0.33,"AI Overview, Image pack, Video, Video carousel, People also ask, Related searches"
16 人格 測試,Informational,38,260,"0.82,0.82,0.35,0.35,0.53,0.53,1.00,0.67,0.67,0.67,0.67,0.67",31,0.67,0.09,"Reviews, Image pack, Video, Related searches"
2w1 vs 2w3,Commercial,42,260,"0.81,0.81,0.81,0.65,0.81,0.81,0.65,0.65,0.81,0.81,1.00,1.00",5,0.00,0.33,"Sitelinks, AI Overview, Image pack, Video, Video carousel, Related searches"
3w2 vs 3w4,"Informational, Commercial",38,260,"0.67,0.67,0.67,0.81,0.67,0.54,0.67,0.67,0.67,0.67,1.00,1.00",7,0.00,0.33,"Sitelinks, AI Overview, Video, Video carousel, People also ask, Related searches"
4 on the enneagram,Informational,60,260,"0.00,0.00,0.00,1.00,0.00,0.01,0.01,0.00,0.31,0.25,0.00,0.00",28,0.36,0.02,"Sitelinks, AI Overview, Video, Video carousel, People also ask, Related searches, Things to know"
4w5 meaning,Informational,46,260,"0.50,1.00,1.00,0.81,0.69,0.81,1.00,0.81,0.69,0.69,0.81,0.81",28,0.60,0.04,"Sitelinks, AI Overview, Image, Image pack, Video, Video carousel, People also ask, Related searches"
5 wing 6,Informational,42,260,"0.66,0.82,1.00,0.66,0.82,0.66,0.82,0.66,0.66,0.52,0.66,0.66",25,0.00,0.33,"Sitelinks, AI Overview, Image, Image pack, Video, Video carousel, People also ask, Discussions and forums, Related searches"
547 ennagram,Informational,47,260,"1.00,0.00,0.00,0.00,0.00,0.00,0.00,0.00",4,0.00,0.00,"Sitelinks, AI Overview, Image pack, Video, People also ask, Related searches"
5w7 ennagram,Informational,47,260,"1.00,0.00,0.00,0.00,0.00,0.00,0.00,0.00",16,0.00,0.00,"Sitelinks, AI Overview, Video, Video carousel, People also ask, Related searches"
6 types,Informational,62,260,"0.43,0.29,0.54,0.35,0.35,0.35,0.43,0.35,0.54,1.00,0.54,0.54",15,1.43,0.01,"Sitelinks, AI Overview, Image pack, Video, Video carousel, People also ask, Related searches"
6w5 vs 6w7,"Informational, Commercial",39,260,"0.66,0.66,1.00,1.00,0.66,0.82,0.66,0.82,1.00,0.66,1.00,1.00",5,0.00,0.33,"Sitelinks, AI Overview, Image, Image pack, Video, Video carousel, People also ask, Related searches"
7 with 8 wing enneagram,Informational,61,260,"1.00,0.67,0.19,0.67,0.00,0.00,0.00,0.00,0.00,0.00,0.00,0.00",21,0.19,0.01,"Sitelinks, AI Overview, Video, Video carousel, People also ask, Discussions and forums, Related searches"
7w6 vs 7w8,"Informational, Commercial",35,260,"0.65,0.81,0.81,1.00,0.81,0.65,1.00,1.00,1.00,0.81,1.00,1.00",5,0.00,0.33,"Sitelinks, AI Overview, Image, Image pack, Video, Video carousel, People also ask, Discussions and forums, Related searches"
8 personality types,Informational,46,260,"0.28,0.54,0.81,0.54,1.00,0.54,1.00,0.43,0.54,0.81,0.54,0.54",33,0.49,0.08,"Sitelinks, AI Overview, Image pack, Video, People also ask, Related searches, Ads bottom, Ads middle"
9 with,Informational,44,260,"0.65,0.65,0.65,1.00,1.00,0.65,0.65,0.81,1.00,0.81,1.00,0.81",22,0.00,0.33,"Image pack, Video, People also ask, Related searches"
9w1 vs 9w8,"Informational, Commercial",41,260,"0.67,0.67,0.67,0.67,0.67,0.54,0.67,0.54,0.81,0.67,0.81,1.00",16,0.00,0.33,"Sitelinks, AI Overview, Image pack, Discussions and forums, Related searches"
am i type a or b quiz,Informational,35,260,"1.00,0.53,0.80,1.00,0.65,0.80,1.00,1.00,1.00,1.00,1.00,1.00",25,0.33,0.53,"Reviews, Video, Related searches"
analytical driver amiable expressive,Informational,31,260,"1.00,0.54,0.67,0.67,0.54,0.67,0.28,0.54,0.43,0.67,0.43,0.35",17,1.00,0.02,"AI Overview, Reviews, Image pack, Video, Short videos, People also ask, Related searches"
architect type personality,Informational,38,260,"0.43,0.28,0.28,1.00,0.54,0.54,0.54,0.43,0.81,0.43,0.54,0.43",24,0.14,0.04,"Sitelinks, AI Overview, Reviews, Image pack, Video, People also ask, Related searches"
best careers for enfj,Commercial,37,260,"0.52,0.65,0.80,0.80,1.00,0.80,0.65,0.52,0.80,0.65,0.65,0.65",21,0.54,0.02,"Sitelinks, AI Overview, Video, Video carousel, People also ask, Discussions and forums, Related searches"
best free myers briggs test,"Informational, Commercial",37,260,"1.00,0.66,0.81,0.81,0.66,0.81,0.81,0.81,0.81,0.81,0.81,0.81",25,0.94,0.43,"Sitelinks, AI Overview, Reviews, Video, People also ask, Related searches"
best match for intj,Commercial,34,260,"0.06,0.10,1.00,0.81,0.81,0.67,0.81,0.19,0.67,0.67,0.54,0.81",19,0.10,0.01,"Sitelinks, AI Overview, Video, Video carousel, People also ask, Related searches"
best matches for enfp,Commercial,39,260,"0.10,1.00,0.82,0.35,0.66,0.82,0.82,0.66,0.66,0.53,0.53,0.82",15,0.00,0.33,"Sitelinks, AI Overview, Video, Video carousel, People also ask, Related searches"
best partner for enfp,Informational,39,260,"0.53,1.00,0.66,0.35,0.82,0.28,0.53,0.66,0.66,0.53,0.82,1.00",9,0.00,0.33,"Sitelinks, AI Overview, Video, Video carousel, Short videos, People also ask, Related searches"
business personality test,Informational,36,260,"0.53,0.66,1.00,1.00,0.66,0.53,0.43,0.43,0.53,0.43,0.53,0.53",31,2.95,0.43,"Sitelinks, AI Overview, Video, People also ask, Related searches"
carl jung mbti,Informational,34,260,"0.81,0.81,1.00,1.00,1.00,1.00,1.00,0.65,0.43,0.81,1.00,0.81",23,0.00,0.01,"Sitelinks, AI Overview, Image, Image pack, Video, People also ask, Related searches"
different enneagram types,Informational,66,260,"0.82,0.53,0.53,1.00,0.82,0.82,0.53,0.65,1.00,0.65,0.82,0.65",34,0.22,0.23,"AI Overview, Reviews, Image pack, Video, Video carousel, Short videos, People also ask, Related searches"
eclectic energy,Informational,34,260,"0.15,0.25,0.21,0.48,0.25,0.04,0.21,0.21,0.60,0.25,0.00,1.00",31,0.74,0.06,"Sitelinks, Video, People also ask, Discussions and forums, Related searches"
employment personality tests,Informational,34,260,"0.44,0.44,0.44,0.36,1.00,0.28,0.28,0.14,0.36,0.44,0.56,0.44",29,8.32,0.26,"Sitelinks, AI Overview, Reviews, Video, People also ask, Related searches"
en as a suffix,Informational,45,260,"1.00,0.28,0.15,0.19,0.67,1.00,0.11,0.19,0.15,0.06,0.28,0.67",27,0.00,0.33,"AI Overview, Video, Video carousel, Short videos, People also ask, Related searches"
eneagram 1,Informational,62,260,"1.00,0.16,0.05,0.06,0.08,0.36,0.00,0.00,0.00,0.02,0.05,0.06",27,0.38,0.03,"AI Overview, Reviews, Image pack, Video, Video carousel, People also ask, Related searches, Things to know"
eneagram 4,Informational,55,260,"0.44,0.50,1.00,0.31,0.19,0.00,0.19,0.06,0.13,0.00,0.63,0.13",28,0.36,0.02,"Sitelinks, AI Overview, Video, Video carousel, People also ask, Discussions and forums, Related searches, Things to know, Ads bottom"
eneagram 5,Informational,55,260,"0.77,0.38,1.00,0.23,0.31,1.00,0.62,0.00,0.00,0.23,0.23,0.31",21,0.34,0.02,"Sitelinks, AI Overview, Reviews, Image pack, Video, Video carousel, People also ask, Discussions and forums, Related searches"
enegram 9,Informational,61,260,"0.12,0.21,0.09,1.00,0.47,0.00,0.00,0.00,0.59,0.03,0.09,0.09",21,0.26,0.07,"Sitelinks, AI Overview, Video, Video carousel, People also ask, Related searches"
enfj personality type celebrities,Informational,40,260,"0.54,0.22,0.35,0.54,0.67,0.81,0.35,0.54,1.00,0.81,0.54,0.54",25,0.00,0.33,"Sitelinks, AI Overview, Image pack, Video, People also ask, Related searches"
enfp 4w3,Informational,47,260,"0.80,1.00,1.00,0.80,0.80,0.80,0.80,0.65,0.65,0.80,0.80,1.00",15,0.00,0.33,"Sitelinks, AI Overview, Image pack, Video, People also ask, Discussions and forums, Related searches"
enfp and enfj,Informational,43,260,"0.67,0.67,0.81,0.67,0.67,0.67,1.00,0.67,0.67,0.67,0.67,0.67",15,0.00,0.33,"Sitelinks, AI Overview, Image pack, Video, People also ask, Related searches"
enfp and infj compatibility,Informational,41,260,"0.53,0.43,0.53,0.66,0.53,0.82,0.66,0.66,1.00,0.66,0.82,0.66",24,0.00,0.33,"Sitelinks, AI Overview, Reviews, Image pack, Video, People also ask, Related searches"
enfp career matches,"Informational, Commercial",38,260,"0.85,0.62,0.38,0.54,1.00,0.85,0.62,0.31,0.38,0.62,0.62,0.54",15,0.88,0.01,"Sitelinks, AI Overview, Video, People also ask, Related searches"
enfp enneagram,Informational,61,260,"1.00,1.00,1.00,0.79,1.00,1.00,1.00,0.66,1.00,0.79,1.00,0.79",24,0.67,0.04,"Sitelinks, AI Overview, Image pack, Video, Video carousel, People also ask, Discussions and forums, Related searches, Ads bottom, Ads middle"
enfp infj,Informational,44,260,"0.81,0.64,1.00,0.81,0.81,1.00,1.00,1.00,0.64,0.53,0.53,0.64",17,0.00,0.33,"Sitelinks, AI Overview, Image pack, Video, Video carousel, Short videos, People also ask, Related searches"
enfp intj,Informational,42,260,"0.82,0.52,0.82,0.82,0.82,0.82,1.00,0.52,0.66,0.52,0.82,0.52",28,0.00,0.33,"Sitelinks, AI Overview, Image, Image pack, Video, Video carousel, People also ask, Related searches"
enfp personality strengths and weaknesses,Informational,44,260,"0.53,0.43,0.67,0.67,0.67,0.67,0.53,0.53,0.67,0.67,1.00,0.81",28,0.02,0.01,"Sitelinks, AI Overview, Image pack, Video, Video carousel, People also ask, Related searches"
enfp relationships,Informational,43,260,"0.81,0.67,1.00,0.67,1.00,0.67,0.81,0.67,0.54,0.67,0.54,0.43",21,0.00,0.33,"Sitelinks, AI Overview, Video, People also ask, Discussions and forums, Related searches"
enfp t careers,"Informational, Commercial",38,260,"0.66,0.35,0.43,0.81,0.81,0.54,0.66,0.43,1.00,0.66,0.66,0.54",22,0.00,0.01,"Sitelinks, AI Overview, Video, People also ask, Related searches"
enfp-t careers,Commercial,37,260,"0.11,0.04,0.05,0.05,0.11,0.08,0.00,0.05,1.00,0.04,0.11,0.20",25,0.00,0.01,"Sitelinks, AI Overview, Video, Video carousel, People also ask, Related searches"
enfp-t personality type,Informational,48,260,"0.00,0.00,0.00,0.00,0.00,0.02,0.00,0.00,0.08,1.00,0.04,0.08",29,0.27,0.07,"Sitelinks, AI Overview, Video, People also ask, Related searches"
ennagram 3,Informational,59,260,"0.11,1.00,0.18,0.18,0.36,0.44,0.22,0.11,0.18,0.22,0.36,0.44",23,0.32,0.03,"Sitelinks, AI Overview, Video, Video carousel, People also ask, Related searches"
ennagram 6,Informational,55,260,"0.03,1.00,0.56,0.36,0.44,0.56,0.28,0.17,0.36,0.28,0.22,0.36",21,0.30,0.02,"AI Overview, Image pack, Video, Video carousel, People also ask, Related searches"
ennagram 7,Informational,52,260,"0.18,0.29,0.18,0.67,0.22,0.53,0.36,0.11,0.18,0.11,1.00,0.44",20,0.33,0.04,"AI Overview, Image pack, Video, People also ask, Related searches"
ennea meaning,Informational,45,260,"0.01,0.44,0.00,0.44,1.00,0.54,0.54,0.83,0.23,0.00,0.00,0.00",24,0.50,0.08,"AI Overview, Video, People also ask, Related searches"
enneag,Informational,81,260,"0.43,0.82,0.53,0.66,0.66,1.00,0.66,0.05,1.00,0.43,0.17,0.53",20,0.78,0.42,"Reviews, Image pack, Video, People also ask, Related searches"
enneagram 1 with 2 wing,Informational,65,260,"0.00,0.81,0.81,1.00,1.00,1.00,1.00,0.66,0.04,0.02,0.02,0.00",19,0.30,0.33,"Sitelinks, AI Overview, Reviews, Video, Video carousel, Short videos, People also ask, Discussions and forums, Related searches"
enneagram 4 type,Informational,60,260,"0.23,0.18,0.28,0.54,0.67,0.67,0.54,0.54,0.82,0.82,1.00,0.82",22,0.43,0.02,"Sitelinks, AI Overview, Reviews, Image pack, Video, Video carousel, People also ask, Related searches"
enneagram 451,Informational,49,260,"0.54,0.28,0.15,0.11,0.35,0.35,0.81,0.35,0.81,0.66,1.00,0.44",7,0.00,0.33,"Sitelinks, AI Overview, Image pack, Video, People also ask, Related searches"
enneagram 5 wing 4,Informational,63,260,"0.67,0.67,0.67,0.67,0.67,1.00,0.82,0.67,0.67,0.67,0.67,0.67",22,0.00,0.01,"Sitelinks, AI Overview, Video, Video carousel, People also ask, Related searches"
enneagram 8 with 7 wing,Informational,61,260,"1.00,0.22,0.67,0.83,0.22,0.28,0.17,0.22,0.14,0.67,0.11,0.17",14,0.19,0.01,"Sitelinks, AI Overview, Video, Video carousel, People also ask, Related searches"
enneagram 9 with a 1 wing,Informational,59,260,"0.81,0.19,0.12,0.12,0.12,0.10,0.29,0.19,1.00,0.15,0.23,0.23",21,0.52,0.01,"Sitelinks, Video, People also ask, Related searches"
enneagram compatibility chart,Informational,58,260,"0.83,0.83,1.00,0.67,0.83,0.67,0.54,0.42,0.42,0.54,0.83,0.83",18,0.00,0.33,"Sitelinks, Image, Image pack, Video, People also ask, Related searches"
enneagram personality compatibility,Informational,60,260,"1.00,0.80,0.13,0.67,1.00,0.18,0.11,0.22,1.00,0.22,0.53,0.44",19,0.00,0.33,"Sitelinks, AI Overview, Image pack, Video, People also ask, Related searches"
enneagram test fast,Commercial,56,260,"0.44,0.15,1.00,0.28,0.44,0.23,0.28,0.35,0.44,0.18,0.54,0.35",19,1.55,0.70,"Sitelinks, Video, People also ask, Related searches"
enneagram types 4,Informational,61,260,"0.35,0.18,0.44,0.66,0.54,0.66,0.54,0.66,0.81,0.44,1.00,0.54",31,0.53,0.04,"Sitelinks, AI Overview, Image pack, Video, Video carousel, People also ask"
enneagram.types,Informational,71,260,"1.00,0.77,1.00,1.00,0.77,1.00,0.00,0.00,0.62,0.54,0.00,0.62",26,0.31,0.46,"Video, People also ask, Knowledge panel"
entj and enfp,Informational,43,260,"0.82,0.65,0.82,0.82,0.82,0.65,1.00,0.82,0.44,0.65,0.82,0.65",12,0.00,0.33,"Sitelinks, AI Overview, Reviews, Image pack, Video, People also ask, Related searches, Things to know"
entj and intj,Informational,43,260,"0.80,0.65,1.00,0.80,0.80,0.65,0.80,0.65,0.80,0.65,0.65,0.65",21,0.00,0.01,"Sitelinks, AI Overview, Image pack, Video, People also ask, Discussions and forums, Related searches"
entj best match,Commercial,37,260,"0.12,0.12,0.08,0.05,0.00,0.85,0.03,0.06,0.08,0.08,0.05,1.00",17,0.00,0.00,"Sitelinks, AI Overview, Image pack, Video, People also ask, Related searches"
entj personality type characters,Informational,42,260,"0.80,0.65,0.65,0.80,0.65,1.00,0.80,0.65,0.80,0.65,0.65,0.52",20,0.00,0.01,"Sitelinks, AI Overview, Image, Image pack, Video, People also ask, Related searches"
entja,Informational,44,260,"0.43,0.81,0.07,0.34,0.07,0.28,0.66,0.34,0.81,0.00,1.00,0.01",23,0.00,0.33,"AI Overview, Image, Image pack, Video, Video carousel, People also ask"
entp infj,Informational,46,260,"0.82,0.82,1.00,1.00,1.00,0.82,0.66,0.66,0.66,0.66,0.82,0.52",17,0.00,0.33,"Sitelinks, AI Overview, Image pack, Video, Video carousel, People also ask, Related searches, Things to know"
entp people,Informational,43,260,"0.81,0.81,1.00,0.81,1.00,0.81,0.81,0.66,0.66,1.00,1.00,0.81",30,0.00,0.33,"Sitelinks, AI Overview, Reviews, Image, Image pack, Video, People also ask, Discussions and forums, Related searches"
entp personality type characters,Informational,41,260,"0.81,0.66,0.81,1.00,0.81,0.66,1.00,0.66,1.00,0.81,1.00,1.00",24,0.00,0.33,"Sitelinks, AI Overview, Image, Image pack, Video, Video carousel, People also ask, Related searches"
entps,Informational,41,260,"0.52,0.80,0.28,0.28,0.64,0.80,0.00,1.00,0.32,0.00,0.52,0.04",34,0.18,0.33,"Sitelinks, AI Overview, Video, People also ask, Related searches"
estj t,Informational,36,260,"0.81,0.81,0.67,0.81,1.00,0.28,0.67,0.28,1.00,0.81,0.81,0.28",34,0.04,0.01,"AI Overview, Image pack, Video, People also ask, Related searches"
estj人格,Informational,35,260,"0.00,0.08,1.00,0.00,0.00,0.07,0.08,0.08,0.00,0.05,0.07,0.08",31,0.00,0.33,"AI Overview, Video, People also ask, Related searches"
famous enfjs,Informational,41,260,"0.15,0.36,0.54,0.54,1.00,0.13,0.29,0.44,0.24,0.36,0.29,0.29",20,0.00,0.33,"Sitelinks, AI Overview, Video, Short videos, People also ask"
famous esfj people,Informational,38,260,"0.44,0.28,0.22,1.00,0.56,0.28,0.22,0.56,0.17,0.36,0.28,0.14",20,0.00,0.00,"Sitelinks, AI Overview, Image, Video, People also ask, Related searches"
famous infp personality,Informational,39,260,"1.00,0.56,0.08,0.11,0.36,0.14,0.28,0.28,0.19,0.19,0.22,0.44",32,0.05,0.33,"Sitelinks, AI Overview, Video, Video carousel, People also ask, Related searches"
famous intp people,Informational,33,260,"0.63,0.13,0.50,0.25,1.00,0.63,0.81,0.50,0.63,0.81,0.63,0.50",29,0.00,0.33,"Featured snippet, Sitelinks, Image pack, Video, People also ask, Related searches"
famous people who are enfj,Informational,40,260,"1.00,0.21,0.08,0.04,0.04,0.29,0.00,0.00,0.13,0.13,0.00,0.21",24,0.01,0.33,"Sitelinks, AI Overview, Video, People also ask, Related searches"
famous people with intp,Informational,37,260,"0.82,0.04,0.67,0.09,0.15,1.00,0.19,0.36,0.30,0.19,0.30,0.30",26,0.00,0.00,"Sitelinks, AI Overview, Image pack, Video, People also ask, Related searches"
famous people with isfj,Informational,35,260,"1.00,0.15,0.43,0.43,0.28,0.28,0.81,0.34,0.34,0.22,0.43,0.34",19,0.00,0.33,"Sitelinks, AI Overview, Video, People also ask, Related searches"
famous person with defender personality,Informational,33,260,"1.00,0.00,0.00,0.00,0.00,0.00,0.00,0.00,0.00",17,0.00,0.00,"Sitelinks, AI Overview, Video, People also ask, Related searches"
felix mbti,Informational,45,260,"0.29,0.67,1.00,0.67,0.67,0.44,0.44,0.35,0.44,0.35,0.35,0.67",13,0.00,0.33,"Sitelinks, AI Overview, Image, Video, Video carousel, People also ask, Related searches"
i n t j meaning,Informational,43,260,"0.00,0.00,0.00,0.00,0.00,0.00,0.00,0.00,1.00,0.00,0.00,0.00",28,0.31,0.02,"Sitelinks, AI Overview, Video, People also ask, Related searches"
i personality type,Informational,41,260,"0.53,0.53,0.66,0.66,0.53,0.82,0.66,0.43,0.66,0.53,0.66,1.00",26,0.56,0.06,"AI Overview, Image pack, Video, Video carousel, People also ask, Related searches"
infj 9w1,Informational,45,260,"1.00,1.00,1.00,0.80,1.00,1.00,1.00,1.00,1.00,1.00,1.00,1.00",8,0.00,0.33,"Sitelinks, AI Overview, Image pack, Video, Video carousel, People also ask, Related searches"
infj and isfj,Informational,40,260,"0.82,0.82,1.00,0.82,0.82,0.82,1.00,0.66,0.82,0.66,0.66,0.82",19,0.00,0.01,"Sitelinks, AI Overview, Reviews, Image pack, Video, People also ask, Related searches"
infj enfp,Informational,44,260,"0.66,0.82,0.82,0.82,0.82,1.00,0.66,0.66,0.66,0.82,0.66,0.52",15,0.00,0.33,"Sitelinks, AI Overview, Image pack, Video, Video carousel, People also ask, Knowledge panel, Related searches"
infp 4w3,Informational,42,260,"0.80,0.80,0.80,0.80,0.65,0.80,1.00,0.65,0.80,0.80,0.80,0.80",15,0.00,0.33,"Sitelinks, AI Overview, Image pack, Video, People also ask, Related searches"
infp celebs,Informational,35,260,"1.00,1.00,0.17,0.29,1.00,0.21,0.08,0.00,0.83,0.04,0.00,0.00",20,0.02,0.33,"Sitelinks, AI Overview, Image pack, Video, Video carousel, People also ask, Discussions and forums, Related searches"
infp mbti type,Informational,40,260,"1.00,0.26,0.11,0.21,0.13,0.39,0.11,0.13,0.17,0.11,0.11,0.17",34,0.10,0.02,"Sitelinks, AI Overview, Video, People also ask, Related searches"
infp men,Informational,37,260,"0.81,0.81,0.65,0.81,0.65,1.00,0.81,1.00,0.81,0.65,0.81,1.00",22,0.00,0.33,"Sitelinks, AI Overview, Image pack, Video, Video carousel, People also ask, Related searches, Things to know"
intj and mbti,Informational,43,260,"0.00,0.00,0.00,0.00,0.00,0.00,0.00,0.00,0.01,1.00,0.81,0.81",27,0.16,0.04,"Sitelinks, AI Overview, Image pack, Video, Video carousel, People also ask, Related searches"
intj character,Informational,40,260,"0.00,0.00,0.00,0.50,0.50,0.00,0.13,0.63,0.00,0.38,0.50,1.00",17,0.00,0.33,"Sitelinks, Image pack, Video, Video carousel, Short videos, People also ask, Related searches"
intj enneagram,Informational,59,260,"0.44,1.00,0.82,0.44,0.55,0.67,0.55,0.29,0.55,0.55,0.67,0.67",16,0.73,0.03,"Sitelinks, AI Overview, Image pack, Video, People also ask"
intj entj relationship,Informational,39,260,"1.00,1.00,1.00,0.80,1.00,0.80,0.80,0.80,1.00,1.00,0.80,1.00",5,0.00,0.33,"Sitelinks, AI Overview, Image pack, Video, People also ask, Related searches"
intj functions,Informational,32,260,"0.81,0.69,1.00,1.00,0.69,0.81,0.81,0.81,0.69,0.50,0.81,0.81",26,0.00,0.00,"Sitelinks, AI Overview, Video, Video carousel, People also ask, Related searches"
intj type,Informational,40,260,"0.80,0.65,0.80,1.00,0.80,0.80,0.65,0.65,0.65,0.80,0.80,0.65",30,0.31,0.03,"Sitelinks, AI Overview, Image, Video, Video carousel, People also ask, Related searches"
intj-a compatibility,Informational,42,260,"0.00,1.00,0.00,0.00,0.00,0.00,0.00,0.00,0.00,0.00,0.00,0.00",23,0.00,0.33,"Sitelinks, AI Overview, Video, Video carousel, People also ask, Related searches"
intp functions,Informational,33,260,"0.65,1.00,0.80,0.80,0.55,0.80,0.65,0.80,0.80,0.40,0.65,0.55",27,0.00,0.00,"Sitelinks, AI Overview, Video, People also ask, Related searches"
intp weaknesses,Informational,36,260,"1.00,1.00,1.00,1.00,1.00,0.80,1.00,0.80,1.00,0.80,0.80,0.35",22,0.00,0.33,"Sitelinks, AI Overview, Reviews, Image pack, Video, People also ask, Discussions and forums, Related searches"
intp women,Informational,30,260,"0.81,0.81,1.00,0.81,0.81,0.81,0.81,0.81,0.81,0.65,0.65,0.81",19,0.00,0.33,"Sitelinks, AI Overview, Image pack, Video, People also ask, Related searches"
isfj a careers,Commercial,36,260,"1.00,0.36,0.10,0.36,0.00,0.00,0.08,0.00,0.06,0.00,0.00,0.00",27,0.19,0.33,"Sitelinks, AI Overview, Video, Video carousel, People also ask, Related searches"
isfj and infj,Informational,40,260,"0.82,0.82,1.00,0.82,1.00,0.82,0.82,0.66,0.82,0.82,0.66,0.82",20,0.00,0.01,"Sitelinks, AI Overview, Reviews, Image pack, Video, People also ask, Related searches"
isfj personality traits,Informational,41,260,"0.83,0.21,1.00,0.83,0.67,0.67,0.54,0.54,0.54,0.42,0.54,0.54",33,0.00,0.01,"Sitelinks, AI Overview, Image, Image pack, Video, Video carousel, People also ask, Discussions and forums, Related searches"
isfj t careers,"Informational, Commercial",36,260,"0.66,0.53,0.66,1.00,0.53,0.82,0.53,0.43,0.53,0.53,0.66,0.66",25,0.00,0.33,"Sitelinks, AI Overview, Reviews, Video, People also ask, Related searches"
isfj-t characters,Informational,38,260,"0.00,0.00,0.00,1.00,0.07,0.05,0.05,0.05,0.05,0.05,0.05,0.05",17,0.00,0.33,"Sitelinks, Video, Video carousel, People also ask, Related searches"
i人 e人,Informational,32,260,"0.00,1.00,0.00,0.00,0.00,0.04,0.04,0.07,0.19,0.02,0.06,0.04",19,0.00,0.33,"Sitelinks, AI Overview, Video, Video carousel, People also ask, Related searches"
j mbti,Informational,36,260,"1.00,0.54,0.54,0.67,0.19,0.19,0.28,0.44,0.67,0.19,0.28,0.28",32,0.00,0.01,"Sitelinks, AI Overview, Image pack, Video, Video carousel, People also ask, Related searches"
mbti 64,Informational,45,260,"0.02,0.02,0.11,0.02,0.02,0.02,0.02,1.00,0.48,0.39,0.48,0.39",6,0.92,0.16,"Sitelinks, AI Overview, Reviews, Image pack, Video, People also ask, Related searches"
mbti character,Informational,40,260,"0.65,0.42,0.06,1.00,0.23,0.35,0.10,0.16,0.00,0.81,0.65,1.00",24,0.22,0.33,"Sitelinks, Image, Image pack, Video, People also ask, Related searches"
mbti character database,"Informational, Navigational",37,260,"0.65,0.82,0.65,0.65,0.53,0.82,1.00,0.65,1.00,0.65,0.33,1.00",30,0.00,0.33,"Sitelinks, Image pack, Video, Related searches"
mbti defender,Informational,39,260,"0.82,0.82,1.00,1.00,0.82,0.82,0.65,0.27,0.65,0.65,0.53,0.65",28,0.00,0.33,"AI Overview, Reviews, Image pack, Video, People also ask, Discussions and forums, Related searches, Things to know"
mbti introvert extrovert,Informational,38,260,"0.82,0.82,0.35,0.35,1.00,0.53,1.00,0.66,0.82,0.82,1.00,1.00",21,0.73,0.03,"Sitelinks, AI Overview, Image pack, Video, Video carousel, People also ask, Related searches"
mbti n,Informational,36,260,"0.81,0.53,0.53,0.67,1.00,0.53,0.53,0.81,0.67,0.53,0.67,0.53",29,0.00,0.33,"Sitelinks, AI Overview, Image pack, Video, People also ask, Related searches"
mbti type estj,Informational,41,260,"0.54,0.35,0.14,0.29,0.66,1.00,0.14,0.22,1.00,0.81,1.00,0.18",33,0.06,0.03,"Sitelinks, AI Overview, Video, People also ask, Related searches"
mbti types by rarity,Informational,58,260,"0.19,1.00,0.24,0.24,0.19,0.19,0.19,0.24,0.24,0.36,0.30,0.24",23,0.69,0.33,"Sitelinks, AI Overview, Image, Video, Short videos, People also ask, Related searches"
mbti types rarest,Informational,45,260,"1.00,0.88,0.11,0.14,0.14,0.26,0.17,0.11,0.17,0.11,0.00,0.21",26,0.69,0.33,"Sitelinks, AI Overview, Image, Video, Video carousel, People also ask, Discussions and forums, Related searches"
mbti テスト,Informational,45,260,"1.00,1.00,1.00,0.81,0.81,0.81,0.52,0.81,0.81,0.65,0.52,0.65",33,0.73,0.03,"Reviews, Video, Video carousel, People also ask, Related searches"
most common enneagram,Informational,56,260,"0.66,0.66,0.66,0.81,1.00,0.66,0.81,0.66,0.81,0.81,0.81,0.81",15,0.00,0.01,"Sitelinks, AI Overview, Image pack, Video, People also ask, Discussions and forums, Related searches"
most popular myers briggs types,Informational,45,260,"1.00,0.67,1.00,0.54,0.19,0.43,0.10,0.54,0.35,0.35,0.54,0.35",30,0.00,0.33,"Sitelinks, AI Overview, Video, People also ask, Related searches"
mybriggs,Informational,34,260,"0.82,0.82,1.00,1.00,0.82,0.82,0.66,1.00,1.00,0.66,0.66,0.82",23,0.00,0.33,"Sitelinks, Reviews, Video, People also ask, Related searches"
myers briggs functions test,Commercial,37,260,"1.00,0.35,0.15,0.23,1.00,0.81,0.05,0.18,0.66,0.18,0.35,0.18",14,0.35,0.17,"Sitelinks, Video, Related searches"
myers briggs introvert,Informational,39,260,"0.81,0.81,0.81,0.65,0.81,0.81,0.81,0.65,0.81,0.65,0.81,1.00",20,0.73,0.03,"Sitelinks, AI Overview, Video, Video carousel, People also ask, Related searches"
myers briggs isfj,Informational,45,260,"1.00,0.35,0.54,0.35,0.35,0.54,0.35,0.28,1.00,0.43,0.28,0.43",34,0.02,0.01,"Sitelinks, AI Overview, Image pack, Video, People also ask, Related searches"
myers briggs test enfj,Informational,46,260,"0.12,1.00,0.07,0.10,0.05,0.12,0.10,0.07,0.12,0.05,0.10,0.68",33,0.08,0.03,"AI Overview, Image pack, Video, Video carousel, Short videos, People also ask, Related searches"
myers briggs types chart,Informational,42,260,"0.16,0.21,1.00,0.21,0.10,0.16,0.32,0.21,0.21,0.10,0.26,0.21",34,0.80,0.01,"Image, Image pack, Video, People also ask, Related searches"
people who are intj,Informational,42,260,"0.67,0.53,0.53,0.67,1.00,0.43,0.67,0.81,0.67,0.36,0.81,1.00",22,0.00,0.33,"Sitelinks, AI Overview, Video, People also ask, Related searches"
personalidade,Informational,30,260,"0.82,0.43,0.66,0.43,0.53,0.66,0.82,1.00,1.00,0.53,0.82,0.66",32,2.22,0.04,"AI Overview, Video, Video carousel, People also ask, Related searches"
personality of entj,Informational,48,260,"0.20,0.00,0.00,0.00,0.00,0.00,0.00,0.00,1.00,0.00,0.00,0.00",31,0.27,0.02,"Sitelinks, AI Overview, Video, Video carousel, People also ask, Related searches"
personality of isfj,Informational,40,260,"0.00,1.00,0.00,0.00,0.00,0.00,0.00,0.00,0.08,0.00,0.00,0.00",28,0.12,0.01,"Sitelinks, AI Overview, Video, Video carousel, People also ask, Related searches"
personality test enfj,Informational,45,260,"0.10,0.53,0.43,0.80,0.67,1.00,0.80,0.80,0.20,1.00,1.00,1.00",28,0.55,0.39,"AI Overview, Reviews, Video, People also ask, Related searches"
personality type rarity,Informational,58,260,"0.82,0.82,0.66,0.82,0.82,1.00,0.82,0.82,0.66,0.82,0.66,0.82",24,0.00,0.33,"Sitelinks, AI Overview, Image, Image pack, Video, People also ask, Related searches"
quiz type a or b personality,Informational,36,260,"0.67,0.67,0.28,0.28,0.43,0.54,0.81,0.81,1.00,0.67,0.81,1.00",31,0.33,0.56,"Video, Related searches, Ads bottom"
rarest enneagram types,Informational,55,260,"0.80,0.80,0.43,1.00,0.67,1.00,0.67,0.53,0.27,0.67,1.00,0.80",13,0.00,0.33,"Sitelinks, AI Overview, Image pack, Video, People also ask"
rheti,Informational,33,260,"0.81,0.81,0.81,0.81,0.81,0.81,1.00,0.44,0.81,0.81,1.00,0.66",16,0.83,0.49,"Sitelinks, AI Overview, Reviews, Image pack, Video carousel, People also ask, Related searches, Ads bottom"
rheti enneagram,Informational,52,260,"1.00,0.80,0.80,0.80,0.80,0.65,0.65,0.52,0.80,0.65,0.80,0.80",24,1.05,0.55,"Sitelinks, Video, Video carousel, People also ask, Related searches, Ads top, Ads bottom"
self preservation enneagram 5 compatibility,Informational,49,260,"1.00,0.00,0.00,0.00,0.00,0.00,0.00,0.00,0.00",14,0.00,0.00,"Sitelinks, Video, Video carousel, People also ask, Discussions and forums, Related searches"
sexual 5,Informational,31,260,"0.65,0.82,1.00,0.82,0.82,0.82,0.82,1.00,0.53,1.00,0.82,1.00",18,0.00,0.33,"Sitelinks, Reviews, Image pack, Video, Video carousel, People also ask, Related searches"
short enneagram test,Informational,61,260,"1.00,0.66,1.00,0.82,0.82,1.00,0.82,0.66,0.82,0.66,0.66,0.66",16,1.07,0.62,"Sitelinks, Video, Video carousel, Related searches"
so 5 enneagram,Informational,57,260,"0.12,0.12,0.10,0.07,0.10,0.12,0.10,0.12,0.19,0.29,1.00,0.81",19,0.00,0.33,"Sitelinks, AI Overview, Video, People also ask, Discussions and forums, Related searches"
so 8,Informational,28,260,"0.43,0.54,0.54,0.54,0.54,0.43,0.54,0.54,0.54,0.43,1.00,1.00",20,0.00,0.33,"Sitelinks, AI Overview, Image pack, Video, Video carousel, People also ask, Related searches"
so nine,Informational,33,260,"0.17,0.17,0.14,0.11,0.14,0.17,0.26,0.26,0.26,0.32,0.88,1.00",21,0.00,0.33,"Sitelinks, AI Overview, Image pack, Video, Video carousel, People also ask, Related searches"
sp3 enneagram,Informational,52,260,"0.11,0.11,0.11,0.11,0.11,0.11,0.14,0.17,0.21,0.32,0.72,1.00",9,0.00,0.33,"Sitelinks, AI Overview, Video, Video carousel, People also ask, Related searches, Things to know"
sx8 enneagram,Informational,49,260,"0.07,0.07,0.12,0.12,0.15,0.10,0.10,0.12,0.15,0.29,1.00,1.00",8,0.00,0.33,"Sitelinks, AI Overview, Image pack, Video, Video carousel, People also ask, Related searches"
t vs f myers briggs,"Informational, Commercial",37,260,"1.00,0.65,0.82,1.00,0.82,0.82,0.82,0.65,0.82,0.65,0.82,0.65",22,0.00,0.33,"Sitelinks, AI Overview, Image pack, Video, Video carousel, People also ask, Related searches"
the helper enneagram,Informational,56,260,"0.64,0.81,1.00,1.00,1.00,1.00,0.81,0.64,1.00,0.81,1.00,1.00",13,0.41,0.04,"AI Overview, Image pack, Video, Video carousel, People also ask, Discussions and forums, Related searches"
the wisdom of the enneagram book,Informational,46,260,"1.00,0.40,0.80,0.40,0.25,0.40,0.35,0.65,0.40,0.35,0.50,0.40",27,0.49,0.80,"Sitelinks, Reviews, Video, People also ask, Knowledge panel, Discussions and forums, Related searches, Popular products"
traits of an infp,Informational,37,260,"1.00,0.53,0.67,0.80,0.67,0.67,0.67,0.43,0.67,0.53,0.80,0.67",33,0.02,0.01,"Sitelinks, AI Overview, Video, People also ask, Discussions and forums, Related searches"
truity com,Navigational,39,260,"0.81,0.43,0.43,0.43,1.00,0.81,0.18,0.18,0.28,0.28,0.22,0.00",32,0.63,0.27,"Video, Related searches, Ads bottom"
two wing three enneagram,Informational,62,260,"1.00,0.18,0.82,0.14,0.35,0.44,0.55,0.55,0.44,0.35,0.67,0.55",23,0.49,0.01,"Sitelinks, AI Overview, Reviews, Image pack, Video, Video carousel, People also ask, Related searches"
typ 3,Informational,40,260,"1.00,0.88,0.11,0.14,0.11,0.11,0.00,0.00,0.00,0.11,0.21,0.21",33,0.00,0.33,"Sitelinks, AI Overview, Image, Image pack, Video, Video carousel, People also ask, Discussions and forums, Related searches"
type 4 skin,Informational,61,260,"0.54,0.66,0.81,0.29,0.66,0.35,0.29,0.14,1.00,0.29,0.54,0.81",27,0.00,0.33,"Image, Image pack, Video, Video carousel, Short videos, People also ask, Related searches"
type 8 civilization,Informational,61,260,"1.00,0.43,0.35,0.54,0.54,0.67,0.54,0.43,0.54,0.43,0.43,0.54",25,0.00,0.33,"AI Overview, Image, Video carousel, People also ask, Related searches"
type 8 personality,Informational,45,260,"1.00,0.54,0.67,0.67,1.00,0.67,0.36,0.54,0.67,1.00,0.54,0.54",21,0.49,0.08,"AI Overview, Video, People also ask, Discussions and forums, Related searches"
type a type b quiz,Commercial,38,260,"0.43,0.35,0.28,0.67,0.67,0.81,0.81,0.81,0.35,0.54,0.35,1.00",26,0.36,0.44,"Reviews, Video, Related searches, Ads bottom"
type a vs b personality test,"Informational, Commercial",37,260,"1.00,0.43,0.22,0.29,0.54,0.29,0.81,0.29,1.00,0.81,1.00,1.00",29,0.37,0.58,"Sitelinks, AI Overview, Video, Video carousel, People also ask, Related searches"
type one personality,Informational,55,260,"1.00,0.67,0.81,0.67,0.67,0.53,0.53,0.36,0.53,0.53,0.53,0.53",28,0.66,0.06,"AI Overview, Reviews, Video, Video carousel, People also ask, Discussions and forums, Related searches, Ads bottom, Ads middle"
type two personality,Informational,50,260,"0.35,0.44,1.00,0.55,0.55,0.44,0.35,0.35,0.55,0.29,0.55,0.67",28,0.86,0.02,"AI Overview, Reviews, Image pack, Video, Video carousel, People also ask, Discussions and forums, Related searches"
w8 or w9,Informational,46,260,"0.53,0.81,1.00,0.81,0.81,0.81,0.65,0.81,0.28,1.00,0.81,0.65",26,1.35,0.08,"Sitelinks, AI Overview, Reviews, Video, People also ask, Discussions and forums, Related searches"
what do the letters of myers briggs mean,Informational,41,260,"0.65,0.82,0.82,1.00,0.65,0.82,0.65,0.82,0.82,1.00,0.82,1.00",34,0.69,0.02,"Sitelinks, AI Overview, Video, Video carousel, People also ask, Related searches"
what is an intj personality type,Informational,44,260,"0.05,0.00,0.15,0.67,0.36,1.00,0.12,0.10,0.29,0.10,0.67,0.67",27,0.34,0.12,"Sitelinks, AI Overview, Image, Image pack, Video, People also ask, Related searches"
what is isfj personality type,Informational,42,260,"1.00,0.80,0.80,1.00,1.00,1.00,1.00,1.00,1.00,1.00,1.00,1.00",28,0.37,0.09,"Sitelinks, AI Overview, Video, People also ask, Related searches"
what is type d personality type,Informational,37,260,"0.07,0.44,0.15,0.15,0.44,0.15,0.04,0.12,1.00,0.15,0.44,0.29",33,0.10,0.02,"Sitelinks, AI Overview, Video, Video carousel, People also ask, Related searches"
what kinda person am i,Informational,34,260,"0.67,0.67,0.28,0.22,0.54,0.54,0.04,0.00,1.00,0.81,1.00,0.13",30,0.56,0.36,"Video, Video carousel, People also ask, Discussions and forums, Related searches"
wing 4,Informational,47,260,"0.44,1.00,0.81,0.69,0.81,0.69,0.69,0.81,1.00,0.69,0.69,1.00",30,0.00,0.01,"Sitelinks, Video, Video carousel, People also ask, Related searches"
é 4,"Informational, Transactional",49,260,"0.13,1.00,0.06,0.13,0.06,0.13,0.19,0.13,0.00,0.13,0.00,0.00",23,0.00,0.01,"Video, Video carousel, Related searches"
1 wing 2 enneagram,Informational,64,210,"0.44,0.36,1.00,0.29,0.02,0.66,0.02,0.02,0.00,0.24,0.29,0.00",19,0.30,0.33,"Sitelinks, AI Overview, Video, Video carousel, Short videos, People also ask, Related searches"
16 personalities entertainer,Navigational,40,210,"0.53,0.44,0.44,0.82,0.82,1.00,0.44,0.33,0.65,0.53,0.44,0.33",34,0.01,0.03,"Sitelinks, Image pack, Video, Video carousel, People also ask, Related searches"
2w 9 4w 5,Informational,57,210,"0.09,0.02,0.02,0.02,0.36,1.00,0.81,0.44,0.19,0.15,0.12,0.05",18,0.00,0.33,"Video, Video carousel, People also ask, Related searches"
3 wing 4,Informational,44,210,"1.00,0.66,0.82,0.66,0.66,0.82,1.00,0.52,0.66,0.66,0.66,0.66",16,0.00,0.33,"Sitelinks, AI Overview, Image, Video, People also ask, Discussions and forums, Related searches"
4 w 5,Informational,45,210,"0.24,0.24,0.08,0.13,0.06,0.10,0.04,0.05,1.00,0.24,0.30,0.37",15,1.36,0.00,"Sitelinks, AI Overview, Video, Video carousel, Short videos, People also ask, Related searches"
4 wing 3,Informational,44,210,"0.64,0.81,1.00,0.81,0.81,1.00,1.00,0.64,0.81,0.81,0.81,1.00",19,0.00,0.33,"Sitelinks, AI Overview, Image, Video, Video carousel, People also ask, Discussions and forums, Related searches"
6 vs 9,Informational,40,210,"0.80,0.53,0.65,0.80,0.80,0.65,0.65,1.00,0.65,0.65,0.80,0.80",4,0.00,0.33,"Sitelinks, AI Overview, Image pack, Video, Video carousel, People also ask, Related searches"
6 wing 5,Informational,46,210,"0.79,1.00,1.00,0.79,0.79,0.79,1.00,0.79,0.79,0.66,1.00,0.66",26,0.00,0.01,"Sitelinks, AI Overview, Image, Image pack, Video, People also ask, Discussions and forums, Related searches, Things to know"
8 ennegram,Informational,59,210,"0.00,0.00,0.00,0.00,0.00,0.00,0.03,0.00,0.45,0.30,1.00,0.00",17,0.38,0.05,"Sitelinks, AI Overview, Image pack, Video, Video carousel, People also ask, Related searches"
8w7 vs 8w9,"Informational, Commercial",32,210,"0.53,0.53,1.00,0.67,0.42,0.53,0.42,0.53,0.53,0.53,0.82,0.67",4,0.00,0.33,"Sitelinks, AI Overview, Image pack, Video, Short videos, People also ask, Discussions and forums, Related searches"
9 wing 1,Informational,46,210,"0.81,0.81,1.00,0.65,0.81,0.81,0.81,0.54,0.81,0.54,0.81,0.65",22,0.92,0.03,"Sitelinks, AI Overview, Image, Video, People also ask, Related searches"
albert einstein character traits,Informational,36,210,"1.00,0.12,0.05,0.23,0.53,0.35,0.23,0.53,0.53,0.67,0.82,1.00",11,0.00,0.33,"Sitelinks, AI Overview, Reviews, Image, Image pack, Video, People also ask, Related searches"
am i an infj,Informational,39,210,"0.54,0.43,0.54,0.67,0.43,0.54,0.81,0.43,0.54,0.54,0.81,1.00",15,0.69,0.42,"Sitelinks, AI Overview, Video, People also ask, Related searches"
am i type a or b personality quiz,Commercial,36,210,"0.80,0.42,0.53,0.80,0.53,0.53,0.80,1.00,1.00,0.80,0.80,0.80",27,0.33,0.55,"Reviews, Video, People also ask, Related searches, Ads bottom"
amiable personality,Informational,29,210,"0.54,0.54,0.67,0.54,1.00,0.22,0.54,0.35,0.54,0.54,0.11,0.54",19,0.00,0.33,"Sitelinks, AI Overview, Image pack, Video, People also ask, Related searches"
an intj,Informational,41,210,"0.22,0.22,0.22,0.14,0.14,0.18,0.08,0.81,1.00,0.81,0.81,0.81",18,0.48,0.04,"Sitelinks, AI Overview, Video, Video carousel, People also ask, Related searches"
being 4,Informational,42,210,"0.44,0.36,0.22,0.80,0.67,0.18,0.11,0.18,0.80,0.36,0.53,1.00",18,0.00,0.00,"Sitelinks, AI Overview, Video, People also ask, Related searches"
best free myers briggs,Commercial,40,210,"0.80,0.65,0.65,0.42,0.53,0.65,1.00,1.00,1.00,0.80,1.00,1.00",26,0.94,0.43,"Sitelinks, AI Overview, Reviews, Video, People also ask, Related searches"
best jobs for an infp,Commercial,31,210,"1.00,0.29,0.15,0.23,0.23,0.44,0.44,0.35,0.35,0.29,0.54,0.54",26,0.52,0.02,"Sitelinks, AI Overview, Video, People also ask, Related searches"
best jobs for enfj,Commercial,39,210,"0.52,0.65,0.80,0.80,1.00,1.00,0.65,0.52,0.80,0.65,0.65,0.52",33,0.04,0.01,"Sitelinks, AI Overview, Video, People also ask, Discussions and forums, Related searches"
best match for intj male,Commercial,34,210,"0.04,0.04,0.00,0.03,0.04,0.04,0.03,0.03,0.04,1.00,0.03,0.03",19,0.00,0.00,"Sitelinks, AI Overview, Video, People also ask, Related searches"
best mbti type,Informational,38,210,"0.21,0.53,1.00,0.65,0.53,0.82,0.53,0.53,0.82,1.00,0.65,0.65",22,1.82,0.01,"Sitelinks, AI Overview, Image pack, Video, Video carousel, People also ask, Related searches"
best myers briggs type,Commercial,40,210,"1.00,0.65,0.80,1.00,0.80,0.65,0.65,0.65,0.65,0.80,0.80,0.80",22,1.03,0.01,"Sitelinks, AI Overview, Image pack, Video, Video carousel, People also ask, Related searches"
books about the enneagram,Informational,49,210,"0.00,0.00,0.00,0.00,0.21,0.33,1.00,0.29,0.33,0.29,0.33,0.46",15,0.23,1.00,"Sitelinks, AI Overview, Video, People also ask, Discussions and forums, Related searches"
books on the enneagram,Informational,49,210,"0.00,0.00,0.15,0.08,0.54,0.85,0.62,0.62,0.85,0.62,1.00,1.00",12,0.23,1.00,"Sitelinks, AI Overview, Image pack, Video, People also ask, Discussions and forums, Related searches"
careers for entj,Commercial,36,210,"0.00,0.54,1.00,0.18,0.28,0.23,0.28,0.28,0.13,0.13,0.10,0.44",24,0.30,0.00,"Sitelinks, AI Overview, Video, Video carousel, People also ask, Discussions and forums, Related searches"
celebrities that are esfj,Informational,34,210,"0.66,0.66,0.29,0.35,1.00,1.00,0.06,0.35,0.14,0.22,0.18,0.14",22,0.00,0.33,"Sitelinks, AI Overview, Video, People also ask, Related searches"
chakra quiz,Commercial,32,210,"0.88,0.88,0.88,1.00,0.88,0.88,0.63,0.50,0.88,0.50,0.88,0.63",19,0.00,0.02,"Sitelinks, Video, People also ask, Related searches"
chakras test,Informational,33,210,"1.00,0.44,0.56,0.83,0.17,0.14,0.17,0.17,0.14,0.28,0.17,0.28",20,0.62,0.01,"Sitelinks, Video, Video carousel, Related searches"
consul mbti,Informational,37,210,"0.65,0.65,0.80,1.00,1.00,1.00,0.65,0.80,0.65,0.80,1.00,0.80",31,0.00,0.33,"Sitelinks, AI Overview, Reviews, Image pack, Video, People also ask, Related searches, Things to know"
define esfj,Informational,43,210,"1.00,1.00,0.29,0.22,0.67,0.44,0.04,0.13,0.18,0.13,0.22,0.13",34,0.00,0.33,"Sitelinks, AI Overview, Reviews, Video, Video carousel, People also ask, Related searches"
different typ,Informational,33,210,"0.80,0.33,1.00,0.00,0.33,0.33,0.53,0.27,0.43,0.33,0.53,0.43",25,0.00,0.33,"Sitelinks, AI Overview, Image pack, Video, People also ask, Related searches"
disc analysis personality test free,"Informational, Commercial",34,210,"0.35,1.00,0.28,0.11,0.23,0.28,0.44,0.18,0.28,0.23,0.54,0.35",34,1.07,0.39,"Sitelinks, Video, Discussions and forums, Related searches"
driver analytical amiable expressive,Informational,30,210,"0.82,0.20,0.82,0.82,0.66,0.66,1.00,0.27,0.43,0.82,1.00,0.82",19,1.00,0.02,"Sitelinks, AI Overview, Image pack, Video, People also ask, Related searches"
enegram 8,Informational,52,210,"0.20,0.07,0.04,0.04,1.00,0.20,0.07,0.00,0.00,0.00,0.00,0.00",22,0.39,0.07,"Sitelinks, AI Overview, Reviews, Image pack, Video, Video carousel, People also ask, Discussions and forums, Related searches, Things to know"
enfj 2w3,Informational,46,210,"0.53,0.43,0.53,0.53,0.53,0.43,0.43,0.35,1.00,0.35,0.43,0.35",5,0.00,0.33,"Sitelinks, AI Overview, Video, People also ask, Related searches"
enfj and entp,Informational,44,210,"0.80,0.80,1.00,0.80,0.80,0.65,0.65,0.65,0.65,0.80,0.80,0.65",7,0.00,0.33,"Sitelinks, AI Overview, Image, Image pack, Video, People also ask, Related searches"
enfj and entp compatibility,Informational,42,210,"0.85,0.85,0.85,1.00,0.85,0.62,0.62,0.62,0.85,0.54,0.62,0.85",7,0.00,0.33,"Sitelinks, AI Overview, Video, People also ask, Related searches"
enfj and infp compatibility,Informational,44,210,"0.65,0.65,1.00,0.81,0.81,0.65,0.81,0.65,0.65,0.65,0.65,0.53",14,0.00,0.33,"Sitelinks, AI Overview, Image pack, Video, Video carousel, People also ask, Related searches"
enfj t careers,"Informational, Commercial",41,210,"0.65,0.34,0.53,1.00,1.00,0.65,0.53,0.43,0.65,0.65,0.53,0.53",24,0.00,0.01,"Sitelinks, AI Overview, Video, People also ask, Discussions and forums, Related searches"
enfj test,Informational,46,210,"0.66,0.80,1.00,1.00,1.00,0.80,0.80,0.66,0.66,0.80,0.66,0.80",30,0.74,0.66,"Sitelinks, Image pack, Video, People also ask, Related searches, Ads bottom"
enfj 人格,Informational,41,210,"0.35,0.35,0.67,0.54,0.44,0.23,0.67,0.67,0.81,0.23,0.81,1.00",34,0.00,0.00,"AI Overview, Image pack, Video, People also ask, Discussions and forums, Related searches"
enfj-a meaning,Informational,44,210,"0.00,0.00,0.00,0.00,0.00,0.21,0.31,0.25,0.15,0.25,0.38,1.00",32,0.23,0.01,"Sitelinks, AI Overview, Video, Video carousel, People also ask, Related searches"
enfp 2w3,Informational,42,210,"1.00,1.00,0.80,0.80,0.53,0.80,0.80,0.53,0.65,0.53,0.80,0.80",17,0.00,0.33,"Sitelinks, AI Overview, Image pack, Video, People also ask, Discussions and forums, Related searches"
enfp 7w8,Informational,46,210,"0.80,0.80,1.00,0.80,0.65,0.65,0.65,0.65,0.52,0.52,0.65,0.80",9,0.00,0.33,"Sitelinks, AI Overview, Image pack, Video, People also ask, Related searches"
enfp ennagram,Informational,49,210,"0.00,0.00,0.00,0.00,1.00,0.00,0.00,0.00,0.00,0.00,0.00,0.00",25,0.00,0.00,"Sitelinks, AI Overview, Image pack, Video, Video carousel, People also ask, Discussions and forums, Related searches"
enfp functions,Informational,42,210,"1.00,0.80,1.00,1.00,0.65,0.65,0.80,0.65,0.50,0.50,0.65,0.65",34,0.00,0.33,"Sitelinks, AI Overview, Video, Video carousel, People also ask, Related searches"
enfp male,Informational,43,210,"0.65,0.65,0.82,0.82,1.00,0.65,0.53,0.53,0.53,0.53,0.65,0.53",9,0.00,0.33,"Sitelinks, AI Overview, Image, Image pack, Video, People also ask, Related searches"
enfp most compatible,Informational,40,210,"1.00,0.80,1.00,0.80,1.00,1.00,1.00,0.53,0.53,0.42,0.34,0.42",26,0.00,0.33,"Sitelinks, AI Overview, Image pack, Video, Video carousel, People also ask, Discussions and forums, Related searches"
enfp type,Informational,49,210,"0.65,0.80,1.00,0.80,0.80,0.80,0.65,0.65,0.80,0.80,0.80,0.65",29,0.25,0.01,"Sitelinks, AI Overview, Image pack, Video, People also ask, Related searches"
enfp vs infj,Informational,41,210,"0.65,0.80,0.80,0.80,1.00,0.65,0.80,0.80,1.00,0.80,1.00,1.00",5,0.00,0.33,"Sitelinks, AI Overview, Image pack, Video, Short videos, People also ask, Related searches"
enfp-t vs enfp-a,Commercial,40,210,"0.00,0.00,0.29,0.00,0.00,0.57,0.00,0.57,0.57,0.29,1.00,0.71",27,0.00,0.01,"Sitelinks, AI Overview, Video, People also ask, Discussions and forums, Related searches"
ennagram 2,Informational,53,210,"1.00,0.33,0.13,0.29,0.17,0.00,0.00,0.00,0.00,0.21,0.83,0.29",30,0.50,0.03,"AI Overview, Reviews, Image pack, Video, People also ask, Related searches, Things to know"
enneageam 2,Informational,54,210,"0.00,0.00,0.00,0.00,0.00,0.00,0.00,0.00,0.00,0.00,0.00,0.00",27,0.53,0.04,"AI Overview, Image pack, Video, Video carousel, People also ask, Related searches, Things to know"
enneagram 3 w 2,Informational,61,210,"0.44,0.23,0.44,0.15,0.00,0.00,0.01,0.00,1.00,0.44,0.02,0.01",18,0.46,0.01,"Sitelinks, AI Overview, Image pack, Video, Video carousel, People also ask, Related searches"
enneagram 3 with 2 wing,Informational,60,210,"0.43,0.29,1.00,0.43,0.35,0.35,0.22,0.35,0.66,0.29,0.54,0.66",21,1.22,0.01,"Sitelinks, AI Overview, Image pack, Video, Video carousel, People also ask, Discussions and forums, Related searches"
enneagram 3 with 4 wing,Informational,62,210,"0.65,0.65,0.65,0.65,0.80,0.65,0.80,0.65,1.00,0.53,0.80,0.80",18,0.00,0.01,"Sitelinks, AI Overview, Image pack, Video, Video carousel, Related searches"
enneagram 4 subtypes,Informational,60,210,"0.43,0.35,0.53,0.53,0.43,0.43,0.53,0.53,0.66,0.66,1.00,0.82",9,0.00,0.33,"Sitelinks, AI Overview, Image pack, Video, Related searches"
enneagram 4 with 3 wing,Informational,59,210,"1.00,0.66,0.43,0.53,0.53,0.43,0.43,0.43,0.66,0.35,0.66,0.53",24,0.00,0.01,"Sitelinks, AI Overview, Image pack, Video, Video carousel, People also ask, Related searches"
enneagram 8 with 9 wing,Informational,57,210,"0.54,0.44,0.23,1.00,0.04,0.02,0.10,0.06,0.67,0.81,0.54,0.67",15,0.13,0.01,"Sitelinks, AI Overview, Image pack, Video, Video carousel, People also ask, Related searches"
enneagram achiever,Informational,62,210,"0.81,0.64,0.64,1.00,1.00,1.00,0.81,0.64,1.00,0.64,0.64,0.81",20,0.25,0.03,"Sitelinks, AI Overview, Reviews, Image pack, Video, People also ask, Related searches"
enneagram and myers briggs,Informational,59,210,"0.29,0.18,0.18,0.44,0.55,0.35,0.18,0.14,1.00,0.82,1.00,1.00",15,0.68,0.17,"Sitelinks, AI Overview, Video, Video carousel, People also ask, Related searches"
enneagram arrows,Informational,57,210,"0.82,0.82,1.00,0.82,0.66,0.82,0.52,0.43,0.66,0.66,0.66,0.66",13,0.00,0.24,"Sitelinks, Image pack, Video, Video carousel, People also ask, Related searches"
enneagram challenger,Informational,59,210,"0.65,0.65,1.00,0.80,1.00,1.00,1.00,0.65,1.00,0.65,0.80,0.80",15,0.41,0.05,"AI Overview, Reviews, Image pack, Video, Video carousel, People also ask, Related searches"
enneagram coaching,Informational,50,210,"0.53,0.42,1.00,0.81,0.42,0.42,0.53,0.33,0.06,0.19,0.28,0.33",12,1.84,0.09,"Sitelinks, AI Overview, Image pack, Video, Video carousel, People also ask, Discussions and forums, Related searches"
enneagram core fears,Informational,60,210,"0.80,0.80,1.00,0.80,0.80,0.64,0.80,0.80,0.80,0.80,1.00,1.00",16,0.00,0.33,"Sitelinks, AI Overview, Image, Image pack, Video, Video carousel, People also ask, Discussions and forums, Related searches"
enneagram fears,Informational,62,210,"0.66,0.52,0.66,1.00,0.52,0.66,0.52,0.66,0.66,0.52,0.66,0.82",7,0.00,0.33,"Sitelinks, AI Overview, Image, Video, Video carousel, Discussions and forums, Related searches"
enneagram image,Informational,60,210,"0.80,0.80,0.80,0.80,0.80,1.00,0.80,0.65,0.80,0.80,0.80,0.80",23,0.00,0.75,"Sitelinks, Image, Image pack, Video, People also ask, Related searches"
enneagram individualist,Informational,58,210,"0.53,0.65,1.00,0.82,0.82,0.65,0.65,0.53,0.82,0.44,0.65,0.53",11,0.47,0.05,"AI Overview, Reviews, Image pack, Video, Short videos, People also ask, Related searches"
enneagram mbti correlation,Informational,51,210,"1.00,0.80,1.00,1.00,0.80,0.65,0.80,0.80,0.65,0.80,0.80,0.65",9,0.00,0.33,"Sitelinks, Image pack, Video, Video carousel, Related searches"
enneagram personality type 1,Informational,66,210,"1.00,0.36,0.44,0.36,0.18,0.82,0.67,0.54,0.67,0.82,0.54,0.67",33,0.90,0.03,"AI Overview, Video, People also ask, Related searches"
enneagram picture,Informational,68,210,"0.65,1.00,0.80,0.80,0.80,0.80,0.80,0.65,0.80,0.80,0.80,0.80",34,0.00,0.71,"Sitelinks, Image, Image pack, Video, People also ask, Related searches"
enneagram relationships,Informational,62,210,"0.33,0.53,0.43,0.53,0.27,1.00,0.43,0.43,0.33,0.43,0.67,0.53",15,0.67,0.14,"Sitelinks, AI Overview, Image pack, Video, People also ask, Related searches"
enneagram two,Informational,55,210,"0.50,0.81,0.81,0.81,0.63,0.81,0.81,0.63,0.50,0.63,0.81,1.00",31,0.82,0.02,"Sitelinks, AI Overview, Reviews, Image pack, Video, Video carousel, People also ask, Related searches"
enneagram type 1 wing 2,Informational,63,210,"0.64,0.80,0.80,0.80,0.80,0.80,0.80,0.80,1.00,0.80,0.80,0.80",20,0.00,0.01,"Sitelinks, AI Overview, Reviews, Video, Video carousel, Short videos, People also ask, Related searches"
enneagram type 2 wing 1,Informational,60,210,"0.41,0.52,0.80,0.80,0.80,0.80,0.80,0.80,1.00,0.64,0.80,0.80",23,0.31,0.01,"Sitelinks, AI Overview, Image pack, Video, People also ask, Related searches"
enneagram type 2 wing 3,Informational,64,210,"0.42,0.53,0.64,0.81,0.64,0.53,0.64,0.53,1.00,0.64,0.53,0.42",24,0.00,0.33,"Sitelinks, AI Overview, Image pack, Video, Video carousel, People also ask, Related searches"
enneagram type 3 wing 2,Informational,62,210,"0.54,0.43,0.43,0.54,0.54,0.54,0.54,0.54,1.00,0.54,0.43,0.35",22,0.40,0.01,"Sitelinks, AI Overview, Image pack, Video, Video carousel, People also ask, Related searches"
enneagram type explanations,Informational,70,210,"0.01,0.88,0.14,0.01,0.07,0.05,0.14,0.21,1.00,0.00,0.21,0.21",31,0.17,0.19,"Sitelinks, AI Overview, Image pack, Video, Video carousel, Related searches, Ads bottom"
enneagram type four,Informational,64,210,"0.01,0.01,0.44,0.36,0.36,0.23,0.09,0.06,0.01,1.00,0.36,0.36",29,0.41,0.03,"AI Overview, Reviews, Image pack, Video, Video carousel, People also ask, Related searches"
enneagram universe test,Navigational,69,210,"0.53,0.44,0.44,0.65,1.00,0.53,0.82,0.44,0.65,0.33,0.27,0.33",30,0.70,0.12,"Sitelinks, Reviews, Video, Related searches"
ennegram triad,Informational,61,210,"0.19,0.29,0.23,0.54,0.29,0.36,0.29,0.36,0.29,0.36,1.00,0.54",19,2.05,0.01,"Sitelinks, AI Overview, Image pack, Video, Video carousel, People also ask, Related searches"
ennéagramme type 6,Informational,62,210,"0.00,0.00,0.00,0.00,0.00,0.00,0.00,0.00,0.00,1.00,0.00,0.00",24,0.39,0.02,"Sitelinks, Image pack, Video, People also ask, Related searches"
entj and infp compatibility,Informational,41,210,"1.00,1.00,1.00,1.00,0.80,0.80,0.80,0.80,0.80,0.80,0.80,0.64",9,0.00,0.33,"Sitelinks, AI Overview, Image pack, Video, People also ask, Related searches"
entj and intj compatibility,Informational,40,210,"0.34,0.34,0.53,0.65,1.00,0.81,0.65,0.65,0.81,1.00,0.65,0.81",7,0.00,0.33,"Featured snippet, Sitelinks, Image pack, Video, People also ask, Related searches"
entj and intp,Informational,40,210,"1.00,0.81,0.81,0.81,0.65,0.28,0.65,0.65,0.43,0.43,1.00,0.81",5,0.00,0.33,"Sitelinks, AI Overview, Reviews, Image pack, Video, Video carousel, People also ask, Related searches, Things to know"
entj compatible,Informational,41,210,"0.11,1.00,0.18,0.29,0.67,0.80,0.04,0.22,0.18,0.18,0.22,0.13",17,0.00,0.33,"Sitelinks, AI Overview, Image pack, Video, People also ask, Related searches"
entj match,Informational,40,210,"1.00,0.54,1.00,0.06,0.04,0.04,0.04,0.04,0.04,0.81,0.81,1.00",15,0.00,0.33,"Sitelinks, AI Overview, Image pack, Video, People also ask, Related searches"
entj personality test,Informational,46,210,"0.66,1.00,0.66,0.52,0.79,0.79,1.00,0.34,1.00,0.79,0.79,1.00",33,0.77,0.47,"AI Overview, Reviews, Video, Video carousel, People also ask, Discussions and forums, Related searches"
entj personality traits,Informational,48,210,"1.00,0.82,1.00,0.82,0.66,0.52,0.66,0.52,0.52,0.52,0.82,0.66",25,0.00,0.33,"Sitelinks, AI Overview, Reviews, Video, People also ask, Discussions and forums, Related searches"
entj strengths and weaknesses,Informational,42,210,"0.80,0.80,0.65,0.80,1.00,1.00,0.53,0.65,0.65,0.80,0.80,0.80",12,0.00,0.33,"Sitelinks, AI Overview, Image pack, Video, People also ask, Related searches"
entj weaknesses,Informational,39,210,"1.00,0.80,0.80,1.00,1.00,1.00,0.80,0.65,0.80,0.80,0.80,1.00",17,0.00,0.33,"Sitelinks, AI Overview, Image pack, Video, Video carousel, People also ask, Related searches"
entj with infj,Informational,45,210,"1.00,0.54,1.00,0.44,0.44,0.44,0.54,0.54,0.44,0.36,0.67,0.54",7,0.00,0.33,"Sitelinks, AI Overview, Video, Video carousel, People also ask, Related searches"
entj 人格,Informational,39,210,"0.62,0.54,1.00,0.77,0.62,0.38,0.77,1.00,0.62,0.62,0.62,0.62",34,0.00,0.33,"AI Overview, Video, Video carousel, People also ask, Related searches"
entj-t personality,Informational,47,210,"0.06,0.00,0.00,0.63,1.00,1.00,0.63,0.81,0.50,1.00,0.81,0.50",28,0.00,0.01,"Sitelinks, AI Overview, Video, Video carousel, People also ask, Discussions and forums, Related searches"
entp and enfj,Informational,43,210,"0.65,0.80,1.00,0.80,0.80,0.80,0.80,0.65,0.80,0.80,0.80,0.65",9,0.00,0.33,"Sitelinks, AI Overview, Reviews, Image, Image pack, Video, Video carousel, People also ask, Related searches"
entp and enfj compatibility,Informational,42,210,"1.00,1.00,1.00,0.80,0.80,0.80,0.80,0.65,0.65,0.65,0.80,0.80",4,0.00,0.33,"Sitelinks, AI Overview, Video, Video carousel, People also ask, Related searches"
entp strengths and weaknesses,Informational,41,210,"0.65,0.65,0.65,1.00,1.00,1.00,0.65,0.65,1.00,0.65,0.65,0.80",21,0.00,0.33,"Sitelinks, AI Overview, Image pack, Video, People also ask, Discussions and forums, Related searches"
entp vs intj,Informational,39,210,"0.80,0.65,1.00,0.80,0.80,0.80,0.80,0.65,0.53,0.65,0.65,0.80",13,0.00,0.00,"Sitelinks, AI Overview, Image pack, Video, People also ask, Related searches"
entp weaknesses,Informational,38,210,"0.80,0.65,0.80,0.80,1.00,0.80,0.65,0.65,0.80,0.65,0.65,0.80",10,0.00,0.33,"Sitelinks, AI Overview, Image pack, Video, People also ask, Related searches"
ernie harry potter,"Informational, Transactional",48,210,"0.66,0.66,1.00,0.82,0.66,0.82,0.66,0.66,0.66,0.66,0.66,0.82",30,0.00,0.00,"Sitelinks, Image, Video, Video carousel, People also ask, Knowledge panel, Discussions and forums, Related searches"
esfj t personality type,Informational,42,210,"0.54,0.54,0.65,1.00,0.80,0.80,0.80,0.65,1.00,1.00,0.80,1.00",34,0.19,0.02,"Sitelinks, AI Overview, Reviews, Image pack, Video, Video carousel, People also ask, Discussions and forums, Related searches"
esfp a meaning,Informational,38,210,"1.00,0.33,0.65,0.43,0.52,0.06,0.43,0.06,0.81,0.33,0.65,0.65",34,0.00,0.33,"Sitelinks, AI Overview, Video, People also ask, Related searches"
esfp jobs,Commercial,36,210,"0.65,0.50,0.65,0.65,0.80,0.65,0.50,0.65,1.00,0.80,0.65,0.50",23,0.00,0.33,"Sitelinks, AI Overview, Video, Video carousel, People also ask, Discussions and forums, Related searches"
estjs,Informational,38,210,"0.00,0.14,0.10,1.00,0.00,0.00,0.10,0.00,0.00,0.14,0.28,0.00",33,0.24,0.33,"Sitelinks, AI Overview, Image pack, Video, People also ask, Related searches, Things to know"
executive personality,Informational,38,210,"0.67,0.54,0.54,0.67,1.00,0.54,0.44,0.28,0.44,0.36,0.28,0.23",34,0.00,0.01,"AI Overview, Image pack, Video, Video carousel, People also ask, Related searches"
explain personality test,Informational,52,210,"0.43,0.43,0.23,0.28,0.66,0.66,1.00,0.66,0.82,0.82,0.82,1.00",33,0.00,0.33,"AI Overview, Video, Video carousel, People also ask, Related searches"
f personality type,Informational,37,210,"1.00,0.35,0.53,0.28,0.35,0.35,0.53,0.35,0.43,0.66,0.66,0.82",27,0.00,0.33,"Sitelinks, AI Overview, Image pack, Video, Video carousel, People also ask, Related searches"
famous entj people,Informational,39,210,"0.40,0.40,0.35,1.00,0.80,0.55,0.25,0.55,0.65,0.35,0.25,0.35",21,0.00,0.33,"Sitelinks, AI Overview, Video, Video carousel, People also ask, Discussions and forums, Related searches"
famous entjs,Informational,36,210,"0.19,0.43,0.81,1.00,0.54,0.28,0.19,0.19,0.43,0.43,0.54,0.43",24,0.00,0.33,"Sitelinks, AI Overview, Video, Video carousel, People also ask, Related searches"
famous infp personalities,Informational,39,210,"0.63,1.00,1.00,0.50,0.81,0.44,0.13,0.13,0.31,0.19,0.44,0.50",25,0.02,0.33,"Sitelinks, AI Overview, Image pack, Video, Video carousel, People also ask, Related searches"
guardian personality type,Informational,41,210,"0.80,0.80,0.80,1.00,0.80,0.80,0.65,0.53,0.80,1.00,0.53,0.65",23,0.00,0.33,"AI Overview, Reviews, Image pack, Video, People also ask, Related searches"
how rare is an infp personality,Informational,44,210,"1.00,0.00,0.00,0.00,0.00,0.00,0.00,0.00,0.00,0.00",34,0.00,0.00,"Sitelinks, AI Overview, Video, Video carousel, People also ask, Related searches"
individualist enneagram,Informational,56,210,"0.81,0.65,0.81,0.53,1.00,0.65,0.65,0.53,1.00,0.53,0.65,0.65",16,0.71,0.06,"Sitelinks, AI Overview, Video, Video carousel, People also ask, Discussions and forums, Related searches, Ads bottom"
infj 1w2,Informational,42,210,"0.80,0.65,1.00,0.80,0.80,0.80,0.65,0.80,0.80,0.80,0.80,0.80",15,0.00,0.33,"Sitelinks, AI Overview, Video, People also ask, Related searches"
infj 2w1,Informational,46,210,"0.65,0.80,1.00,0.80,0.80,0.65,0.80,0.65,0.80,0.65,0.65,0.80",9,0.00,0.33,"Sitelinks, AI Overview, Video, People also ask, Related searches"
infj and entj,Informational,46,210,"0.52,0.27,0.52,0.52,1.00,0.52,0.66,0.43,0.66,0.66,0.43,0.34",10,0.00,0.33,"Sitelinks, AI Overview, Image pack, Video, People also ask, Related searches"
infj and entj compatibility,Informational,42,210,"0.65,0.65,0.80,1.00,0.80,0.80,0.80,0.80,1.00,0.53,0.65,0.53",7,0.00,0.33,"Sitelinks, AI Overview, Image pack, Video, Video carousel, People also ask, Related searches"
infj and infp compatibility,Informational,44,210,"0.43,0.43,0.35,0.54,0.54,0.54,0.54,0.67,1.00,0.81,0.67,0.81",17,0.00,0.33,"Sitelinks, AI Overview, Image pack, Video, People also ask, Related searches"
infj entp,Informational,46,210,"0.80,0.80,0.80,1.00,0.80,0.64,0.64,0.80,0.64,0.80,0.64,0.80",23,0.00,0.33,"Sitelinks, AI Overview, Image pack, Video, People also ask, Related searches"
infj vs enfp,Informational,41,210,"0.65,0.65,0.65,0.80,0.65,0.53,0.80,0.80,0.80,0.53,1.00,0.80",9,0.00,0.33,"Sitelinks, AI Overview, Image pack, Video, People also ask, Related searches"
infp animal,Informational,44,210,"0.80,0.65,0.80,0.80,1.00,1.00,0.80,0.80,0.65,0.42,0.65,0.80",15,0.00,0.33,"Sitelinks, AI Overview, Image, Image pack, Video, Video carousel, People also ask, Related searches"
infp fictional characters,Informational,33,210,"1.00,1.00,0.81,1.00,1.00,1.00,0.81,0.63,1.00,1.00,0.81,1.00",15,0.00,0.33,"Sitelinks, Image, Image pack, Video, Video carousel, People also ask, Related searches"
infp personality weaknesses,Informational,40,210,"0.81,0.54,0.29,1.00,0.66,0.54,0.14,0.18,0.14,0.14,0.29,0.14",17,0.02,0.01,"Sitelinks, AI Overview, Video, Video carousel, People also ask, Related searches"
infp stands for,Informational,38,210,"0.81,0.81,0.64,0.81,0.81,1.00,0.81,0.81,0.81,1.00,1.00,0.81",32,0.00,0.33,"Sitelinks, AI Overview, Image pack, Video, People also ask, Related searches"
infp-t careers,"Informational, Commercial",31,210,"0.00,0.23,0.23,0.23,0.23,1.00,0.00,0.23,0.23,0.62,1.00,0.77",24,1.03,0.01,"Sitelinks, AI Overview, Video, People also ask, Related searches"
intj 1w9,Informational,42,210,"0.80,0.80,1.00,1.00,0.80,1.00,0.80,1.00,0.80,0.64,0.80,0.80",14,0.00,0.33,"Sitelinks, AI Overview, Image pack, Video, People also ask"
intj and entj,Informational,42,210,"0.83,0.67,1.00,0.67,0.83,0.67,0.67,0.83,0.67,0.67,0.67,0.67",14,0.00,0.01,"Sitelinks, AI Overview, Image pack, Video, People also ask, Related searches"
intj cognitive function,Informational,39,210,"0.44,0.44,0.54,0.54,0.35,0.18,0.23,0.44,0.08,1.00,0.15,0.28",29,0.00,0.33,"Sitelinks, AI Overview, Video, Video carousel, People also ask, Related searches"
intj men,Informational,38,210,"0.53,0.80,1.00,0.65,0.80,0.42,0.80,0.65,0.53,1.00,0.80,0.80",28,0.00,0.33,"Sitelinks, AI Overview, Video, People also ask, Discussions and forums, Related searches"
intj personality weaknesses,Informational,38,210,"0.81,0.22,0.36,1.00,0.81,0.36,0.36,0.36,0.36,0.27,0.43,0.43",17,0.02,0.01,"Sitelinks, AI Overview, Video, Video carousel, People also ask, Related searches"
intj t characteristics,Informational,43,210,"0.65,0.65,0.80,1.00,0.80,0.65,1.00,0.53,0.80,0.26,0.07,0.07",32,0.00,0.00,"Sitelinks, AI Overview, Video, People also ask, Related searches"
intj the architect,Informational,31,210,"0.00,0.08,0.67,0.67,0.18,0.44,0.44,0.14,1.00,0.06,0.67,0.67",28,0.09,0.01,"Sitelinks, AI Overview, Image pack, Video, People also ask, Related searches"
intj vs entp,Informational,39,210,"0.80,0.65,0.80,0.80,1.00,0.80,0.80,0.65,0.53,0.65,0.65,1.00",13,0.00,0.33,"Sitelinks, AI Overview, Reviews, Image pack, Video, Video carousel, People also ask, Related searches"
intj 성격,Informational,32,210,"0.81,0.81,1.00,0.81,0.81,0.81,0.64,0.53,0.81,0.64,0.81,0.64",6,0.00,0.33,"AI Overview, Image pack, Video, People also ask, Related searches"
intj-a vs intj-t,Commercial,32,210,"0.65,0.21,0.52,0.52,0.65,1.00,1.00,0.43,1.00,0.65,0.28,1.00",30,0.00,0.01,"Sitelinks, AI Overview, Video, Video carousel, People also ask, Related searches"
intp enneagram,Informational,57,210,"1.00,1.00,0.80,1.00,0.64,0.80,0.80,0.80,0.64,0.52,1.00,0.80",10,0.41,0.04,"Sitelinks, AI Overview, Image pack, Video, People also ask, Related searches"
intp j,Informational,36,210,"0.80,0.80,1.00,0.80,0.80,0.80,0.65,0.53,0.80,0.80,0.80,0.65",34,0.00,0.33,"Sitelinks, AI Overview, Image pack, Video, People also ask, Related searches"
intp strengths and weaknesses,Informational,35,210,"0.80,1.00,0.52,0.80,1.00,0.65,0.65,0.52,0.80,0.43,0.52,0.52",14,0.00,0.33,"Sitelinks, AI Overview, Reviews, Image pack, Video, People also ask, Discussions and forums, Related searches"
intp t characters,Informational,34,210,"0.81,0.81,0.81,0.81,1.00,0.69,1.00,0.13,0.81,0.13,0.44,0.50",27,0.00,0.33,"Sitelinks, AI Overview, Image pack, Video, Video carousel, People also ask, Discussions and forums, Related searches"
is personality co legit,Informational,37,210,"0.29,0.29,0.19,0.15,0.19,0.00,0.36,0.01,1.00,0.19,0.29,0.04",20,0.00,0.33,"Sitelinks, AI Overview, People also ask, Related searches"
isfj and enfp,Informational,42,210,"0.33,0.43,0.65,0.81,0.81,0.65,0.65,0.52,0.65,0.81,0.81,1.00",11,0.00,0.33,"Sitelinks, AI Overview, Image pack, Video, Video carousel, People also ask, Related searches"
isfj-t careers,Commercial,33,210,"0.81,0.43,0.36,1.00,1.00,0.81,0.00,0.36,0.67,0.53,0.67,0.36",19,0.00,0.33,"Sitelinks, AI Overview, Video, People also ask, Discussions and forums, Related searches"
isfj-t meaning,Informational,40,210,"0.63,0.50,1.00,0.50,0.50,0.50,0.38,0.38,0.63,0.50,0.25,0.63",33,0.00,0.01,"Sitelinks, AI Overview, Video, Video carousel, People also ask, Related searches"
istp 9w8,Informational,34,210,"0.65,0.52,1.00,0.80,0.65,0.65,0.80,0.65,0.52,0.52,0.65,0.65",19,0.00,0.33,"Sitelinks, AI Overview, Image pack, Video, People also ask, Related searches"
job without degree enneagram 5w4 sexual-dominant,Commercial,53,210,"1.00,0.00,0.00,0.00,0.00,0.00,0.00,0.00,0.00,0.00",9,0.00,0.00,"Sitelinks, AI Overview, Video, People also ask, Related searches"
job without degree enneagram 5w4 sx/sp,Commercial,53,210,"1.00,0.00,0.00,0.00,0.00,0.00,0.00,0.00,0.00,0.00",11,0.00,0.00,"Sitelinks, AI Overview, Video, People also ask, Related searches"
jobs enfj,Commercial,37,210,"1.00,0.00,0.00,0.00,0.00,0.00,0.00,0.00,1.00,0.00,0.00,0.00",18,0.99,0.01,"Sitelinks, AI Overview, Video, People also ask, Related searches"
known person with personality type mediator,Informational,38,210,"1.00,0.00,0.00,0.00,0.00,0.00,0.00,0.00,0.00",29,0.00,0.00,"Sitelinks, AI Overview, Video, People also ask, Discussions and forums, Related searches"
leader personality type,Informational,37,210,"0.54,0.29,0.29,0.35,1.00,0.35,0.29,0.43,0.29,0.29,0.35,0.35",19,0.00,0.33,"Sitelinks, AI Overview, Reviews, Image pack, Video, Video carousel, People also ask, Related searches"
logical personality,Informational,38,210,"0.53,0.44,0.53,0.66,0.66,0.66,0.53,0.53,0.81,0.81,0.81,1.00",30,0.00,0.33,"Sitelinks, AI Overview, Image pack, Video, Video carousel, People also ask, Related searches"
mbti and enneagram,Informational,59,210,"0.44,0.15,0.54,0.06,0.08,0.11,1.00,0.66,0.00,0.54,0.01,0.66",19,0.73,0.15,"Sitelinks, AI Overview, Video, Video carousel, People also ask, Discussions and forums, Related searches"
mbti f,Informational,36,210,"0.80,0.80,0.65,0.65,1.00,0.53,0.80,0.80,1.00,1.00,1.00,0.80",30,0.00,0.33,"Sitelinks, AI Overview, Image pack, Video, Video carousel, People also ask, Related searches"
mbti f vs t,"Informational, Commercial",31,210,"0.43,0.35,1.00,0.53,0.66,0.43,0.35,0.35,0.53,0.35,0.43,0.43",17,0.00,0.33,"Sitelinks, AI Overview, Image pack, Video, Video carousel, People also ask, Discussions and forums, Related searches"
mbti famous people,Informational,34,210,"1.00,0.53,1.00,0.65,0.65,0.81,0.43,0.65,0.81,0.81,0.65,0.81",12,0.00,0.33,"Sitelinks, Image, Image pack, Video, Video carousel, People also ask, Related searches"
mbti guesser,Informational,37,210,"1.00,0.33,0.83,0.33,0.17,0.17,0.17,0.17,0.17,0.29,0.29,0.33",17,0.00,0.33,"Sitelinks, Video, Video carousel, People also ask, Related searches"
mbti rareness,Informational,45,210,"0.54,0.77,0.54,0.31,0.31,0.15,0.38,1.00,0.31,0.23,0.31,0.54",15,0.00,0.33,"Sitelinks, AI Overview, Image, Image pack, Video, Video carousel, People also ask, Related searches"
mbti rarest,Informational,45,210,"0.50,0.40,0.20,0.30,0.80,0.50,0.20,0.70,1.00,0.80,0.80,0.20",22,0.00,0.33,"Sitelinks, AI Overview, Image pack, Video, Video carousel, People also ask, Related searches"
mbti type f,Informational,35,210,"0.35,0.35,0.35,1.00,0.29,0.35,0.54,0.35,0.54,0.43,0.81,0.54",19,0.00,0.33,"Sitelinks, AI Overview, Image pack, Video, Video carousel, People also ask, Related searches"
mbti тест,Informational,45,210,"0.66,0.43,1.00,0.66,0.43,0.53,0.66,0.43,0.53,0.66,0.53,0.53",15,1.01,0.08,"Reviews, Video, People also ask"
mbti 유형,Informational,34,210,"0.81,0.50,1.00,0.50,0.63,0.50,0.50,0.50,0.63,0.50,0.50,0.50",34,0.00,0.00,"AI Overview, Video, Knowledge panel, Related searches"
mediator type personality,Informational,39,210,"0.18,0.36,0.15,1.00,0.11,0.15,0.15,0.07,0.11,0.07,0.29,0.15",32,0.01,0.02,"Sitelinks, AI Overview, Image pack, Video, Video carousel, People also ask, Discussions and forums, Related searches"
meyers briggs intj,Informational,43,210,"0.00,1.00,0.22,0.22,0.36,0.19,0.19,0.14,0.00,0.08,0.03,0.00",25,0.16,0.04,"Sitelinks, AI Overview, Image, Image pack, Video, People also ask, Related searches"
meyers briggs intp,Informational,43,210,"0.00,1.00,0.00,0.54,0.44,0.29,0.23,0.19,0.00,0.00,0.00,0.00",30,0.11,0.03,"Sitelinks, AI Overview, Reviews, Image pack, Video, People also ask, Related searches"
mibti,Informational,45,210,"0.00,0.00,0.00,0.04,1.00,0.00,0.36,0.00,0.00,0.00,0.10,0.00",15,0.25,0.20,"AI Overview, Reviews, Image pack, Video, People also ask, Related searches"
most common enneagram type,Informational,58,210,"0.81,0.65,1.00,0.65,0.52,0.65,0.52,0.52,0.81,0.81,1.00,0.81",18,0.00,0.33,"Sitelinks, AI Overview, Image pack, Video, People also ask, Discussions and forums, Related searches"
most common enneagram types,Informational,58,210,"0.80,0.43,0.52,0.80,0.43,0.52,0.65,0.52,1.00,0.65,0.80,0.80",18,0.00,0.33,"Sitelinks, AI Overview, Video, Video carousel, People also ask, Discussions and forums, Related searches"
most common mbti type,Informational,39,210,"0.33,0.64,0.81,0.64,0.64,1.00,0.81,0.81,0.28,0.64,1.00,1.00",30,0.00,0.00,"Sitelinks, AI Overview, Video, People also ask, Related searches"
myer briggs entertainer,Informational,40,210,"1.00,0.81,0.36,0.53,0.67,0.43,0.43,0.53,0.36,0.36,0.43,0.43",26,0.01,0.01,"Sitelinks, Image pack, Video, Video carousel, People also ask, Related searches"
myers briggs most common type,Informational,40,210,"0.81,0.66,0.22,0.29,0.54,1.00,0.29,0.18,0.22,0.35,0.43,0.18",28,0.00,0.33,"Sitelinks, AI Overview, Reviews, Video, Video carousel, People also ask, Related searches"
myers briggs t vs f,"Informational, Commercial",34,210,"0.81,1.00,0.65,0.33,0.52,0.33,0.20,0.28,0.81,0.20,0.33,0.28",21,0.00,0.00,"Sitelinks, AI Overview, Image pack, Video, People also ask, Discussions and forums, Related searches"
myers briggs test infj,Informational,42,210,"0.55,0.24,0.44,0.65,0.18,0.18,0.24,0.15,0.18,0.11,0.18,1.00",31,0.14,0.05,"Sitelinks, Image pack, Video, People also ask, Related searches"
myers briggs the logician,Informational,36,210,"0.66,0.53,0.44,0.81,0.44,0.53,0.53,0.66,0.53,0.53,1.00,0.53",26,0.01,0.01,"Sitelinks, AI Overview, Reviews, Image pack, Video, People also ask, Related searches"
myers briggs types what do the letters mean,Informational,42,210,"0.65,1.00,0.44,0.33,0.65,0.82,0.82,0.82,0.82,1.00,1.00,1.00",23,0.89,0.02,"Sitelinks, AI Overview, Video, People also ask, Related searches"
myers briggs what do the letters mean,Informational,42,210,"0.82,0.65,0.53,0.65,0.53,0.33,0.44,1.00,0.65,0.65,0.82,0.82",31,0.89,0.02,"Sitelinks, AI Overview, Video, People also ask, Related searches"
n in myers briggs,Informational,40,210,"0.36,0.43,0.27,0.67,0.43,1.00,0.81,0.67,0.43,0.43,0.43,0.43",19,0.00,0.33,"Sitelinks, AI Overview, Video, Video carousel, People also ask, Related searches"
new personality types,Informational,52,210,"0.04,0.04,0.04,0.04,1.00,0.81,0.35,0.81,0.66,0.35,0.66,0.81",28,1.44,0.01,"Sitelinks, AI Overview, Video, Video carousel, People also ask, Related searches"
nine enneagram types,Informational,61,210,"0.08,0.44,0.30,0.16,0.10,0.10,0.82,0.24,0.00,0.01,0.44,1.00",32,0.46,0.06,"Sitelinks, AI Overview, Image pack, Video, People also ask"
p vs j myers briggs,Commercial,32,210,"1.00,1.00,1.00,1.00,0.85,0.85,0.85,0.85,0.85,0.85,0.62,0.85",23,0.00,0.33,"Sitelinks, AI Overview, Image pack, Video, Video carousel, People also ask, Related searches"
pdb personality,"Informational, Navigational",35,210,"0.60,0.60,0.60,1.00,0.60,0.40,0.40,0.40,0.60,0.60,0.60,0.40",34,0.00,0.33,"Sitelinks, Video, People also ask, Related searches"
people with intj,Informational,39,210,"0.44,0.35,0.28,0.23,1.00,0.81,0.05,0.15,0.11,0.05,0.23,0.28",26,0.00,0.33,"Sitelinks, AI Overview, Video, Video carousel, People also ask, Related searches"
personality data base,Navigational,35,210,"0.33,0.33,0.33,1.00,0.33,0.00,0.00,0.67,0.00,0.00,0.33,0.33",29,1.16,0.00,"Sitelinks, Video, Related searches"
personality databse,Navigational,36,210,"0.23,0.54,1.00,0.15,0.31,0.23,0.15,0.54,0.15,0.31,0.23,0.15",24,0.73,0.33,"Sitelinks, Reviews, People also ask, Related searches"
personality intj,Informational,42,210,"0.80,0.65,1.00,0.80,0.80,0.80,0.50,0.80,0.65,0.80,0.65,0.65",27,0.23,0.09,"Sitelinks, AI Overview, Reviews, Image, Video, Video carousel, People also ask, Related searches, Things to know"
personality junkie test,Navigational,41,210,"1.00,0.00,0.02,0.00,0.02,0.01,0.01,0.02,0.02,0.02,0.00,0.00",26,0.00,0.00,"Video, People also ask, Related searches"
personality test characters,Informational,35,210,"0.06,0.00,0.19,0.19,0.13,0.19,0.06,0.13,1.00,0.13,0.31,0.63",23,0.81,0.02,"Sitelinks, Reviews, Image pack, Video, Related searches"
personality test for type a or b,Informational,40,210,"0.23,1.00,0.05,0.07,0.19,0.19,0.12,0.12,0.10,0.12,0.19,0.12",25,0.42,0.51,"Sitelinks, AI Overview, Reviews, Video, Ads bottom"
personality testing psychology,Informational,37,210,"0.00,0.22,1.00,0.04,0.81,0.54,0.67,0.54,0.67,0.67,0.54,0.54",32,0.70,0.25,"AI Overview, Reviews, Video, Video carousel, People also ask, Related searches"
personality type intj meaning,Informational,44,210,"1.00,0.80,1.00,1.00,1.00,0.80,0.80,0.51,0.51,0.43,0.43,0.31",26,0.44,0.23,"AI Overview, Image, Image pack, Video, People also ask, Related searches"
personality types intj,Informational,44,210,"0.00,0.00,0.40,0.15,0.15,0.55,0.55,0.80,0.00,0.00,1.00,0.65",26,0.35,0.10,"AI Overview, Image, Image pack, Video, People also ask, Discussions and forums, Related searches"
picture personality test,Informational,35,210,"0.43,1.00,0.28,0.65,0.81,0.65,0.65,0.81,0.65,0.52,0.65,0.33",18,0.82,0.05,"Image pack, Video, Video carousel, People also ask, Related searches"
psychometric personality test,Navigational,35,210,"0.80,1.00,1.00,0.80,0.65,0.80,1.00,1.00,0.50,0.80,0.80,1.00",34,1.31,0.08,"Sitelinks, Reviews, Video, People also ask, Related searches, Ads bottom"
s mbti,Informational,39,210,"1.00,0.35,0.80,1.00,0.42,0.42,0.53,0.80,1.00,0.65,0.65,0.80",28,0.00,0.33,"Sitelinks, AI Overview, Video, Video carousel, People also ask, Related searches"
self preservation 4,Informational,34,210,"0.65,0.65,0.65,0.65,0.53,0.65,0.65,0.65,0.65,0.65,1.00,0.81",14,0.00,0.33,"Sitelinks, AI Overview, Video, Video carousel, People also ask, Discussions and forums, Related searches"
similar minds enneagram test,Navigational,65,210,"0.43,0.27,0.05,0.17,1.00,1.00,0.81,1.00,1.00,0.43,0.02,0.05",29,0.51,0.18,"Sitelinks, Reviews, Video, People also ask, Discussions and forums, Related searches"
so 2 enneagram,Informational,56,210,"0.09,0.09,0.15,0.15,0.15,0.19,0.15,0.19,0.23,0.15,1.00,1.00",11,0.00,0.33,"Sitelinks, AI Overview, Video, People also ask, Related searches"
so 3 enneagram,Informational,62,210,"0.09,0.14,0.07,0.09,0.11,0.11,0.04,0.07,0.21,0.26,1.00,0.21",9,0.00,0.33,"Sitelinks, Image pack, Video, People also ask, Related searches"
so 4 enneagram,Informational,60,210,"0.23,0.23,0.06,0.09,0.15,0.09,0.15,0.23,0.19,0.15,0.81,1.00",3,0.00,0.33,"Sitelinks, AI Overview, Image pack, Video, Video carousel, People also ask, Related searches"
so1 enneagram,Informational,46,210,"0.15,0.12,0.09,0.09,0.09,0.12,0.12,0.19,0.09,0.36,0.66,1.00",4,0.00,0.33,"Sitelinks, AI Overview, Image pack, Video, Video carousel, People also ask, Related searches"
so6 enneagram,Informational,49,210,"0.00,0.00,0.07,0.00,0.07,0.09,0.07,0.07,0.21,0.26,1.00,0.72",17,0.00,0.33,"Sitelinks, AI Overview, Video, People also ask, Discussions and forums, Related searches, Things to know"
so9 enneagram,Informational,47,210,"0.05,0.03,0.03,0.01,0.10,0.01,0.08,0.08,0.13,0.24,1.00,0.67",15,0.00,0.33,"Sitelinks, AI Overview, Image pack, Video, Video carousel, People also ask, Discussions and forums, Related searches"
social 8,Informational,32,210,"1.00,0.53,0.81,0.66,0.66,0.66,0.53,0.34,0.66,0.44,0.66,0.53",6,0.00,0.33,"Sitelinks, Reviews, Video, Video carousel, People also ask, Knowledge panel, Related searches"
sp1 enneagram,Informational,51,210,"0.10,0.12,0.10,0.12,0.12,0.10,0.12,0.19,0.19,0.15,0.81,1.00",6,0.00,0.33,"Sitelinks, AI Overview, Video, Video carousel, People also ask, Related searches"
surrounded by idiots test,Informational,27,210,"0.53,1.00,0.53,0.80,1.00,0.80,0.80,0.80,0.80,0.80,0.65,0.53",12,0.74,0.60,"Reviews, Video, Video carousel, People also ask, Related searches, Ads top, Ads middle"
sx 1 enneagram,Informational,45,210,"0.08,0.06,0.08,0.15,0.11,0.18,0.18,0.18,0.28,0.35,1.00,1.00",1,0.00,0.33,"Sitelinks, AI Overview, Reviews, Video, Video carousel, People also ask, Related searches"
sx1 enneagram,Informational,43,210,"0.09,0.06,0.15,0.12,0.09,0.12,0.19,0.15,0.23,0.29,1.00,1.00",2,0.00,0.33,"Sitelinks, AI Overview, Image, Video, People also ask, Related searches"
the challenger enneagram,Informational,57,210,"0.80,0.65,0.80,0.80,0.80,0.80,1.00,0.53,0.65,0.65,0.65,0.80",15,0.51,0.04,"AI Overview, Reviews, Image pack, Video, Video carousel, People also ask, Related searches, Things to know"
the loyalist enneagram,Informational,59,210,"0.66,0.81,0.81,1.00,0.81,0.66,0.66,0.53,0.81,0.66,0.66,0.66",18,0.27,0.06,"Sitelinks, AI Overview, Reviews, Image pack, Video, Video carousel, People also ask, Discussions and forums, Related searches"
type 4 personality,Informational,46,210,"1.00,0.42,0.83,1.00,0.42,0.67,0.67,0.33,1.00,0.67,0.42,0.54",28,0.84,0.03,"Sitelinks, AI Overview, Reviews, Video, Video carousel, People also ask, Discussions and forums, Related searches"
type 5 personality,Informational,54,210,"0.80,0.67,0.43,0.67,1.00,0.17,0.17,0.43,0.33,0.80,0.80,0.10",24,0.63,0.08,"Sitelinks, AI Overview, Reviews, Video, People also ask, Related searches"
type 6 personality,Informational,52,210,"0.54,0.43,0.43,0.67,0.67,0.54,0.54,0.35,0.54,1.00,0.81,0.67",25,0.78,0.03,"AI Overview, Reviews, Image pack, Video, Video carousel, People also ask, Related searches"
type 9 personality,Informational,56,210,"1.00,0.62,0.62,0.85,0.85,0.62,1.00,0.62,0.54,0.85,0.54,1.00",29,0.58,0.18,"AI Overview, Reviews, Image pack, Video, Video carousel, People also ask, Related searches"
type a and b personality test,Commercial,38,210,"0.19,0.30,1.00,0.30,0.14,0.35,0.08,0.54,0.19,0.08,0.19,0.30",27,0.46,0.50,"Reviews, Video, Video carousel, Related searches"
type seven,Informational,50,210,"0.82,0.65,0.21,0.82,0.44,0.82,1.00,0.65,0.82,0.44,0.65,0.82",30,0.74,0.01,"Sitelinks, AI Overview, Image, Image pack, Video, People also ask, Related searches"
type three enneagram,Informational,67,210,"1.00,0.21,0.54,0.29,0.13,0.13,0.08,0.17,0.17,0.13,0.21,0.33",23,0.60,0.02,"Sitelinks, AI Overview, Image pack, Video, People also ask, Related searches"
types of enneagram,Informational,68,210,"0.57,0.71,0.71,0.71,0.71,0.71,0.71,0.71,1.00,0.71,1.00,0.71",33,0.29,0.19,"AI Overview, Video, Video carousel, People also ask, Related searches, Ads bottom, Ads middle"
visual enneagram,Informational,54,210,"1.00,0.81,1.00,1.00,0.81,0.81,0.54,0.65,0.65,0.54,0.54,0.54",18,1.31,0.99,"Sitelinks, AI Overview, Reviews, Image, Image pack, Video, Video carousel, People also ask, Related searches"
what are enneagram wings,Informational,58,210,"0.65,0.53,0.80,0.65,0.65,0.65,0.65,0.65,1.00,0.80,0.80,0.80",19,1.03,0.02,"Sitelinks, AI Overview, Image pack, Video, Video carousel, Short videos, People also ask, Related searches"
what do the letters mean in myers briggs,Informational,41,210,"0.35,0.53,0.35,0.53,0.53,0.82,0.35,0.53,1.00,0.66,0.53,0.66",24,0.89,0.02,"Sitelinks, AI Overview, Video, People also ask, Related searches, Ads bottom"
what is an esfp,Informational,38,210,"0.64,0.81,1.00,0.64,0.64,0.64,0.81,1.00,1.00,0.81,1.00,0.81",29,0.00,0.33,"Sitelinks, AI Overview, Video, Video carousel, Short videos, People also ask, Related searches"
what is an intj personality,Informational,43,210,"0.22,0.22,0.35,0.54,1.00,0.22,0.22,0.29,0.66,0.66,0.22,0.22",25,0.43,0.07,"Sitelinks, AI Overview, Reviews, Image, Video, Video carousel, People also ask"
what is an intj personality profile,Informational,43,210,"0.00,0.00,0.00,0.00,0.00,0.00,0.00,0.00,1.00,1.00,0.00,0.00",26,0.34,0.12,"Sitelinks, AI Overview, Reviews, Video, People also ask, Related searches"
what is entj personality,Informational,45,210,"0.65,0.65,0.81,0.65,1.00,1.00,1.00,1.00,1.00,1.00,1.00,1.00",27,0.38,0.06,"Sitelinks, AI Overview, Video, People also ask, Related searches"
what is intp personality type,Informational,40,210,"0.67,0.67,0.53,0.53,0.53,0.67,1.00,0.67,0.81,0.67,0.81,1.00",33,0.25,0.15,"Sitelinks, AI Overview, Video, People also ask, Related searches"
what is the isfj personality type,Informational,42,210,"0.53,0.28,0.34,0.65,0.34,0.81,0.81,0.81,0.81,0.81,1.00,0.81",31,0.28,0.06,"Sitelinks, AI Overview, Reviews, Video, Video carousel, Short videos, People also ask, Related searches"
what is the most common mbti,Informational,45,210,"0.65,0.53,0.80,0.80,0.80,0.80,0.65,0.65,0.80,0.80,1.00,0.80",16,0.00,0.33,"Sitelinks, AI Overview, Reviews, Video, Video carousel, People also ask, Related searches"
what is the rarest type of personality,Informational,58,210,"1.00,1.00,0.05,0.00,0.00,0.00,0.00,0.00,0.11,0.00,0.00,0.00",29,0.55,0.01,"Sitelinks, AI Overview, Image, Image pack, Video, People also ask, Related searches"
what is your type quiz,Informational,37,210,"1.00,0.67,0.33,0.54,0.42,0.42,0.17,0.13,0.42,0.67,0.54,0.54",23,0.64,0.02,"Video, Related searches"
what's intj,Informational,37,210,"0.10,0.10,0.06,0.24,0.10,0.10,0.00,0.00,1.00,0.24,0.00,0.00",34,0.50,0.03,"Sitelinks, AI Overview, Video, Video carousel, People also ask, Related searches"
what's the rare personality type,Informational,58,210,"0.29,0.23,0.09,0.00,0.00,0.23,0.00,0.00,0.66,0.00,1.00,0.81",31,0.00,0.01,"Featured snippet, Sitelinks, Image, Image pack, Video, Video carousel, Short videos, People also ask, Related searches"
whats enfp,Informational,45,210,"0.29,0.04,0.06,0.36,0.06,0.06,0.81,0.66,0.00,0.01,0.00,1.00",30,0.37,0.02,"Sitelinks, AI Overview, Reviews, Image pack, Video, Video carousel, Short videos, People also ask, Related searches"
where to find enfp women,Informational,44,210,"1.00,0.00,0.00,0.00,0.00,0.00,0.00,0.00,0.00,0.00",15,0.00,0.00,"Sitelinks, AI Overview, Video, People also ask, Related searches"
which personality type is the rarest,Informational,58,210,"0.66,0.52,0.66,0.66,0.66,1.00,0.66,0.43,0.82,0.82,0.82,0.66",25,0.00,0.01,"Sitelinks, AI Overview, Video, People also ask, Related searches"
who u are quiz,Informational,33,210,"0.65,0.65,0.34,0.26,0.53,0.80,1.00,1.00,1.00,0.80,1.00,1.00",33,0.31,0.08,"Reviews, Video, Related searches"
wings enneagram,Informational,55,210,"0.03,0.44,0.19,0.24,0.19,0.30,0.30,0.05,0.06,1.00,0.06,0.44",17,0.83,0.02,"Sitelinks, AI Overview, Video, Video carousel, People also ask, Related searches"
your type quiz,Informational,36,210,"0.80,0.80,0.80,0.80,0.65,0.80,0.80,0.80,1.00,0.80,1.00,0.80",32,0.00,0.02,"Video, Video carousel, Related searches"
主人公,Informational,27,210,"1.00,0.80,1.00,1.00,0.80,0.80,0.65,1.00,0.80,0.54,0.65,1.00",34,0.00,0.33,"Sitelinks, AI Overview, Image, People also ask, Related searches"
主人公 mbti,Informational,32,210,"0.34,0.28,0.53,1.00,1.00,0.81,0.81,0.65,0.65,0.65,0.81,0.65",27,0.00,0.33,"AI Overview, Image pack, Video, People also ask, Related searches"
人格 测试,Informational,40,210,"0.15,0.35,0.05,0.10,0.80,0.00,0.00,0.20,1.00,0.55,0.80,0.00",33,0.69,0.31,"Reviews, Video, Video carousel, Related searches"
1 w 2,Informational,40,170,"0.38,0.15,0.15,0.62,1.00,0.77,0.54,0.31,0.54,0.38,0.31,0.15",14,0.00,0.01,"Sitelinks, Reviews, Image, Video, Video carousel, Short videos, People also ask, Related searches"
1w2 vs 1w9,"Informational, Commercial",36,170,"0.82,0.66,0.66,1.00,0.66,0.82,0.66,0.52,1.00,0.66,0.82,1.00",7,0.00,0.33,"Sitelinks, AI Overview, Image pack, Video, Video carousel, People also ask, Related searches"
2 and 8,Informational,37,170,"0.65,0.42,0.80,0.65,0.80,0.53,0.53,1.00,0.53,0.42,0.80,1.00",13,0.00,0.33,"Sitelinks, Instant answer, Image pack, Video, Video carousel, People also ask, Related searches"
3 wing 2 enneagram,Informational,62,170,"0.42,0.42,0.81,0.53,0.53,0.64,0.64,0.53,1.00,0.64,0.64,0.64",22,0.00,0.33,"Sitelinks, AI Overview, Video, Video carousel, People also ask, Related searches"
3w4 vs 3w2,"Informational, Commercial",35,170,"0.54,0.29,0.22,0.18,0.18,0.22,0.54,0.18,0.54,0.43,0.54,1.00",15,0.00,0.33,"Sitelinks, AI Overview, Image pack, Video, Video carousel, People also ask, Related searches"
4 colors personality test,Informational,37,170,"0.66,1.00,0.66,0.79,0.79,0.79,0.66,0.41,0.79,0.66,0.41,0.52",19,0.70,0.17,"Sitelinks, AI Overview, Reviews, Video, People also ask, Related searches"
4 enneagram type,Informational,62,170,"0.53,0.53,0.44,0.81,0.81,0.28,0.34,0.28,0.44,0.34,1.00,0.44",25,0.41,0.03,"AI Overview, Reviews, Image pack, Video, Video carousel, People also ask, Discussions and forums, Related searches"
4 wing 5,Informational,45,170,"0.52,0.52,0.43,0.52,0.43,1.00,0.66,0.66,0.52,0.43,0.66,0.52",29,0.00,0.01,"Sitelinks, AI Overview, Image pack, Video, Video carousel, People also ask, Discussions and forums, Related searches, Things to know"
4w5 vs 4w3,"Informational, Commercial",33,170,"0.75,0.75,0.75,0.50,0.75,0.75,0.50,0.50,0.75,0.75,1.00,1.00",17,0.00,0.33,"Sitelinks, AI Overview, Video, People also ask, Related searches"
4w5 vs 5w4,Informational,37,170,"1.00,0.81,1.00,1.00,0.81,0.81,0.81,0.81,0.81,0.81,1.00,1.00",18,0.00,0.33,"Sitelinks, AI Overview, Reviews, Image, Image pack, Video, Video carousel, People also ask, Related searches"
5w6 vs 5w4,Informational,35,170,"0.65,0.65,0.80,0.65,0.65,0.65,0.65,0.54,0.80,0.65,0.80,1.00",28,0.00,0.33,"Sitelinks, AI Overview, Image, Image pack, Video, People also ask, Related searches"
7 wing 8,Informational,47,170,"1.00,0.66,0.66,0.79,0.66,0.66,0.66,0.41,0.66,0.41,0.34,0.52",26,0.69,0.02,"Sitelinks, AI Overview, Image pack, Video, Video carousel, People also ask, Related searches"
8 wing 7,Informational,46,170,"0.81,0.65,1.00,0.81,0.54,0.65,0.65,0.54,0.42,0.54,0.42,0.42",19,0.66,0.01,"Sitelinks, AI Overview, Image, Video, People also ask, Discussions and forums, Related searches"
active personality,Informational,32,170,"0.28,0.17,0.17,0.82,0.53,0.66,0.66,0.53,0.66,0.66,0.53,1.00",15,0.00,0.33,"Sitelinks, AI Overview, Video, People also ask, Related searches"
am i type a or b personality test,Informational,39,170,"0.65,0.53,0.34,0.26,0.42,0.65,1.00,1.00,1.00,0.80,1.00,1.00",28,0.33,0.55,"Reviews, Video, Discussions and forums, Related searches, Ads bottom"
am i type a or type b personality quiz,Commercial,34,170,"0.65,0.53,0.42,0.26,0.42,0.65,1.00,0.34,1.00,0.80,1.00,0.34",24,0.33,0.55,"Reviews, Video, Related searches, Ads top, Ads bottom"
best careers for entp,Commercial,34,170,"0.81,0.66,0.81,1.00,0.81,0.66,0.66,0.66,0.66,0.66,0.81,0.66",28,0.00,0.01,"Sitelinks, AI Overview, Video, Video carousel, People also ask, Discussions and forums, Related searches"
books about enneagram,Informational,53,170,"0.00,0.00,0.00,0.08,0.00,0.00,0.77,1.00,0.00,0.00,0.00,0.00",17,0.21,1.00,"Sitelinks, AI Overview, Image pack, Video, People also ask, Discussions and forums, Related searches"
can your mbti change,Informational,37,170,"0.82,1.00,1.00,0.82,0.66,0.66,1.00,0.66,0.66,0.52,0.66,0.82",22,0.00,0.33,"Sitelinks, AI Overview, Video, People also ask, Related searches"
careers for esfj,Commercial,35,170,"0.08,0.42,0.14,1.00,0.33,0.19,0.14,0.08,0.03,0.81,0.03,0.42",25,0.00,0.33,"Sitelinks, AI Overview, Video, People also ask, Discussions and forums, Related searches"
carl jung mbti type,Informational,33,170,"0.65,0.43,0.21,1.00,0.28,1.00,0.65,0.81,0.34,0.28,0.43,0.34",10,1.28,0.01,"Sitelinks, AI Overview, Reviews, Image pack, Video, Video carousel, People also ask, Related searches"
celebrities with intj,Informational,33,170,"1.00,0.12,0.16,0.07,0.01,0.00,0.00,0.00,0.12,0.01,0.01,0.01",5,0.02,0.01,"Sitelinks, AI Overview, Video, Video carousel, People also ask, Discussions and forums, Related searches"
celebrity myers briggs,Informational,38,170,"0.43,0.43,1.00,0.35,0.35,0.23,0.35,0.43,0.43,0.28,0.28,0.53",13,0.00,0.33,"Sitelinks, AI Overview, Image pack, Video, People also ask, Related searches"
character quix,Informational,31,170,"0.00,1.00,0.00,0.00,0.00,0.16,0.00,0.00,0.00,0.00,0.00,0.00",22,0.85,0.01,"Sitelinks, Video, Related searches"
characters test,Commercial,37,170,"0.06,0.67,0.06,0.05,0.06,0.09,0.09,0.19,1.00,0.23,0.19,0.19",30,0.60,0.06,"Sitelinks, Video, Related searches"
characters with enfp personality,Informational,41,170,"0.52,0.43,0.52,0.81,0.67,1.00,0.81,0.67,1.00,0.81,0.81,0.81",19,0.00,0.33,"Sitelinks, Image, Video, People also ask, Related searches"
childhood wounds,Informational,49,170,"1.00,1.00,0.81,1.00,1.00,0.64,0.81,0.81,1.00,0.81,1.00,0.81",11,1.38,0.04,"Sitelinks, AI Overview, Image, Video, People also ask, Related searches"
cognitive functions mbti test,Commercial,36,170,"0.42,0.09,0.67,0.53,0.53,0.82,0.53,0.35,1.00,0.67,0.42,0.27",16,0.48,0.23,"Sitelinks, Video, Related searches"
debater personality,Informational,35,170,"0.30,1.00,0.65,0.80,1.00,0.80,0.65,0.05,0.65,0.80,0.80,1.00",18,0.00,0.33,"Sitelinks, AI Overview, Video, Video carousel, Short videos, People also ask, Discussions and forums, Related searches"
discovering your personality type,Informational,45,170,"1.00,1.00,0.81,0.81,0.81,0.81,0.66,0.81,1.00,0.66,1.00,0.81",22,1.07,0.71,"Sitelinks, AI Overview, Image pack, Video, Video carousel, People also ask, Knowledge panel, Discussions and forums"
dispatch mbti,Informational,45,170,"0.00,0.00,0.00,0.00,0.00,0.16,1.00,0.30,0.13,0.08,0.05,0.10",9,0.00,0.33,"Sitelinks, Image pack, People also ask, Related searches"
driver personality type,Informational,33,170,"0.81,0.43,0.81,1.00,1.00,1.00,0.66,0.66,0.66,0.81,0.81,1.00",17,0.00,0.33,"AI Overview, Image pack, Video, Video carousel, People also ask, Related searches"
eenegram types,Informational,55,170,"0.00,0.00,0.00,1.00,0.00,0.00,0.00,0.00,0.00,0.00,0.00,0.00",29,0.32,0.26,"Sitelinks, Image, Image pack, Video, Short videos, People also ask, Knowledge panel, Related searches, Ads top, Ads bottom"
eifp,Informational,36,170,"0.00,0.00,0.04,1.00,0.00,0.00,0.00,0.00,0.00,0.08,0.10,0.00",16,0.23,0.01,"AI Overview, Image pack, Video, People also ask, Related searches"
eneagram 2,Informational,56,170,"0.67,1.00,0.14,0.56,0.00,0.06,0.56,0.14,0.00,0.06,0.08,0.14",29,0.50,0.03,"AI Overview, Reviews, Image pack, Video, Video carousel, People also ask, Related searches, Things to know"
eneagrama de la personalidad,Informational,49,170,"1.00,0.54,0.22,0.22,0.22,0.19,0.14,0.14,0.22,0.19,0.43,0.22",15,0.86,0.39,"Sitelinks, AI Overview, Reviews, Image pack, Video, Video carousel, People also ask"
eneagrama que es,Informational,44,170,"0.65,0.82,0.65,1.00,0.65,0.65,0.44,0.33,0.53,0.44,0.44,0.44",19,0.71,0.19,"Sitelinks, AI Overview, Reviews, Image pack, Video, Video carousel, People also ask, Related searches"
enegram 1,Informational,60,170,"0.32,0.14,0.14,0.14,1.00,0.00,0.00,0.00,0.00,0.00,0.09,0.45",26,0.43,0.06,"Image pack, Video, People also ask"
enegram 2,Informational,55,170,"1.00,0.25,0.10,0.25,0.50,0.00,0.00,0.10,0.00,0.05,0.05,0.10",29,0.50,0.03,"AI Overview, Reviews, Image pack, Video, Video carousel, People also ask, Related searches, Things to know"
enfj and entj,Informational,44,170,"0.65,0.53,0.35,1.00,0.80,0.53,0.65,0.53,0.80,0.65,0.53,0.53",14,0.00,0.33,"Sitelinks, AI Overview, Reviews, Image pack, Video, Video carousel, People also ask, Related searches"
enfj enneagram,Informational,52,170,"0.79,0.79,1.00,1.00,0.66,0.66,0.79,0.66,1.00,1.00,0.79,0.66",14,0.57,0.01,"Sitelinks, AI Overview, Image pack, Video, People also ask, Related searches"
enfj functions,Informational,42,170,"0.83,0.83,1.00,0.83,0.83,0.83,0.65,0.52,0.83,0.65,0.83,0.65",17,0.00,0.33,"Sitelinks, AI Overview, Video, Video carousel, People also ask, Related searches"
enfj personality type characters,Informational,43,170,"0.81,0.53,0.66,0.81,1.00,0.53,0.66,1.00,1.00,0.81,0.81,1.00",18,0.00,0.01,"Sitelinks, AI Overview, Image, Image pack, Video, People also ask, Related searches"
enfj rarity,Informational,44,170,"1.00,0.81,1.00,1.00,1.00,1.00,1.00,1.00,1.00,0.53,0.66,0.66",19,0.00,0.33,"Sitelinks, AI Overview, Reviews, Image, Video, Video carousel, People also ask, Related searches"
enfj women,Informational,41,170,"0.82,0.82,0.82,1.00,0.66,0.82,1.00,0.82,1.00,0.52,0.66,1.00",10,0.00,0.33,"Sitelinks, AI Overview, Video, People also ask, Related searches"
enfj-a career,"Informational, Commercial",44,170,"0.00,0.00,0.00,0.00,0.00,0.16,0.00,0.04,0.00,1.00,0.10,1.00",22,0.43,0.01,"Sitelinks, AI Overview, Video, Video carousel, People also ask, Discussions and forums, Related searches"
enfp a relationships,Informational,44,170,"0.81,0.53,0.53,0.81,1.00,0.81,0.66,1.00,0.81,0.81,0.81,0.81",11,0.00,0.33,"Sitelinks, AI Overview, Video, People also ask, Discussions and forums, Related searches"
enfp and enfp relationships,Informational,43,170,"0.80,0.65,0.53,0.42,0.80,0.65,1.00,0.65,0.80,0.80,0.80,0.80",24,0.00,0.33,"Sitelinks, AI Overview, Video, People also ask, Discussions and forums, Related searches"
enfp character,Informational,44,170,"0.00,0.00,0.15,0.00,0.00,0.23,0.00,0.00,1.00,0.00,0.31,0.38",24,0.00,0.33,"Sitelinks, Image pack, Video, People also ask, Related searches"
enfp compatibility chart,Informational,44,170,"1.00,0.79,0.79,0.79,0.66,0.52,0.52,0.52,0.66,0.66,0.66,0.52",23,0.00,0.33,"Sitelinks, Image pack, Video, People also ask, Related searches"
enfp enfj compatibility,Informational,41,170,"0.52,0.43,0.52,0.43,0.52,1.00,0.52,0.43,0.52,0.43,0.65,0.65",14,0.00,0.33,"Sitelinks, AI Overview, Image pack, Video, Video carousel, People also ask, Related searches"
enfp famous,Informational,39,170,"0.33,0.26,0.54,0.80,0.65,0.65,0.65,0.80,1.00,0.80,0.65,0.80",23,0.00,0.33,"Sitelinks, AI Overview, Reviews, Video, People also ask, Related searches"
enfp infj compatibility,Informational,41,170,"0.80,1.00,1.00,0.66,1.00,1.00,0.80,0.66,0.80,0.66,0.80,1.00",24,0.00,0.33,"Sitelinks, AI Overview, Image pack, Video, People also ask, Related searches"
enfp infp compatibility,Informational,44,170,"0.66,1.00,1.00,1.00,0.81,0.66,1.00,0.66,0.81,0.81,0.66,0.66",10,0.00,0.33,"Sitelinks, AI Overview, Reviews, Video, People also ask, Related searches"
enfp personality characters,Informational,42,170,"0.52,0.42,0.66,1.00,0.66,1.00,0.80,0.80,0.80,0.80,0.80,0.80",26,0.00,0.33,"Sitelinks, Image pack, Video, Video carousel, People also ask, Related searches"
enfp stands for,Informational,40,170,"1.00,1.00,1.00,0.82,1.00,1.00,0.52,0.66,1.00,0.66,0.82,0.82",32,0.00,0.01,"Sitelinks, AI Overview, Image pack, Video, People also ask, Related searches"
enfp women,Informational,40,170,"0.81,0.81,0.81,0.81,0.67,1.00,1.00,0.81,0.81,0.81,0.67,1.00",23,0.00,0.33,"Sitelinks, AI Overview, Video, Video carousel, People also ask, Related searches"
enftp,"Informational, Commercial",38,170,"0.00,0.00,0.54,0.00,0.44,0.00,0.00,0.00,0.00,0.54,1.00,0.00",34,0.23,0.01,"AI Overview, Reviews, Image pack, Video, Video carousel, People also ask, Related searches, Things to know"
engineer personality type,Informational,42,170,"0.81,0.66,0.81,1.00,1.00,0.66,0.81,0.66,0.66,0.66,0.66,0.53",24,0.00,0.33,"Sitelinks, AI Overview, Image pack, Video, Video carousel, People also ask, Related searches"
enjt,Informational,44,170,"0.04,0.43,0.18,0.43,0.34,0.00,1.00,0.66,0.00,0.00,0.01,0.00",24,0.00,0.33,"AI Overview, Image pack, Video, People also ask, Related searches"
ennaegram 6,Informational,62,170,"0.00,0.00,0.00,1.00,0.00,0.00,0.00,0.00,0.00,0.00,0.00,0.00",25,0.30,0.02,"AI Overview, Image pack, Video, Video carousel, People also ask, Related searches"
ennagram 8,Informational,55,170,"0.63,0.25,0.50,0.25,0.19,0.00,0.00,0.00,1.00,0.06,0.13,0.00",21,0.39,0.07,"Sitelinks, AI Overview, Video, People also ask, Related searches, Things to know"
ennea minus one crossword clue,Informational,46,170,"1.00,0.00,0.00,0.00,0.00,0.00,0.00,0.00,0.00,0.00,0.00,0.00",8,0.00,0.33,"AI Overview, Related searches"
enneagram 1 in stress,Informational,57,170,"0.79,0.66,0.79,0.79,0.79,1.00,1.00,0.79,1.00,0.66,0.66,0.79",17,0.00,0.33,"Sitelinks, AI Overview, Reviews, Video, Video carousel, People also ask, Related searches"
enneagram 2 and 6 compatibility,Informational,57,170,"0.00,0.00,0.00,0.00,0.00,0.00,0.00,0.01,1.00,0.00,0.00,0.00",15,0.00,0.00,"Sitelinks, AI Overview, Video, Video carousel, People also ask, Discussions and forums, Related searches"
enneagram 3 in stress,Informational,58,170,"0.52,0.66,0.79,1.00,1.00,1.00,0.79,0.66,0.66,0.79,0.79,0.52",16,0.00,0.33,"Sitelinks, AI Overview, Reviews, Image pack, Video, Video carousel, People also ask, Discussions and forums, Related searches"
enneagram 3 w 4,Informational,60,170,"0.80,0.80,1.00,0.41,0.64,0.80,0.25,0.80,0.25,0.64,0.80,0.64",15,0.00,0.01,"Sitelinks, AI Overview, Image, Image pack, Video, People also ask, Related searches"
enneagram 4 w 3,Informational,62,170,"0.80,0.80,0.64,1.00,1.00,1.00,0.18,0.11,0.52,0.80,0.02,1.00",21,0.78,0.01,"Sitelinks, AI Overview, Image, Image pack, Video, Video carousel, People also ask, Related searches"
enneagram 6 subtypes,Informational,59,170,"0.42,0.53,0.80,0.65,0.53,0.53,0.65,0.80,0.80,0.53,0.80,1.00",6,0.00,0.33,"Sitelinks, AI Overview, Image, Video, Video carousel, People also ask, Related searches"
enneagram 6 w 5,Informational,59,170,"1.00,0.53,0.67,0.33,0.00,0.80,0.03,0.03,0.80,0.00,0.00,0.00",26,0.42,0.33,"Sitelinks, AI Overview, Image pack, Video, Video carousel, Short videos, People also ask"
enneagram 7 with an 8 wing,Informational,61,170,"1.00,0.29,0.81,0.54,0.05,0.01,0.00,0.02,0.00,0.00,0.00,0.00",21,0.19,0.01,"Sitelinks, AI Overview, Video, Video carousel, People also ask, Related searches"
enneagram 8 in stress,Informational,55,170,"0.67,0.51,0.81,1.00,0.81,1.00,1.00,0.81,1.00,0.51,1.00,0.67",8,0.03,0.02,"Sitelinks, AI Overview, Reviews, Video, People also ask, Related searches"
enneagram 9 in stress,Informational,53,170,"0.52,0.52,0.66,0.79,0.79,0.66,1.00,0.79,0.66,0.52,1.00,0.79",12,0.00,0.33,"Sitelinks, AI Overview, Reviews, Image pack, Video, Video carousel, People also ask, Discussions and forums, Related searches"
enneagram 9 subtypes,Informational,57,170,"0.42,0.65,0.53,0.53,0.53,0.42,0.65,0.65,0.65,0.65,1.00,0.80",14,0.00,0.33,"Sitelinks, AI Overview, Image pack, Video, People also ask, Related searches"
enneagram 9 types of personality,Informational,65,170,"1.00,0.66,0.80,0.33,0.66,0.80,1.00,0.66,1.00,0.52,0.80,0.80",21,0.63,0.21,"Sitelinks, AI Overview, Reviews, Video, People also ask, Related searches"
enneagram 9 wings,Informational,62,170,"1.00,0.67,1.00,0.81,1.00,1.00,0.51,0.67,0.81,0.67,0.67,0.81",23,0.00,0.01,"Sitelinks, AI Overview, Video, People also ask, Related searches"
enneagram all types,Informational,66,170,"0.43,0.18,0.18,0.22,0.18,0.18,0.43,0.18,0.29,0.18,1.00,0.35",31,1.00,0.08,"AI Overview, Image pack, Video, Short videos, People also ask, Related searches"
enneagram and mbti correlation,Informational,48,170,"0.80,0.52,1.00,0.80,0.80,0.80,0.66,1.00,1.00,0.66,0.80,0.66",15,0.00,0.33,"Sitelinks, AI Overview, Video, Video carousel, Discussions and forums, Related searches"
enneagram characters,Informational,56,170,"0.29,0.18,0.44,0.44,0.35,0.23,0.23,0.18,0.35,0.23,1.00,0.55",14,0.31,0.01,"Sitelinks, AI Overview, Image, Image pack, Video, Video carousel, People also ask, Related searches"
enneagram childhood wounds,Informational,49,170,"0.80,0.66,1.00,0.80,0.80,0.80,0.66,0.66,0.80,0.66,0.80,0.66",6,0.00,0.33,"Sitelinks, AI Overview, Image, Image pack, People also ask, Related searches"
enneagram christian,Informational,47,170,"1.00,0.66,0.66,1.00,0.79,1.00,0.79,0.52,0.66,0.66,0.66,0.66",16,0.44,0.08,"Sitelinks, AI Overview, Video, Video carousel, People also ask, Related searches, Ads middle"
enneagram fictional characters,Informational,49,170,"0.35,0.35,0.35,0.28,0.35,0.35,0.23,0.17,0.43,0.28,1.00,0.82",10,0.21,0.03,"Sitelinks, AI Overview, Image, Video, Discussions and forums, Related searches"
enneagram helper,Informational,61,170,"0.81,0.51,1.00,0.81,0.81,0.67,0.81,0.67,0.81,0.81,0.67,0.81",16,0.48,0.05,"Sitelinks, AI Overview, Reviews, Image pack, Video, People also ask, Related searches, Ads top, Ads bottom"
enneagram investigator,Informational,55,170,"0.80,0.51,0.80,1.00,1.00,1.00,0.66,0.43,0.80,0.66,0.80,0.66",14,0.47,0.04,"AI Overview, Reviews, Image pack, Video, Video carousel, People also ask, Related searches, Things to know"
enneagram memes,Informational,49,170,"0.65,0.65,0.80,1.00,0.80,0.65,0.65,0.50,0.50,0.40,0.50,0.50",27,0.00,0.33,"Sitelinks, Image, Image pack, Video, People also ask, Related searches"
enneagram names,Informational,66,170,"0.66,0.81,0.81,0.81,0.81,1.00,0.66,0.53,0.66,0.66,0.66,0.81",33,0.40,0.11,"Sitelinks, AI Overview, Reviews, Image, Video, Video carousel, People also ask, Related searches, Ads bottom, Ads middle"
enneagram number 2,Informational,62,170,"0.43,0.34,0.43,1.00,0.65,0.43,0.34,0.34,0.53,0.43,0.43,0.34",23,0.35,0.08,"AI Overview, Reviews, Image pack, Video, People also ask, Related searches"
enneagram number 8,Informational,59,170,"0.42,0.42,0.53,1.00,0.80,0.80,0.53,0.53,0.80,0.65,0.53,0.42",20,0.36,0.13,"AI Overview, Reviews, Image pack, Video, Video carousel, People also ask, Related searches"
enneagram numbers meaning,Informational,67,170,"0.54,0.42,0.67,0.42,0.21,0.67,0.67,0.67,0.00,0.54,1.00,1.00",25,0.27,0.24,"Sitelinks, AI Overview, Image pack, Video, Video carousel, People also ask, Discussions and forums, Related searches"
enneagram origins,Informational,58,170,"0.04,0.35,0.44,0.29,0.67,0.44,0.29,0.19,0.00,0.67,0.35,1.00",21,0.11,0.01,"Sitelinks, AI Overview, Video, People also ask, Related searches"
enneagram personality type 9,Informational,64,170,"0.65,0.42,0.80,0.65,0.65,1.00,0.19,0.42,0.80,0.65,0.42,0.53",28,0.59,0.23,"Image pack, Video, People also ask, Related searches"
enneagram reformer,Informational,56,170,"0.65,0.65,0.65,0.80,0.80,1.00,0.65,0.41,0.65,0.54,0.80,0.80",14,0.63,0.03,"Sitelinks, Image pack, Video, Video carousel, People also ask, Discussions and forums, Related searches, Ads top, Ads bottom"
enneagram summary,Informational,66,170,"0.80,0.65,1.00,0.80,0.54,0.65,0.80,0.54,0.65,0.65,0.65,0.41",32,0.12,0.17,"Sitelinks, Image pack, Video, Video carousel, People also ask, Related searches, Ads top, Ads bottom"
enneagram the challenger,Informational,58,170,"0.53,0.53,0.80,0.42,0.35,0.53,0.35,0.53,1.00,0.65,0.80,1.00",17,0.48,0.04,"Sitelinks, Image pack, Video, People also ask, Related searches, Ads top, Ads bottom"
enneagram type 4 wing 5,Informational,61,170,"0.81,0.64,0.81,0.53,0.53,0.53,0.64,0.53,0.64,0.64,0.64,1.00",21,0.55,0.01,"Sitelinks, AI Overview, Video, Video carousel, Short videos, People also ask, Discussions and forums, Related searches"
enneagram type 5 wing 4,Informational,61,170,"0.65,0.53,0.65,0.53,0.53,0.53,0.80,0.53,0.65,0.65,0.65,1.00",24,0.00,0.33,"Sitelinks, AI Overview, Video, People also ask, Discussions and forums"
enneagram type 9 personality,Informational,65,170,"0.65,0.65,0.80,0.80,0.80,1.00,0.80,0.53,0.80,0.42,0.53,0.53",31,0.80,0.33,"Sitelinks, AI Overview, Video, Video carousel, People also ask, Related searches, Ads bottom"
enneagram type one,Informational,66,170,"0.28,0.54,0.23,0.44,0.28,0.28,0.11,0.03,1.00,0.15,0.23,0.23",23,0.39,0.05,"AI Overview, Reviews, Image pack, Video, Video carousel, People also ask, Related searches, Ads top, Ads bottom"
enneagram vs myers briggs,Informational,54,170,"1.00,0.81,1.00,0.66,0.81,0.66,1.00,0.53,0.81,0.66,0.66,0.81",23,0.00,0.33,"Sitelinks, AI Overview, Reviews, Image pack, Video, Video carousel, People also ask, Related searches"
enneagrama 5,Informational,61,170,"0.00,1.00,0.00,0.00,0.00,0.00,0.00,0.00,0.00,0.00,0.00,0.00",30,0.23,0.04,"Sitelinks, AI Overview, Video, Video carousel, People also ask, Discussions and forums, Related searches"
ennegaram 3,Informational,63,170,"0.00,0.00,0.00,1.00,0.00,0.00,0.00,0.00,0.00,0.16,0.00,0.00",24,0.35,0.02,"Sitelinks, AI Overview, Reviews, Image pack, Video, People also ask, Related searches, Things to know"
ennegram 2w3,Informational,62,170,"0.03,0.04,0.04,0.39,0.07,0.07,0.07,1.00,0.09,0.26,0.05,0.05",25,0.64,0.01,"Sitelinks, AI Overview, Image pack, Video, People also ask, Discussions and forums, Related searches"
ennegram 4w5,Informational,60,170,"0.13,0.81,0.09,0.81,0.04,0.19,0.22,0.13,0.19,0.07,0.28,1.00",27,0.53,0.01,"Sitelinks, AI Overview, Image pack, Video, Short videos, People also ask, Related searches, Things to know"
entertainer 16 personalities,Navigational,36,170,"0.34,0.42,0.42,1.00,0.65,0.80,0.53,0.42,0.65,0.65,0.53,0.42",33,0.01,0.03,"Image pack, Video, Video carousel, People also ask, Related searches"
entf personality type,Informational,43,170,"0.00,0.00,0.00,1.00,0.00,0.00,0.00,0.00,0.00,0.00,0.00,0.00",26,0.28,0.07,"Sitelinks, AI Overview, Reviews, Image pack, Video, People also ask, Discussions and forums, Related searches, Things to know"
entj -t,Informational,47,170,"0.00,0.00,0.00,0.00,0.00,0.00,0.00,0.00,0.00,0.00,1.00,0.00",7,0.00,0.33,"Video, People also ask, Related searches"
entj enneagram,Informational,57,170,"0.81,0.66,1.00,1.00,0.66,0.81,0.66,0.66,0.66,0.66,0.66,1.00",21,0.00,0.01,"Sitelinks, AI Overview, Image pack, Video, Video carousel, People also ask, Related searches"
entj female,Informational,40,170,"0.81,0.81,0.81,1.00,0.67,1.00,0.81,0.67,0.81,0.67,0.67,1.00",19,0.00,0.00,"Sitelinks, AI Overview, Image pack, Video, Video carousel, People also ask, Related searches"
entj infp,Informational,42,170,"0.81,1.00,0.81,0.81,0.67,0.81,0.67,0.81,1.00,0.42,0.67,0.81",7,0.00,0.33,"Sitelinks, AI Overview, Image pack, Video, Video carousel, People also ask, Related searches"
entj rarity,Informational,47,170,"1.00,0.66,0.81,0.66,0.66,1.00,0.66,0.81,0.66,0.53,0.66,0.81",21,0.00,0.33,"Sitelinks, AI Overview, Image pack, Video, People also ask, Related searches"
entj test,Informational,46,170,"0.66,1.00,0.82,0.66,0.66,0.82,0.82,0.52,0.66,0.66,0.82,0.66",15,0.60,0.59,"Sitelinks, Reviews, Video, Video carousel, People also ask, Related searches"
entj 성격,Informational,36,170,"1.00,1.00,1.00,0.82,1.00,0.82,1.00,0.82,0.82,0.82,0.82,0.82",16,0.00,0.33,"AI Overview, Image pack, Video, People also ask, Related searches"
entp a careers,Commercial,35,170,"0.19,1.00,0.12,0.19,0.00,0.00,0.36,0.00,0.00,0.00,0.00,0.00",25,0.49,0.00,"Sitelinks, AI Overview, Video, People also ask, Related searches"
entp enfj compatibility,Informational,42,170,"0.66,0.42,0.66,1.00,0.80,0.80,0.80,0.80,0.80,0.80,1.00,1.00",8,0.00,0.33,"Sitelinks, AI Overview, Reviews, Image, Image pack, Video, Video carousel, People also ask, Related searches"
entp enneagram,Informational,63,170,"0.80,0.80,1.00,0.65,0.80,0.80,0.54,0.65,0.80,0.65,0.41,0.80",5,0.57,0.03,"Sitelinks, AI Overview, Image pack, Video, People also ask, Related searches"
entp famous,Informational,39,170,"0.35,0.15,0.35,0.23,1.00,0.19,0.15,0.23,0.23,0.35,0.29,0.23",19,0.00,0.33,"Sitelinks, AI Overview, Image pack, Video, People also ask, Related searches"
entp occupations,Commercial,41,170,"0.83,1.00,0.17,0.14,0.36,0.36,0.22,0.14,0.17,0.22,0.28,0.17",23,1.20,0.33,"Sitelinks, AI Overview, Video, People also ask, Related searches"
esfj a careers,"Informational, Commercial",39,170,"0.44,0.23,0.18,0.54,0.28,0.44,0.18,0.06,1.00,0.66,0.66,0.54",22,0.43,0.01,"Sitelinks, AI Overview, Video, People also ask, Discussions and forums, Related searches"
esfj personality traits,Informational,41,170,"0.80,1.00,0.80,0.80,0.64,0.64,0.52,0.41,0.52,0.41,0.52,0.41",29,0.00,0.33,"Sitelinks, AI Overview, Reviews, Image pack, Video, People also ask, Discussions and forums, Related searches"
esfj strengths and weaknesses,Informational,39,170,"0.53,0.43,0.28,0.65,1.00,0.65,0.43,0.34,0.53,0.43,0.43,0.43",23,0.00,0.33,"AI Overview, Reviews, Image pack, Video, Video carousel, People also ask, Related searches"
esfj traits,Informational,43,170,"0.66,1.00,0.79,0.79,0.66,0.52,0.52,0.41,0.52,0.41,0.52,0.41",32,0.00,0.33,"Sitelinks, AI Overview, Video, People also ask, Discussions and forums, Related searches"
esfj weaknesses,Informational,41,170,"0.65,0.53,0.42,1.00,0.53,0.80,0.53,0.42,0.65,0.53,0.53,0.53",28,0.00,0.33,"Sitelinks, AI Overview, Image pack, Video, People also ask, Discussions and forums, Related searches"
esfjt,Informational,38,170,"0.00,1.00,0.00,0.00,0.00,0.00,0.00,0.00,0.00,0.01,0.03,0.25",27,0.04,0.33,"Sitelinks, AI Overview, Image pack, Video, Video carousel, People also ask, Related searches"
esfp and intj,Informational,38,170,"1.00,1.00,0.66,1.00,0.66,0.66,0.81,1.00,1.00,0.66,0.66,1.00",10,0.00,0.33,"Sitelinks, AI Overview, Video, People also ask, Related searches"
esfp strengths and weaknesses,Informational,38,170,"0.65,0.42,0.42,0.65,1.00,0.53,0.53,0.42,0.65,0.53,0.53,0.53",17,0.00,0.33,"AI Overview, Reviews, Image pack, Video, Video carousel, People also ask, Related searches"
estj functional stack,Informational,37,170,"0.82,0.82,1.00,0.82,0.66,0.82,0.82,0.82,0.82,0.52,0.66,0.66",20,0.00,0.33,"Sitelinks, AI Overview, Video, Video carousel, People also ask, Related searches"
estj traits,Informational,41,170,"1.00,1.00,0.81,0.81,0.81,0.67,0.67,0.51,0.51,0.67,0.51,0.51",21,0.00,0.01,"Sitelinks, AI Overview, Reviews, Image pack, Video, People also ask, Discussions and forums, Related searches"
expressive personality,Informational,35,170,"0.65,0.80,0.65,0.80,1.00,0.80,0.65,0.54,0.65,0.65,0.65,0.54",8,0.00,0.33,"Sitelinks, AI Overview, Reviews, Image pack, Video, Video carousel, People also ask, Discussions and forums, Related searches"
f mbti,Informational,36,170,"0.28,0.35,0.82,0.35,0.28,0.28,0.35,0.43,1.00,0.28,0.66,0.53",29,0.00,0.33,"Sitelinks, AI Overview, Image pack, Video, Video carousel, People also ask"
famous esfj,Informational,37,170,"0.64,0.52,0.52,1.00,0.80,0.52,0.52,0.52,0.64,0.52,0.52,0.41",17,0.00,0.33,"Sitelinks, AI Overview, Video, People also ask, Related searches"
famous estj,Informational,38,170,"1.00,1.00,1.00,1.00,1.00,0.66,0.80,0.80,0.80,0.80,0.51,0.51",19,0.00,0.33,"Sitelinks, AI Overview, Video, People also ask, Related searches"
famous people with esfp,Informational,38,170,"0.15,0.54,0.23,0.23,0.23,1.00,0.08,0.11,0.08,0.11,0.23,0.23",21,0.00,0.33,"AI Overview, Reviews, Video, People also ask, Related searches"
funky mbti,Informational,45,170,"0.80,0.53,0.53,0.53,0.53,0.42,1.00,1.00,0.53,0.53,0.53,0.65",6,0.00,0.33,"Sitelinks, Video, Related searches"
good careers for intj,Commercial,31,170,"0.28,0.17,0.28,0.43,0.23,0.82,0.35,0.35,0.35,0.53,1.00,0.66",24,0.38,0.03,"Sitelinks, AI Overview, Video, People also ask, Related searches"
got mbti,Informational,45,170,"0.52,0.79,0.66,0.79,0.52,0.52,1.00,0.79,0.66,0.52,0.79,0.52",28,0.00,0.33,"Sitelinks, AI Overview, Image pack, Video, People also ask"
harry potter's traits,Informational,48,170,"1.00,0.43,0.03,0.34,0.81,0.21,0.00,0.81,0.81,0.81,1.00,1.00",25,0.00,0.33,"Sitelinks, AI Overview, Image pack, Video, Video carousel, People also ask, Related searches"
helen palmer books,Informational,25,170,"0.53,0.65,0.65,0.53,0.35,0.65,0.65,1.00,0.53,0.80,1.00,0.53",13,0.19,0.18,"Sitelinks, AI Overview, Image, Video, People also ask, Knowledge panel, Discussions and forums, Related searches, Popular products"
history of enneagram,Informational,59,170,"0.12,0.23,0.43,0.35,0.53,0.66,0.28,0.43,0.28,1.00,0.66,0.43",26,0.11,0.01,"Sitelinks, AI Overview, Image, Video, People also ask, Related searches"
how can i describe my personality,Informational,35,170,"0.41,0.33,0.80,0.80,0.65,0.65,0.65,0.65,0.80,0.41,0.65,1.00",27,0.62,0.10,"Sitelinks, AI Overview, Reviews, Video, Video carousel, People also ask, Related searches, Ads bottom"
how i describe my personality,Informational,35,170,"0.65,0.65,0.65,0.53,0.80,0.65,0.80,0.65,1.00,0.80,1.00,1.00",23,0.60,0.16,"Sitelinks, AI Overview, Video, Video carousel, People also ask, Related searches"
humanmetrics myers briggs,"Navigational, Transactional",35,170,"0.53,0.66,0.81,1.00,0.66,1.00,0.66,0.53,0.81,1.00,0.53,0.43",27,1.06,0.05,"Sitelinks, Video, Related searches"
infj 1w9,Informational,49,170,"0.65,0.65,0.80,1.00,0.42,0.65,0.53,0.53,0.65,0.65,0.65,0.80",7,0.00,0.33,"Sitelinks, AI Overview, Image pack, Video, Video carousel, People also ask, Related searches"
infp 9w8,Informational,43,170,"0.82,0.82,1.00,1.00,0.82,0.82,0.82,0.66,1.00,0.66,0.82,0.66",6,0.00,0.33,"Sitelinks, Image, Image pack, People also ask, Related searches"
infp and enfj compatibility,Informational,44,170,"0.66,0.33,1.00,0.81,0.66,0.66,1.00,1.00,0.81,0.66,0.81,0.81",10,0.00,0.33,"Sitelinks, AI Overview, Image pack, Video, Video carousel, People also ask, Related searches"
infp career paths,Commercial,33,170,"0.50,0.19,0.31,0.81,1.00,0.63,0.50,0.50,0.81,1.00,0.63,0.50",32,0.24,0.01,"Sitelinks, AI Overview, Reviews, Video, People also ask, Discussions and forums, Related searches"
infp enfp compatibility,Informational,44,170,"0.80,1.00,0.80,1.00,0.80,0.66,0.80,0.66,0.80,0.80,0.80,0.80",7,0.00,0.33,"Sitelinks, AI Overview, Image pack, Video, Video carousel, People also ask, Related searches"
infp man,Informational,37,170,"0.22,0.17,0.81,0.67,1.00,0.17,0.22,0.27,0.22,0.67,0.27,0.43",21,0.00,0.33,"Sitelinks, AI Overview, Image pack, Video, Video carousel, People also ask, Related searches"
infp personality characteristics,Informational,38,170,"0.52,0.83,0.83,0.83,0.65,1.00,0.83,0.83,1.00,1.00,0.65,1.00",34,0.00,0.33,"Sitelinks, AI Overview, Reviews, Video, Video carousel, People also ask, Related searches"
infp t celebrities,Informational,34,170,"0.00,0.28,0.28,1.00,0.83,0.14,0.44,0.08,0.36,0.22,0.56,0.36",31,0.00,0.00,"Featured snippet, Sitelinks, Image pack, Video, People also ask, Related searches"
infp t jobs,"Informational, Commercial",31,170,"0.53,0.34,0.43,0.81,1.00,0.34,0.53,0.43,0.65,0.43,0.53,0.34",26,0.00,0.33,"Sitelinks, AI Overview, Video, Video carousel, People also ask, Related searches"
insights personality test free,Informational,35,170,"1.00,1.00,1.00,1.00,0.80,1.00,1.00,0.53,0.11,0.19,0.11,0.11",26,1.08,0.59,"AI Overview, Video, Related searches"
integrative enneagram,Navigational,53,170,"0.80,0.80,0.80,1.00,0.65,0.54,0.54,0.41,0.54,0.54,0.65,0.80",11,3.92,0.31,"Sitelinks, Reviews, Image pack, Video, Video carousel, People also ask, Related searches"
intf personality,Informational,42,170,"0.00,0.00,1.00,0.05,0.00,0.00,0.00,0.00,0.00,1.00,0.68,0.11",29,0.27,0.04,"Sitelinks, AI Overview, Reviews, Image, Image pack, Video, People also ask, Related searches"
intj 4w5,Informational,40,170,"0.66,1.00,0.66,1.00,0.81,0.53,1.00,0.81,0.81,1.00,0.81,1.00",9,0.00,0.33,"Sitelinks, AI Overview, Image pack, Video, People also ask, Related searches"
intj and intp,Informational,39,170,"0.82,0.82,1.00,0.82,0.82,0.66,0.66,0.66,0.66,0.66,0.66,1.00",11,0.00,0.33,"Sitelinks, AI Overview, Image pack, Video, Video carousel, People also ask, Related searches"
intj and isfj,Informational,39,170,"0.81,1.00,0.81,0.81,1.00,1.00,1.00,0.66,1.00,0.81,0.81,0.81",9,0.00,0.33,"Sitelinks, AI Overview, Image pack, Video, Video carousel, People also ask, Related searches"
intj and relationships,Informational,37,170,"1.00,0.15,0.23,0.18,0.18,0.15,0.11,0.23,0.23,0.18,0.28,0.28",10,0.03,0.02,"Sitelinks, Image pack, Video, People also ask, Related searches"
intj description,Informational,42,170,"0.66,0.66,1.00,0.81,0.81,0.81,0.53,0.53,0.81,0.81,0.66,0.66",26,0.00,0.01,"Sitelinks, AI Overview, Image pack, Video, Video carousel, People also ask, Related searches"
intj entj compatibility,Informational,39,170,"0.52,1.00,0.66,0.52,1.00,1.00,0.66,1.00,0.80,0.52,0.66,1.00",7,0.00,0.33,"Sitelinks, AI Overview, Image pack, Video, People also ask, Discussions and forums, Related searches"
intj male,Informational,39,170,"0.52,0.66,0.82,1.00,0.82,0.66,0.82,1.00,1.00,0.66,1.00,0.43",19,0.00,0.33,"Sitelinks, AI Overview, Image pack, Video, People also ask, Related searches"
intj people famous,Informational,37,170,"0.22,0.22,0.22,1.00,0.05,0.03,0.11,0.14,0.22,0.05,0.05,0.05",29,0.02,0.01,"Sitelinks, AI Overview, Video, People also ask, Related searches"
intj personality types,Informational,42,170,"0.00,0.21,0.11,0.08,0.11,0.00,0.00,1.00,0.00,0.00,0.72,0.00",29,0.29,0.09,"Image, Image pack, Video, People also ask, Related searches"
intj stack,Informational,36,170,"0.80,1.00,0.65,0.80,0.65,0.65,0.53,0.53,0.65,0.53,0.65,0.80",30,0.00,0.33,"Sitelinks, AI Overview, Image pack, Video, Video carousel, People also ask"
intj stereotypes,Informational,39,170,"0.66,0.66,0.66,1.00,0.81,0.66,0.81,0.66,0.53,0.66,0.66,0.66",16,0.00,0.33,"Sitelinks, Image pack, Video, Video carousel, People also ask, Related searches"
intj t characters,Informational,36,170,"0.65,0.65,0.80,1.00,0.80,0.15,1.00,0.80,0.18,0.35,0.26,0.26",12,0.00,0.33,"Sitelinks, Image, Image pack, Video, Video carousel, People also ask, Related searches"
intj 특징,Informational,31,170,"0.31,0.66,0.66,0.66,0.31,0.79,1.00,0.79,1.00,1.00,1.00,1.00",24,0.00,0.33,"AI Overview, Image pack, Video, People also ask, Related searches"
intj-t meaning,Informational,38,170,"1.00,0.80,0.65,0.80,0.80,0.80,0.00,0.80,0.54,0.54,0.54,0.65",34,0.00,0.02,"Sitelinks, AI Overview, Video, People also ask, Related searches"
intp and intj,Informational,39,170,"0.65,1.00,0.80,0.80,0.53,0.80,0.65,0.53,0.53,0.53,0.65,0.80",10,0.00,0.33,"Sitelinks, AI Overview, Video, People also ask, Discussions and forums, Related searches"
intp logician,Informational,35,170,"0.65,0.65,0.53,1.00,0.80,1.00,0.65,0.42,0.65,0.42,0.53,0.53",28,0.00,0.33,"Sitelinks, AI Overview, Video, Video carousel, People also ask, Discussions and forums, Related searches"
intp means,Informational,33,170,"0.15,0.15,0.00,0.00,0.23,0.23,0.38,0.15,0.31,1.00,0.31,0.23",33,0.25,0.01,"Sitelinks, AI Overview, Video, Video carousel, People also ask, Related searches"
intp personality strengths and weaknesses,Informational,40,170,"0.65,0.65,0.53,0.53,0.80,0.65,0.34,0.42,1.00,0.65,0.80,0.80",11,0.00,0.33,"Sitelinks, AI Overview, Image pack, Video, People also ask, Discussions and forums, Related searches"
intp personality type characters,Informational,38,170,"0.79,1.00,0.66,1.00,1.00,1.00,0.79,0.79,0.79,0.79,0.79,0.79",25,0.00,0.01,"Sitelinks, Image, Image pack, Video, People also ask, Related searches"
intp stack,Informational,34,170,"0.81,0.81,1.00,0.81,0.51,0.51,0.81,0.67,0.67,0.67,0.67,1.00",25,0.00,0.33,"Sitelinks, AI Overview, Image pack, Video, Video carousel, People also ask, Related searches"
intp types,Informational,39,170,"0.19,0.12,0.09,0.12,0.23,0.12,0.36,0.06,1.00,0.12,0.19,0.19",29,0.08,0.01,"Sitelinks, AI Overview, Video, Video carousel, People also ask, Related searches"
intp 人格,Informational,32,170,"0.81,1.00,0.34,0.28,0.34,0.16,0.34,0.53,0.66,0.28,0.81,0.53",30,0.00,0.33,"AI Overview, Video, Video carousel, People also ask, Related searches"
is intp-t a rare personality type,Informational,33,170,"0.00,0.00,1.00,0.00,0.00,0.00,0.00,0.00,0.00,0.00,0.00,0.00",34,0.00,0.00,"Sitelinks, AI Overview, Video, Video carousel, People also ask, Discussions and forums, Related searches"
isfj 9w1,Informational,42,170,"0.43,0.35,0.43,0.53,0.43,0.43,1.00,0.35,0.35,0.28,0.35,0.53",9,0.00,0.33,"Sitelinks, AI Overview, Image pack, Video, People also ask, Related searches"
isfj a personality,Informational,41,170,"0.53,0.65,0.53,0.80,0.80,0.26,0.80,0.35,1.00,0.42,0.42,0.53",23,0.04,0.02,"Sitelinks, AI Overview, Reviews, Video, Video carousel, People also ask, Discussions and forums, Related searches"
isfj and entp,Informational,41,170,"0.81,0.81,0.81,0.66,0.66,0.66,0.81,0.66,0.81,0.81,0.81,1.00",5,0.00,0.00,"Sitelinks, AI Overview, Image pack, Video, Video carousel, People also ask, Related searches"
isfj and intj,Informational,39,170,"0.81,1.00,0.81,1.00,1.00,0.81,1.00,0.67,0.81,0.81,0.81,1.00",13,0.00,0.33,"Sitelinks, AI Overview, Image pack, Video, People also ask, Related searches"
isfj and intp,Informational,39,170,"1.00,1.00,0.81,0.81,1.00,1.00,1.00,0.81,0.81,0.81,1.00,1.00",5,0.00,0.33,"Sitelinks, AI Overview, Image, Image pack, Video, People also ask, Related searches"
isfj personality careers,Commercial,36,170,"0.65,0.65,0.53,0.42,1.00,0.80,0.65,0.42,0.65,0.53,0.42,0.42",17,0.00,0.01,"Sitelinks, AI Overview, Reviews, Video, People also ask, Related searches"
isfj the defender,Informational,35,170,"0.65,0.65,0.42,1.00,0.65,0.80,0.65,0.65,0.80,0.65,0.65,0.65",31,0.00,0.33,"AI Overview, Image pack, Video, Video carousel, Short videos, People also ask, Discussions and forums, Related searches"
isfj vs infp,"Informational, Commercial",37,170,"0.66,0.66,0.82,1.00,0.82,0.66,0.82,0.82,1.00,0.82,1.00,1.00",7,0.00,0.33,"Sitelinks, AI Overview, Image pack, Video, People also ask, Related searches"
isfj weaknesses,Informational,38,170,"0.80,0.80,0.80,1.00,0.80,1.00,0.19,0.53,0.80,0.80,0.65,0.53",27,0.00,0.33,"Sitelinks, AI Overview, Image pack, Video, People also ask, Discussions and forums, Related searches"
isfj-a careers,Commercial,36,170,"0.00,0.00,0.02,0.02,0.00,0.00,0.00,1.00,0.00,1.00,0.00,0.02",25,0.19,0.33,"Sitelinks, AI Overview, Video, Video carousel, People also ask, Related searches"
isfp 4w5,Informational,33,170,"0.80,0.65,0.65,0.80,0.65,0.65,0.80,0.65,0.65,0.65,0.65,1.00",6,0.00,0.33,"Sitelinks, AI Overview, Image pack, Video, People also ask, Related searches"
isfp 9w8,Informational,33,170,"1.00,0.52,0.66,0.82,0.66,0.66,1.00,0.66,0.82,0.66,0.52,1.00",9,0.00,0.33,"Sitelinks, AI Overview, Image pack, Video, People also ask, Related searches"
istp and enfj,Informational,40,170,"0.65,1.00,0.80,0.65,0.65,0.53,0.65,0.53,0.42,0.42,0.53,0.53",10,0.00,0.33,"Sitelinks, AI Overview, Reviews, Video, Video carousel, People also ask, Related searches"
istp enneagram,Informational,49,170,"0.81,1.00,1.00,1.00,0.81,0.66,0.81,0.53,0.66,0.53,0.81,1.00",8,0.65,0.03,"Sitelinks, AI Overview, Image pack, Video, Video carousel, People also ask, Related searches"
i人和e人的区别,Informational,30,170,"0.43,0.29,0.22,0.43,0.22,1.00,0.10,0.14,0.35,0.14,0.29,0.14",25,0.00,0.33,"AI Overview, Video, Short videos, People also ask, Related searches"
j personality type,Informational,39,170,"0.53,0.80,0.65,0.65,0.65,0.53,0.53,0.42,0.53,1.00,0.53,0.53",31,0.00,0.01,"Sitelinks, AI Overview, Reviews, Image pack, Video, People also ask, Discussions and forums, Related searches"
jungwon mbti,Informational,45,170,"0.53,1.00,0.65,0.65,0.42,0.65,0.53,0.42,0.80,0.53,0.65,0.80",17,0.00,0.33,"Sitelinks, AI Overview, Image, Image pack, Video, Video carousel, People also ask, Related searches"
kind of person you are,Informational,33,170,"0.00,0.00,0.00,1.00,0.00,0.00,0.00,0.00,0.00,0.00,0.00,0.00",34,0.00,0.00,"Sitelinks, AI Overview, Video, Video carousel, People also ask, Discussions and forums, Related searches"
korean mbti,Informational,34,170,"0.64,0.52,0.80,0.80,0.64,0.64,0.52,0.41,1.00,0.80,0.52,0.41",12,0.72,0.08,"Sitelinks, AI Overview, Reviews, Image pack, Video, People also ask, Related searches"
match for enfp,Informational,44,170,"0.09,1.00,0.04,0.07,0.17,0.17,0.11,0.15,0.09,0.11,0.11,0.09",31,0.00,0.33,"Sitelinks, AI Overview, Image pack, Video, Video carousel, People also ask, Related searches"
mbti and enneagram test,Informational,58,170,"0.65,0.80,0.80,0.53,0.80,0.80,0.65,0.65,1.00,0.80,0.80,1.00",33,0.81,0.40,"Sitelinks, Video, Video carousel, Discussions and forums, Related searches"
mbti distribution,Informational,45,170,"1.00,1.00,1.00,1.00,1.00,0.66,0.82,1.00,0.66,0.66,0.82,0.82",25,0.00,0.33,"Sitelinks, Image pack, Video, People also ask, Related searches, Things to know"
mbti each letter meaning,Informational,41,170,"0.11,0.18,0.23,0.23,0.23,0.18,1.00,0.23,0.18,0.28,0.18,0.28",21,0.00,0.33,"Sitelinks, AI Overview, Video, People also ask, Related searches"
mbti esfp,Informational,44,170,"0.80,0.66,1.00,1.00,0.66,0.66,0.80,0.52,0.66,0.66,0.80,1.00",32,0.00,0.33,"Sitelinks, AI Overview, Image pack, Video, Short videos, People also ask, Related searches, Things to know"
mbti got,Informational,45,170,"0.79,0.66,0.52,0.41,0.52,0.66,1.00,0.66,1.00,1.00,1.00,0.66",24,0.00,0.33,"Sitelinks, AI Overview, Image pack, Video, Video carousel, Related searches"
mbti intuition,Informational,38,170,"0.82,0.66,0.66,0.82,1.00,0.82,1.00,0.66,0.82,0.66,0.82,0.66",20,0.00,0.33,"Sitelinks, AI Overview, Image pack, Video, Video carousel, Short videos, People also ask, Related searches"
mbti korean,Informational,31,170,"0.81,0.81,0.65,0.81,0.54,0.65,0.65,0.54,1.00,0.54,0.42,0.54",19,0.58,0.09,"Sitelinks, AI Overview, Image pack, Video, Video carousel, Short videos, People also ask, Related searches"
mbti percentage,Informational,45,170,"0.34,1.00,0.52,0.12,0.28,0.65,0.80,0.34,0.09,0.52,0.65,0.80",30,0.00,0.33,"Sitelinks, AI Overview, Image, Image pack, Video, People also ask, Related searches"
mbti personality test pdf,Informational,45,170,"0.34,0.34,0.28,0.43,0.34,0.28,0.21,0.65,0.81,0.65,0.65,1.00",19,1.05,0.08,"Reviews, Related searches"
mbti population percentage,Informational,45,170,"1.00,0.65,0.53,0.42,1.00,0.42,0.35,0.53,0.53,0.65,1.00,0.53",21,0.00,0.33,"Sitelinks, AI Overview, Reviews, Image, Image pack, Video, People also ask, Related searches"
mbti rare,Informational,45,170,"0.10,1.00,0.20,0.30,0.70,0.10,0.10,0.30,1.00,0.70,0.50,0.70",30,0.00,0.33,"Sitelinks, AI Overview, Image, Video, Video carousel, Short videos, People also ask, Related searches"
mbti test korean,Informational,36,170,"1.00,1.00,0.67,0.81,0.81,0.81,0.67,0.67,1.00,0.81,0.67,0.81",33,0.28,0.26,"Sitelinks, Reviews, Video, Video carousel, People also ask, Related searches"
mbti type esfj,Informational,44,170,"0.80,0.80,0.26,0.53,1.00,0.19,0.19,0.53,1.00,0.53,0.80,0.80",28,0.04,0.03,"Sitelinks, AI Overview, Video, Video carousel, People also ask, Discussions and forums, Related searches"
most common myers briggs personality type,Informational,40,170,"0.33,0.33,0.65,0.54,0.80,0.65,0.41,0.33,1.00,0.80,0.65,0.41",33,0.00,0.33,"Sitelinks, AI Overview, Video, People also ask, Related searches"
most introvert mbti,Informational,34,170,"0.66,0.82,0.66,1.00,0.52,0.66,1.00,0.66,0.82,0.66,1.00,1.00",17,0.00,0.33,"Sitelinks, AI Overview, Image pack, Video, People also ask, Related searches"
most popular mbti,Informational,45,170,"0.42,0.65,0.80,0.80,0.80,0.53,0.80,0.53,0.80,0.80,0.80,1.00",24,0.00,0.33,"Sitelinks, AI Overview, Video, People also ask, Related searches"
my briggs,Informational,31,170,"0.66,0.66,0.66,0.82,0.66,0.82,0.82,1.00,1.00,0.52,0.66,0.82",12,0.00,0.33,"Sitelinks, Video, Related searches"
myers briggs book,Informational,38,170,"1.00,0.25,1.00,0.38,0.25,1.00,0.38,1.00,1.00,0.50,1.00,1.00",18,0.28,0.72,"Sitelinks, AI Overview, Image, Image pack, Video, Video carousel, People also ask, Discussions and forums, Related searches"
myers briggs debater,Informational,37,170,"0.80,0.80,1.00,1.00,0.80,1.00,0.80,0.52,0.66,0.66,0.80,0.66",23,0.00,0.01,"Sitelinks, Image pack, Video, Video carousel, Short videos, People also ask, Related searches"
myers briggs personality entj,Informational,49,170,"1.00,0.81,0.65,0.28,0.33,0.52,0.33,0.52,0.52,0.33,0.52,0.81",30,0.11,0.04,"AI Overview, Video, People also ask, Knowledge panel, Discussions and forums, Related searches"
myers briggs type indicator entp,Informational,45,170,"0.81,0.43,0.29,0.29,0.29,1.00,0.14,0.18,0.10,0.22,0.18,0.10",24,0.08,0.04,"AI Overview, Image pack, Video, People also ask, Related searches, Things to know"
myers briggs types entp,Informational,46,170,"0.54,0.43,0.14,0.29,0.29,1.00,0.14,0.18,0.10,0.22,0.18,0.10",34,0.08,0.04,"AI Overview, Image pack, Video, Video carousel, People also ask, Related searches"
myers briggs types intj,Informational,43,170,"0.43,1.00,0.43,0.53,0.33,0.67,0.43,0.33,0.43,0.20,0.27,0.27",28,0.16,0.04,"AI Overview, Reviews, Image pack, Video, People also ask, Knowledge panel, Related searches"
n myer briggs,Informational,40,170,"0.00,0.00,0.00,0.00,0.00,0.00,0.00,0.00,0.00,0.00,0.00,0.00",27,0.00,0.00,"Sitelinks, AI Overview, Image pack, Video, People also ask, Related searches"
narrative enneagram,Navigational,58,170,"0.66,0.80,0.80,0.66,0.80,0.80,0.80,0.66,1.00,0.66,0.80,0.66",15,1.75,0.07,"Sitelinks, AI Overview, Reviews, Video, People also ask, Related searches"
notable intp,Informational,34,170,"1.00,1.00,0.43,0.43,0.81,0.81,0.06,0.28,0.15,0.28,0.43,0.28",22,0.00,0.33,"Sitelinks, AI Overview, Video, Video carousel, People also ask, Related searches"
p mbti,Informational,38,170,"1.00,0.65,0.44,0.27,0.33,0.33,0.33,0.53,0.33,0.33,0.65,0.53",21,0.75,0.01,"Sitelinks, AI Overview, Image pack, Video, Video carousel, People also ask, Related searches"
people who are infp,Informational,42,170,"0.53,0.19,0.42,0.33,0.81,0.81,0.19,0.33,0.33,0.64,1.00,0.64",34,0.00,0.33,"Sitelinks, AI Overview, Video, Video carousel, People also ask, Related searches"
perceiving vs judging mbti,Commercial,35,170,"0.53,0.66,0.81,1.00,1.00,0.53,1.00,0.81,0.81,0.81,0.81,0.81",33,0.00,0.33,"Sitelinks, AI Overview, Image pack, Video, Video carousel, People also ask, Related searches"
persoanlity database,Navigational,34,170,"0.83,0.00,0.42,1.00,0.67,0.00,0.00,0.00,0.00,0.29,0.17,0.21",29,0.73,0.33,"Sitelinks, Video, Related searches"
personality number 9,Informational,61,170,"0.66,1.00,0.80,1.00,1.00,0.66,0.66,0.66,0.80,0.51,0.66,0.80",12,0.00,0.02,"AI Overview, Reviews, Video, People also ask, Discussions and forums, Related searches"
personality type 2,Informational,46,170,"0.09,0.35,0.35,0.43,0.22,0.19,0.43,0.35,0.43,1.00,0.09,0.43",29,0.68,0.02,"Sitelinks, AI Overview, Reviews, Video, Video carousel, People also ask, Related searches"
personality type 4,Informational,53,170,"0.66,0.43,1.00,0.52,0.52,1.00,0.52,0.43,0.43,0.27,0.52,0.66",26,0.78,0.02,"Sitelinks, AI Overview, Video, People also ask, Related searches"
personality type consul,Informational,37,170,"0.42,0.27,0.53,0.35,1.00,0.35,0.17,0.17,1.00,0.23,0.35,0.23",34,0.03,0.04,"Sitelinks, AI Overview, Image, Image pack, Video, People also ask, Related searches"
personality type letter meanings,Informational,40,170,"0.42,0.53,0.42,0.80,0.65,1.00,0.80,0.53,0.80,0.53,0.80,0.80",31,0.54,0.04,"Sitelinks, AI Overview, Image pack, Video, People also ask, Related searches"
personality type percentages,Informational,52,170,"0.81,1.00,0.81,1.00,1.00,0.81,0.63,0.63,0.81,0.38,0.63,0.81",18,0.00,0.33,"Sitelinks, AI Overview, Image, Video, People also ask, Discussions and forums, Related searches"
r/intj,"Informational, Navigational",35,170,"0.31,0.81,0.44,1.00,0.31,0.44,0.44,0.44,0.44,0.31,0.31,0.44",32,0.00,0.33,"Sitelinks, AI Overview, Video, People also ask, Related searches"
road back to you book,Informational,24,170,"1.00,0.42,0.42,0.54,0.33,0.83,0.25,0.25,0.33,0.17,0.42,0.21",15,0.29,0.97,"Sitelinks, Reviews, Video, Video carousel, People also ask, Knowledge panel, Related searches, Popular products"
self preservation 5w4,Informational,57,170,"1.00,0.00,0.00,0.00,0.00,0.00,0.00,0.00,0.00,0.00,0.00,0.00",13,0.00,0.00,"Sitelinks, AI Overview, Video, People also ask, Discussions and forums, Related searches"
sexual 4 enneagram,Informational,46,170,"1.00,0.22,0.43,0.27,0.43,0.22,0.27,0.27,0.43,0.22,0.53,0.53",2,0.00,0.33,"Sitelinks, AI Overview, Image pack, Video, People also ask, Related searches"
sexual 5 enneagram,Informational,48,170,"0.50,0.00,0.30,1.00,0.40,0.40,0.50,0.30,0.40,0.10,0.30,0.50",19,0.00,0.33,"Sitelinks, AI Overview, Video, People also ask, Discussions and forums, Related searches"
so 5,Informational,28,170,"0.09,0.23,0.23,0.23,0.29,0.18,0.29,0.44,0.82,0.35,0.35,1.00",11,0.70,0.01,"Sitelinks, AI Overview, Reviews, Image pack, Video, People also ask, Related searches"
so 6 enneagram,Informational,59,170,"0.28,0.28,0.12,0.28,0.35,0.17,0.17,0.43,0.43,0.53,0.82,1.00",24,0.00,0.33,"Sitelinks, AI Overview, Video, People also ask, Related searches"
so 8 enneagram,Informational,56,170,"0.09,0.12,0.05,0.12,0.12,0.12,0.09,0.09,0.23,0.23,1.00,0.44",7,0.00,0.33,"Sitelinks, AI Overview, Video, People also ask, Discussions and forums, Related searches"
so8 enneagram,Informational,51,170,"0.10,0.12,0.10,0.12,0.12,0.12,0.10,0.15,0.19,0.23,1.00,0.81",4,0.00,0.33,"Sitelinks, AI Overview, Image pack, Video, Short videos, People also ask, Related searches"
social 4,Informational,31,170,"0.42,0.53,0.65,0.65,0.53,0.53,0.65,0.65,0.80,0.53,1.00,1.00",8,0.00,0.33,"Sitelinks, AI Overview, Image pack, Video, Video carousel, People also ask, Related searches"
suffix en meaning,Informational,45,170,"0.00,0.00,0.00,0.00,0.00,0.00,0.00,0.00,1.00,0.00,0.00,0.00",30,0.00,0.33,"AI Overview, Video, Video carousel, Short videos, People also ask, Related searches"
test de personalidad mbti,Informational,39,170,"0.22,0.43,0.35,0.29,0.29,0.29,0.29,0.29,1.00,0.29,0.54,0.35",27,0.24,0.38,"AI Overview, Reviews, Video, People also ask, Related searches"
teste de personalidade,Informational,35,170,"0.19,0.29,0.29,0.29,0.29,1.00,0.29,0.19,0.29,0.23,0.23,0.29",26,0.27,0.33,"AI Overview, Reviews, Video, Video carousel, People also ask, Related searches, Ads bottom"
the boys mbti,Informational,45,170,"0.00,0.00,0.00,0.00,0.00,0.00,0.00,0.00,0.00,0.00,0.00,1.00",24,0.00,0.00,"Sitelinks, Image pack, Video, People also ask, Related searches"
the entertainer personality type,Informational,40,170,"0.38,0.38,0.63,1.00,0.88,0.88,1.00,0.88,1.00,1.00,0.88,0.63",33,0.08,0.02,"AI Overview, Image pack, Video, Video carousel, People also ask, Related searches"
the logician personality,Informational,36,170,"0.81,1.00,1.00,0.81,0.64,0.33,0.08,0.08,0.19,0.14,0.08,0.06",25,0.00,0.01,"Sitelinks, AI Overview, Reviews, Video, Video carousel, People also ask, Discussions and forums, Related searches"
type 2 wing 1 enneagram,Informational,61,170,"0.42,0.19,0.42,0.80,0.34,0.80,0.80,0.80,1.00,0.80,0.80,0.80",20,0.00,0.01,"Sitelinks, AI Overview, Video, Video carousel, People also ask, Discussions and forums, Related searches"
type 4 ennegram,Informational,63,170,"0.05,0.05,0.44,0.05,0.36,0.12,0.15,0.01,0.12,0.12,1.00,0.19",24,0.41,0.03,"Sitelinks, AI Overview, Reviews, Video, People also ask, Related searches, Things to know"
type 4 learn,"Navigational, Transactional",61,170,"0.11,0.67,0.23,0.23,0.67,1.00,0.05,0.00,0.00,0.11,0.36,0.19",24,0.00,0.33,"Sitelinks, Reviews, Video, Video carousel, Related searches"
type a or type b personality quiz,Informational,34,170,"0.29,1.00,0.01,0.09,0.23,0.23,0.12,0.19,0.23,0.15,0.15,0.15",31,0.40,0.65,"Sitelinks, AI Overview, Video"
type five personality,Informational,55,170,"1.00,0.43,0.17,0.43,0.81,0.27,0.36,0.27,0.27,0.17,0.43,0.22",31,0.63,0.08,"Sitelinks, AI Overview, Reviews, Video, Video carousel, People also ask, Discussions and forums, Related searches"
type three personality,Informational,52,170,"1.00,0.21,0.43,0.65,0.43,0.34,0.21,0.34,0.43,0.53,0.34,0.43",25,1.24,0.04,"Sitelinks, AI Overview, Video, Video carousel, People also ask, Discussions and forums, Related searches"
unhealthy enfp,Informational,38,170,"0.81,0.81,1.00,1.00,0.66,0.81,0.66,0.66,0.81,0.53,0.66,0.81",17,0.00,0.33,"Sitelinks, AI Overview, Video, Video carousel, People also ask, Related searches"
w8 ben vs w9,Commercial,46,170,"0.80,0.54,0.26,0.41,1.00,0.54,1.00,0.65,0.80,1.00,0.65,0.65",19,1.65,0.02,"Sitelinks, AI Overview, Reviews, Video, People also ask, Discussions and forums, Related searches"
what 8s,Informational,33,170,"0.81,0.81,0.81,1.00,0.81,1.00,0.81,0.81,0.81,0.81,0.81,0.81",29,0.00,0.33,"Sitelinks, AI Overview, Reviews, Video, People also ask, Related searches"
what do the letters in mbti mean,Informational,40,170,"0.52,0.66,0.66,0.66,0.80,0.80,0.80,0.66,0.80,0.52,1.00,0.52",18,0.00,0.01,"Featured snippet, Sitelinks, Image pack, Video, People also ask, Related searches"
what do the letters stand for in myers briggs,Informational,41,170,"0.66,0.66,0.52,0.80,0.80,0.66,0.66,0.52,0.80,1.00,0.80,1.00",25,0.00,0.01,"Sitelinks, AI Overview, Video, People also ask, Related searches"
what does esfp stand for,Informational,34,170,"1.00,1.00,0.65,0.80,1.00,0.65,0.65,0.53,0.42,0.35,0.35,0.42",34,0.00,0.33,"Sitelinks, AI Overview, Reviews, Video, Video carousel, People also ask, Related searches"
what does the myers briggs letters mean,Informational,41,170,"0.65,1.00,0.44,0.33,0.65,0.53,0.00,0.12,0.82,1.00,0.27,0.44",31,0.69,0.02,"Sitelinks, AI Overview, Video, People also ask, Related searches"
what is a wing in enneagram,Informational,60,170,"0.65,0.53,0.53,0.34,0.34,0.53,0.42,0.80,1.00,0.65,1.00,1.00",15,1.03,0.02,"Sitelinks, AI Overview, Image pack, Video, Video carousel, People also ask, Related searches"
what is an enneagram 8,Informational,62,170,"0.28,0.28,0.43,0.53,0.43,0.43,0.43,0.53,1.00,0.65,0.53,0.43",24,0.32,0.18,"Sitelinks, AI Overview, Reviews, Video, Video carousel, People also ask, Related searches"
what is an enneagram wing,Informational,63,170,"0.65,0.54,0.80,0.65,0.65,0.65,0.65,0.65,1.00,0.65,0.80,0.80",12,1.03,0.02,"Sitelinks, Image pack, Video, Video carousel, People also ask, Related searches, Ads bottom"
what is enneagram 8,Informational,60,170,"0.53,0.42,0.53,0.80,0.65,0.80,0.53,0.53,1.00,0.65,0.65,0.80",27,0.41,0.17,"AI Overview, Reviews, Video, Video carousel, People also ask, Related searches"
what is entp personality,Informational,47,170,"1.00,0.81,0.66,0.53,0.81,0.66,0.81,0.81,0.53,0.43,0.66,0.81",32,0.20,0.04,"Sitelinks, AI Overview, Video, People also ask, Related searches"
what is the best personality type,"Informational, Commercial",35,170,"0.79,0.79,1.00,0.79,1.00,1.00,0.79,0.52,0.79,0.79,1.00,1.00",25,1.11,0.03,"Sitelinks, AI Overview, Image pack, Video, Video carousel, People also ask, Related searches"
what type of a person i am,Informational,37,170,"1.00,0.53,0.43,0.21,0.43,0.53,0.65,0.53,0.81,0.65,0.81,1.00",26,0.49,0.42,"Sitelinks, AI Overview, Video, People also ask, Related searches, Ads bottom, Ads middle"
what's enfp,Informational,46,170,"0.00,0.05,0.08,0.00,0.08,0.08,0.00,0.30,1.00,0.00,0.00,0.00",24,0.23,0.02,"Sitelinks, AI Overview, Reviews, Video, Video carousel, People also ask, Related searches"
what's entp,Informational,44,170,"0.15,0.18,0.00,0.15,0.00,0.18,0.00,0.00,0.81,0.81,1.00,0.00",31,0.08,0.02,"Sitelinks, AI Overview, Video, Video carousel, People also ask, Related searches"
whats your type quiz,Informational,36,170,"1.00,0.83,0.25,0.21,0.21,0.33,0.00,0.13,0.00,0.25,0.00,0.00",27,0.13,0.01,Video
심리 테스트,Informational,30,170,"0.34,0.66,1.00,0.52,0.34,0.34,0.43,0.34,0.52,0.34,0.66,0.66",18,0.00,0.01,"AI Overview, Image pack, Video, Video carousel, Related searches"
에겐남 테스트,Informational,43,170,"1.00,0.00,0.00,0.00,0.00,0.00,0.00,0.00,0.00,0.00,0.00",34,0.00,0.00,"Video, People also ask, Related searches"
1 wing,Informational,45,140,"0.67,0.51,0.67,0.67,0.51,1.00,0.81,0.67,0.81,0.67,0.51,1.00",8,0.00,0.01,"AI Overview, Image pack, Video, Video carousel, People also ask, Related searches"
1w9 vs 1w2,"Informational, Commercial",35,140,"0.66,0.81,0.66,0.81,0.66,0.66,0.53,0.53,1.00,0.66,0.81,0.66",5,0.00,0.33,"Sitelinks, AI Overview, Image, Image pack, Video, Video carousel, People also ask, Related searches"
2 question enneagram test,Informational,65,140,"0.07,0.07,1.00,0.09,0.07,0.07,0.09,0.05,0.07,0.07,0.07,0.02",18,1.33,0.29,"Sitelinks, Reviews, Video, People also ask, Related searches"
2w3 vs 3w2,Informational,38,140,"0.65,0.83,0.65,0.83,0.65,0.65,0.83,0.53,0.83,0.83,0.83,1.00",6,0.00,0.33,"Sitelinks, AI Overview, Image pack, Video, Video carousel, People also ask, Related searches"
3 w 2,Informational,43,140,"0.52,0.23,0.19,0.52,1.00,0.80,0.66,0.52,0.66,0.66,0.52,0.33",18,0.00,0.33,"Sitelinks, AI Overview, Video, Video carousel, People also ask, Related searches"
4 different personality types,Informational,37,140,"1.00,0.64,0.79,0.79,1.00,1.00,1.00,0.79,1.00,0.79,0.79,1.00",34,0.00,0.01,"Sitelinks, AI Overview, Video, Video carousel, People also ask, Related searches"
4 sexual,Informational,28,140,"0.82,0.82,0.52,0.64,0.64,1.00,1.00,0.82,1.00,0.82,0.64,1.00",2,0.00,0.33,"Sitelinks, AI Overview, Video, Video carousel, People also ask, Related searches"
4ersona,Informational,49,140,"0.81,0.09,0.81,0.81,0.81,1.00,0.53,0.66,0.66,0.53,0.53,0.43",25,0.00,0.33,"AI Overview, Image, Video, People also ask, Related searches"
4w5 characters,Informational,40,140,"0.62,0.46,0.62,0.77,0.62,0.62,0.77,0.62,0.62,1.00,1.00,0.77",21,0.00,0.33,"Sitelinks, Image pack, Video, People also ask, Discussions and forums, Related searches"
5 wing 4,Informational,45,140,"0.65,1.00,1.00,0.65,1.00,0.83,0.83,0.83,0.83,0.83,0.65,0.83",21,0.00,0.01,"Sitelinks, AI Overview, Image, Video, Video carousel, People also ask, Discussions and forums, Related searches"
5 wings,Informational,34,140,"0.66,0.53,1.00,0.53,0.81,0.66,0.53,0.43,0.66,0.66,0.66,0.53",26,0.00,0.02,"Image, Image pack, Video, People also ask, Related searches"
5w4 vs 4w5,Informational,39,140,"0.81,0.53,0.81,0.53,0.81,0.66,0.66,1.00,0.66,0.53,0.81,0.81",19,0.00,0.33,"Sitelinks, AI Overview, Image, Image pack, Video, Video carousel, People also ask, Related searches"
5w6 vs 6w5,Informational,35,140,"0.81,0.81,1.00,0.81,0.81,0.81,0.81,0.65,0.81,0.81,1.00,1.00",31,0.00,0.33,"Sitelinks, AI Overview, Image, Image pack, Video, People also ask, Related searches"
6 ennegram,Informational,63,140,"0.79,0.50,0.50,1.00,1.00,1.00,0.79,0.79,0.64,0.64,1.00,1.00",18,0.47,0.01,"AI Overview, Image pack, Video, Video carousel, Short videos, People also ask, Related searches, Things to know"
6 wing 7,Informational,47,140,"1.00,1.00,1.00,1.00,1.00,1.00,1.00,0.78,1.00,0.78,0.78,1.00",16,0.00,0.01,"Sitelinks, AI Overview, Image, Video, Video carousel, People also ask, Related searches"
6 with 5 wing,Informational,45,140,"0.41,1.00,1.00,0.52,1.00,0.52,0.52,0.79,0.79,0.52,0.66,0.66",23,0.00,0.01,"Sitelinks, AI Overview, Video, Video carousel, People also ask, Related searches"
7w8 meaning,Informational,43,140,"0.65,0.65,1.00,0.30,0.40,0.40,0.50,0.65,0.50,0.30,0.40,0.40",25,0.00,0.01,"Sitelinks, AI Overview, Video, Video carousel, People also ask, Related searches"
8 wing 7 enneagram,Informational,63,140,"0.52,0.52,0.66,0.80,0.52,0.80,1.00,0.66,0.80,0.52,0.42,0.42",15,0.09,0.02,"Sitelinks, AI Overview, Video, People also ask, Discussions and forums, Related searches"
9 wing 8,Informational,45,140,"0.65,0.83,1.00,0.83,0.83,1.00,0.83,0.52,0.83,0.83,0.83,0.83",18,1.12,0.03,"Sitelinks, AI Overview, Image, Video, Video carousel, People also ask, Discussions and forums, Related searches"
albert einstein mbti,Informational,40,140,"0.80,0.80,0.66,1.00,0.66,0.80,0.66,0.52,0.66,0.52,0.66,0.66",7,0.00,0.33,"Sitelinks, AI Overview, Image pack, Video, People also ask, Related searches"
albert einstein personality,Informational,46,140,"1.00,0.34,0.26,0.65,0.65,0.65,0.65,0.53,0.53,0.42,0.53,1.00",24,0.00,0.33,"Sitelinks, AI Overview, Image, Video, Video carousel, People also ask, Related searches"
albert einstein personality type,Informational,45,140,"1.00,0.80,0.66,0.80,0.66,1.00,0.66,0.66,0.66,0.66,0.66,0.51",8,0.00,0.33,"Sitelinks, AI Overview, Reviews, Image pack, Video, People also ask, Related searches"
am i type a or b personality,Informational,38,140,"1.00,0.29,0.29,0.13,0.10,0.00,0.00,0.07,0.24,0.00,0.00,0.01",31,0.35,0.54,"Sitelinks, AI Overview, Reviews, Video, Video carousel, People also ask, Related searches"
amiable driver expressive analytical test,Informational,30,140,"1.00,0.66,0.43,0.32,0.66,0.66,0.82,0.52,0.66,0.52,0.82,0.66",19,0.98,0.13,"AI Overview, Reviews, Video, Related searches"
amiable expressive driver analytical test,Informational,30,140,"1.00,0.66,0.43,0.32,0.66,0.66,0.82,0.52,0.66,0.52,0.82,0.66",14,0.98,0.13,"AI Overview, Reviews, Video, Related searches"
analytical driver amiable and expressive,Informational,30,140,"1.00,0.43,0.23,0.35,0.43,0.43,0.28,0.23,0.23,0.17,0.28,0.23",20,1.00,0.02,"AI Overview, Reviews, Image pack, Video, Video carousel, Short videos, People also ask, Discussions and forums, Related searches"
best enneagram books,Commercial,48,140,"0.66,0.66,0.66,0.80,0.80,1.00,0.66,0.66,0.80,0.43,0.80,0.80",10,0.19,0.89,"Sitelinks, AI Overview, Video, Video carousel, People also ask, Discussions and forums, Related searches"
best jobs for enfj types,Commercial,39,140,"0.65,0.65,0.65,0.42,0.80,0.65,0.80,0.53,1.00,0.65,0.80,0.65",23,0.28,0.02,"Sitelinks, AI Overview, Video, People also ask, Discussions and forums, Related searches"
best jobs for enfp personality types,Commercial,40,140,"0.15,1.00,0.34,0.43,0.81,0.15,0.09,0.21,1.00,0.65,0.00,0.65",25,0.57,0.03,"Sitelinks, AI Overview, Video, People also ask, Related searches"
best jobs for entp,Commercial,35,140,"0.82,0.82,1.00,0.65,0.82,0.65,0.65,0.65,0.40,0.65,1.00,0.82",27,0.00,0.01,"Sitelinks, AI Overview, Video, People also ask, Discussions and forums, Related searches"
best match for an enfp,Commercial,41,140,"1.00,0.66,0.33,0.81,0.66,0.53,0.81,0.43,0.66,0.43,0.66,0.81",7,0.00,0.33,"Sitelinks, AI Overview, Video, Video carousel, People also ask, Related searches"
best match for infp female,Commercial,33,140,"0.79,1.00,1.00,1.00,0.79,0.79,1.00,0.79,1.00,0.79,1.00,0.79",6,0.00,0.33,"Sitelinks, AI Overview, Image pack, Video, Video carousel, People also ask, Related searches"
best occupations for intj,Commercial,32,140,"1.00,1.00,0.34,0.52,1.00,1.00,0.11,0.18,0.41,0.25,0.52,0.34",21,0.38,0.03,"Sitelinks, AI Overview, Video, Video carousel, People also ask, Related searches"
bsd mbti,Informational,45,140,"0.81,0.81,1.00,0.81,0.42,0.51,0.67,0.67,0.67,0.42,0.51,0.51",20,0.00,0.33,"Sitelinks, Image, Image pack, Video, People also ask, Related searches"
career for infp,"Informational, Commercial",33,140,"0.35,0.19,0.19,0.15,1.00,0.80,0.65,0.35,0.35,0.53,0.65,0.65",26,0.47,0.01,"Sitelinks, AI Overview, Video, Video carousel, People also ask, Related searches"
career paths for infp,"Informational, Commercial",33,140,"0.66,0.23,0.33,1.00,0.80,1.00,0.80,0.66,0.66,0.52,0.52,0.52",28,0.00,0.01,"Sitelinks, AI Overview, Video, Video carousel, People also ask, Related searches"
careers for isfj personality type,Commercial,33,140,"0.81,0.64,0.64,1.00,0.64,1.00,0.40,0.64,1.00,0.81,0.81,0.40",25,0.00,0.01,"Sitelinks, AI Overview, Video, People also ask, Related searches"
categories of people,Informational,34,140,"0.82,0.52,0.65,0.65,0.82,0.82,1.00,0.82,0.82,0.82,0.82,0.82",16,0.00,0.33,"Sitelinks, AI Overview, Reviews, Image pack, Video, Video carousel, People also ask, Related searches"
character traits for albert einstein,Informational,35,140,"1.00,0.19,0.07,0.19,0.34,0.53,0.34,0.42,0.65,0.42,1.00,1.00",20,0.00,0.33,"Sitelinks, AI Overview, Reviews, Image pack, Video, People also ask, Related searches"
characters that are infp,Informational,37,140,"0.50,0.60,0.60,1.00,0.80,0.60,0.80,0.60,0.80,1.00,0.80,0.80",27,0.00,0.33,"Sitelinks, AI Overview, Image, Image pack, Video, Video carousel, People also ask, Related searches"
characters with infp personality,Informational,37,140,"0.63,0.53,0.63,0.79,1.00,0.79,0.63,0.63,0.79,0.79,0.79,0.79",23,0.00,0.33,"Sitelinks, AI Overview, Image, Video, Video carousel, People also ask, Related searches"
cognitive functions enfj,Informational,41,140,"1.00,0.52,0.34,0.43,0.82,0.82,0.20,0.20,0.14,0.14,0.14,0.11",11,0.00,0.33,"Sitelinks, AI Overview, Image pack, Video, People also ask, Related searches"
cognitive functions of enfp,Informational,40,140,"0.46,1.00,0.31,1.00,0.62,0.46,0.38,0.62,0.46,0.46,1.00,0.62",32,0.00,0.33,"Sitelinks, AI Overview, Image, Video, Video carousel, People also ask, Related searches"
cognitive functions of intp,Informational,38,140,"0.54,1.00,0.62,0.23,0.38,0.31,0.38,0.31,0.54,0.38,0.85,0.54",19,0.00,0.33,"Sitelinks, AI Overview, Image pack, Video, People also ask, Related searches"
cognitive functions test mbti,Commercial,36,140,"0.08,0.42,0.19,0.42,0.42,0.65,0.42,0.81,1.00,0.35,0.42,0.81",13,0.40,0.12,"Sitelinks, Video, Related searches"
common personality types,Informational,40,140,"0.52,0.52,0.79,0.79,0.66,0.52,0.52,0.52,0.66,0.52,0.66,1.00",27,0.99,0.01,"AI Overview, Reviews, Image, Video, People also ask, Discussions and forums, Related searches"
d personality,Informational,38,140,"0.81,0.81,0.81,0.81,1.00,0.81,0.65,0.65,0.40,0.53,0.53,0.81",32,0.39,0.03,"AI Overview, Video, Video carousel, People also ask, Related searches"
debate personality,Informational,35,140,"1.00,0.82,0.43,0.32,0.66,0.82,0.82,0.66,0.82,0.66,0.82,0.82",25,0.00,0.33,"Sitelinks, AI Overview, Image pack, Video, Video carousel, People also ask, Discussions and forums, Related searches"
debater 16 personalities,Informational,37,140,"1.00,0.81,1.00,0.81,1.00,0.81,0.81,0.64,0.81,0.64,0.53,0.64",30,0.00,0.01,"Sitelinks, Reviews, Image pack, Video, Video carousel, Short videos, People also ask, Related searches"
debater type,Informational,37,140,"1.00,0.34,0.21,0.65,0.21,0.81,0.43,0.34,0.34,0.43,0.34,0.43",27,0.00,0.33,"Sitelinks, AI Overview, Image pack, Video, Video carousel, People also ask, Related searches"
difference between intp and intj,Informational,34,140,"0.66,0.66,1.00,0.53,0.53,0.66,0.81,0.33,0.53,0.81,0.53,1.00",15,0.08,0.05,"Sitelinks, AI Overview, Image pack, Video, People also ask, Related searches"
disc assessment d,Informational,32,140,"0.83,0.65,0.83,1.00,0.65,0.83,0.65,0.65,1.00,0.83,0.83,0.65",30,0.61,0.11,"Sitelinks, AI Overview, Video, Short videos, People also ask, Related searches"
driver amiable expressive analytical,Informational,30,140,"1.00,0.43,0.36,0.36,0.36,0.27,0.22,0.17,0.17,0.12,0.36,0.17",22,1.00,0.02,"AI Overview, Image pack, Video, Video carousel, People also ask, Related searches"
driver analytical expressive amiable test,Informational,31,140,"1.00,0.66,0.43,0.32,0.66,0.66,0.82,0.52,0.66,0.52,0.82,0.66",17,1.07,0.18,"Video, Related searches"
driver expressive analytical amiable test,Informational,31,140,"1.00,0.66,0.43,0.33,0.66,0.66,0.81,0.53,0.66,0.53,0.81,0.66",13,0.98,0.13,"Reviews, Video, Related searches"
efnp,Informational,41,140,"0.00,0.00,0.06,1.00,0.00,0.26,0.00,0.00,0.16,0.26,0.00,0.00",28,0.23,0.01,"AI Overview, Reviews, Image pack, Video, Video carousel, People also ask, Related searches, Things to know"
einstein mbti,Informational,42,140,"1.00,1.00,1.00,0.82,0.82,0.65,0.82,0.65,1.00,1.00,0.82,1.00",7,0.00,0.33,"Sitelinks, AI Overview, Image pack, Video, People also ask, Related searches"
einstein myers briggs,Informational,45,140,"0.83,0.83,0.83,0.83,0.83,0.83,1.00,0.65,0.83,0.83,0.65,1.00",34,0.00,0.33,"Sitelinks, AI Overview, Reviews, Image pack, Video, People also ask"
einstein personality type,Informational,48,140,"0.65,0.81,1.00,0.81,0.81,0.65,0.81,0.53,0.81,0.65,0.65,0.81",18,0.00,0.33,"Sitelinks, AI Overview, Reviews, Video, People also ask"
enagrams,Informational,48,140,"0.00,0.00,0.44,0.00,0.00,0.00,0.00,0.00,1.00,0.00,1.00,0.00",29,0.61,0.33,"Sitelinks, Image pack, Video, People also ask, Related searches, Ads bottom"
eneagram 3,Informational,56,140,"0.33,0.27,0.17,0.33,0.27,0.03,0.07,0.00,1.00,0.07,0.20,0.20",23,0.35,0.02,"Sitelinks, AI Overview, Reviews, Video, People also ask, Related searches, Things to know"
eneagramm 4,Informational,49,140,"0.00,0.00,0.00,1.00,0.00,0.00,0.00,0.00,0.00,0.00,0.00,0.00",26,0.36,0.02,"Sitelinks, AI Overview, Reviews, Video, People also ask, Discussions and forums, Related searches, Things to know"
enegram 6,Informational,59,140,"0.40,0.20,0.15,0.20,0.15,0.00,0.00,0.00,1.00,0.05,0.15,0.15",17,0.24,0.03,"Sitelinks, AI Overview, Image pack, Video, People also ask, Discussions and forums, Related searches, Things to know"
enfj and enfp,Informational,43,140,"0.53,0.43,0.53,1.00,1.00,0.81,0.32,0.81,0.81,0.66,0.66,0.66",12,0.00,0.33,"Sitelinks, AI Overview, Image pack, Video, Video carousel, People also ask, Related searches, Things to know"
enfj compatibility with enfp,Informational,44,140,"0.66,0.32,1.00,0.43,1.00,0.43,0.32,0.52,0.66,0.52,0.82,1.00",15,0.00,0.33,"Sitelinks, AI Overview, Image pack, Video, People also ask, Related searches"
enfj men,Informational,41,140,"0.66,0.66,0.66,0.81,0.53,1.00,0.66,1.00,0.66,0.53,0.66,0.53",19,0.00,0.33,"Sitelinks, AI Overview, Image pack, Video, Video carousel, People also ask, Related searches"
enfj personality careers,"Informational, Commercial",41,140,"0.42,0.26,0.34,0.80,1.00,0.65,0.42,0.42,0.65,0.53,0.42,0.42",21,0.62,0.03,"Sitelinks, AI Overview, Video, People also ask, Discussions and forums, Related searches"
enfj personality jobs,Commercial,41,140,"0.42,0.26,0.26,0.65,1.00,0.80,0.42,0.42,0.65,0.53,0.42,0.53",14,0.62,0.03,"Sitelinks, AI Overview, Video, Video carousel, People also ask, Related searches"
enfj t meaning,Informational,44,140,"0.80,1.00,1.00,1.00,0.64,0.18,0.64,0.11,0.11,0.02,0.02,0.25",30,0.00,0.01,"Sitelinks, AI Overview, Image pack, Video, People also ask, Related searches"
enfj type,Informational,44,140,"1.00,0.65,0.82,0.65,0.82,0.82,1.00,1.00,0.82,0.82,0.65,0.82",30,0.00,0.01,"Sitelinks, AI Overview, Reviews, Image, Video, Video carousel, People also ask, Knowledge panel, Related searches"
enfj-t celebrities,Informational,38,140,"0.53,0.28,0.21,1.00,0.53,0.43,0.34,0.28,0.53,0.34,0.34,0.43",26,0.00,0.33,"Sitelinks, AI Overview, Video, People also ask, Related searches"
enfja personality,Informational,44,140,"0.36,1.00,0.00,0.00,0.00,0.36,0.53,0.00,0.00,0.00,0.44,0.00",32,0.24,0.02,"Sitelinks, AI Overview, Reviews, Video, Video carousel, People also ask, Related searches, Things to know"
enfp and enfj compatibility,Informational,41,140,"0.26,0.19,0.53,0.53,0.80,0.80,0.80,1.00,0.80,0.80,0.80,0.53",14,0.00,0.00,"Sitelinks, AI Overview, Image pack, Video, Video carousel, People also ask, Related searches"
enfp and estj compatibility,Informational,41,140,"0.42,0.33,0.80,1.00,0.52,0.66,0.80,0.52,0.66,0.42,0.42,0.52",10,0.00,0.33,"Sitelinks, AI Overview, Reviews, Image pack, Video, People also ask, Related searches"
enfp and isfj,Informational,43,140,"1.00,1.00,0.26,0.53,0.53,0.65,0.65,0.35,0.53,0.65,0.42,0.35",4,0.00,0.33,"Sitelinks, AI Overview, Reviews, Video, Video carousel, People also ask, Related searches"
enfp and relationships,Informational,43,140,"0.32,0.82,0.66,0.52,1.00,0.23,0.23,0.66,1.00,1.00,1.00,1.00",28,0.00,0.33,"Sitelinks, AI Overview, Video, Video carousel, People also ask, Related searches"
enfp best match,Commercial,41,140,"1.00,0.54,0.10,0.13,0.54,0.03,0.44,0.10,0.44,0.10,0.13,0.36",14,0.00,0.00,"Sitelinks, AI Overview, Image pack, Video, Video carousel, People also ask, Related searches"
enfp career,"Informational, Commercial",41,140,"0.50,0.30,0.50,0.80,1.00,0.65,0.50,0.40,0.50,0.50,0.65,0.50",18,0.00,0.01,"Sitelinks, AI Overview, Video, People also ask, Related searches"
enfp compatibility with infp,Informational,44,140,"1.00,0.80,0.42,0.33,0.52,0.66,0.80,0.66,0.80,0.66,0.80,0.80",14,0.00,0.33,"Sitelinks, AI Overview, Image pack, Video, People also ask, Related searches"
enfp description,Informational,41,140,"1.00,1.00,1.00,1.00,1.00,1.00,0.80,1.00,1.00,1.00,1.00,1.00",34,0.00,0.01,"Sitelinks, AI Overview, Image, Video, People also ask, Discussions and forums, Related searches"
enfp enfp relationship,Informational,43,140,"0.82,0.66,0.66,0.52,1.00,0.23,0.23,0.32,1.00,0.66,0.82,0.82",11,0.00,0.33,"Sitelinks, AI Overview, Video, People also ask, Related searches"
enfp love language,Informational,41,140,"0.42,0.42,0.80,0.53,0.26,0.26,1.00,1.00,0.26,0.42,0.53,0.26",9,0.00,0.33,"Sitelinks, AI Overview, Image pack, Video, Video carousel, People also ask, Related searches"
enfp stack,Informational,43,140,"0.81,0.67,1.00,0.81,0.81,0.81,0.81,0.67,0.51,0.67,0.81,0.51",29,0.00,0.33,"Sitelinks, AI Overview, Image pack, Video, People also ask, Related searches"
enfp t relationships,Informational,38,140,"1.00,0.81,0.53,0.53,1.00,0.81,0.24,0.24,1.00,1.00,1.00,0.19",29,0.00,0.33,"Sitelinks, AI Overview, Video, Video carousel, People also ask, Related searches"
enfp x infj,Informational,43,140,"1.00,0.34,0.53,0.53,0.42,0.53,0.42,0.42,0.42,0.42,0.34,0.53",17,0.00,0.33,"Sitelinks, AI Overview, Image pack, Video, Video carousel, People also ask, Related searches"
ennaegram 5,Informational,47,140,"0.00,0.00,0.00,1.00,0.00,0.00,0.00,0.00,0.00,0.00,0.00,0.00",19,0.34,0.02,"Sitelinks, AI Overview, Video, Video carousel, People also ask, Discussions and forums, Related searches"
ennagram 5,Informational,59,140,"1.00,0.40,0.50,0.65,0.10,0.65,0.80,0.30,0.25,0.30,0.50,0.65",26,0.23,0.04,"Sitelinks, AI Overview, Video, Video carousel, People also ask, Discussions and forums, Related searches, Things to know, Ads bottom, Ads middle"
ennagram types,Informational,60,140,"1.00,0.10,0.30,1.00,0.00,0.40,0.00,0.00,0.20,0.80,0.10,0.20",20,0.30,0.31,"Image, Image pack, Video, Short videos, People also ask, Knowledge panel, Related searches, Ads top, Ads bottom"
enneagram 1 subtypes,Informational,57,140,"0.42,0.66,0.80,0.66,0.66,0.66,0.66,0.66,0.66,0.66,1.00,0.80",0,0.00,0.33,"Sitelinks, AI Overview, Reviews, Video, Video carousel, Related searches"
enneagram 2 in stress,Informational,54,140,"0.66,0.66,0.66,0.79,0.66,1.00,0.66,0.79,0.79,0.79,0.66,0.66",18,0.00,0.33,"Sitelinks, AI Overview, Image pack, Video, Video carousel, People also ask, Discussions and forums, Related searches"
enneagram 2 subtypes,Informational,55,140,"0.28,0.43,0.43,0.34,0.43,0.43,0.53,0.53,0.53,0.53,1.00,0.65",12,0.00,0.33,"Sitelinks, AI Overview, Video, Video carousel, Related searches"
enneagram 2 wings,Informational,64,140,"0.81,1.00,0.81,0.81,0.81,1.00,0.81,0.64,1.00,1.00,0.81,1.00",25,0.00,0.01,"Sitelinks, AI Overview, Image, Video, Video carousel, People also ask, Related searches"
enneagram 3 subtypes,Informational,60,140,"0.43,0.43,0.66,0.53,0.53,0.43,0.66,0.81,0.66,0.66,1.00,1.00",3,0.00,0.33,"Sitelinks, AI Overview, Video, Related searches"
enneagram 4 in stress,Informational,54,140,"0.82,0.64,0.64,0.82,0.64,0.82,0.82,0.64,0.64,0.64,0.82,1.00",21,0.00,0.33,"Sitelinks, AI Overview, Image pack, Video, Video carousel, People also ask, Discussions and forums, Related searches"
enneagram 4 wings,Informational,64,140,"0.64,0.64,1.00,0.81,0.81,0.81,0.64,0.64,0.81,0.81,0.81,1.00",17,0.00,0.33,"Sitelinks, AI Overview, Video, Video carousel, People also ask, Related searches"
enneagram 5 subtypes,Informational,57,140,"0.52,0.52,0.66,0.66,0.52,0.52,0.82,0.66,0.82,0.66,1.00,1.00",14,0.00,0.33,"Sitelinks, AI Overview, Video, Related searches"
enneagram 6 in stress,Informational,52,140,"0.64,0.82,0.82,0.82,0.64,1.00,0.82,0.82,0.82,0.82,1.00,0.82",20,0.00,0.33,"Sitelinks, AI Overview, Image pack, Video, People also ask, Discussions and forums, Related searches"
enneagram 7 in stress,Informational,56,140,"0.82,0.54,0.82,1.00,0.82,1.00,0.82,0.82,0.82,1.00,0.82,0.64",18,0.00,0.33,"Sitelinks, AI Overview, Image pack, Video, People also ask, Related searches"
enneagram 7 subtypes,Informational,57,140,"0.42,0.42,0.42,0.53,0.53,0.65,0.53,0.80,0.65,0.65,1.00,0.80",9,0.00,0.33,"Sitelinks, AI Overview, Video, People also ask"
enneagram 7 wings,Informational,64,140,"0.81,0.81,1.00,0.64,0.64,0.64,0.81,0.81,0.81,0.64,0.81,0.81",19,0.00,0.33,"Sitelinks, AI Overview, Video, Video carousel, People also ask, Related searches"
enneagram 7 with 8 wing,Informational,59,140,"0.05,0.01,0.05,1.00,0.06,0.05,0.03,0.81,0.00,0.66,0.01,0.00",25,0.19,0.01,"Sitelinks, AI Overview, Video, Video carousel, People also ask, Related searches"
enneagram 8 subtypes,Informational,57,140,"0.42,0.42,0.53,0.53,0.53,0.53,0.53,0.65,0.65,0.65,1.00,0.80",6,0.00,0.33,"Sitelinks, AI Overview, Image pack, Video, Video carousel"
enneagram 8 wings,Informational,62,140,"0.81,0.64,1.00,0.81,1.00,0.64,0.81,0.64,0.81,0.81,0.64,0.81",16,0.00,0.01,"Sitelinks, AI Overview, Image pack, Video, Video carousel, People also ask, Related searches"
enneagram 9 types,Informational,70,140,"0.04,0.04,0.29,0.04,0.21,0.13,0.08,0.08,0.00,0.13,1.00,0.17",24,0.46,0.06,"AI Overview, Video, Video carousel, People also ask, Related searches"
enneagram 9 w 8,Informational,58,140,"0.54,0.43,0.13,0.28,0.00,0.06,0.04,0.00,0.00,1.00,0.02,0.00",21,0.13,0.01,"Sitelinks, AI Overview, Video, Video carousel, People also ask, Related searches"
enneagram and christianity,Informational,49,140,"1.00,0.66,0.66,1.00,0.81,0.81,0.81,0.53,0.66,0.53,0.66,0.66",15,3.33,0.13,"Sitelinks, AI Overview, Reviews, Video, Video carousel, People also ask, Discussions and forums, Related searches"
enneagram and myers briggs test,Informational,53,140,"0.65,0.65,0.53,0.26,0.53,0.65,0.80,0.65,1.00,0.65,0.80,1.00",19,0.81,0.40,"Sitelinks, Video, Video carousel, Ads bottom"
enneagram categories,Informational,68,140,"1.00,0.64,0.82,0.82,0.52,0.64,0.82,0.82,0.82,0.64,0.52,0.64",30,0.16,0.26,"Sitelinks, AI Overview, Video, Video carousel, People also ask, Related searches, Ads bottom, Ads middle"
enneagram certification,Informational,52,140,"1.00,1.00,1.00,1.00,0.77,0.62,0.62,0.62,1.00,0.77,0.77,0.62",18,1.65,0.29,"Sitelinks, Reviews, Video, Video carousel, People also ask, Related searches"
enneagram christian book,Commercial,50,140,"0.52,0.52,0.52,0.66,0.42,1.00,0.80,0.52,0.66,0.52,0.52,0.66",23,0.29,0.87,"Sitelinks, Video, People also ask, Related searches, Popular products"
enneagram course,Informational,54,140,"0.42,0.33,0.80,1.00,0.80,0.80,0.80,0.19,0.80,0.66,0.80,0.80",20,1.42,0.23,"AI Overview, Reviews, Video, Video carousel, People also ask, Related searches"
enneagram enthusiast,Informational,55,140,"1.00,0.63,0.83,1.00,1.00,0.83,0.63,0.63,0.83,0.63,0.83,0.51",12,0.10,0.03,"Image pack, Video, People also ask, Related searches"
enneagram four with a five wing,Informational,61,140,"0.23,0.23,0.12,1.00,0.15,0.00,0.29,0.00,0.00,0.01,0.01,0.05",20,0.53,0.01,"Sitelinks, AI Overview, Video, Video carousel, Short videos, People also ask, Related searches"
enneagram graph,Informational,69,140,"0.81,0.67,0.67,1.00,0.67,0.51,0.51,0.51,0.67,0.67,0.81,0.67",28,0.00,0.88,"Sitelinks, Image, Image pack, Video, Video carousel, People also ask, Related searches"
enneagram instinctual variants,Informational,60,140,"0.52,0.43,0.43,0.43,0.33,0.33,0.43,0.33,0.65,0.43,0.81,1.00",20,0.00,0.01,"Sitelinks, AI Overview, Video, Related searches, Things to know"
enneagram intj,Informational,59,140,"1.00,0.66,0.80,0.51,0.80,0.51,0.31,0.80,0.51,0.00,0.80,1.00",13,0.73,0.03,"Sitelinks, AI Overview, Image pack, Video, Video carousel, People also ask, Related searches"
enneagram meanings,Informational,73,140,"0.15,1.00,1.00,0.30,1.00,0.00,1.00,0.00,0.00,0.25,0.65,0.65",34,0.50,0.08,"Image pack, Video, People also ask, Related searches"
enneagram myers briggs,Informational,60,140,"0.14,0.08,0.10,0.22,0.18,0.14,0.14,0.08,1.00,0.81,0.18,0.18",22,0.73,0.15,"Sitelinks, Image pack, Video, Video carousel, People also ask, Related searches"
enneagram number 3,Informational,65,140,"0.52,0.52,0.52,1.00,0.66,0.66,0.52,0.52,0.66,0.52,0.52,0.33",26,0.24,0.11,"Sitelinks, AI Overview, Reviews, Image pack, Video, Video carousel, People also ask, Related searches"
enneagram number 4,Informational,61,140,"0.66,0.53,0.66,1.00,0.66,0.66,0.66,0.66,0.81,0.53,0.43,0.66",21,0.40,0.07,"AI Overview, Reviews, Image pack, Video, Video carousel, Short videos, People also ask, Related searches"
enneagram number 6,Informational,62,140,"0.66,0.53,0.66,1.00,0.81,0.66,0.43,0.43,0.81,0.53,0.53,0.66",28,0.15,0.03,"Sitelinks, AI Overview, Video, Video carousel, People also ask, Related searches"
enneagram number 7,Informational,58,140,"0.52,0.52,0.66,1.00,1.00,0.80,0.52,0.52,0.80,0.66,0.66,0.66",21,0.33,0.10,"Sitelinks, AI Overview, Video, People also ask, Related searches"
enneagram overview,Informational,71,140,"0.64,0.81,0.81,0.81,0.64,0.81,0.81,0.64,1.00,0.64,0.64,0.64",32,0.27,0.19,"Image pack, Video, Short videos, People also ask, Related searches"
enneagram perfectionist,Informational,55,140,"0.66,0.52,0.82,1.00,0.66,0.66,0.66,0.52,0.52,0.52,0.52,0.66",21,0.48,0.04,"Sitelinks, AI Overview, Image pack, Video, Video carousel, People also ask, Discussions and forums, Related searches"
enneagram pronounce,Informational,52,140,"0.53,1.00,0.65,0.53,0.53,0.53,0.26,0.42,0.53,0.42,0.65,0.65",27,0.00,0.00,"AI Overview, Video, People also ask, Knowledge panel"
enneagram stress and growth,Informational,55,140,"0.80,0.66,1.00,1.00,0.51,0.51,0.51,0.51,0.80,0.66,0.66,0.80",5,0.00,0.33,"Sitelinks, AI Overview, Image pack, Video, People also ask, Related searches"
enneagram test 8,Informational,63,140,"0.83,0.51,0.83,0.83,1.00,0.63,0.51,0.40,0.83,0.51,0.40,0.63",23,0.36,0.13,"Sitelinks, Reviews, Image pack, Video, Video carousel, People also ask, Related searches"
enneagram test 9,Informational,64,140,"1.00,0.81,1.00,0.81,0.81,0.81,0.81,0.65,0.81,0.65,0.65,0.65",28,0.70,0.30,"Sitelinks, Reviews, Image pack, Video, Video carousel, People also ask, Related searches"
enneagram the perfectionist,Informational,55,140,"0.82,0.82,0.82,1.00,0.82,0.82,0.64,0.64,0.52,0.41,0.41,0.64",27,0.42,0.06,"Sitelinks, AI Overview, Video, People also ask, Related searches"
enneagram type 1 wing 9,Informational,60,140,"0.66,0.53,0.53,0.66,0.66,0.66,0.53,0.53,1.00,0.66,0.66,0.66",15,0.29,0.01,"Sitelinks, AI Overview, Video, Video carousel, People also ask, Related searches"
enneagram type 2 with 3 wing,Informational,61,140,"0.53,0.53,0.53,0.42,0.53,0.17,0.33,0.14,1.00,0.81,0.64,0.53",23,0.00,0.33,"Sitelinks, AI Overview, Reviews, Video, Video carousel, People also ask, Related searches"
enneagram type 5 wing 6,Informational,58,140,"0.51,0.51,0.67,0.81,0.51,0.67,0.67,0.67,1.00,0.81,0.67,0.51",23,0.00,0.01,"Sitelinks, Video, Video carousel, People also ask, Discussions and forums, Related searches"
enneagram type 6 wing 5,Informational,62,140,"0.63,0.51,0.83,0.83,0.63,0.63,0.83,0.83,1.00,0.83,0.83,0.63",21,0.00,0.33,"Sitelinks, AI Overview, Video, Video carousel, People also ask, Discussions and forums, Related searches, Things to know"
enneagram type 9 wing 1,Informational,62,140,"0.81,0.65,0.81,0.81,1.00,0.81,0.81,0.81,1.00,0.81,1.00,0.81",22,0.00,0.02,"Sitelinks, AI Overview, Image pack, Video, People also ask, Related searches"
enneagram type five,Informational,65,140,"0.03,0.03,0.03,1.00,0.01,0.01,0.01,0.01,0.01,0.01,0.01,0.13",25,0.00,0.33,"Sitelinks, AI Overview, Image pack, Video, Video carousel, People also ask, Related searches"
enneagramme type 5,Informational,47,140,"0.00,0.00,0.00,0.00,0.00,0.00,0.00,0.00,1.00,0.00,0.00,0.00",25,0.64,0.02,"AI Overview, Image, Image pack, Video, Video carousel, People also ask, Related searches"
ennegram 5w6,Informational,60,140,"1.00,0.03,0.00,0.67,0.07,0.03,0.00,0.00,0.07,0.00,0.00,0.00",20,0.73,0.01,"Sitelinks, AI Overview, Image pack, Video, People also ask, Discussions and forums, Related searches, Things to know"
ennegram book,"Informational, Commercial",53,140,"0.06,0.10,0.42,0.00,0.23,1.00,0.16,0.13,0.00,0.13,0.26,0.16",17,0.21,1.00,"Sitelinks, AI Overview, Image, Image pack, Video, People also ask, Related searches, Popular products"
ennegram wings,Informational,61,140,"0.15,0.38,0.23,1.00,0.38,0.62,0.85,0.38,0.38,0.62,0.62,0.85",22,0.86,0.03,"Sitelinks, AI Overview, Video, Video carousel, People also ask, Related searches, Things to know"
entj famous,Informational,37,140,"0.28,0.13,0.22,0.35,0.35,0.19,0.28,0.28,1.00,0.22,0.22,0.22",21,0.00,0.33,"Sitelinks, AI Overview, Image pack, Video, Video carousel, People also ask"
entj functions,Informational,39,140,"1.00,0.67,0.81,0.67,0.52,0.81,0.81,0.81,0.67,0.52,0.52,0.67",26,0.00,0.33,"Sitelinks, AI Overview, Video, People also ask, Related searches"
entj handwriting,Informational,40,140,"0.43,0.21,0.15,0.21,0.43,0.53,0.65,0.53,0.65,0.53,1.00,0.81",11,0.00,0.33,"Sitelinks, Image pack, Video, People also ask"
entj intj compatibility,Informational,40,140,"0.82,1.00,0.66,0.66,0.82,0.66,0.43,0.32,0.52,0.43,0.52,0.43",5,0.00,0.33,"Sitelinks, AI Overview, Image pack, Video, People also ask, Related searches"
entj intj relationship,Informational,40,140,"1.00,0.66,0.66,0.52,0.43,0.82,0.43,0.32,0.52,0.52,0.43,0.52",5,0.00,0.33,"Sitelinks, AI Overview, Image pack, Video, Video carousel, People also ask, Related searches"
entj personality type celebrities,Informational,40,140,"0.66,0.53,0.43,1.00,0.66,0.43,0.53,0.53,0.53,0.53,0.53,0.43",19,0.00,0.33,"Sitelinks, AI Overview, Reviews, Image pack, Video, Short videos, People also ask, Related searches"
entj rare,Informational,47,140,"0.42,0.52,0.52,0.66,0.52,1.00,0.66,0.66,0.66,0.52,0.66,0.66",19,0.00,0.33,"AI Overview, Image pack, Video, People also ask, Related searches"
entj relationships,Informational,43,140,"0.65,1.00,0.83,0.65,0.83,0.83,0.83,0.65,0.83,0.65,0.83,0.83",16,0.00,0.33,"Sitelinks, AI Overview, Video, Video carousel, People also ask"
entj type,Informational,46,140,"0.82,0.64,1.00,0.82,0.82,0.82,1.00,0.82,0.82,0.82,0.64,0.82",26,0.00,0.01,"Sitelinks, AI Overview, Video, Short videos, People also ask, Related searches"
entj woman,Informational,39,140,"0.82,0.82,1.00,0.82,0.54,1.00,0.64,0.82,0.82,1.00,0.82,0.82",22,0.00,0.33,"Sitelinks, AI Overview, Image pack, Video, People also ask, Related searches"
entj.,Informational,47,140,"0.00,0.00,0.00,0.00,0.00,0.82,0.00,0.00,0.00,1.00,0.00,0.00",26,0.00,0.33,"Sitelinks, AI Overview, Video, People also ask, Related searches"
entp 4w3,Informational,42,140,"0.09,0.12,0.09,1.00,0.02,0.02,0.09,0.09,0.15,0.09,0.15,0.05",9,0.00,0.33,"Sitelinks, AI Overview, Image pack, Video, People also ask, Related searches"
entp and infp compatibility,Informational,43,140,"0.52,0.33,0.52,0.52,0.66,0.66,0.66,0.66,0.80,1.00,0.80,0.66",10,0.00,0.33,"Sitelinks, AI Overview, Reviews, Image pack, Video, People also ask"
entp compatibility with enfj,Informational,41,140,"0.80,0.80,0.33,0.33,0.66,0.66,0.80,0.66,0.80,0.66,1.00,1.00",10,0.00,0.33,"Sitelinks, AI Overview, Reviews, Image pack, Video, People also ask, Related searches"
entp infp,Informational,44,140,"1.00,0.65,0.65,0.81,1.00,0.81,0.81,0.65,0.65,0.65,0.65,0.81",7,0.00,0.33,"Sitelinks, AI Overview, Video, Video carousel, People also ask, Related searches"
entp stereotypes,Informational,40,140,"0.82,1.00,0.82,0.82,0.82,0.64,0.82,0.64,0.82,0.64,1.00,0.82",22,0.00,0.33,"Sitelinks, AI Overview, Image pack, Video, People also ask, Discussions and forums, Related searches"
entp type,Informational,47,140,"1.00,0.82,0.82,0.82,1.00,0.82,0.29,0.82,0.82,0.82,0.82,0.65",26,0.00,0.01,"Sitelinks, AI Overview, Reviews, Video, People also ask, Related searches"
entp vs infj,Informational,44,140,"0.41,0.41,0.54,0.33,1.00,0.41,0.54,0.41,0.41,0.41,0.65,0.54",16,0.00,0.33,"Sitelinks, AI Overview, Image pack, Video, People also ask, Related searches"
entp x infp,Informational,43,140,"0.65,0.53,0.81,0.81,0.81,0.65,0.65,1.00,0.81,0.65,0.65,0.81",15,0.00,0.33,"Sitelinks, AI Overview, Image pack, Video, Video carousel, People also ask, Related searches"
entp 人格,Informational,41,140,"0.79,0.79,0.63,0.79,0.79,0.79,0.53,0.79,0.79,0.79,0.79,1.00",29,0.00,0.33,"AI Overview, Image pack, Video, Video carousel, People also ask, Related searches"
esfj and intp,Informational,41,140,"0.65,0.82,0.82,0.82,0.82,0.82,0.65,0.65,0.65,0.65,1.00,0.82",15,0.00,0.33,"Sitelinks, AI Overview, Reviews, Video, Video carousel, People also ask, Discussions and forums, Related searches"
esfj personality careers,"Informational, Commercial",41,140,"0.81,0.81,0.53,1.00,1.00,0.66,0.53,0.43,0.43,0.53,0.53,0.24",22,0.00,0.33,"Sitelinks, AI Overview, Video, People also ask, Discussions and forums, Related searches"
esfj personality strengths and weaknesses,Informational,41,140,"0.83,0.65,0.53,1.00,0.83,1.00,0.65,0.83,1.00,0.65,0.83,0.65",22,0.00,0.33,"Sitelinks, AI Overview, Image pack, Video, People also ask, Related searches"
esfp and enfp,Informational,39,140,"0.66,0.82,1.00,0.52,0.23,0.52,0.52,0.52,0.52,0.52,0.66,0.23",10,0.00,0.33,"Sitelinks, AI Overview, Video, People also ask, Related searches"
esfp traits,Informational,43,140,"0.66,0.81,0.66,0.81,1.00,0.53,0.53,0.53,0.53,0.32,0.53,0.43",30,0.00,0.33,"Sitelinks, AI Overview, Reviews, Image pack, Video, People also ask, Related searches, Things to know"
esfp vs esfj,Commercial,38,140,"0.53,0.66,0.81,0.66,0.66,0.81,0.53,0.53,0.81,0.66,0.66,1.00",9,0.00,0.33,"Sitelinks, AI Overview, Reviews, Video, Video carousel, People also ask, Related searches"
esfp weaknesses,Informational,38,140,"0.65,0.42,0.34,0.53,1.00,0.42,0.53,0.42,0.65,0.42,0.65,0.42",23,0.00,0.33,"Sitelinks, AI Overview, Reviews, Image pack, Video, Video carousel, People also ask, Related searches"
esfps,Informational,34,140,"0.00,0.00,0.26,0.00,1.00,0.32,0.00,0.00,0.00,0.00,0.00,0.00",21,0.29,0.33,"Sitelinks, AI Overview, Image, Image pack, Video, Video carousel, People also ask, Related searches"
estj and enfp compatibility,Informational,40,140,"0.82,0.52,0.64,1.00,0.64,0.82,1.00,0.64,0.82,0.82,0.64,1.00",4,0.00,0.33,"Sitelinks, AI Overview, Image pack, Video, Video carousel, People also ask, Related searches"
estj personality traits,Informational,42,140,"0.80,0.66,0.66,0.80,1.00,0.66,0.66,0.51,0.51,0.66,0.51,0.66",28,0.00,0.01,"Sitelinks, AI Overview, Image pack, Video, Video carousel, People also ask, Discussions and forums, Related searches"
estj personality type characters,Informational,39,140,"0.81,0.81,0.81,0.81,1.00,0.66,0.43,0.43,0.66,0.66,0.43,0.43",24,0.00,0.33,"AI Overview, Image, Image pack, Video, People also ask, Related searches"
estj strengths and weaknesses,Informational,40,140,"0.52,0.42,0.66,1.00,1.00,0.52,0.66,0.42,0.66,0.52,0.52,0.33",25,0.00,0.33,"AI Overview, Image pack, Video, People also ask, Discussions and forums, Related searches"
estj vs esfj,"Informational, Commercial",39,140,"0.83,1.00,0.83,0.83,0.65,0.83,0.83,0.65,0.83,0.83,0.83,1.00",5,0.00,0.33,"Sitelinks, AI Overview, Image pack, Video, People also ask"
estj weaknesses,Informational,40,140,"0.66,0.42,0.66,0.80,1.00,0.52,0.52,0.33,0.52,0.52,0.52,0.33",20,0.00,0.33,"AI Overview, Video, People also ask, Discussions and forums, Related searches"
estp 7w8,Informational,38,140,"0.81,0.81,0.81,0.81,0.64,0.64,0.64,0.64,0.64,1.00,0.81,0.64",7,0.00,0.33,"Sitelinks, AI Overview, Image pack, Video, People also ask, Related searches"
executive mbti,Informational,38,140,"0.64,0.82,1.00,0.64,0.82,0.82,0.64,0.54,0.64,0.54,0.82,0.82",29,0.00,0.02,"Image pack, Video, Short videos, People also ask, Related searches"
expressive analytical driver amiable test,Informational,31,140,"1.00,0.66,0.43,0.32,0.66,0.66,0.82,0.52,0.66,0.52,0.82,0.66",16,0.98,0.13,"AI Overview, Reviews, Video, People also ask, Related searches"
extj personality,Informational,43,140,"0.00,0.01,0.00,0.00,0.00,0.00,0.00,0.00,1.00,0.00,0.00,0.00",24,0.17,0.02,"AI Overview, Image pack, Video, People also ask, Discussions and forums, Things to know"
f type personality,Informational,39,140,"1.00,0.35,0.28,0.17,0.23,0.28,0.35,0.28,0.35,0.28,0.66,0.53",31,0.00,0.33,"Sitelinks, AI Overview, Image pack, Video, Video carousel, People also ask, Related searches"
famous enneagram 4,Informational,55,140,"0.53,0.66,0.81,0.81,0.53,0.66,0.53,0.53,1.00,0.66,0.53,0.53",11,0.00,0.33,"Sitelinks, AI Overview, Video, Short videos, People also ask, Related searches"
famous entj personalities,Informational,40,140,"1.00,0.13,0.00,0.13,0.13,0.00,0.00,0.00,0.06,0.00,0.00,0.00",21,0.00,0.00,"Sitelinks, AI Overview, Image pack, Video, People also ask"
famous esfj personalities,Informational,38,140,"1.00,0.42,0.23,0.27,0.23,0.35,0.35,0.23,0.27,0.35,0.42,0.23",19,0.00,0.33,"Sitelinks, AI Overview, Video, People also ask, Related searches"
famous esfp,Informational,35,140,"0.80,0.66,0.66,1.00,0.80,1.00,0.66,0.51,0.80,0.66,0.51,0.51",26,0.00,0.33,"AI Overview, Image pack, Video, People also ask, Related searches"
famous estj personalities,Informational,39,140,"0.15,1.00,0.44,0.44,1.00,0.82,0.15,0.12,0.15,0.15,0.27,0.15",17,0.00,0.33,"Sitelinks, AI Overview, Video, People also ask, Discussions and forums, Related searches"
famous people who are estj,Informational,43,140,"0.65,0.65,0.21,0.43,1.00,0.12,0.21,0.81,0.15,0.15,0.28,0.15",18,0.00,0.33,"Sitelinks, AI Overview, Video, People also ask, Related searches"
female intj characters,Informational,33,140,"0.52,0.66,0.82,1.00,0.66,0.66,1.00,0.66,0.82,0.52,0.66,0.82",22,0.00,0.01,"Sitelinks, AI Overview, Image pack, Video, Video carousel, People also ask, Related searches"
four enneagram,Informational,60,140,"0.88,0.88,1.00,0.88,1.00,0.63,0.50,0.50,0.63,0.50,0.88,0.50",24,0.35,0.04,"Sitelinks, AI Overview, Reviews, Image pack, Video, Video carousel, People also ask, Related searches"
free true colors personality test,Informational,35,140,"0.35,0.53,0.80,0.80,0.80,0.42,0.26,0.26,0.35,1.00,0.35,1.00",34,0.71,0.34,"Video, People also ask, Related searches"
good careers for enfp,Commercial,36,140,"0.66,0.66,0.66,0.66,0.82,0.82,0.82,0.82,0.82,0.66,1.00,1.00",22,0.53,0.03,"Sitelinks, AI Overview, Video, People also ask, Related searches"
good jobs for enfj,Commercial,39,140,"0.65,0.52,1.00,0.65,1.00,0.65,1.00,0.65,1.00,0.65,0.65,0.82",20,0.04,0.01,"Sitelinks, AI Overview, Video, People also ask, Related searches"
guardian personality profile,Informational,39,140,"0.83,0.83,0.53,0.41,0.83,0.83,1.00,0.83,1.00,1.00,0.83,1.00",5,0.00,0.33,"Sitelinks, AI Overview, Video, Video carousel, People also ask, Related searches"
harry potter alignment chart,Informational,48,140,"0.76,1.00,0.62,0.76,0.62,0.76,0.62,0.76,1.00,0.62,0.62,0.62",16,0.00,0.01,"Sitelinks, Image, Image pack, Video, People also ask, Related searches"
harry potter traits,Informational,48,140,"0.81,0.32,0.32,0.66,1.00,0.81,0.66,0.66,0.81,0.53,0.66,0.53",24,0.00,0.33,"Sitelinks, AI Overview, Image pack, Video, Video carousel, People also ask, Related searches"
high d personality,Informational,36,140,"0.52,0.52,1.00,0.82,0.82,0.82,0.65,1.00,1.00,0.82,0.65,0.82",1,0.51,0.13,"AI Overview, Video, Video carousel, People also ask, Related searches"
history of the enneagram,Informational,54,140,"0.51,0.51,0.81,0.51,1.00,0.81,0.67,0.42,0.00,0.67,0.81,0.51",26,0.11,0.01,"Sitelinks, AI Overview, Video, People also ask, Related searches"
how to read enneagram chart,Informational,64,140,"0.67,0.67,1.00,0.67,0.81,0.52,0.43,0.33,0.67,0.52,0.52,0.52",27,0.00,0.02,"Sitelinks, AI Overview, Image, Image pack, Video, People also ask, Related searches"
i 人,Informational,30,140,"0.80,0.26,0.41,0.41,0.41,0.41,0.26,1.00,0.26,0.80,0.26,1.00",33,0.00,0.33,"Sitelinks, AI Overview, Image pack, Video, People also ask, Related searches"
ifsj,Informational,37,140,"0.14,0.44,0.08,0.28,0.06,1.00,0.00,0.00,0.00,0.67,0.00,0.28",32,0.06,0.33,"Sitelinks, AI Overview, Reviews, Image pack, Video, Video carousel, Short videos, People also ask, Related searches, Things to know"
infj 4w3,Informational,48,140,"1.00,0.82,0.65,1.00,0.52,0.82,1.00,1.00,1.00,1.00,1.00,0.82",14,0.00,0.33,"Sitelinks, AI Overview, Image pack, Video, People also ask, Related searches"
infj 9w8,Informational,41,140,"0.52,0.42,1.00,0.66,0.66,0.80,0.52,0.52,0.52,0.52,0.52,0.66",8,0.00,0.33,"Sitelinks, AI Overview, Video, People also ask, Related searches"
infj and enneagram,Informational,57,140,"0.82,0.82,0.64,1.00,0.82,0.64,1.00,0.82,0.82,0.82,1.00,1.00",14,0.91,0.06,"Sitelinks, AI Overview, Image pack, Video, Video carousel, People also ask, Related searches"
infj enfp compatibility,Informational,41,140,"1.00,0.82,0.82,0.82,0.82,0.82,0.82,0.82,0.64,0.82,0.82,0.82",24,0.00,0.33,"Sitelinks, AI Overview, Reviews, Image, Video, Video carousel, People also ask, Related searches"
infj quiz,Informational,42,140,"0.83,0.83,0.83,0.83,1.00,1.00,1.00,0.83,0.83,0.63,0.63,0.83",17,0.45,0.54,"Sitelinks, Video, People also ask, Related searches"
infp and entj compatibility,Informational,41,140,"1.00,0.52,1.00,1.00,0.82,0.64,0.64,0.64,0.64,0.64,1.00,0.82",9,0.00,0.33,"Sitelinks, AI Overview, Reviews, Image pack, Video, People also ask, Related searches"
infp art,Informational,35,140,"1.00,0.53,0.66,0.66,0.53,0.66,0.66,0.53,0.53,0.53,0.53,0.53",21,0.00,0.33,"Sitelinks, AI Overview, Image, Image pack, Video, Video carousel, People also ask, Related searches"
infp compatible personality types,Informational,41,140,"1.00,0.53,0.66,0.53,0.43,0.53,0.53,0.43,0.81,0.53,0.66,0.53",24,0.00,0.33,"Sitelinks, AI Overview, Image pack, Video, People also ask, Related searches"
infp female,Informational,37,140,"0.53,0.81,0.81,0.81,0.81,1.00,0.81,0.81,0.81,0.65,0.81,0.81",19,0.00,0.01,"Sitelinks, AI Overview, Image pack, Video, Video carousel, People also ask, Related searches"
infp guys,Informational,38,140,"0.27,1.00,0.43,0.43,0.82,0.82,0.09,0.14,0.11,0.05,0.43,0.34",32,0.06,0.01,"Sitelinks, Image pack, Video, People also ask, Related searches"
infp personality type careers,Commercial,34,140,"0.54,0.29,0.39,0.82,0.82,0.82,0.82,0.82,1.00,0.64,1.00,1.00",27,0.37,0.03,"Sitelinks, AI Overview, Video, Video carousel, People also ask, Related searches"
infp strengths,Informational,37,140,"0.65,0.65,0.53,0.81,1.00,1.00,0.65,0.81,0.81,0.81,0.81,0.81",18,0.00,0.01,"Sitelinks, AI Overview, Image pack, Video, Video carousel, People also ask, Related searches"
infp t vs infp a,"Informational, Commercial",35,140,"0.80,0.35,0.65,1.00,0.80,0.15,0.65,0.18,0.18,0.65,0.42,0.26",20,0.00,0.01,"Sitelinks, AI Overview, Video, Video carousel, People also ask, Discussions and forums, Related searches"
infp vs isfj,Informational,37,140,"0.66,0.52,0.80,0.66,0.52,0.66,0.66,0.66,1.00,0.80,0.80,0.80",12,0.00,0.33,"Sitelinks, AI Overview, Reviews, Image pack, Video, People also ask, Related searches"
infp-a careers,"Informational, Commercial",31,140,"0.00,0.00,0.00,0.00,0.00,0.00,0.00,0.06,1.00,0.07,0.10,0.10",29,0.35,0.01,"Sitelinks, AI Overview, Video, Video carousel, People also ask, Discussions and forums, Related searches"
infp-t celebrities,Informational,32,140,"0.30,0.30,0.00,0.00,0.00,1.00,0.15,0.50,0.80,0.65,0.80,0.80",22,0.00,0.33,"Sitelinks, AI Overview, Video, Video carousel, People also ask, Discussions and forums, Related searches"
inner childhood wounds,Informational,49,140,"0.45,1.00,0.36,0.64,0.45,0.64,0.64,0.64,0.64,0.45,0.45,0.64",27,1.39,0.06,"Sitelinks, AI Overview, Image, Video, People also ask, Discussions and forums, Related searches"
intj - t,Informational,38,140,"0.00,0.00,0.00,0.00,0.00,1.00,0.00,0.00,0.00,0.00,0.72,0.00",29,0.34,0.01,"Sitelinks, AI Overview, Video, People also ask, Related searches, Things to know"
intj a personality type,Informational,43,140,"0.52,0.52,0.64,0.82,0.64,1.00,0.64,0.82,1.00,0.64,0.82,0.82",27,0.27,0.05,"Sitelinks, AI Overview, Reviews, Image, Image pack, Video, Video carousel, People also ask, Discussions and forums, Related searches"
intj adhd,Informational,38,140,"0.82,0.82,1.00,0.82,0.82,0.82,0.82,0.82,0.52,0.82,1.00,0.82",25,0.00,0.33,"Sitelinks, AI Overview, Image, Image pack, People also ask, Related searches"
intj and entj compatibility,Informational,40,140,"0.82,0.52,1.00,1.00,0.65,0.65,0.65,0.65,0.82,0.65,0.65,0.65",8,0.00,0.33,"Sitelinks, AI Overview, Image pack, Video, Video carousel, People also ask, Related searches"
intj art,Informational,38,140,"0.65,0.83,1.00,1.00,1.00,0.83,0.65,0.65,0.52,0.83,0.83,0.83",23,0.00,0.33,"Sitelinks, AI Overview, Image pack, Video, People also ask, Related searches"
intj career paths,Commercial,33,140,"0.34,0.26,0.53,1.00,0.80,1.00,0.65,0.53,0.53,0.53,0.65,0.53",27,0.00,0.01,"Sitelinks, AI Overview, Video, People also ask, Related searches"
intj carrers,Commercial,32,140,"0.48,0.00,0.00,1.00,0.00,0.00,0.00,0.01,0.00,0.00,0.00,0.01",27,0.55,0.01,"Sitelinks, AI Overview, Video, People also ask, Discussions and forums, Related searches"
intj female characteristics,Informational,36,140,"0.34,0.34,0.28,0.53,0.34,0.34,0.53,0.43,1.00,0.28,0.43,0.34",17,0.00,0.01,"Sitelinks, AI Overview, Video, Video carousel, People also ask, Related searches"
intj intp,Informational,39,140,"0.82,0.66,1.00,0.82,0.66,0.52,0.52,0.52,0.52,0.52,0.66,0.52",21,0.89,0.03,"Sitelinks, AI Overview, Video, People also ask, Related searches"
intj mastermind,Informational,37,140,"0.83,0.63,0.83,0.83,1.00,0.83,0.51,0.63,0.63,1.00,0.63,1.00",29,0.00,0.01,"Sitelinks, AI Overview, Image pack, Video, Video carousel, People also ask, Related searches"
intj opposite,Informational,36,140,"0.65,0.65,0.65,1.00,0.65,0.83,0.83,0.65,1.00,0.65,0.65,0.83",13,0.00,0.33,"Sitelinks, AI Overview, Image pack, Video, Video carousel, People also ask, Discussions and forums, Related searches"
intj personality characters,Informational,39,140,"0.83,0.83,1.00,0.83,0.83,0.83,1.00,0.63,0.83,0.83,0.63,0.83",23,0.00,0.33,"Sitelinks, AI Overview, Image, Image pack, Video, Video carousel, People also ask, Related searches"
intj personality type careers,Commercial,35,140,"0.23,0.46,0.23,1.00,0.62,1.00,0.77,0.62,1.00,1.00,0.62,1.00",23,0.17,0.04,"Sitelinks, AI Overview, Video, Video carousel, People also ask, Related searches"
intj t careers,"Informational, Commercial",31,140,"0.52,0.52,0.52,1.00,1.00,0.80,0.66,0.52,0.66,1.00,0.80,0.52",27,0.16,0.01,"Sitelinks, AI Overview, Video, People also ask, Related searches"
intj t meaning,Informational,37,140,"0.41,0.80,1.00,1.00,0.80,0.19,0.54,0.15,0.19,0.19,0.19,0.26",31,0.00,0.02,"Sitelinks, AI Overview, Image, Image pack, Video, People also ask, Related searches"
intj types,Informational,40,140,"0.24,0.53,0.53,1.00,0.81,0.33,0.81,0.43,0.33,0.66,1.00,0.66",29,0.00,0.01,"AI Overview, Image, Video, Video carousel, People also ask, Related searches"
intj-t characters,Informational,36,140,"0.30,0.30,0.15,0.40,0.65,0.65,0.30,0.50,0.80,0.80,1.00,0.80",14,0.00,0.33,"Sitelinks, Video, Video carousel, People also ask, Related searches"
intj是什么,Informational,30,140,"0.65,0.83,0.83,0.65,0.65,0.83,0.83,0.65,1.00,0.29,0.65,1.00",33,0.00,0.33,"AI Overview, Video, People also ask, Related searches"
intp 9w1,Informational,41,140,"0.66,0.66,0.82,0.82,0.82,0.52,0.66,0.52,0.66,0.52,1.00,0.82",6,0.00,0.33,"Sitelinks, AI Overview, Image pack, Video, People also ask, Related searches"
intp 9w8,Informational,38,140,"0.65,0.52,0.82,0.82,0.82,1.00,0.82,0.82,0.65,0.65,0.65,1.00",9,0.00,0.33,"Sitelinks, Image pack, Video, People also ask, Related searches"
intp and entj,Informational,40,140,"0.28,0.20,0.28,0.52,0.20,1.00,0.28,0.43,0.65,0.33,0.52,0.28",5,0.00,0.33,"Sitelinks, AI Overview, Reviews, Image pack, Video, Video carousel, People also ask, Related searches"
intp and esfj,Informational,40,140,"0.79,1.00,0.79,1.00,1.00,1.00,0.79,0.79,0.79,0.65,1.00,0.79",16,0.00,0.33,"Sitelinks, AI Overview, Video, Video carousel, People also ask, Discussions and forums, Related searches"
intp and intj relationship,Informational,39,140,"0.66,0.81,1.00,0.66,0.81,0.66,0.81,0.53,0.43,0.53,0.53,0.66",4,0.00,0.33,"Sitelinks, AI Overview, Image pack, Video, Video carousel, People also ask, Related searches"
intp and isfj,Informational,39,140,"0.82,1.00,1.00,1.00,0.82,1.00,0.82,0.82,0.82,0.82,0.82,1.00",9,0.00,0.33,"Sitelinks, AI Overview, Reviews, Image pack, Video, People also ask, Related searches"
intp famous,Informational,34,140,"1.00,0.83,1.00,0.83,0.83,0.83,0.65,0.65,1.00,0.83,0.83,1.00",23,0.00,0.33,"Sitelinks, AI Overview, Reviews, Image pack, Video, People also ask, Related searches"
intp intj,Informational,39,140,"1.00,1.00,1.00,0.83,0.83,0.63,0.83,0.63,0.63,0.51,0.83,0.83",18,0.00,0.01,"Sitelinks, AI Overview, Image pack, Video, Video carousel, People also ask, Discussions and forums, Related searches"
intp male,Informational,36,140,"1.00,0.66,1.00,0.66,0.81,0.53,0.53,0.43,0.43,0.32,0.53,0.53",15,0.00,0.33,"Sitelinks, AI Overview, Video, Video carousel, People also ask, Related searches"
intp personality characteristics,Informational,38,140,"1.00,0.28,0.08,0.11,0.00,0.18,0.00,0.00,0.23,0.23,0.28,0.23",30,0.04,0.01,"Sitelinks, AI Overview, Image pack, Video, People also ask, Related searches"
intp personality weaknesses,Informational,39,140,"1.00,0.26,0.42,0.80,0.53,0.42,0.53,0.35,0.42,0.42,0.65,0.53",19,0.00,0.33,"Sitelinks, AI Overview, Image pack, Video, Video carousel, People also ask, Related searches"
intp persons,Informational,33,140,"0.02,0.00,0.00,0.02,0.02,1.00,1.00,0.00,0.00,0.00,0.00,0.00",25,0.29,0.02,"Sitelinks, AI Overview, Video, People also ask, Related searches"
intpa personality,Informational,42,140,"0.00,0.00,0.00,1.00,0.00,0.00,0.00,0.00,0.00,0.00,0.00,0.00",33,0.18,0.01,"Sitelinks, AI Overview, Video, Video carousel, People also ask, Discussions and forums, Related searches, Things to know"
iqepf,"Informational, Navigational",45,140,"0.00,0.00,0.00,0.00,0.00,0.00,0.00,0.00,0.00,0.13,0.41,1.00",29,0.00,0.33,"Sitelinks, Reviews, Instant answer, Video, People also ask, Knowledge panel, Top stories, Related searches"
is 16personalities accurate,Informational,35,140,"0.53,0.65,0.65,1.00,1.00,0.83,0.83,1.00,1.00,0.83,1.00,0.53",24,0.00,0.33,"Sitelinks, AI Overview, Image pack, Video, Video carousel, People also ask, Related searches"
is enneagram christian,Informational,48,140,"0.66,0.52,0.23,0.66,1.00,0.66,0.52,0.52,0.66,0.82,0.66,0.66",19,0.00,0.03,"Sitelinks, AI Overview, Video, Video carousel, People also ask, Discussions and forums, Related searches"
isfj and enfj,Informational,42,140,"1.00,0.81,0.81,0.81,0.64,1.00,0.64,0.81,0.64,1.00,0.64,0.64",10,0.00,0.33,"Sitelinks, AI Overview, Image pack, Video, People also ask, Related searches"
isfj enneagram,Informational,50,140,"0.81,0.81,1.00,0.67,0.67,0.51,0.51,0.51,0.81,0.51,0.51,0.67",5,0.00,0.33,"Sitelinks, AI Overview, Image pack, Video, Video carousel, People also ask, Related searches"
isfj means,Informational,42,140,"0.17,1.00,0.17,0.00,0.00,0.00,0.00,0.00,0.13,0.00,0.00,0.00",32,0.14,0.01,"Sitelinks, AI Overview, Image pack, Video, People also ask, Related searches"
isfj personality type characters,Informational,40,140,"0.65,0.65,0.65,0.81,0.81,0.81,0.81,0.65,0.65,0.81,0.81,1.00",14,0.00,0.33,"Sitelinks, Image, Image pack, Video, People also ask, Related searches"
isfj t meaning,Informational,37,140,"0.53,0.53,0.80,0.80,1.00,0.15,0.65,0.18,0.53,0.42,0.35,0.42",26,0.00,0.33,"Sitelinks, AI Overview, Image pack, Video, People also ask, Related searches"
isfj vs esfj,"Informational, Commercial",38,140,"0.52,0.66,0.66,0.66,0.66,0.52,0.52,0.66,0.66,0.52,0.80,1.00",5,0.00,0.33,"Sitelinks, AI Overview, Reviews, Image pack, Video, Video carousel, People also ask, Related searches"
isfj-a meaning,"Informational, Commercial",41,140,"0.82,0.82,1.00,1.00,0.66,0.32,0.52,0.43,0.32,0.23,0.52,0.32",25,0.00,0.01,"Sitelinks, AI Overview, Video, People also ask, Related searches"
isfj.,Informational,45,140,"0.00,0.00,0.00,0.00,0.00,0.00,0.00,1.00,0.00,0.00,0.00,0.00",33,0.13,0.33,"Sitelinks, AI Overview, Reviews, Video, People also ask, Related searches, Things to know"
isfp 4w3,Informational,36,140,"1.00,1.00,1.00,0.83,0.83,0.83,0.83,0.83,1.00,0.83,0.83,1.00",6,0.00,0.33,"Sitelinks, AI Overview, Video, People also ask, Related searches"
isfp 9w1,Informational,44,140,"0.52,1.00,1.00,0.83,0.83,0.52,0.65,0.65,0.65,0.65,0.65,1.00",9,0.00,0.33,"Sitelinks, AI Overview, Image pack, People also ask, Related searches"
isfp and enfp,Informational,38,140,"0.81,0.81,0.65,0.81,1.00,0.65,0.81,0.65,0.81,0.81,1.00,0.53",7,0.00,0.33,"Sitelinks, AI Overview, Reviews, Image pack, Video, Video carousel, People also ask, Related searches"
isfp and entj,Informational,38,140,"0.66,0.52,1.00,0.66,0.52,0.52,0.52,0.52,0.66,0.43,0.52,0.52",7,0.00,0.33,"Sitelinks, AI Overview, Reviews, Image pack, Video, Video carousel, People also ask, Related searches"
isfp enneagram,Informational,49,140,"1.00,0.81,0.81,1.00,0.81,1.00,0.65,0.65,0.65,0.53,0.81,1.00",5,0.00,0.01,"Sitelinks, AI Overview, Image pack, Video, Video carousel, People also ask, Related searches, Things to know"
isfp vs esfp,"Informational, Commercial",32,140,"0.43,0.66,0.43,0.66,0.66,0.53,0.66,0.81,1.00,0.43,0.53,0.66",6,0.00,0.33,"Sitelinks, AI Overview, Reviews, Video, Video carousel, People also ask, Related searches"
istj and enfj,Informational,41,140,"1.00,0.81,0.81,0.81,0.64,0.64,0.81,0.64,0.64,0.64,0.53,0.64",6,0.00,0.33,"Sitelinks, AI Overview, Image pack, Video, Video carousel, People also ask, Related searches"
istj enneagram,Informational,48,140,"1.00,0.65,1.00,1.00,0.81,0.81,0.65,0.81,0.81,0.65,0.65,0.81",12,0.00,0.33,"Sitelinks, AI Overview, Image pack, Video, People also ask, Discussions and forums, Related searches"
istp 5w6,Informational,30,140,"0.83,0.83,0.83,0.83,0.83,0.63,1.00,0.83,0.83,1.00,1.00,1.00",20,0.00,0.33,"Sitelinks, AI Overview, Image pack, Video, People also ask, Discussions and forums, Related searches"
istp 9w1,Informational,39,140,"0.06,0.06,0.09,0.15,0.12,0.09,0.15,1.00,0.09,0.05,0.15,0.09",9,0.00,0.33,"Sitelinks, AI Overview, Image pack, Video, People also ask, Related searches"
istp personality test,Informational,39,140,"1.00,0.53,0.43,0.53,0.53,0.66,0.66,0.53,0.53,1.00,0.53,0.81",27,0.31,0.41,"Sitelinks, Image pack, Video, Video carousel, People also ask, Discussions and forums, Related searches"
jobs for mbti,Commercial,45,140,"1.00,0.43,0.43,0.53,0.43,0.34,0.28,0.21,0.28,0.28,0.34,0.21",26,1.12,0.11,"Sitelinks, AI Overview, Video, People also ask, Discussions and forums, Related searches"
johns mbti test,Informational,36,140,"0.42,0.42,1.00,0.53,0.42,0.42,0.53,0.42,0.42,0.35,0.42,0.35",23,0.00,0.01,"Sitelinks, Video, People also ask, Related searches"
johns test mbti,Informational,33,140,"0.53,0.66,0.81,1.00,0.81,0.53,0.53,0.66,0.43,0.43,0.53,0.53",19,1.75,0.02,"Sitelinks, Reviews, Video, People also ask, Related searches"
judge mbti,Informational,45,140,"0.82,0.82,0.52,0.41,0.82,1.00,1.00,0.64,0.82,0.82,1.00,1.00",8,0.00,0.33,"Sitelinks, AI Overview, Image pack, Video, People also ask, Related searches"
kurttype5,Informational,62,140,"0.66,0.82,1.00,0.66,0.66,0.66,0.66,0.52,0.66,0.43,0.52,0.82",10,0.00,0.33,
list of enneagram types,Informational,71,140,"0.52,0.65,1.00,0.65,0.52,0.65,0.52,0.82,1.00,0.40,0.82,0.65",33,0.30,0.23,"Sitelinks, AI Overview, Video, People also ask, Related searches"
loyalist enneagram,Informational,58,140,"0.04,0.33,0.54,0.41,1.00,0.33,0.26,0.19,0.26,1.00,1.00,1.00",18,0.18,0.05,"AI Overview, Video, Short videos, People also ask, Discussions and forums, Related searches"
mbte,Informational,45,140,"0.71,0.57,0.71,0.71,0.71,1.00,0.71,0.71,1.00,0.57,0.71,0.57",16,1.80,0.02,"AI Overview, Image pack, Video, People also ask, Related searches"
mbti architecture,Informational,38,140,"0.66,1.00,0.53,0.34,0.44,0.66,0.00,0.00,0.81,0.66,0.81,0.00",21,0.01,0.01,"Sitelinks, AI Overview, Video, People also ask, Related searches"
mbti artist,Informational,45,140,"0.66,0.81,0.66,1.00,0.81,0.53,0.66,0.53,0.53,0.66,0.53,0.66",28,0.00,0.33,"Sitelinks, AI Overview, Image pack, Video, Video carousel, People also ask, Related searches"
mbti autistic,Informational,33,140,"1.00,0.81,0.81,0.40,0.81,0.81,0.81,0.81,1.00,0.64,0.81,1.00",14,0.00,0.01,"Sitelinks, AI Overview, Image pack, Video, People also ask, Related searches"
mbti cognitive function test,Commercial,36,140,"0.44,0.36,0.36,0.44,0.00,0.28,0.03,0.22,0.00,1.00,0.03,0.22",3,0.35,0.17,"Sitelinks, Image pack, Video, Discussions and forums, Related searches"
mbti debater,Informational,36,140,"1.00,1.00,0.81,1.00,0.81,0.81,0.65,0.40,0.65,0.65,0.81,0.81",26,0.00,0.01,"Sitelinks, AI Overview, Image pack, Video, Video carousel, Short videos, People also ask, Related searches"
mbti iq,Informational,37,140,"1.00,0.64,0.81,1.00,0.81,0.81,0.81,0.81,0.64,0.81,0.64,0.64",23,0.00,0.01,"Sitelinks, AI Overview, Reviews, Image pack, Video, Video carousel, People also ask, Related searches"
mbti judge,Informational,36,140,"0.82,0.82,0.52,0.41,0.82,1.00,1.00,0.64,0.82,0.82,1.00,1.00",29,0.00,0.33,"Sitelinks, AI Overview, Image pack, Video, People also ask, Related searches"
mbti judging,Informational,37,140,"0.26,0.26,0.26,0.65,1.00,0.80,0.65,0.42,0.34,0.34,0.42,0.42",30,0.00,0.33,"Sitelinks, AI Overview, Image pack, Video, Video carousel, Short videos, People also ask, Related searches"
mbti meaning letters,Informational,41,140,"0.63,0.83,1.00,0.83,1.00,1.00,0.63,0.63,0.63,0.63,0.63,0.83",17,0.00,0.33,"Sitelinks, AI Overview, Video, People also ask, Related searches"
mbti of famous people,Informational,33,140,"1.00,0.26,0.53,0.42,0.26,0.53,0.34,0.53,0.42,0.42,0.42,0.53",14,0.00,0.33,"Sitelinks, AI Overview, Image pack, Video, People also ask, Related searches"
mbti oracle,"Informational, Navigational",45,140,"1.00,0.28,0.64,0.81,0.42,0.42,0.28,0.19,0.28,0.42,0.28,0.28",0,0.00,0.33,"Sitelinks, Image pack, Video, People also ask, Related searches"
mbti personality database,Navigational,37,140,"0.54,0.42,0.54,0.35,0.27,0.54,0.54,1.00,0.35,0.54,0.42,0.54",28,0.00,0.33,"Sitelinks, Video, People also ask, Related searches"
mbti population percentages,Informational,45,140,"0.53,0.66,0.53,0.43,0.14,0.81,1.00,0.43,1.00,0.81,1.00,0.43",23,0.00,0.33,"Sitelinks, AI Overview, Reviews, Image, Image pack, Video, People also ask, Related searches"
mbti test cognitive functions,Commercial,36,140,"0.28,0.05,0.28,0.28,0.05,0.28,0.18,0.18,1.00,0.67,0.82,0.23",10,0.35,0.17,"Sitelinks, Video, People also ask, Discussions and forums, Related searches"
mbti tier list,"Informational, Transactional",36,140,"0.53,0.66,0.81,1.00,1.00,0.53,0.66,0.66,0.66,0.66,0.53,0.53",24,0.00,0.33,"Sitelinks, Image pack, Video, Video carousel, People also ask, Related searches"
mbti とは,Informational,45,140,"0.53,0.53,0.81,1.00,0.66,0.53,0.66,0.43,0.66,0.53,0.43,0.53",20,0.33,0.03,"AI Overview, Video, People also ask, Related searches"
mbti 測驗,Informational,35,140,"0.42,0.42,0.65,0.53,0.53,0.53,0.42,1.00,0.35,0.42,0.53,0.42",32,0.84,0.17,"Video, People also ask, Related searches"
mbti 뜻,Informational,34,140,"0.80,0.80,0.80,0.80,0.80,0.66,1.00,0.66,0.66,0.43,0.51,0.43",12,0.00,0.33,"AI Overview, Image pack, Video, Video carousel, People also ask, Related searches"
most common mbtis,Informational,33,140,"0.52,0.66,0.52,0.66,0.52,0.52,0.52,0.52,0.80,0.52,0.80,1.00",19,0.00,0.33,"Sitelinks, AI Overview, Reviews, Video, Video carousel, People also ask, Related searches"
most patient mbti,Informational,36,140,"0.52,0.52,0.09,0.09,0.52,0.52,0.52,0.66,0.80,0.66,1.00,1.00",13,0.00,0.33,"Sitelinks, AI Overview, Image pack, Video, Video carousel, People also ask, Related searches"
most rare myers briggs,Informational,58,140,"0.81,0.81,0.81,1.00,0.81,0.81,0.67,0.67,0.51,0.33,0.42,0.42",28,0.00,0.01,"Sitelinks, AI Overview, Image pack, Video, Video carousel, Short videos, People also ask, Related searches"
most reliable mbti test,Informational,42,140,"0.53,0.43,0.23,0.35,0.53,0.23,0.28,0.28,0.28,0.23,1.00,0.28",22,1.00,0.16,"Sitelinks, Video, People also ask, Related searches"
my type test,Informational,52,140,"0.81,0.81,1.00,0.50,0.19,0.81,1.00,0.81,0.63,0.31,0.31,0.81",26,0.24,0.07,"Video, Related searches"
myers and briggs personality test pdf,Informational,32,140,"0.42,0.42,0.19,0.42,0.34,0.34,0.34,0.65,0.65,0.42,1.00,1.00",15,1.05,0.08,"AI Overview, Reviews, Related searches"
myers briggs enneagram correlation,Informational,44,140,"1.00,0.66,1.00,0.66,0.66,0.66,0.52,0.33,0.42,0.42,0.42,0.80",16,0.00,0.33,"Sitelinks, AI Overview, Image pack, Video, Related searches"
myers briggs examen en espanol,Informational,38,140,"1.00,0.80,0.42,0.33,0.52,0.66,0.66,0.52,0.80,0.52,0.66,0.80",22,0.53,0.30,"AI Overview, Reviews, Video, Video carousel, People also ask, Related searches"
myers briggs personality test pdf,Informational,52,140,"0.02,0.18,0.22,0.18,0.29,0.22,0.14,0.35,0.54,0.54,0.66,1.00",18,1.11,0.06,"Image pack, Related searches"
myers briggs test en espanol,"Informational, Transactional",45,140,"1.00,0.80,0.42,0.33,0.52,0.66,0.66,0.52,0.80,0.52,0.66,0.80",29,0.55,0.29,"AI Overview, Video, Video carousel, People also ask, Related searches"
myers briggs test introvert,Informational,39,140,"1.00,0.35,0.17,0.17,0.35,0.28,0.35,0.28,0.28,0.28,0.43,0.35",24,0.58,0.02,"Sitelinks, AI Overview, Video, Video carousel, People also ask, Related searches"
myers briggs test sensing,"Informational, Commercial",41,140,"0.83,0.83,0.53,0.41,0.83,0.83,1.00,0.83,1.00,0.83,0.83,0.83",20,0.00,0.33,"Sitelinks, AI Overview, Video, People also ask, Related searches"
myers briggs the debater,Informational,39,140,"0.82,0.64,0.64,1.00,1.00,1.00,0.82,0.64,0.82,0.82,0.82,0.64",30,0.00,0.01,"Image pack, Video, Video carousel, Short videos, People also ask, Related searches"
myers briggs type indicator estj,Informational,42,140,"1.00,0.53,0.43,0.36,0.81,0.27,0.12,0.17,0.12,0.12,0.22,0.67",26,0.06,0.03,"AI Overview, Video, Video carousel, People also ask, Discussions and forums, Related searches"
myers briggs type indicator intp,Informational,43,140,"0.80,1.00,0.43,0.80,1.00,0.43,0.31,0.66,0.43,0.43,0.80,0.31",31,0.11,0.03,"Sitelinks, AI Overview, Video, Video carousel, People also ask, Discussions and forums, Related searches"
n in mbti,Informational,36,140,"0.82,1.00,1.00,1.00,0.82,1.00,0.82,0.65,0.82,0.82,1.00,0.82",19,0.00,0.33,"Sitelinks, AI Overview, Image pack, Video, People also ask, Related searches"
ne mbti,Informational,45,140,"0.81,0.81,0.81,0.81,0.65,0.65,0.81,0.65,0.81,0.65,1.00,0.81",19,0.00,0.33,"Sitelinks, Image pack, Video, Video carousel, People also ask"
ni mbti,Informational,45,140,"0.65,1.00,0.65,1.00,1.00,0.65,0.65,0.65,0.81,0.81,1.00,1.00",25,0.00,0.33,"Sitelinks, AI Overview, Image pack, Video, People also ask, Related searches"
number 2 enneagram,Informational,58,140,"0.42,0.34,0.42,1.00,0.65,0.53,0.42,0.42,0.65,0.53,0.53,0.42",28,0.35,0.08,"Sitelinks, AI Overview, Reviews, Video, Video carousel, People also ask, Related searches"
number 4 enneagram,Informational,61,140,"0.66,0.52,0.52,1.00,0.80,0.66,0.52,0.52,0.80,0.66,0.52,0.66",22,0.30,0.05,"Sitelinks, AI Overview, Video, People also ask, Related searches"
number 6 enneagram,Informational,60,140,"0.66,0.52,0.52,1.00,0.80,0.80,0.42,0.42,0.80,0.52,0.66,0.66",24,0.15,0.03,"Image pack, Video, People also ask, Related searches"
number 7 enneagram,Informational,60,140,"0.66,0.52,0.52,1.00,0.80,1.00,0.52,0.52,1.00,0.66,0.66,0.66",15,0.28,0.04,"Sitelinks, AI Overview, Video, Video carousel, People also ask, Related searches"
opposite of intj,Informational,35,140,"0.65,0.65,0.83,1.00,0.65,0.65,0.65,0.65,0.83,0.65,0.65,0.83",16,0.00,0.33,"Sitelinks, AI Overview, Image pack, Video, Video carousel, People also ask, Related searches"
origin of enneagram,Informational,56,140,"0.40,0.40,0.65,0.65,0.80,1.00,0.50,0.40,0.40,0.40,0.40,0.50",20,0.03,0.03,"Sitelinks, AI Overview, Image pack, Video, People also ask, Related searches, Ads bottom, Ads middle"
p in mbti,Informational,39,140,"0.83,1.00,0.83,1.00,0.83,0.83,0.83,0.65,0.65,0.83,1.00,0.83",32,0.00,0.33,"Sitelinks, AI Overview, Video, Video carousel, People also ask, Related searches"
pdf myers briggs personality test,Informational,33,140,"0.18,0.22,0.08,0.14,0.18,0.18,0.14,0.35,0.54,0.54,0.81,1.00",23,1.11,0.06,Video
peacemaker enneagram,Informational,53,140,"0.11,0.20,0.43,0.33,0.43,0.28,0.43,0.33,1.00,0.65,0.65,0.02",18,0.14,0.07,"Sitelinks, AI Overview, Reviews, Video, Video carousel, People also ask, Related searches, Things to know"
people with enfp,Informational,44,140,"0.66,0.32,0.66,1.00,0.66,0.43,0.32,0.52,0.66,0.52,0.82,0.82",21,0.00,0.33,"Sitelinks, Video, People also ask, Related searches"
personality 9 types,Informational,57,140,"1.00,0.34,0.42,0.34,0.42,0.42,0.42,0.65,0.42,0.42,0.42,0.42",34,0.60,0.16,"AI Overview, Reviews, Image pack, Video, People also ask, Related searches"
personality archetypes test,Informational,39,140,"0.66,0.66,0.41,0.79,0.52,0.79,0.79,0.79,0.79,0.66,0.21,1.00",28,0.78,0.55,"Sitelinks, Image pack, Video, People also ask, Related searches"
personality intp,Informational,39,140,"1.00,0.62,0.46,0.77,0.62,0.46,0.46,0.46,0.46,0.38,0.46,0.38",34,0.14,0.04,"Sitelinks, AI Overview, Image pack, Video, Video carousel, People also ask, Related searches, Things to know"
personality test 4 types,Informational,43,140,"1.00,0.28,0.42,0.42,0.42,0.28,0.14,0.42,0.28,0.33,0.33,0.53",26,0.61,0.44,"AI Overview, Image pack, Video, Video carousel, People also ask, Related searches"
personality test pdf myers briggs,Informational,33,140,"0.18,0.22,0.08,0.14,0.18,0.18,0.14,0.35,0.54,0.54,0.81,1.00",20,1.11,0.06,"Sitelinks, AI Overview, People also ask, Related searches"
personality test printable,Informational,32,140,"0.80,0.42,0.53,1.00,0.42,0.26,0.26,0.19,0.26,0.42,0.53,0.42",20,1.94,0.05,"Sitelinks, Image pack, Video, Related searches"
personality type 5,Informational,54,140,"0.21,0.21,0.43,0.43,0.43,0.28,1.00,0.34,0.80,0.21,0.21,0.34",31,0.68,0.05,"AI Overview, Image pack, Video, Video carousel, People also ask, Related searches"
personality type 9,Informational,54,140,"1.00,0.83,0.83,1.00,1.00,0.83,0.30,0.83,0.65,0.30,0.65,0.52",28,0.58,0.18,"Sitelinks, AI Overview, Image pack, Video, People also ask, Related searches"
personality type engineer,Informational,37,140,"1.00,1.00,0.66,0.49,0.80,1.00,1.00,1.00,1.00,0.80,1.00,0.80",21,0.00,0.33,"Sitelinks, AI Overview, Image pack, Video, Video carousel, People also ask, Related searches"
personality type mediator,Informational,42,140,"0.15,0.38,0.25,0.06,0.00,0.00,0.00,0.02,0.15,0.08,0.13,1.00",24,0.01,0.02,"Sitelinks, AI Overview, Reviews, Image pack, Video, Video carousel, People also ask, Discussions and forums, Related searches"
personality types 4,Informational,48,140,"0.38,0.25,0.63,0.63,0.38,0.50,0.38,1.00,0.38,0.25,0.38,1.00",19,0.84,0.03,"Sitelinks, AI Overview, Image pack, Video, People also ask, Related searches"
personality.com,"Informational, Transactional",36,140,"0.65,0.00,0.15,0.28,0.43,0.03,0.03,1.00,0.00,0.28,0.15,0.28",25,0.59,0.30,"Sitelinks, Video, People also ask"
printable enneagram test,Informational,56,140,"0.53,0.53,0.81,1.00,0.81,0.81,0.66,0.53,1.00,0.53,0.66,0.66",16,1.34,0.21,"Sitelinks, Reviews, Image pack, People also ask, Related searches"
questions mbti,Informational,39,140,"0.66,0.66,0.42,0.33,0.52,0.80,0.19,0.33,1.00,0.80,1.00,0.33",21,0.51,0.06,"Sitelinks, AI Overview, Reviews, Image pack, Video, People also ask, Discussions and forums, Related searches"
rare myers briggs type,Informational,43,140,"0.19,0.81,0.19,1.00,0.00,0.13,0.19,0.00,0.25,0.00,0.00,0.00",25,0.34,0.01,"Sitelinks, AI Overview, Video, Video carousel, Short videos, People also ask, Discussions and forums, Related searches"
rarest enneagram,Informational,52,140,"0.62,0.62,0.62,0.77,0.77,0.46,0.62,0.46,0.77,0.62,0.62,1.00",6,0.00,0.33,"Sitelinks, AI Overview, Image pack, Video, People also ask, Discussions and forums, Related searches"
rarest personality type male,Informational,58,140,"0.65,0.81,0.53,0.81,1.00,1.00,0.81,0.81,0.53,0.53,0.65,0.53",33,0.00,0.01,"Sitelinks, AI Overview, Image, Image pack, Video, People also ask, Discussions and forums, Related searches"
revenue.ennead,Informational,52,140,"0.01,0.00,0.00,0.00,1.00,0.01,0.00,0.00,0.00,0.00,0.00,0.01",27,0.00,0.33,"Sitelinks, Video"
reze mbti,Informational,45,140,"0.05,0.05,0.05,0.05,0.05,0.28,1.00,0.66,0.35,0.35,0.35,1.00",16,0.00,0.33,"Sitelinks, Image pack, Video, People also ask, Related searches"
riso hudson enneagram test,Informational,51,140,"0.65,1.00,0.83,0.83,0.65,0.65,0.83,0.65,0.83,0.83,0.83,0.83",32,1.14,0.50,"Sitelinks, Video, People also ask, Related searches"
s in mbti,Informational,36,140,"0.42,0.42,0.65,0.80,0.42,0.42,0.42,0.34,0.42,0.53,0.42,1.00",22,0.00,0.33,"Sitelinks, AI Overview, Image pack, Video, Video carousel, People also ask, Related searches, Things to know"
s type personality,Informational,37,140,"0.33,0.33,0.67,0.67,0.67,0.81,0.81,0.67,0.81,0.81,1.00,0.81",22,0.38,0.06,"Sitelinks, AI Overview, Video, Video carousel, People also ask, Related searches"
self preservation 6,Informational,38,140,"0.52,0.52,0.66,0.66,0.52,0.66,0.52,0.66,0.66,0.80,1.00,1.00",11,0.00,0.33,"Sitelinks, AI Overview, Image, Image pack, Video, Video carousel, People also ask, Discussions and forums, Related searches"
self preservation 7,Informational,38,140,"0.41,0.41,0.41,0.41,0.52,0.41,1.00,0.14,0.41,0.66,0.41,0.66",10,0.00,0.33,"Sitelinks, AI Overview, Image pack, Video, Video carousel, People also ask, Related searches"
sexual 4,Informational,30,140,"0.66,0.23,0.66,1.00,0.52,0.66,0.23,0.66,0.66,0.52,0.66,0.80",0,0.00,0.33,"Sitelinks, Image pack, Video, Video carousel, People also ask, Related searches"
sexual 9,Informational,34,140,"0.43,0.23,0.17,0.43,0.35,0.35,0.53,0.35,0.35,0.35,0.35,1.00",13,0.00,0.33,"Sitelinks, AI Overview, Video, Video carousel, People also ask, Related searches"
six enneagram,Informational,57,140,"0.40,0.50,1.00,0.65,0.50,0.50,0.40,0.30,0.30,0.40,0.40,0.30",25,0.00,0.01,"Sitelinks, AI Overview, Image pack, Video, People also ask, Related searches"
so 1 enneagram,Informational,60,140,"0.11,0.18,0.11,0.11,0.11,0.15,0.15,0.15,0.23,0.28,1.00,0.54",10,0.00,0.33,"Sitelinks, AI Overview, Video, Video carousel, People also ask, Related searches"
so 9,Informational,32,140,"0.11,0.15,0.18,0.08,0.18,0.11,0.11,0.08,0.06,0.23,0.28,1.00",8,0.00,0.33,"Sitelinks, AI Overview, Reviews, Image pack, Video, Video carousel, People also ask, Related searches"
social 4 enneagram,Informational,49,140,"0.65,0.42,0.42,0.53,0.42,0.42,0.53,0.53,0.65,0.65,1.00,1.00",11,0.00,0.33,"Sitelinks, AI Overview, Image pack, Video, Video carousel, People also ask, Related searches"
social 5,Informational,32,140,"1.00,0.65,0.82,0.82,1.00,1.00,1.00,0.65,0.82,0.82,1.00,1.00",14,10.69,0.03,"Sitelinks, AI Overview, Reviews, Image, Image pack, Video, Video carousel, People also ask, Related searches"
social 6,Informational,32,140,"0.82,0.82,0.82,0.82,0.82,0.82,0.65,0.65,0.82,1.00,1.00,1.00",7,0.95,0.02,"Sitelinks, AI Overview, Image, Video, People also ask, Related searches"
social 7 enneagram,Informational,50,140,"0.66,0.52,0.66,0.66,0.52,0.52,0.66,0.66,0.66,0.66,1.00,0.80",9,0.00,0.33,"Sitelinks, AI Overview, Video, People also ask, Discussions and forums, Related searches"
social 9,Informational,35,140,"0.52,0.42,1.00,0.66,0.42,0.52,0.52,0.42,0.52,0.52,0.66,0.80",13,12.19,0.02,"Sitelinks, Image pack, Video, Video carousel, People also ask, Related searches"
strengths and weaknesses of entj,Informational,41,140,"0.81,0.81,0.66,0.53,0.43,0.81,0.19,0.33,1.00,0.66,1.00,0.33",18,0.00,0.33,"Sitelinks, AI Overview, Video, People also ask, Related searches"
susan stabile,Informational,28,140,"1.00,0.52,0.83,0.83,0.83,1.00,0.65,0.83,0.65,0.52,0.65,0.65",26,0.51,0.02,"Sitelinks, Image, Image pack, Video, Video carousel, Related searches"
suzanne stabile enneagram,Informational,43,140,"0.75,0.50,0.50,0.75,0.75,1.00,0.25,0.75,0.75,0.75,0.75,0.50",27,0.90,0.24,"Sitelinks, Reviews, Image, Image pack, Video, Video carousel, People also ask, Related searches"
sx2 enneagram,Informational,46,140,"0.08,0.10,0.13,0.10,0.08,0.13,0.13,0.16,0.24,0.30,1.00,1.00",7,0.00,0.00,"Sitelinks, AI Overview, Image pack, Video, Video carousel, People also ask, Discussions and forums, Related searches"
the achiever enneagram,Informational,60,140,"0.51,0.66,0.80,1.00,1.00,0.66,0.51,0.51,0.66,0.51,0.66,0.51",18,0.38,0.04,"Sitelinks, AI Overview, Image pack, Video, Video carousel, People also ask, Related searches"
the complete enneagram,Informational,59,140,"0.66,0.66,0.66,0.66,0.66,0.66,0.66,0.66,0.66,0.79,0.66,1.00",21,0.57,1.00,"Sitelinks, Video, Video carousel, People also ask, Knowledge panel, Related searches"
the debater,Informational,33,140,"0.10,0.43,1.00,0.03,1.00,0.80,0.00,0.00,0.43,0.33,0.27,0.00",14,0.00,0.33,"Sitelinks, AI Overview, Image pack, Video, Video carousel, People also ask, Discussions and forums, Related searches, Things to know"
the defender myers briggs,Informational,35,140,"0.67,1.00,0.81,1.00,0.67,0.81,0.67,0.81,0.67,0.33,0.51,0.67",24,0.00,0.02,"Sitelinks, AI Overview, Image pack, Video, Video carousel, People also ask, Related searches"
the individualist,Informational,41,140,"0.50,0.38,0.50,0.81,0.81,1.00,0.63,0.81,1.00,0.63,0.81,0.81",14,0.00,0.33,"Sitelinks, AI Overview, Image pack, Video, Video carousel, People also ask, Discussions and forums, Related searches"
the individualist enneagram,Informational,57,140,"0.66,0.52,0.66,1.00,0.80,0.66,0.52,0.33,0.42,0.33,0.52,0.66",16,0.33,0.06,"Sitelinks, AI Overview, Reviews, Video, People also ask, Discussions and forums"
the mediator mbti,Informational,36,140,"0.52,0.42,0.80,0.66,0.66,0.52,0.66,0.66,0.80,0.80,0.80,1.00",28,0.00,0.33,"Sitelinks, AI Overview, Image pack, Video, Video carousel, People also ask, Discussions and forums, Related searches"
the most rarest personality type,Informational,58,140,"0.53,0.53,0.34,0.26,0.42,0.53,0.80,0.53,0.80,0.53,1.00,0.65",23,0.00,0.01,"Sitelinks, AI Overview, Image, Image pack, Video, Short videos, People also ask, Related searches"
the narrative enneagram,Navigational,55,140,"0.53,0.83,1.00,0.83,0.83,1.00,0.83,0.83,0.83,0.65,0.65,0.83",13,11.58,0.03,"Sitelinks, Video, Video carousel, People also ask, Related searches"
the road back to you enneagram book,Informational,56,140,"0.06,0.34,0.06,0.06,0.34,0.65,0.43,0.53,1.00,0.53,0.53,0.53",27,0.69,0.04,"Sitelinks, Reviews, Video, Video carousel, People also ask, Knowledge panel, Discussions and forums, Related searches, Popular products"
tritype test free,Informational,48,140,"0.53,0.53,0.66,0.66,0.66,0.43,0.43,0.53,0.66,0.66,1.00,0.66",16,0.30,0.44,"Sitelinks, Reviews, Video, People also ask, Related searches"
truity com personality test,Navigational,42,140,"0.04,0.04,0.22,0.22,1.00,0.22,0.18,0.29,0.54,0.14,0.14,0.10",29,0.50,0.18,"Sitelinks, Reviews, Video, People also ask, Discussions and forums, Related searches"
type 4 individualist,Informational,44,140,"0.53,0.53,0.43,0.66,0.33,1.00,0.33,0.33,0.24,0.33,0.33,0.19",17,2.80,0.03,"Sitelinks, AI Overview, Video, Video carousel, People also ask, Related searches, Things to know"
type 5 personality traits,Informational,52,140,"1.00,0.43,0.17,0.43,0.27,0.53,0.36,0.27,0.27,0.17,0.43,0.22",26,0.68,0.05,"AI Overview, Image pack, Video, Video carousel, People also ask, Discussions and forums, Related searches"
type 6 loyalist,Informational,47,140,"0.82,0.65,0.52,0.82,1.00,0.65,0.65,0.65,0.82,0.52,0.82,0.52",14,0.39,0.03,"Sitelinks, AI Overview, Image pack, Video, People also ask, Related searches"
type 7 personality,Informational,54,140,"0.12,0.21,0.44,0.65,0.33,0.53,0.33,0.21,0.21,1.00,0.44,0.33",16,0.47,0.07,"Sitelinks, AI Overview, Video, Video carousel, People also ask, Related searches, Ads bottom, Ads middle"
type b personality test,Informational,38,140,"0.29,0.07,1.00,0.05,0.12,0.05,0.08,0.02,1.00,0.00,0.02,0.02",22,0.46,0.50,"Video, People also ask, Related searches"
type mediator,Informational,42,140,"1.00,0.66,0.42,0.33,0.52,0.80,0.80,0.66,0.80,0.66,0.66,0.80",28,0.00,0.01,"Reviews, Video, People also ask, Discussions and forums, Related searches"
type six personality,Informational,53,140,"0.66,0.53,0.43,1.00,0.81,0.66,0.53,0.53,0.81,0.53,0.81,0.66",29,0.25,0.01,"AI Overview, Image pack, Video, People also ask, Related searches"
type x personality,Informational,35,140,"0.42,0.53,0.53,1.00,0.42,0.42,0.34,0.53,0.42,0.34,0.42,0.65",9,0.00,0.33,"Sitelinks, AI Overview, Video, People also ask, Discussions and forums, Related searches"
types of disc,Informational,30,140,"0.24,0.10,0.10,0.07,0.10,0.04,0.10,0.10,0.10,1.00,0.13,0.13",27,0.00,0.01,"AI Overview, Reviews, Image pack, Video, Video carousel, People also ask, Related searches"
types of intp,Informational,39,140,"0.43,0.53,1.00,0.53,0.43,0.53,0.43,0.81,0.81,0.81,0.43,0.53",24,0.14,0.01,"Sitelinks, AI Overview, Video, People also ask, Related searches"
w 8 vs w 9,Commercial,46,140,"0.83,1.00,0.83,0.83,1.00,0.65,0.65,0.65,0.83,0.65,1.00,0.65",20,0.00,0.01,"Sitelinks, AI Overview, Reviews, Video, People also ask, Discussions and forums, Related searches"
weaknesses of infp,Informational,35,140,"0.02,0.23,0.35,0.35,0.35,0.00,0.43,0.35,0.35,0.35,1.00,0.43",10,0.02,0.01,"Sitelinks, AI Overview, Video, People also ask, Related searches"
what are different types,Informational,29,140,"0.80,1.00,0.26,0.34,0.80,0.53,0.34,0.26,0.26,0.42,0.80,0.80",29,0.00,0.33,"AI Overview, Reviews, Image pack, Video, People also ask, Related searches"
what do the mbti letters mean,Informational,41,140,"0.53,0.66,1.00,0.66,0.66,0.66,0.53,0.53,0.66,0.66,0.66,0.66",30,0.00,0.33,"Sitelinks, AI Overview, Video, Video carousel, People also ask, Related searches"
what do the myers briggs letters stand for,Informational,41,140,"0.42,0.33,0.42,0.80,0.80,0.66,0.66,0.66,0.80,0.80,0.80,1.00",30,0.00,0.01,"Sitelinks, AI Overview, Video, People also ask, Related searches"
what does each letter in mbti mean,Informational,40,140,"0.63,0.88,0.63,0.88,0.63,0.50,1.00,0.88,0.88,0.88,0.88,0.88",23,0.00,0.01,"Sitelinks, AI Overview, Image pack, Video, People also ask, Related searches"
what intj,Informational,43,140,"0.00,0.00,0.00,0.00,0.08,0.00,0.00,0.24,0.00,1.00,0.00,0.00",29,0.39,0.04,"Sitelinks, AI Overview, Image, Video, Video carousel, People also ask, Related searches"
what is a type e personality,Informational,38,140,"0.64,0.64,0.82,0.64,0.82,0.64,0.82,0.82,1.00,0.64,1.00,1.00",3,0.00,0.33,"Sitelinks, AI Overview, Image pack, Video, Video carousel, People also ask, Related searches"
what is an enfj personality,Informational,44,140,"0.18,0.10,0.22,0.22,0.18,0.18,0.18,0.18,1.00,0.18,0.22,0.22",34,0.35,0.06,"Sitelinks, AI Overview, Reviews, Image, Video, People also ask, Discussions and forums, Related searches"
what is an ennegram,Informational,70,140,"1.00,1.00,0.42,0.00,0.42,0.54,0.25,0.33,0.54,0.42,0.67,0.83",20,0.68,0.34,"AI Overview, Reviews, Video, Video carousel, People also ask, Related searches, Ads bottom"
what is enneagram 3,Informational,68,140,"0.65,0.53,0.83,1.00,0.83,1.00,0.83,0.65,1.00,0.83,1.00,0.83",15,0.63,0.07,"Sitelinks, AI Overview, Reviews, Video, Video carousel, People also ask, Related searches"
what is enneagram 4,Informational,60,140,"0.52,0.52,0.66,0.52,0.66,0.52,0.80,0.66,0.80,0.66,1.00,1.00",21,0.37,0.10,"Sitelinks, AI Overview, Image pack, Video, Video carousel, People also ask, Related searches, Ads bottom"
what is enneagram 7,Informational,59,140,"0.34,0.42,0.53,0.53,0.53,0.80,0.42,0.42,0.65,0.53,1.00,0.65",23,0.33,0.08,"AI Overview, Video, Video carousel, People also ask, Related searches"
what is enneagram 9,Informational,63,140,"0.65,0.65,0.65,0.83,0.83,0.83,0.83,0.65,1.00,0.65,1.00,0.83",24,0.24,0.10,"Sitelinks, AI Overview, Image pack, Video, People also ask, Related searches"
what is entp personality type,Informational,44,140,"0.09,0.52,0.52,0.33,0.80,1.00,0.80,0.80,1.00,1.00,1.00,1.00",23,0.31,0.07,"Sitelinks, AI Overview, Reviews, Video, Video carousel, People also ask, Related searches"
what is type e personality,Informational,44,140,"0.64,0.64,0.82,0.64,0.64,0.64,0.82,0.82,0.82,1.00,1.00,0.82",25,0.00,0.33,"Sitelinks, AI Overview, Image pack, Video, People also ask, Related searches"
what number are you,Informational,48,140,"0.81,0.64,1.00,1.00,0.81,0.81,0.81,0.64,1.00,0.81,0.81,0.81",16,0.58,0.12,"Sitelinks, AI Overview, Reviews, Video, Video carousel, People also ask, Related searches"
whats an infp,Informational,38,140,"0.00,0.17,0.35,0.53,0.12,0.10,0.17,0.10,1.00,0.00,1.00,0.82",28,0.18,0.02,"Sitelinks, AI Overview, Image pack, Video, People also ask, Related searches"
whats entp,Informational,37,140,"0.18,0.14,0.43,0.22,0.18,0.29,0.35,0.29,0.35,1.00,0.00,0.02",33,0.21,0.02,"Sitelinks, AI Overview, Reviews, Image, Video, People also ask, Related searches"
whats the rarest personality type,Informational,58,140,"0.67,0.17,0.35,0.53,0.53,0.53,0.35,0.35,0.42,0.67,1.00,0.67",31,0.73,0.01,"Sitelinks, AI Overview, Image pack, Video, People also ask, Related searches"
which is the rarest personality type,Informational,58,140,"0.53,0.53,0.43,1.00,1.00,0.66,0.81,0.53,0.81,0.53,0.53,0.53",24,0.00,0.01,"Sitelinks, AI Overview, Video, People also ask, Related searches"
yellow mbti,Informational,45,140,"0.66,0.66,0.52,0.52,1.00,0.80,0.66,0.52,0.66,0.80,0.66,0.80",13,0.00,0.33,"Sitelinks, Image, Image pack, Video, People also ask, Related searches"
اختبار أنماط,Informational,34,140,"0.80,0.54,0.54,0.00,0.33,0.00,0.65,1.00,0.65,0.00,1.00,0.65",14,0.00,0.01,"Reviews, Video, Short videos, Related searches"
تیپ,Informational,28,140,"0.80,0.52,0.80,1.00,0.66,0.52,0.52,0.42,0.23,0.33,0.09,0.09",10,0.00,0.00,"Image pack, Video, Knowledge panel, Related searches"
شخصیتی,Informational,30,140,"0.35,0.29,1.00,0.54,0.23,0.35,0.29,0.23,0.10,0.15,0.15,0.04",17,0.00,0.33,"AI Overview, Reviews, Video, Video carousel, Related searches"
엠비 티아이,Informational,26,140,"0.81,0.65,0.54,0.42,0.54,0.81,1.00,0.00,1.00,0.65,0.81,0.00",29,0.62,0.02,"Image pack, Video, Video carousel, Related searches"
1 wing 2,Informational,46,110,"1.00,0.78,0.78,0.65,0.78,0.78,0.65,0.48,0.78,0.65,1.00,0.78",23,0.00,0.02,"Sitelinks, AI Overview, Image, Image pack, Video, Video carousel, People also ask, Discussions and forums, Related searches"
1 wing 9,Informational,47,110,"0.76,0.76,0.76,0.76,0.76,0.76,0.62,0.48,0.76,0.76,0.62,1.00",18,0.99,0.02,"Sitelinks, AI Overview, Image, Video, Video carousel, People also ask, Discussions and forums, Related searches"
16 personalities rarest,Informational,58,110,"1.00,0.62,1.00,1.00,1.00,0.82,1.00,0.62,1.00,0.62,0.82,0.82",29,0.00,0.33,"Sitelinks, AI Overview, Image, Image pack, Video, Video carousel, People also ask, Discussions and forums, Related searches"
16 personalities the debater,Informational,29,110,"1.00,0.50,0.79,1.00,0.79,1.00,0.79,0.79,1.00,1.00,0.79,1.00",29,0.01,0.03,"Sitelinks, AI Overview, Image pack, Video, Video carousel, Short videos, People also ask, Related searches"
2 wing 1,Informational,45,110,"0.79,1.00,1.00,0.79,0.79,0.47,0.79,0.47,0.63,0.47,0.79,0.47",20,0.00,0.01,"Sitelinks, AI Overview, Video, People also ask, Discussions and forums, Related searches"
2w4 enneagram,Informational,63,110,"0.79,0.79,1.00,0.49,0.65,0.49,0.65,0.65,0.79,0.79,1.00,1.00",19,0.00,0.33,"Sitelinks, AI Overview, Image pack, Video, Video carousel, People also ask, Related searches"
3 ennegram,Informational,62,110,"0.64,0.33,0.25,0.53,0.64,0.53,0.42,0.42,1.00,0.42,0.42,0.00",22,0.75,0.03,"AI Overview, Image pack, Video, Video carousel, People also ask, Related searches"
3 wing,Informational,46,110,"0.19,0.52,1.00,0.52,0.52,0.09,0.80,0.33,0.66,0.42,0.19,0.52",25,0.00,0.01,"Sitelinks, AI Overview, Image, Image pack, Video, Video carousel, People also ask, Related searches"
3w 4,Informational,39,110,"0.82,0.23,0.17,0.52,0.52,0.64,0.64,0.64,1.00,0.82,0.52,0.29",15,0.00,0.33,"Sitelinks, AI Overview, Image pack, Video, Video carousel, People also ask, Related searches"
3w3,Informational,48,110,"0.65,0.79,1.00,0.65,0.79,0.79,0.79,0.65,0.79,0.79,1.00,1.00",14,0.00,0.01,"Sitelinks, AI Overview, Reviews, Image, Video, Knowledge panel, Related searches"
4 energy personality types,Informational,44,110,"0.06,0.06,0.09,0.09,0.06,0.06,0.34,0.81,0.53,0.65,0.81,1.00",23,0.00,0.33,"AI Overview, Video, Video carousel, People also ask, Related searches"
4 w 3,Informational,44,110,"0.43,0.14,0.18,0.52,1.00,0.82,0.66,0.82,0.82,0.66,0.52,0.43",19,0.00,0.33,"Sitelinks, AI Overview, Image, Image pack, Video, Video carousel, People also ask, Related searches"
4 with 5 wing,Informational,48,110,"0.52,0.52,0.52,0.83,0.65,0.65,1.00,0.83,1.00,0.65,0.65,0.65",16,0.00,0.01,"Sitelinks, Image pack, Video, People also ask, Related searches"
4w3 meaning,Informational,47,110,"0.65,0.65,0.65,1.00,0.65,0.65,0.65,0.78,1.00,1.00,1.00,0.78",22,0.75,0.02,"Sitelinks, AI Overview, Video, Video carousel, People also ask, Related searches"
5w4 meaning,Informational,45,110,"0.65,1.00,1.00,0.82,0.65,0.82,0.65,0.65,0.65,0.65,0.65,0.53",17,0.00,0.01,"Sitelinks, AI Overview, Video, Video carousel, People also ask, Related searches"
6 with a 7 wing,Informational,49,110,"0.65,1.00,0.78,0.78,0.78,0.78,0.78,0.65,0.65,0.65,0.78,0.65",21,0.00,0.01,"Sitelinks, AI Overview, Video, People also ask, Related searches"
6w5 vs 5w6,"Informational, Commercial",35,110,"0.76,0.62,0.62,0.62,0.76,0.62,0.62,0.62,0.76,0.62,0.76,1.00",16,0.00,0.33,"Sitelinks, AI Overview, Image, Image pack, Video, People also ask, Related searches"
6w7 vs 6w5,Commercial,40,110,"0.52,0.52,0.52,0.52,0.52,0.52,0.52,0.65,0.65,0.65,0.82,1.00",10,0.00,0.33,"Sitelinks, AI Overview, Image pack, Video, Video carousel, People also ask, Related searches"
7 wing 6,Informational,48,110,"0.79,0.63,0.79,1.00,1.00,0.79,0.79,0.63,0.79,0.63,1.00,0.79",17,0.00,0.33,"Sitelinks, AI Overview, Image, Image pack, Video, People also ask, Related searches"
7w8 vs 7w6,"Informational, Commercial",35,110,"0.43,0.43,0.66,0.52,0.52,0.43,0.43,0.52,0.52,0.52,0.66,1.00",6,0.00,0.33,"Sitelinks, AI Overview, Image pack, Video, People also ask, Related searches"
7w8 vs 8w7,Informational,35,110,"0.79,0.79,0.79,0.79,1.00,0.65,0.65,0.79,0.79,1.00,0.79,1.00",22,0.00,0.33,"Sitelinks, AI Overview, Image, Image pack, Video, Video carousel, People also ask, Related searches"
8 enneagram meaning,Informational,60,110,"0.17,0.41,0.29,0.41,0.41,0.82,0.82,0.82,1.00,0.64,0.82,0.64",20,0.09,0.08,"AI Overview, Reviews, Video, People also ask, Discussions and forums, Related searches, Ads bottom"
8 types,Informational,44,110,"1.00,0.54,0.42,0.42,0.04,0.04,0.13,0.54,0.00,0.04,0.04,0.04",16,0.62,0.01,"Sitelinks, AI Overview, Video, Video carousel, People also ask, Related searches"
9 enneagram description,Informational,62,110,"1.00,0.33,0.33,0.28,0.53,0.06,0.00,0.14,0.28,0.42,0.14,0.33",24,0.06,0.09,"AI Overview, Image pack, Video, Video carousel, People also ask, Related searches"
9 enneagram personality types,Informational,70,110,"0.42,0.52,0.80,0.42,0.66,0.33,0.42,0.33,1.00,0.66,0.33,0.42",28,0.63,0.21,"Sitelinks, AI Overview, Video, People also ask, Related searches"
9 wing 1 enneagram,Informational,58,110,"0.50,0.63,0.63,0.63,1.00,1.00,1.00,0.78,1.00,0.78,1.00,0.78",23,0.00,0.01,"Sitelinks, AI Overview, Image, Video, Video carousel, People also ask, Discussions and forums, Related searches"
9 with 8 wing,Informational,45,110,"0.76,0.62,0.76,1.00,0.62,1.00,0.76,0.62,0.76,0.76,0.76,0.00",20,0.00,0.01,"Sitelinks, AI Overview, Video, Video carousel, People also ask, Related searches"
a vs t mbti,"Informational, Commercial",35,110,"0.63,0.63,0.63,0.78,0.78,0.78,0.78,0.63,1.00,1.00,0.78,1.00",28,0.00,0.33,"Sitelinks, AI Overview, Video, Video carousel, People also ask, Discussions and forums, Related searches"
adhd intj,Informational,38,110,"0.83,0.65,0.65,0.41,0.65,0.83,0.83,0.41,0.53,0.65,1.00,0.53",5,0.00,0.33,"Sitelinks, AI Overview, Video, People also ask"
adhd mbti,Informational,39,110,"1.00,0.64,0.64,0.64,0.64,0.64,0.52,0.11,0.64,0.41,0.64,0.64",29,0.00,0.01,"Sitelinks, AI Overview, Image pack, Video, People also ask, Discussions and forums, Related searches"
albert einstein characteristics,Informational,46,110,"1.00,0.41,0.11,0.64,1.00,0.82,0.82,0.64,0.64,0.64,1.00,0.82",24,0.00,0.33,"Sitelinks, AI Overview, Image, Image pack, Video, Video carousel, People also ask, Related searches"
albert einstein myers briggs,Informational,43,110,"1.00,0.81,0.40,0.40,0.53,0.40,0.53,0.28,0.81,0.53,0.81,0.64",17,0.00,0.33,"Sitelinks, AI Overview, Reviews, Image pack, Video, People also ask, Related searches"
albert einstein traits,Informational,46,110,"1.00,0.21,0.06,0.34,0.53,0.43,0.43,0.34,0.43,0.43,0.53,0.53",30,0.00,0.33,"Sitelinks, AI Overview, Image pack, Video, Video carousel, Short videos, People also ask, Discussions and forums, Related searches"
am i personality type a or b,Informational,36,110,"1.00,0.78,0.63,0.63,0.50,0.78,0.78,0.78,0.78,0.50,0.63,0.78",30,0.47,0.42,"Sitelinks, AI Overview, Video, Video carousel, People also ask, Related searches"
am i type a personality or type b,Informational,36,110,"1.00,0.78,0.64,0.64,0.50,0.78,0.78,0.78,0.78,0.50,0.64,0.78",30,0.41,0.52,"Sitelinks, Video, Video carousel, Short videos, People also ask, Discussions and forums, Related searches"
am ia type a person,Informational,37,110,"1.00,0.78,0.64,0.64,0.50,0.78,0.78,0.78,0.78,0.50,0.64,0.78",34,0.47,0.42,"AI Overview, Reviews, Video, People also ask, Related searches"
anneagram 3,Informational,63,110,"0.00,0.00,0.00,0.00,0.00,1.00,0.00,0.00,0.00,0.00,0.00,0.00",21,0.32,0.03,"AI Overview, Reviews, Image pack, Video, Video carousel, People also ask, Related searches, Things to know"
archetypes mbti,Informational,40,110,"0.82,0.82,0.52,0.41,0.64,0.82,0.23,0.82,1.00,0.82,1.00,0.41",13,0.00,0.01,"Sitelinks, AI Overview, Image pack, Video, Video carousel, Related searches"
architect intj,Informational,35,110,"1.00,1.00,1.00,1.00,0.80,0.80,0.66,0.49,0.66,0.80,0.66,0.66",29,0.00,0.33,"Sitelinks, AI Overview, Reviews, Image pack, Video, People also ask, Related searches"
autistic mbti,Informational,33,110,"1.00,0.33,0.54,0.41,0.41,0.41,0.41,0.41,0.54,0.33,0.41,0.54",27,0.00,0.01,"Sitelinks, Image pack, Video, People also ask, Related searches"
being 8,Informational,39,110,"0.82,0.64,0.52,0.41,0.52,0.82,0.82,0.82,1.00,0.64,0.64,0.64",12,0.00,0.33,"Sitelinks, AI Overview, Video, People also ask, Related searches"
best books about enneagram,Commercial,49,110,"0.63,0.63,0.63,0.78,0.78,1.00,0.78,1.00,1.00,0.78,0.78,0.78",12,0.21,1.00,"Sitelinks, AI Overview, Video, Video carousel, People also ask, Related searches"
best books on the enneagram,Commercial,48,110,"0.82,0.82,0.64,0.41,0.64,0.82,0.52,0.41,1.00,0.64,1.00,0.82",13,0.21,1.00,"Sitelinks, Video, People also ask, Related searches"
best careers enfp,Commercial,36,110,"1.00,0.50,1.00,1.00,1.00,0.63,0.50,0.63,0.63,1.00,0.78,1.00",27,0.40,0.02,"Sitelinks, AI Overview, Video, Video carousel, People also ask, Related searches"
best careers for entj,Commercial,38,110,"0.79,0.79,1.00,0.79,1.00,0.64,0.64,0.50,0.64,0.64,0.79,0.79",27,0.33,0.03,"Sitelinks, AI Overview, Video, Short videos, People also ask, Discussions and forums, Related searches"
best enneagram tests,Commercial,64,110,"0.06,0.81,0.81,0.03,0.66,0.16,0.13,0.09,0.03,1.00,0.16,0.16",28,1.85,0.59,"Sitelinks, AI Overview, Video, People also ask, Discussions and forums, Related searches"
best entj match,Commercial,38,110,"1.00,1.00,0.83,0.40,0.83,0.83,0.23,0.63,0.40,0.51,0.63,0.51",13,0.00,0.33,"Sitelinks, AI Overview, Image pack, Video, Video carousel, People also ask, Related searches"
best jobs for entj,Commercial,35,110,"1.00,0.67,1.00,0.67,1.00,0.67,0.67,0.33,0.67,0.67,0.67,0.67",23,0.00,0.01,"Sitelinks, AI Overview, Video, Video carousel, People also ask, Discussions and forums, Related searches"
best matches for entj,Commercial,36,110,"1.00,1.00,0.31,0.31,0.41,0.41,0.21,0.31,0.31,0.21,0.52,0.41",13,0.00,0.33,"Sitelinks, AI Overview, Video, Video carousel, People also ask, Related searches"
best mbti tests,Commercial,38,110,"0.00,0.00,0.00,0.15,0.15,1.00,0.00,0.10,0.00,0.15,0.19,0.01",34,1.40,0.20,"Sitelinks, AI Overview, Video, Video carousel, People also ask, Related searches"
best personality types,Informational,41,110,"0.14,0.14,0.33,0.81,0.28,0.64,0.19,0.19,0.28,1.00,0.19,0.81",31,0.86,0.02,"Sitelinks, AI Overview, Reviews, Image pack, Video, Video carousel, People also ask, Related searches"
blossom up enneagram,Informational,57,110,"0.34,0.53,0.34,0.42,0.19,0.26,0.34,0.53,1.00,0.65,0.34,0.26",11,1.12,0.47,"Sitelinks, AI Overview, Video, Short videos, People also ask, Related searches"
brooklyn 99 wuntch,"Informational, Transactional",47,110,"0.63,0.53,1.00,0.26,1.00,0.63,0.63,0.79,0.63,0.53,0.63,0.63",26,0.00,0.33,"Sitelinks, Reviews, Image, Video, Video carousel, Short videos, People also ask, Knowledge panel, Related searches, Things to know"
c personality,Informational,34,110,"1.00,0.79,1.00,0.50,0.79,1.00,1.00,1.00,0.50,0.64,0.64,0.64",29,0.72,0.09,"Sitelinks, AI Overview, Reviews, Image, Image pack, Video, People also ask, Related searches"
can your enneagram change,Informational,60,110,"0.79,0.79,0.79,0.79,0.79,0.65,0.65,0.49,1.00,0.79,0.65,0.65",9,0.00,0.01,"Sitelinks, AI Overview, Video carousel, People also ask, Related searches"
career paths for enfj,Commercial,40,110,"0.41,0.41,0.41,0.64,0.64,0.82,0.82,0.82,1.00,0.64,0.82,0.64",16,0.00,0.02,"Sitelinks, AI Overview, Video, People also ask, Discussions and forums, Related searches"
career paths for intj,Commercial,31,110,"0.78,0.64,0.50,0.64,1.00,0.78,1.00,0.35,1.00,0.78,1.00,0.78",22,0.82,0.03,"Sitelinks, AI Overview, Video, Video carousel, People also ask, Related searches"
careers for infps,Commercial,29,110,"1.00,0.00,0.00,0.00,0.00,0.00,0.00,0.00,1.00,0.00,0.00,0.00",31,0.35,0.01,"Sitelinks, AI Overview, Video, People also ask, Related searches"
casene5,Informational,47,110,"0.00,0.00,1.00,0.00,0.00,0.00,0.00,0.00,0.00,0.00,0.00,0.00",25,1.40,0.33,"Video, Related searches"
characteristics of an enfp,Informational,48,110,"0.00,1.00,0.34,0.43,0.28,0.21,0.15,0.28,0.43,0.21,0.34,0.28",28,0.00,0.33,"Sitelinks, AI Overview, Reviews, Video, People also ask"
characteristics of an intj,Informational,42,110,"0.80,0.65,0.54,0.41,1.00,0.00,0.00,0.00,0.26,0.19,0.00,0.00",27,0.11,0.02,"Sitelinks, AI Overview, Image, Image pack, Video, People also ask, Related searches"
characters with infp,Informational,44,110,"0.29,0.41,0.64,0.64,1.00,0.41,0.64,0.41,0.64,0.52,0.52,0.41",16,0.00,0.33,"Sitelinks, Image, Image pack, Video, People also ask, Related searches"
christian enneagram book,Commercial,45,110,"0.83,1.00,0.53,0.41,0.83,0.83,0.24,0.24,0.41,0.29,0.53,0.29",13,0.29,0.87,"Sitelinks, Image pack, Video, People also ask, Related searches, Popular products"
cia personality test,Informational,39,110,"0.25,0.40,0.30,1.00,0.40,0.20,0.65,0.25,0.20,0.20,0.20,0.15",33,0.00,0.03,"Sitelinks, AI Overview, Reviews, Video, Video carousel, People also ask, Discussions and forums, Related searches"
clover leaf enneagram test,Informational,54,110,"0.02,0.00,0.00,0.00,0.00,1.00,0.00,0.01,0.01,0.01,0.11,0.01",13,0.78,0.20,"Sitelinks, AI Overview, Reviews, Video, People also ask, Related searches"
cognitive function test mbti,Commercial,35,110,"0.00,0.00,0.62,1.00,1.00,0.15,0.38,0.38,0.77,0.62,0.46,0.46",11,0.35,0.17,"Sitelinks, Video, Video carousel, Related searches"
cognitive functions esfj,Informational,39,110,"0.53,0.64,0.64,1.00,0.53,0.64,0.53,0.53,0.64,0.53,0.64,0.53",24,0.00,0.33,"Sitelinks, AI Overview, Video, People also ask, Related searches"
core fears,Informational,56,110,"0.82,0.52,0.64,1.00,0.82,0.64,0.52,0.64,0.52,0.52,0.52,0.52",11,0.00,0.01,"Sitelinks, AI Overview, Image, Video, Video carousel, People also ask, Discussions and forums, Related searches"
d personality type,Informational,40,110,"0.12,0.08,0.24,0.08,0.15,0.29,0.29,0.19,0.12,0.44,1.00,0.44",32,0.75,0.01,"AI Overview, Image pack, Video, People also ask, Related searches"
dc personality type,Informational,36,110,"0.64,0.52,0.64,0.82,1.00,0.82,0.52,0.52,0.64,0.52,0.52,0.52",16,0.44,0.08,"Sitelinks, AI Overview, Image pack, Video, People also ask, Related searches"
debater myers briggs,Informational,38,110,"0.79,0.79,0.79,1.00,0.79,0.79,0.79,0.65,0.49,0.65,0.65,0.65",21,0.00,0.33,"Sitelinks, AI Overview, Image pack, Video, Video carousel, People also ask, Related searches"
define intj personality,Informational,41,110,"1.00,1.00,0.81,1.00,1.00,0.81,0.44,0.63,0.63,0.63,0.63,0.44",32,0.18,0.03,"Sitelinks, AI Overview, Video, People also ask, Related searches"
difference between intj and intp,Informational,34,110,"0.66,0.66,1.00,0.43,0.32,0.52,0.66,0.32,0.52,0.66,0.32,0.82",15,0.08,0.05,"Sitelinks, AI Overview, Image pack, Video, People also ask, Related searches"
difference between n and s mbti,Informational,34,110,"0.75,1.00,1.00,0.75,0.75,0.63,0.63,0.75,0.75,0.63,0.75,0.75",16,0.00,0.33,"Sitelinks, AI Overview, Image pack, Video, People also ask, Related searches"
disc personality s,Informational,33,110,"0.21,0.50,0.64,1.00,0.50,1.00,0.79,1.00,0.64,0.64,0.79,0.79",24,0.34,0.14,"AI Overview, Image, Video, People also ask, Related searches"
don riso,"Informational, Transactional",27,110,"0.78,0.64,1.00,1.00,1.00,0.64,0.64,0.64,1.00,0.50,0.78,0.64",25,0.00,0.06,"Sitelinks, Video, People also ask, Knowledge panel, Related searches"
driver expressive amiable analytical,Informational,30,110,"0.41,1.00,0.64,1.00,0.64,0.52,0.41,0.64,0.29,0.64,0.64,0.82",13,1.33,0.02,"AI Overview, Image pack, Video, Related searches"
driver expressive analytical amiable,Informational,30,110,"1.00,0.65,0.54,0.41,0.54,0.41,0.19,0.33,0.26,0.19,0.19,0.15",19,1.00,0.02,"AI Overview, Image pack, Video, Video carousel, People also ask, Related searches"
driver personality profile,Informational,36,110,"0.82,0.41,0.52,0.41,0.64,1.00,0.82,0.82,0.82,0.82,1.00,1.00",14,0.00,0.01,"AI Overview, Image pack, Video, Video carousel, People also ask, Related searches"
driver personality style,Informational,32,110,"0.65,0.41,0.53,0.41,1.00,0.53,0.83,0.83,0.83,0.65,0.83,1.00",19,0.00,0.33,"AI Overview, Image pack, Video, Video carousel, People also ask, Related searches"
eanneagram 4,Informational,49,110,"0.00,0.00,0.00,0.00,0.00,1.00,0.00,0.00,0.00,0.00,0.00,0.00",24,0.41,0.05,"Sitelinks, AI Overview, Reviews, Video, People also ask, Discussions and forums, Related searches, Things to know"
einstein personality,Informational,38,110,"1.00,0.81,1.00,0.63,0.19,0.31,0.38,0.31,0.31,0.31,0.31,0.38",17,0.00,0.33,"Sitelinks, AI Overview, Video, People also ask, Related searches"
eneagram 9,Informational,64,110,"0.00,1.00,0.31,0.31,0.06,0.06,0.00,0.00,0.00,0.06,0.13,0.13",19,0.26,0.07,"AI Overview, Image pack, Video, People also ask, Related searches"
enegram type 3,Informational,56,110,"0.01,0.00,0.02,0.01,0.05,1.00,0.02,0.01,0.01,0.26,0.00,0.00",23,0.56,0.03,"AI Overview, Reviews, Image pack, Video, Video carousel, People also ask, Related searches"
enegrama,Informational,50,110,"0.11,0.19,0.06,0.11,0.07,1.00,0.06,0.28,0.44,0.19,0.19,0.28",34,0.82,0.28,"Sitelinks, AI Overview, Video, Video carousel, People also ask, Related searches"
enfj 3w2,Informational,40,110,"0.42,0.42,0.42,0.42,0.42,0.34,0.34,0.42,1.00,0.42,0.42,0.42",4,0.00,0.33,"Sitelinks, AI Overview, Image pack, Video, People also ask, Related searches"
enfj career paths,"Informational, Commercial",42,110,"0.33,0.33,0.42,0.52,0.52,0.80,0.42,0.66,1.00,0.66,0.80,0.52",22,0.00,0.01,"Sitelinks, AI Overview, Video, People also ask, Discussions and forums, Related searches"
enfj careers to avoid,Commercial,36,110,"0.78,0.63,0.63,0.78,1.00,0.78,0.50,0.50,0.50,0.63,0.78,0.78",13,0.00,0.33,"Sitelinks, AI Overview, Video, People also ask, Discussions and forums, Related searches"
enfj famous,Informational,40,110,"0.19,0.54,0.65,0.81,0.81,1.00,0.42,0.42,0.04,0.08,0.04,0.19",24,0.00,0.33,"Sitelinks, AI Overview, Video, Short videos, People also ask, Related searches"
enfj female,Informational,41,110,"1.00,1.00,1.00,1.00,0.79,0.79,0.64,0.79,0.79,0.64,0.64,0.79",12,0.00,0.33,"Sitelinks, AI Overview, Image pack, Video, Video carousel, People also ask, Things to know"
enfj fictional characters,Informational,38,110,"1.00,1.00,1.00,1.00,1.00,1.00,0.67,0.67,1.00,1.00,1.00,0.67",10,0.00,0.33,"Sitelinks, AI Overview, Image, Image pack, Video, People also ask, Related searches"
enfj harry potter characters,Informational,48,110,"0.64,0.64,0.64,0.64,0.82,0.64,0.64,0.41,1.00,0.23,0.11,0.11",15,0.00,0.33,"Sitelinks, AI Overview, Image, Image pack, Video, Video carousel, People also ask, Related searches"
enfj jobs to avoid,Commercial,37,110,"1.00,0.63,0.63,1.00,1.00,1.00,0.63,0.50,0.63,0.78,0.78,0.78",9,0.00,0.33,"Sitelinks, AI Overview, Video, People also ask, Discussions and forums, Related searches"
enfj male,Informational,42,110,"0.65,1.00,0.79,0.79,1.00,1.00,0.79,0.65,0.65,0.65,0.79,1.00",17,0.00,0.33,"Sitelinks, AI Overview, Image pack, Video, People also ask, Related searches"
enfj personality type careers,"Informational, Commercial",42,110,"0.54,0.54,0.39,0.64,1.00,0.82,0.82,0.54,0.82,0.39,0.82,0.82",12,0.00,0.01,"Sitelinks, AI Overview, Video, Video carousel, People also ask, Discussions and forums, Related searches"
enfj stands for,Informational,44,110,"0.42,0.66,1.00,0.52,0.80,0.52,0.52,0.33,0.42,0.52,0.52,0.42",30,0.00,0.33,"Sitelinks, AI Overview, Reviews, Image pack, Video, People also ask, Related searches"
enfj vs entp,Informational,44,110,"0.26,1.00,0.34,0.34,0.34,0.19,0.34,0.11,0.42,0.42,0.42,0.42",5,0.00,0.33,"Sitelinks, AI Overview, Reviews, Image pack, Video, People also ask, Related searches"
enfj 性格,Informational,38,110,"1.00,0.83,1.00,1.00,0.83,1.00,0.58,0.83,0.83,1.00,1.00,0.83",21,0.00,0.33,"AI Overview, Image pack, Video, People also ask, Related searches"
enfj-a careers,"Informational, Commercial",42,110,"0.00,0.02,0.04,0.04,0.02,0.22,0.00,0.14,0.00,0.54,0.81,1.00",19,0.99,0.01,"Sitelinks, AI Overview, Video, Video carousel, People also ask, Discussions and forums, Related searches"
enfj-t meaning,Informational,44,110,"0.44,0.06,0.00,1.00,0.44,0.53,0.00,0.53,0.53,0.53,0.44,0.27",30,0.00,0.33,"Sitelinks, AI Overview, Reviews, Video, Video carousel, People also ask, Related searches"
enfp 6w7,Informational,44,110,"0.53,0.65,0.83,1.00,0.65,0.41,0.65,0.65,0.53,0.65,0.65,0.83",9,0.00,0.33,"Sitelinks, AI Overview, Image pack, Video, People also ask, Related searches"
enfp 9w1,Informational,48,110,"0.63,0.81,1.00,1.00,1.00,1.00,1.00,1.00,1.00,0.81,0.81,0.81",9,0.00,0.00,"Sitelinks, AI Overview, Image pack, Video, People also ask, Related searches"
enfp and enfj relationship,Informational,41,110,"1.00,0.81,0.65,0.81,0.81,0.65,0.65,0.53,0.40,0.40,0.40,0.23",14,0.00,0.33,"Sitelinks, AI Overview, Video, Video carousel, People also ask, Related searches"
enfp and enneagram,Informational,58,110,"1.00,0.35,0.19,0.53,0.42,0.42,0.35,0.26,0.35,0.26,0.42,0.35",16,0.76,0.04,"Sitelinks, AI Overview, Image pack, Video, People also ask, Discussions and forums, Related searches"
enfp and entj,Informational,43,110,"0.23,0.32,0.53,0.23,0.53,0.53,0.53,0.66,1.00,1.00,0.32,0.23",6,0.00,0.33,"Sitelinks, AI Overview, Image pack, Video, People also ask, Related searches"
enfp career paths,"Informational, Commercial",38,110,"0.41,0.29,0.29,1.00,1.00,0.64,0.64,0.64,0.82,0.64,0.64,0.64",27,0.00,0.33,"Sitelinks, AI Overview, Video, People also ask, Discussions and forums, Related searches"
enfp estj compatibility,Informational,41,110,"1.00,1.00,0.65,0.79,0.65,1.00,1.00,0.79,0.79,0.79,0.79,0.79",7,0.00,0.33,"Sitelinks, AI Overview, Image pack, Video, Video carousel, People also ask, Related searches"
enfp infj relationship,Informational,40,110,"0.80,0.80,1.00,0.80,0.80,0.80,0.80,0.80,0.49,0.80,0.14,0.20",17,0.00,0.33,"Sitelinks, AI Overview, Image pack, Video, Video carousel, People also ask, Related searches"
enfp j,Informational,42,110,"0.65,0.82,0.82,0.52,0.52,0.65,0.65,0.82,1.00,0.52,0.65,0.82",27,0.00,0.33,"Sitelinks, AI Overview, Reviews, Image pack, Video, Video carousel, People also ask, Related searches"
enfp job,Commercial,44,110,"0.00,0.00,0.01,0.01,0.00,0.00,0.00,0.00,0.00,0.48,1.00,0.04",28,0.40,0.02,"Sitelinks, AI Overview, Video, People also ask, Discussions and forums, Related searches"
enfp mean,Informational,47,110,"1.00,0.00,0.00,0.00,0.00,0.00,0.00,0.00,0.00,0.00,0.00,0.00",33,0.00,0.33,"Sitelinks, AI Overview, Instant answer, Video, People also ask, Related searches"
enfp men,Informational,41,110,"0.79,0.79,1.00,0.79,1.00,0.79,0.79,0.79,1.00,0.79,0.79,0.64",17,0.00,0.33,"Sitelinks, AI Overview, Image pack, Video, Video carousel, People also ask, Related searches"
enfp personality type careers,Commercial,39,110,"1.00,0.83,0.65,0.65,0.65,0.53,0.53,0.53,0.83,0.29,0.41,0.53",24,0.30,0.05,"Featured snippet, Sitelinks, Video, People also ask, Related searches"
enfp with isfj,Informational,42,110,"1.00,0.34,0.34,0.80,0.26,0.34,0.34,0.26,0.26,0.42,0.42,0.53",10,0.00,0.33,"Sitelinks, AI Overview, Reviews, Video, Video carousel, People also ask, Related searches"
enfp 正確,Informational,35,110,"0.50,1.00,0.35,0.64,0.79,0.79,0.79,1.00,1.00,0.79,1.00,1.00",15,0.00,0.33,"AI Overview, Video, Video carousel, People also ask, Related searches"
enfpa,Informational,45,110,"0.17,0.17,0.00,0.00,0.00,0.42,1.00,0.00,0.83,0.00,0.29,1.00",30,0.11,0.01,"AI Overview, Video, People also ask, Related searches"
engram 7,Informational,49,110,"0.00,0.00,0.00,0.00,0.00,1.00,0.00,0.00,0.00,0.00,0.00,0.00",18,0.33,0.04,"AI Overview, Image pack, Video, Video carousel, People also ask, Related searches"
enigma personality,Informational,49,110,"1.00,0.79,0.79,0.79,1.00,1.00,0.79,0.79,0.79,0.79,0.79,0.79",28,0.00,0.01,"Sitelinks, AI Overview, Video, People also ask, Related searches"
enigmagram,Navigational,45,110,"0.33,0.33,0.42,0.42,0.52,0.80,0.66,1.00,0.52,0.66,0.52,0.80",10,0.00,0.33,"Sitelinks, Reviews, Video, Video carousel, Short videos, People also ask, Related searches"
ennaegram 7,Informational,54,110,"1.00,0.00,0.00,0.00,0.00,0.00,0.00,0.00,0.00,0.00,0.00,0.00",18,0.34,0.02,"Sitelinks, AI Overview, Video, People also ask, Related searches"
ennagram 1,Informational,60,110,"0.25,0.50,0.25,0.25,0.50,0.88,1.00,0.38,0.63,0.38,0.63,1.00",24,0.35,0.05,"Sitelinks, AI Overview, Reviews, Video, Video carousel, People also ask, Related searches, Things to know"
enne spanish,Informational,48,110,"0.41,0.21,0.21,0.79,0.79,0.66,0.52,0.41,0.52,0.66,0.66,1.00",28,0.00,0.33,"Sitelinks, AI Overview, Image pack, Video, Video carousel, People also ask, Related searches"
enneagam 8,Informational,61,110,"1.00,0.00,0.00,0.00,0.00,0.00,0.00,0.00,0.00,0.00,0.00,0.00",16,0.38,0.05,"Sitelinks, AI Overview, Image pack, Video, People also ask, Related searches, Things to know"
enneagram 1 wings,"Informational, Commercial",63,110,"0.79,0.79,1.00,1.00,0.79,0.79,0.79,0.79,0.79,0.79,0.79,0.64",20,0.00,0.01,"Sitelinks, AI Overview, Video, Video carousel, People also ask, Related searches, Things to know"
enneagram 2 and 8 relationship,Informational,55,110,"0.80,1.00,0.66,1.00,0.66,0.49,0.49,0.34,0.34,0.34,0.34,0.34",10,0.00,0.00,"Sitelinks, Video, Video carousel, Short videos, People also ask, Discussions and forums"
enneagram 2 unhealthy,Informational,57,110,"0.79,1.00,1.00,0.79,0.65,0.65,0.65,0.65,0.65,0.65,0.79,0.65",15,0.00,0.33,"Sitelinks, AI Overview, Video, People also ask, Discussions and forums, Related searches"
enneagram 4 careers,"Informational, Commercial",55,110,"0.64,0.64,0.54,0.54,0.64,0.64,0.64,0.39,1.00,0.54,0.29,0.54",14,0.85,0.03,"Sitelinks, AI Overview, Video, Video carousel, People also ask, Discussions and forums, Related searches"
enneagram 4 characteristics,Informational,58,110,"0.63,0.50,0.78,1.00,0.63,0.63,0.63,0.78,0.78,0.78,0.78,0.78",24,0.00,0.01,"Sitelinks, AI Overview, Reviews, Image pack, Video, People also ask, Related searches"
enneagram 4 characters,Informational,56,110,"0.65,0.40,0.65,0.82,0.65,0.29,0.65,0.82,0.82,0.65,1.00,1.00",8,0.00,0.01,"Sitelinks, AI Overview, Image, Image pack, Video, Video carousel, People also ask, Related searches"
enneagram 4 social,Informational,53,110,"0.53,0.35,0.18,0.35,0.26,0.42,0.18,0.18,0.53,0.53,1.00,0.18",4,0.00,0.33,"Sitelinks, AI Overview, Image pack, Video, People also ask, Related searches"
enneagram 4 w 5,Informational,62,110,"0.81,0.53,0.66,0.66,0.06,0.16,0.06,0.09,1.00,0.53,0.06,0.03",22,0.28,0.01,"Sitelinks, AI Overview, Image, Video, Video carousel, Short videos, People also ask, Related searches"
enneagram 5 in stress,Informational,60,110,"0.78,0.65,0.78,0.78,0.78,0.78,1.00,1.00,0.65,0.65,0.78,1.00",17,0.00,0.33,"Sitelinks, AI Overview, Reviews, Image pack, Video, Video carousel, Short videos, People also ask, Discussions and forums, Related searches"
enneagram 5 wings,Informational,66,110,"0.79,0.79,1.00,1.00,0.79,0.79,0.79,0.79,1.00,0.79,0.79,1.00",19,0.00,0.33,"Sitelinks, AI Overview, Video, Video carousel, People also ask, Related searches"
enneagram 6 and 9,Informational,58,110,"1.00,0.64,0.50,0.78,0.78,0.78,0.78,0.78,0.78,0.78,0.78,1.00",6,0.00,0.33,"Sitelinks, AI Overview, Video, Video carousel, People also ask, Discussions and forums, Related searches"
enneagram 6 vs 9,Commercial,59,110,"0.82,0.52,0.52,0.64,0.64,0.64,0.64,1.00,0.82,0.82,0.82,1.00",9,0.00,0.33,"Sitelinks, AI Overview, Image pack, Video, Video carousel, People also ask, Related searches"
enneagram 6 wings,Informational,65,110,"0.79,0.79,0.79,1.00,0.79,0.79,0.79,0.79,1.00,0.79,0.79,0.79",23,0.00,0.01,"Sitelinks, AI Overview, Video, Video carousel, People also ask, Discussions and forums, Related searches"
enneagram 7 social,Informational,56,110,"0.66,0.52,0.33,0.42,0.42,0.52,0.52,0.66,0.66,0.52,1.00,0.80",6,0.00,0.33,"Sitelinks, AI Overview, Video"
enneagram 7 stress,Informational,60,110,"0.52,0.40,0.82,1.00,0.52,0.82,0.82,0.82,0.65,0.65,0.52,0.65",12,0.00,0.33,"Sitelinks, AI Overview, Image pack, Video, Video carousel, People also ask, Related searches"
enneagram 8 celebrities,Informational,56,110,"0.52,0.41,0.52,1.00,0.66,0.66,0.52,0.41,1.00,0.41,0.31,0.41",15,0.00,0.33,"Sitelinks, AI Overview, Video, People also ask, Related searches"
enneagram 8 characteristics,Informational,63,110,"1.00,0.81,1.00,1.00,1.00,0.81,0.81,1.00,1.00,0.64,1.00,1.00",27,0.25,0.03,"Sitelinks, AI Overview, Reviews, Image pack, Video, People also ask, Related searches"
enneagram 9 and 2 relationship,Informational,57,110,"1.00,0.64,0.79,0.64,0.79,0.64,0.64,0.64,0.79,0.50,0.64,0.50",5,0.00,0.33,"Sitelinks, AI Overview, Video, People also ask, Discussions and forums, Related searches"
enneagram 9 personality types,Informational,66,110,"0.42,0.23,0.66,0.66,0.42,0.33,1.00,0.23,1.00,0.33,0.33,0.42",24,0.59,0.23,"Sitelinks, AI Overview, Video, People also ask, Related searches"
enneagram 9 w 1,Informational,62,110,"0.10,0.07,0.20,0.10,0.33,0.17,0.00,0.03,1.00,0.43,0.43,0.13",28,0.27,0.01,"Sitelinks, AI Overview, Video, Video carousel, People also ask, Related searches"
enneagram and money,Informational,52,110,"0.15,0.12,1.00,0.23,0.06,0.02,0.19,0.05,0.05,0.05,0.04,0.02",16,0.00,0.03,"Sitelinks, AI Overview, Reviews, Image pack, Video, Video carousel, People also ask, Related searches"
enneagram and relationships,Informational,62,110,"0.50,0.79,0.79,0.64,0.79,0.64,0.50,0.50,1.00,0.64,1.00,0.79",12,0.36,0.11,"Sitelinks, Image pack, Video, Video carousel, People also ask, Related searches"
enneagram diagram with arrows,Informational,56,110,"0.65,0.49,0.79,1.00,0.79,1.00,0.79,0.65,0.49,0.65,1.00,0.49",11,0.00,0.54,"Image, Image pack, Video, Video carousel, People also ask, Related searches"
enneagram hudson,Informational,46,110,"0.00,0.00,0.53,0.26,0.53,0.65,0.19,0.26,1.00,0.65,0.80,0.19",16,0.96,0.53,"Sitelinks, Reviews, Video, Video carousel, Related searches"
enneagram in the workplace,Informational,55,110,"0.78,1.00,0.78,0.78,0.63,1.00,0.63,0.50,1.00,1.00,0.78,1.00",13,1.98,0.13,"Sitelinks, AI Overview, Reviews, Video, Video carousel, Related searches"
enneagram love relationships,Informational,59,110,"1.00,1.00,0.65,0.49,0.79,0.79,0.79,1.00,1.00,0.49,1.00,0.79",18,0.00,0.06,"Sitelinks, AI Overview, Video, Video carousel, People also ask, Related searches"
enneagram made easy,Informational,51,110,"0.52,0.52,0.64,0.82,1.00,0.52,0.64,0.64,0.52,0.64,0.52,0.41",13,0.51,1.00,"Sitelinks, AI Overview, Reviews, Video, People also ask, Knowledge panel, Related searches"
enneagram mbti,Informational,61,110,"0.80,0.80,0.80,1.00,0.80,0.67,0.67,0.47,0.67,0.47,0.80,0.80",23,0.47,0.11,"Sitelinks, AI Overview, Image pack, Video, Video carousel, People also ask, Related searches"
enneagram motivations,Informational,58,110,"0.80,0.66,1.00,1.00,0.80,0.80,0.66,0.80,0.49,0.49,0.80,0.80",14,0.00,0.01,"Sitelinks, Image pack, Video, Video carousel, Discussions and forums, Related searches"
enneagram number 1,Informational,69,110,"0.63,0.63,0.78,1.00,1.00,0.78,0.63,0.78,1.00,0.78,0.78,0.63",22,0.36,0.09,"AI Overview, Image pack, Video, Video carousel, People also ask, Related searches"
enneagram number 5,Informational,65,110,"0.42,0.42,0.42,1.00,0.53,0.42,0.42,0.34,0.53,0.34,0.34,0.42",23,0.39,0.12,"AI Overview, Image pack, Video, Video carousel, People also ask, Related searches"
enneagram podcast,Informational,59,110,"1.00,0.63,1.00,1.00,1.00,0.79,0.79,0.63,0.79,0.63,0.79,0.79",33,1.20,0.02,"Sitelinks, AI Overview, Reviews, Video, Video carousel, People also ask, Related searches"
enneagram songs,Informational,43,110,"0.64,0.64,0.82,1.00,0.82,0.64,0.54,0.39,0.54,0.39,0.64,0.29",34,0.00,0.33,"Sitelinks, AI Overview, Video, Video carousel, Short videos, People also ask, Related searches"
enneagram subtype test,Informational,67,110,"0.15,0.30,0.50,0.50,0.40,0.50,0.30,0.25,0.50,0.40,1.00,0.30",34,0.42,0.31,"Sitelinks, Reviews, Video, Video carousel, Related searches, Things to know"
enneagram test 6,Informational,65,110,"0.65,0.65,0.81,0.65,1.00,0.81,0.53,0.53,0.65,0.53,0.40,0.40",27,0.33,0.10,"Sitelinks, AI Overview, Reviews, Image pack, Video, People also ask, Related searches"
enneagram test 7,Informational,68,110,"0.80,0.80,1.00,0.80,1.00,0.66,0.66,0.66,0.66,0.80,0.66,0.66",23,0.29,0.10,"Sitelinks, AI Overview, Image pack, Video, People also ask, Related searches"
enneagram test quick,Commercial,57,110,"0.35,0.42,0.81,0.42,0.00,0.27,0.27,0.65,0.27,0.42,1.00,0.54",22,1.55,0.70,"Sitelinks, Video, People also ask, Ads bottom"
enneagram test short,Commercial,61,110,"1.00,0.35,0.18,0.22,0.22,0.14,0.10,0.14,0.10,0.10,0.14,0.18",19,1.07,0.62,"Sitelinks, Reviews, Video, Video carousel, Related searches"
enneagram test similar minds,Navigational,66,110,"0.19,0.10,0.81,0.54,0.00,0.22,0.43,0.00,1.00,0.35,0.43,0.19",32,0.65,0.32,"Sitelinks, Video, People also ask, Discussions and forums, Related searches"
enneagram test tritype,Informational,61,110,"0.27,0.23,0.27,0.27,0.23,0.23,0.42,0.23,0.27,0.42,0.67,1.00",16,0.60,0.24,"Sitelinks, Video, Video carousel, Related searches"
enneagram test with instinctual variant,Informational,62,110,"0.26,0.26,0.26,0.34,0.53,0.26,0.26,0.34,0.26,0.34,0.65,1.00",28,0.80,0.05,"Sitelinks, AI Overview, Video, Discussions and forums, Related searches"
enneagram the investigator,Informational,60,110,"0.64,0.52,0.52,0.64,1.00,0.82,0.52,0.64,0.82,0.52,0.52,0.82",23,0.33,0.05,"AI Overview, Image pack, Video, People also ask, Related searches"
enneagram training,Informational,57,110,"0.46,0.46,1.00,0.77,0.38,0.46,0.38,0.38,0.62,0.46,0.62,0.62",20,1.40,0.30,"Sitelinks, AI Overview, Reviews, Video, People also ask, Discussions and forums, Related searches"
enneagram type 2 description,Informational,64,110,"0.41,0.29,0.53,0.83,0.83,0.65,0.65,0.65,1.00,0.65,0.83,0.83",26,0.40,0.05,"Sitelinks, AI Overview, Image pack, Video, Video carousel, People also ask, Related searches"
enneagram type 2 with 1 wing,Informational,60,110,"0.53,0.65,0.53,0.26,0.34,0.34,0.26,0.26,1.00,0.42,0.65,0.00",22,0.31,0.01,"Sitelinks, AI Overview, Reviews, Video, People also ask, Related searches"
enneagram type 5 celebrities,Informational,56,110,"0.26,0.26,0.19,0.65,0.53,0.35,0.42,0.65,1.00,0.35,0.19,0.11",17,0.00,0.33,"Sitelinks, AI Overview, Image, Image pack, Video, People also ask, Related searches"
enneagram type 6 careers,Commercial,53,110,"1.00,1.00,0.79,0.79,0.79,0.79,0.79,0.47,0.79,0.47,0.63,0.47",16,0.00,0.02,"Sitelinks, AI Overview, Video, People also ask, Discussions and forums, Related searches"
enneagram type nine,Informational,65,110,"0.43,0.23,1.00,0.04,0.81,0.81,0.43,0.43,0.00,0.43,0.53,0.66",24,0.41,0.08,"Sitelinks, AI Overview, Image pack, Video, People also ask, Related searches"
enneagram type six,Informational,63,110,"0.26,0.26,0.53,0.65,0.65,0.07,0.26,0.07,0.00,1.00,0.80,0.00",25,0.39,0.02,"Sitelinks, AI Overview, Reviews, Image pack, Video, Video carousel, People also ask, Related searches"
enneagram type two,Informational,59,110,"0.00,0.08,0.23,0.66,0.03,0.00,0.00,0.00,1.00,0.00,0.00,0.00",28,0.43,0.03,"Sitelinks, AI Overview, Reviews, Image pack, Video, People also ask, Related searches"
enneagram types compatibility,Informational,58,110,"1.00,1.00,1.00,0.82,0.82,1.00,0.82,0.61,0.82,1.00,1.00,0.82",18,0.00,0.01,"Sitelinks, AI Overview, Image pack, Video, People also ask, Discussions and forums, Related searches"
enneagram types description,Informational,73,110,"0.05,0.79,1.00,1.00,0.79,1.00,0.37,0.53,0.37,0.53,0.63,1.00",33,0.13,0.18,"Sitelinks, Image, Image pack, Video, Video carousel, Related searches"
enneagram vs mbti,"Informational, Commercial",55,110,"0.54,0.54,0.82,0.82,0.64,0.64,0.64,0.64,0.82,0.82,0.82,1.00",21,0.00,0.33,"Sitelinks, AI Overview, Image pack, Video, Video carousel, People also ask, Related searches"
enneagramm 9,Informational,62,110,"1.00,0.00,0.00,0.00,0.00,0.00,0.00,0.00,0.00,0.00,0.00,0.00",23,0.22,0.04,"Sitelinks, AI Overview, Image pack, Video, Video carousel, People also ask, Related searches"
enneagrams 6,Informational,61,110,"1.00,0.00,0.00,0.00,0.00,0.00,0.00,0.00,0.00,0.00,0.00,0.00",24,0.30,0.02,"Sitelinks, AI Overview, Video, People also ask, Related searches, Ads bottom"
ennealogy,Informational,51,110,"0.43,0.28,0.34,1.00,0.53,0.34,0.34,0.28,0.28,0.28,0.34,0.28",13,1.26,0.03,"AI Overview, Video, People also ask, Related searches"
ennegram 1w2,"Informational, Commercial",59,110,"0.03,0.02,0.05,1.00,0.01,0.07,0.05,0.01,0.05,0.00,0.04,0.07",19,0.37,0.01,"Sitelinks, AI Overview, Image pack, Video, People also ask, Related searches, Things to know"
ennegram 3w2,Informational,48,110,"0.00,0.00,0.03,0.00,0.06,0.05,0.05,0.02,0.05,0.00,1.00,0.00",23,0.34,0.02,"Sitelinks, AI Overview, Image pack, Video, Video carousel, People also ask, Related searches, Things to know"
enogram 4,Informational,49,110,"0.00,0.00,0.00,0.00,0.00,1.00,0.00,0.00,0.00,0.00,0.00,0.00",21,0.41,0.05,"Sitelinks, AI Overview, Reviews, Video, People also ask, Discussions and forums, Related searches, Things to know"
entj 3w2,Informational,40,110,"0.79,0.79,1.00,1.00,0.64,0.64,0.50,1.00,0.64,0.50,0.79,0.79",9,0.00,0.33,"Sitelinks, AI Overview, Image pack, Video, People also ask, Related searches"
entj and isfp,Informational,39,110,"0.82,0.65,1.00,0.82,0.65,0.65,0.65,0.65,0.82,0.52,0.65,0.65",4,0.00,0.33,"Sitelinks, AI Overview, Reviews, Image pack, Video, Video carousel, People also ask, Related searches"
entj best matches,Commercial,43,110,"0.03,0.03,0.43,1.00,1.00,0.43,0.21,0.21,0.21,0.21,0.34,0.21",16,0.00,0.33,"Sitelinks, AI Overview, Image pack, Video, People also ask, Related searches"
entj entj compatibility,Informational,41,110,"0.38,1.00,0.19,0.31,0.63,0.50,0.38,0.50,0.31,0.50,0.63,0.31",7,0.00,0.33,"Sitelinks, AI Overview, Video, Video carousel, People also ask, Related searches"
entj entj relationship,Informational,40,110,"0.79,1.00,0.50,1.00,0.79,1.00,1.00,0.79,1.00,0.79,0.79,1.00",8,0.00,0.33,"Sitelinks, AI Overview, Video, Video carousel, People also ask, Related searches"
entj infj,Informational,44,110,"0.64,1.00,0.79,1.00,0.64,0.79,0.64,0.79,0.79,0.49,0.79,0.49",13,0.00,0.33,"Sitelinks, AI Overview, Video, People also ask, Knowledge panel, Related searches"
entj infj compatibility,Informational,42,110,"0.83,1.00,0.83,0.65,1.00,0.65,0.65,0.53,0.65,0.65,0.41,0.41",9,0.00,0.33,"Sitelinks, AI Overview, Image pack, Video, People also ask, Related searches"
entj men,Informational,42,110,"1.00,0.78,1.00,1.00,0.78,0.78,0.78,0.78,0.78,0.63,0.78,0.78",11,0.00,0.33,"Sitelinks, AI Overview, Image pack, Video, Video carousel, People also ask, Related searches"
entj with enfj,Informational,43,110,"1.00,0.79,1.00,0.64,0.79,0.50,0.79,0.50,0.64,0.79,0.79,0.64",11,0.00,0.33,"Sitelinks, AI Overview, Image pack, Video, People also ask, Related searches"
entj x infp,Informational,42,110,"0.82,0.65,1.00,0.65,0.82,0.65,0.82,0.40,0.52,0.52,0.65,0.82",15,0.00,0.33,"Sitelinks, AI Overview, Image pack, Video, People also ask, Related searches"
entj-a vs entj-t,Commercial,38,110,"0.42,0.33,0.52,1.00,0.42,0.80,0.66,0.42,0.80,0.42,0.42,0.52",27,0.00,0.01,"Sitelinks, AI Overview, Video, People also ask, Related searches"
entp career,Commercial,38,110,"0.78,0.65,0.65,0.78,1.00,0.78,0.78,0.65,0.78,0.78,0.78,0.78",26,0.00,0.33,"Sitelinks, AI Overview, Reviews, Video, People also ask, Related searches"
entp debater,Informational,37,110,"0.83,0.65,0.65,0.65,1.00,0.83,0.53,0.65,0.83,0.65,0.65,0.83",29,0.00,0.33,"Sitelinks, AI Overview, Image pack, Video, Video carousel, People also ask, Related searches"
entp intj,Informational,40,110,"0.81,0.81,0.81,1.00,0.81,0.64,0.81,0.53,0.64,0.64,0.64,0.53",10,0.00,0.33,"Sitelinks, AI Overview, Reviews, Image pack, Video, Video carousel, Short videos, People also ask, Related searches"
entp men,Informational,38,110,"0.79,0.50,1.00,0.79,0.64,0.64,0.79,0.64,0.64,0.50,0.79,0.64",21,0.00,0.00,"Sitelinks, AI Overview, Image pack, Video, People also ask, Related searches, Things to know"
entp personality quiz,Informational,44,110,"0.52,0.52,0.65,0.52,0.65,0.82,0.82,0.65,0.65,0.65,1.00,0.82",18,0.43,0.53,"Sitelinks, Video, People also ask, Discussions and forums, Related searches, Ads top, Ads bottom"
entp personality type celebrities,Informational,39,110,"0.34,0.21,0.43,1.00,0.53,0.34,0.28,0.15,0.28,0.28,0.15,0.21",16,0.00,0.33,"Sitelinks, AI Overview, Image pack, Video, People also ask, Related searches"
entp personality type fbi profiler characteristics strengths weaknesses,Informational,44,110,"0.06,1.00,1.00,0.06,0.00,0.00",27,0.00,0.00,"AI Overview, Reviews, Video, Video carousel, People also ask, Related searches"
entp t characters,Informational,39,110,"0.79,0.49,0.79,1.00,1.00,1.00,0.79,0.35,1.00,0.28,1.00,0.28",17,0.00,0.33,"Sitelinks, AI Overview, Image pack, Video, Video carousel, People also ask, Related searches"
entp t personality,Informational,44,110,"0.80,0.42,0.23,0.52,0.52,1.00,0.52,0.33,0.52,0.52,0.42,0.42",30,0.00,0.33,"AI Overview, Reviews, Video, People also ask, Discussions and forums, Related searches"
entp v entj,Informational,39,110,"0.40,0.63,0.00,0.83,0.51,1.00,0.83,0.40,0.63,0.51,0.83,0.63",9,0.00,0.33,"Sitelinks, AI Overview, Video, Video carousel, Short videos, People also ask, Related searches"
entp 性格,Informational,35,110,"0.79,0.50,0.64,0.64,0.79,0.79,0.50,0.79,0.79,0.64,1.00,0.79",24,0.00,0.33,"AI Overview, Image pack, Video, People also ask, Related searches"
ernie from harry potter,Informational,48,110,"0.81,0.66,0.53,1.00,0.53,0.53,0.33,0.33,0.33,0.43,0.33,0.33",25,0.00,0.33,"Sitelinks, AI Overview, Image, Video, Video carousel, People also ask, Knowledge panel, Discussions and forums, Related searches"
esfj and enfp,Informational,40,110,"0.64,0.81,0.53,0.64,1.00,0.64,0.81,0.53,0.81,0.53,0.64,0.81",4,0.00,0.33,"Sitelinks, AI Overview, Reviews, Video, Video carousel, People also ask, Related searches"
esfj career,"Informational, Commercial",39,110,"0.26,1.00,0.26,0.54,0.65,0.54,0.41,0.26,0.54,0.41,0.41,0.41",20,0.00,0.33,"AI Overview, Video, People also ask, Discussions and forums, Related searches"
esfj functions,Informational,41,110,"1.00,0.63,1.00,0.79,1.00,0.79,0.63,0.63,0.79,0.47,0.79,0.63",23,0.00,0.33,"Sitelinks, AI Overview, Video, Video carousel, People also ask, Discussions and forums, Related searches"
esfj personality type celebrities,Informational,35,110,"0.53,0.43,0.32,0.43,1.00,0.43,0.32,0.32,0.66,0.66,0.43,0.32",18,0.00,0.33,"Sitelinks, AI Overview, Image pack, Video, People also ask, Related searches"
esfj vs esfp,Informational,38,110,"0.41,0.41,0.33,0.41,0.33,0.54,0.54,0.54,0.80,0.54,0.54,1.00",14,0.00,0.33,"Featured snippet, Sitelinks, Image pack, Video, People also ask, Related searches"
esfp compatible,Informational,38,110,"0.64,1.00,0.36,1.00,0.64,0.79,0.64,0.64,0.79,0.64,0.64,0.64",14,0.00,0.00,"Sitelinks, AI Overview, Video, Video carousel, People also ask, Discussions and forums, Related searches"
esfp enneagram,Informational,50,110,"0.28,0.43,0.43,0.28,0.34,1.00,0.34,0.21,0.28,0.21,0.28,0.43",3,0.00,0.33,"Sitelinks, AI Overview, Image pack, Video, Video carousel, People also ask, Related searches"
esfp people,Informational,40,110,"0.80,0.66,0.80,1.00,1.00,0.80,0.80,0.80,0.80,0.80,0.80,0.66",33,0.00,0.33,"AI Overview, Image, Image pack, Video, People also ask, Discussions and forums, Related searches"
esfp personality traits,Informational,42,110,"0.64,1.00,0.64,0.82,0.64,0.64,0.39,0.54,0.54,0.39,0.39,0.39",33,0.00,0.01,"Sitelinks, AI Overview, Reviews, Image pack, Video, People also ask, Discussions and forums, Related searches"
esfp personality type characters,Informational,40,110,"0.81,0.64,0.81,1.00,0.81,0.81,0.53,0.64,0.53,0.81,0.64,0.64",27,0.00,0.33,"AI Overview, Image, Image pack, Video, Video carousel, People also ask, Related searches"
essee 4,Commercial,49,110,"1.00,0.04,0.08,0.08,0.08,0.04,0.08,0.08,0.04,0.08,0.08,0.04",11,0.27,0.96,"Sitelinks, Video, Related searches, Things to know"
estj enfp compatibility,Informational,40,110,"1.00,1.00,0.64,0.78,0.64,1.00,1.00,0.78,0.78,0.78,0.78,0.78",6,0.00,0.33,"Sitelinks, AI Overview, Image, Image pack, Video, Video carousel, People also ask, Related searches"
estj jobs careers,Commercial,35,110,"0.00,0.04,0.28,0.81,0.00,1.00,0.00,0.19,0.10,0.22,0.00,0.19",18,0.00,0.33,"Sitelinks, AI Overview, Video, Video carousel, People also ask, Related searches"
estj personality weaknesses,Informational,41,110,"0.66,0.33,0.33,0.33,1.00,0.42,0.66,0.33,0.52,0.52,0.52,0.23",17,0.00,0.33,"AI Overview, Image pack, Video, Video carousel, People also ask, Discussions and forums, Related searches"
etsj,Informational,36,110,"0.54,1.00,0.21,0.83,0.33,0.00,0.00,0.00,0.00,0.13,0.25,0.25",27,0.24,0.33,"AI Overview, Reviews, Image pack, Video, People also ask, Related searches, Things to know"
expressive amiable driver analytical test,Informational,31,110,"1.00,0.41,0.52,0.52,0.52,0.64,0.82,0.52,0.52,0.41,0.64,0.52",16,0.98,0.13,"AI Overview, Reviews, Video, People also ask, Related searches, Ads bottom"
expressive expressive personality,Informational,31,110,"0.65,0.65,0.52,0.40,0.82,0.82,0.23,0.40,1.00,0.65,1.00,0.52",11,0.00,0.33,"Sitelinks, AI Overview, Reviews, Video, Video carousel, People also ask, Discussions and forums, Related searches"
f myers briggs,Informational,41,110,"0.23,1.00,1.00,0.64,0.41,0.52,0.82,0.00,0.82,0.64,1.00,0.82",27,0.00,0.33,"Sitelinks, AI Overview, Image pack, Video, Video carousel, People also ask, Related searches"
famous enfj people,Informational,41,110,"0.07,0.07,0.03,0.31,0.79,0.52,0.79,0.66,0.79,1.00,1.00,0.52",24,0.02,0.33,"Sitelinks, AI Overview, Image, Video, Video carousel, People also ask, Related searches"
famous enneagram 6,Informational,57,110,"0.78,0.65,0.65,1.00,0.78,0.78,0.65,0.48,1.00,0.65,0.48,0.65",24,0.00,0.33,"Sitelinks, AI Overview, Video, People also ask, Discussions and forums, Related searches"
famous enneagram 8,Informational,57,110,"0.76,0.62,0.76,1.00,0.76,0.76,0.76,0.76,1.00,0.76,0.62,0.62",16,0.00,0.01,"Sitelinks, AI Overview, Video, People also ask, Related searches"
famous entp people,Informational,38,110,"0.50,0.38,0.63,1.00,1.00,1.00,1.00,0.75,1.00,1.00,0.75,0.63",15,0.00,0.33,"Sitelinks, AI Overview, Reviews, Video, People also ask, Discussions and forums, Related searches"
famous estjs,Informational,36,110,"0.24,0.53,0.43,1.00,0.66,0.66,0.19,0.33,0.53,1.00,0.53,0.66",25,0.00,0.33,"Sitelinks, AI Overview, Video, People also ask, Related searches"
famous people entp,Informational,36,110,"0.00,1.00,0.00,0.00,0.00,0.00,0.00,0.03,0.01,0.00,0.00,0.00",16,0.00,0.33,"Sitelinks, AI Overview, Reviews, Image pack, Video, People also ask, Related searches"
fe mbti,Informational,45,110,"0.66,0.80,1.00,1.00,0.49,0.66,0.80,0.80,0.80,0.80,1.00,0.80",9,0.00,0.33,"Sitelinks, AI Overview, Image pack, Video, People also ask, Related searches"
fi mbti,Informational,45,110,"1.00,1.00,1.00,1.00,1.00,0.66,0.66,0.80,0.80,0.66,0.80,0.66",10,0.00,0.33,"Sitelinks, AI Overview, Image pack, Video, People also ask, Related searches"
five enneagram,Informational,60,110,"1.00,0.82,1.00,1.00,0.82,0.61,0.61,0.61,0.82,0.61,0.61,0.61",27,0.48,0.05,"Sitelinks, Image pack, Video, Video carousel, People also ask, Related searches"
green mbti,Informational,32,110,"0.52,0.66,0.52,0.52,0.52,0.66,0.66,0.42,0.80,0.66,0.66,1.00",15,0.00,0.00,"Sitelinks, Image pack, Video, People also ask, Related searches"
gurdjieff enneagram,Informational,47,110,"0.83,0.63,0.83,0.83,0.51,0.83,1.00,0.63,0.63,0.51,0.83,0.51",27,0.00,0.15,"Sitelinks, AI Overview, Reviews, Video, Video carousel, People also ask, Discussions and forums, Related searches"
gut triad enneagram,Informational,56,110,"0.26,0.26,0.65,0.26,0.26,0.35,0.35,0.19,0.42,0.42,0.80,1.00",8,0.00,0.33,"Sitelinks, AI Overview, Video, Video carousel, Short videos, People also ask, Discussions and forums, Related searches"
han mbti,Informational,45,110,"0.43,0.81,1.00,0.66,0.66,0.33,0.43,0.43,0.43,0.43,0.53,0.81",21,0.00,0.33,"Sitelinks, AI Overview, Image pack, Video, Video carousel, Short videos, People also ask, Related searches"
harry potter enneagram,Informational,48,110,"0.80,0.60,1.00,1.00,1.00,1.00,0.80,1.00,0.60,0.60,1.00,0.40",3,0.00,0.00,"Sitelinks, Image, Image pack, Video, Video carousel, People also ask, Discussions and forums, Related searches"
healer personality type,Informational,39,110,"0.52,0.65,0.82,0.82,0.82,0.65,0.52,0.52,1.00,0.65,0.65,0.65",21,0.00,0.01,"Sitelinks, AI Overview, Video, Video carousel, People also ask, Discussions and forums, Related searches"
heart triad,Informational,42,110,"0.06,0.06,0.34,0.34,0.06,0.53,0.53,0.43,0.34,0.43,0.81,1.00",6,0.00,0.33,"Sitelinks, Image pack, Video, People also ask, Related searches"
how to pronounce enneagram,Informational,55,110,"1.00,0.79,0.79,1.00,1.00,0.79,0.79,0.64,0.79,0.64,1.00,0.79",23,0.00,0.33,"AI Overview, Reviews, Video, People also ask, Related searches"
humanmetrics myers briggs type indicator,"Navigational, Transactional",38,110,"1.00,1.00,0.63,0.50,0.50,1.00,1.00,0.78,0.63,0.50,0.50,0.35",30,0.61,0.05,"Sitelinks, Video, Related searches"
infj enfp relationship,Informational,41,110,"0.80,1.00,1.00,0.80,1.00,1.00,0.80,0.80,0.49,0.66,0.20,0.14",9,0.00,0.33,"Sitelinks, AI Overview, Reviews, Image pack, Video, Video carousel, People also ask, Related searches"
infj enneagram types,Informational,58,110,"0.33,0.33,0.33,0.67,0.67,1.00,1.00,1.00,1.00,1.00,1.00,1.00",4,0.65,0.04,"Sitelinks, AI Overview, Image pack, Video, People also ask, Related searches"
infj infp compatibility,Informational,44,110,"0.80,0.66,0.80,0.80,0.66,0.80,0.80,0.80,1.00,0.80,1.00,0.80",17,0.00,0.33,"Sitelinks, AI Overview, Image pack, Video, People also ask, Related searches"
infj x enfp,Informational,42,110,"0.79,0.64,0.79,0.79,1.00,0.79,0.79,0.79,0.49,0.49,0.64,0.64",17,0.00,0.33,"Sitelinks, AI Overview, Image pack, Video, Video carousel, People also ask, Related searches"
infp 2w1,Informational,48,110,"0.78,0.78,1.00,0.78,0.78,0.78,1.00,0.78,0.78,0.78,0.50,0.78",9,0.00,0.33,"Sitelinks, AI Overview, Image pack, Video, People also ask, Related searches"
infp 2w3,Informational,45,110,"0.53,0.53,0.83,0.83,0.53,1.00,0.83,0.41,0.53,0.53,0.65,0.53",15,0.00,0.02,"Sitelinks, AI Overview, Image pack, Video, People also ask, Related searches"
infp 4w5 characters,Informational,42,110,"0.65,0.65,0.65,0.65,0.53,0.65,1.00,0.53,0.65,0.53,0.65,0.81",13,0.00,0.33,"Sitelinks, AI Overview, Image pack, Video, People also ask, Related searches"
infp and enneagram,Informational,58,110,"1.00,0.21,0.33,0.65,0.21,0.27,0.21,0.33,0.44,0.33,0.53,0.53",4,0.80,0.14,"Sitelinks, AI Overview, Image pack, Video, Video carousel, People also ask"
infp career matches,Commercial,32,110,"0.15,0.25,0.50,0.50,0.40,0.50,0.40,1.00,0.65,0.65,0.40,1.00",25,0.77,0.03,"Sitelinks, AI Overview, Video, People also ask, Related searches"
infp compatibility with infj,Informational,44,110,"0.64,0.64,0.64,0.64,0.64,0.79,0.79,0.79,1.00,0.79,1.00,0.79",9,0.00,0.33,"Sitelinks, AI Overview, Image pack, Video, Video carousel, People also ask, Related searches"
infp enfj compatibility,Informational,44,110,"0.63,0.78,1.00,0.78,0.63,0.78,0.78,0.78,0.50,0.78,0.63,0.78",20,0.00,0.33,"Featured snippet, Sitelinks, Image pack, Video, Video carousel, People also ask, Related searches"
infp entj,Informational,41,110,"0.64,0.81,1.00,0.81,0.64,0.64,0.64,0.53,0.40,0.28,0.53,0.53",12,0.00,0.33,"Sitelinks, AI Overview, Image, Image pack, Video, Video carousel, People also ask, Related searches"
infp jobs to avoid,Commercial,30,110,"1.00,0.80,0.66,1.00,1.00,0.80,0.66,0.66,0.66,0.49,0.49,0.49",19,0.00,0.33,"Sitelinks, AI Overview, Video, People also ask, Related searches"
infp opposite,Informational,36,110,"0.50,0.35,0.64,0.79,1.00,0.79,0.79,0.64,1.00,0.64,0.79,0.79",27,0.00,0.33,"Sitelinks, AI Overview, Image pack, Video, People also ask, Related searches"
infp personality type celebrities,Informational,36,110,"0.64,1.00,0.53,0.53,0.81,0.53,0.53,0.28,0.81,0.81,0.53,0.28",24,0.00,0.33,"Sitelinks, AI Overview, Image pack, Video, People also ask, Related searches"
infp personality type jobs,Commercial,35,110,"0.63,0.31,0.50,0.63,0.50,0.50,0.13,0.06,1.00,0.50,0.63,0.13",34,0.00,0.01,"Sitelinks, AI Overview, Video, People also ask, Related searches"
infp t personality celebrities,Informational,39,110,"0.67,0.51,0.67,0.81,1.00,0.19,0.67,0.33,0.67,0.19,0.23,0.42",21,0.00,0.33,"Sitelinks, AI Overview, Image pack, Video, Video carousel, People also ask"
infp with istj,Informational,36,110,"1.00,0.35,0.42,0.42,0.26,0.35,0.35,0.26,0.42,0.35,0.42,0.42",9,0.00,0.33,"Sitelinks, AI Overview, Image, Image pack, Video, People also ask, Related searches"
infp x entj,Informational,41,110,"0.79,1.00,0.79,1.00,0.50,0.64,0.64,0.50,0.50,0.50,0.79,0.79",15,0.00,0.33,"Sitelinks, AI Overview, Image pack, Video, Short videos, People also ask, Related searches"
infp-a vs infp-t,Commercial,35,110,"0.33,0.53,0.00,0.33,0.33,0.66,0.53,0.66,0.53,0.53,1.00,0.81",23,0.00,0.01,"Sitelinks, AI Overview, Video, Video carousel, People also ask, Related searches"
intj 1w2,Informational,38,110,"0.42,0.42,0.52,0.52,1.00,0.52,0.33,0.42,0.52,0.52,0.42,0.42",12,0.00,0.33,"Sitelinks, AI Overview, Image pack, Video, People also ask, Related searches"
intj a meaning,Informational,35,110,"0.66,0.66,1.00,0.81,0.81,0.14,0.66,0.14,0.53,0.19,0.19,0.24",33,0.19,0.03,"Sitelinks, AI Overview, Video, Video carousel, People also ask, Related searches"
intj a vs intj t,Informational,31,110,"0.43,1.00,0.53,0.66,0.33,0.81,0.24,0.24,0.24,0.81,1.00,1.00",16,0.00,0.01,"Sitelinks, AI Overview, Video, Video carousel, People also ask, Related searches"
intj and love,Informational,32,110,"0.64,0.64,0.64,0.64,0.64,0.82,1.00,0.64,0.82,0.64,0.82,0.64",3,0.00,0.33,"Sitelinks, AI Overview, Video, Video carousel, Related searches"
intj entj,Informational,40,110,"0.63,0.78,1.00,1.00,0.78,0.78,0.63,0.63,0.63,0.63,0.50,0.63",16,0.00,0.02,"Sitelinks, Image pack, Video, Video carousel, People also ask, Knowledge panel, Related searches, Things to know"
intj entp,Informational,40,110,"1.00,1.00,1.00,1.00,0.65,0.79,0.79,0.79,0.49,0.79,0.49,0.49",15,0.00,0.33,"Sitelinks, AI Overview, Reviews, Image pack, Video, Video carousel, People also ask, Related searches"
intj famous,Informational,36,110,"0.09,0.09,0.09,0.05,0.09,0.09,0.11,0.09,0.09,1.00,0.09,0.05",23,0.03,0.01,"Sitelinks, AI Overview, Video, Video carousel, People also ask, Related searches"
intj females,Informational,33,110,"0.19,0.14,0.64,0.14,0.53,1.00,0.19,0.19,0.28,0.14,0.28,0.14",16,0.06,0.02,"Sitelinks, AI Overview, Image pack, Video, Video carousel, People also ask, Related searches"
intj in relationships,Informational,36,110,"0.00,1.00,1.00,0.65,0.83,0.52,0.39,0.52,0.65,0.83,0.65,0.83",20,0.04,0.01,"Sitelinks, AI Overview, Image pack, Video, People also ask, Related searches"
intj meyers briggs,Informational,42,110,"0.24,0.00,0.00,0.00,0.00,0.15,0.00,0.00,0.00,1.00,0.00,0.00",27,0.16,0.04,"AI Overview, Video, People also ask, Related searches"
intj or intp,Informational,37,110,"0.53,0.66,1.00,0.66,0.66,0.53,0.43,0.43,0.43,0.53,0.53,0.53",19,0.00,0.01,"Sitelinks, AI Overview, Image pack, Video, Video carousel, People also ask, Related searches"
intj personality careers,"Informational, Commercial",35,110,"0.64,0.41,0.52,0.82,1.00,0.64,0.64,0.41,0.64,0.82,0.52,0.64",23,0.00,0.01,"Sitelinks, AI Overview, Video, Video carousel, People also ask, Related searches"
intj personality description,Informational,43,110,"0.50,0.50,0.50,1.00,0.63,0.78,0.63,0.50,0.63,0.50,0.50,0.63",28,0.18,0.03,"Sitelinks, AI Overview, Video, People also ask, Related searches"
intj personality type rarity,Informational,43,110,"0.63,0.63,0.78,0.63,0.63,1.00,0.78,0.63,0.63,0.63,0.78,0.78",24,0.00,0.33,"Sitelinks, AI Overview, Image pack, Video, Video carousel, People also ask, Related searches"
intj persons,Informational,41,110,"0.00,0.00,0.00,0.00,0.00,1.00,0.48,0.00,0.00,0.00,0.00,0.00",21,0.33,0.05,"Sitelinks, AI Overview, Image, Image pack, Video, Video carousel, People also ask, Related searches"
intj t personality type,Informational,40,110,"0.40,0.29,0.65,0.65,0.65,0.65,0.40,0.82,0.65,0.65,1.00,0.82",26,0.21,0.02,"Sitelinks, AI Overview, Video, Video carousel, People also ask, Related searches"
intj with add,Informational,39,110,"0.82,0.82,0.52,0.41,0.64,0.82,0.82,0.82,0.52,0.64,1.00,0.82",2,0.00,0.33,"Sitelinks, AI Overview, Video, People also ask, Related searches"
intj with adhd,Informational,34,110,"0.65,1.00,0.65,0.83,0.65,0.83,0.53,0.41,0.41,0.41,0.83,0.53",11,0.00,0.01,"Sitelinks, AI Overview, People also ask"
intj-a meaning,Informational,38,110,"0.53,0.00,0.00,0.34,0.34,0.65,1.00,0.53,0.42,0.53,0.34,0.42",30,0.00,0.01,"Sitelinks, AI Overview, Video, People also ask, Related searches"
intp art,Informational,31,110,"0.64,0.40,0.64,0.81,0.81,0.81,0.64,0.40,0.40,0.64,1.00,0.53",24,0.00,0.33,"Sitelinks, Image pack, Video, People also ask, Related searches"
intp enfp,Informational,40,110,"0.65,0.65,0.65,1.00,0.65,0.65,0.65,0.79,0.79,0.65,0.65,0.49",11,0.00,0.01,"Sitelinks, AI Overview, Reviews, Image pack, Video, Video carousel, Short videos, People also ask, Related searches"
intp personality characters,Informational,37,110,"0.64,0.64,0.50,1.00,0.64,0.79,0.79,0.50,0.50,0.79,0.79,0.64",28,0.00,0.33,"Sitelinks, AI Overview, Image pack, Video, People also ask, Related searches"
intp stand for,Informational,35,110,"0.83,0.83,0.52,0.65,0.83,0.83,0.65,0.52,0.65,0.65,0.83,1.00",30,0.00,0.01,"Sitelinks, AI Overview, Video, Video carousel, People also ask, Related searches"
intp stereotypes,Informational,32,110,"1.00,0.82,0.65,0.82,1.00,0.65,0.65,0.52,0.65,0.40,0.52,0.65",18,0.00,0.33,"Sitelinks, AI Overview, Image pack, Video, Video carousel, People also ask, Related searches"
intp 性格,Informational,31,110,"0.64,0.64,0.53,1.00,0.40,0.64,0.64,0.64,0.40,0.28,0.40,0.40",26,0.00,0.33,"AI Overview, Video, People also ask, Related searches"
is enfj a rare personality,Informational,44,110,"0.50,0.64,0.50,0.79,1.00,0.79,1.00,0.64,0.64,0.64,0.79,0.79",19,0.00,0.33,"Sitelinks, AI Overview, Reviews, Video, Video carousel, People also ask, Related searches"
is enfp a rare personality,Informational,41,110,"0.33,0.33,0.42,0.66,0.42,0.09,0.33,0.80,0.80,0.52,1.00,0.52",24,0.00,0.33,"Sitelinks, AI Overview, Video, Video carousel, People also ask, Related searches"
is the enneagram christian,Informational,48,110,"0.82,0.65,0.29,0.82,1.00,0.65,0.65,0.65,0.82,0.82,0.82,0.65",14,0.00,0.03,"Sitelinks, AI Overview, Reviews, Video, People also ask, Discussions and forums, Related searches"
isfj and entj,Informational,40,110,"0.79,1.00,0.79,0.79,0.79,0.79,1.00,0.79,0.79,0.79,0.79,0.79",7,0.00,0.33,"Sitelinks, AI Overview, Reviews, Image pack, Video, Video carousel, People also ask, Related searches"
isfj best match,Commercial,34,110,"0.79,0.65,0.79,1.00,0.79,0.65,1.00,0.65,0.79,0.65,0.79,1.00",23,0.00,0.33,"Sitelinks, AI Overview, Image pack, Video, Video carousel, People also ask, Related searches"
isfj male,Informational,40,110,"0.65,0.65,0.65,0.81,0.65,0.65,1.00,0.65,0.81,0.40,0.65,0.40",13,0.00,0.33,"Sitelinks, Reviews, Image pack, Video, Video carousel, People also ask, Related searches"
isfj men,Informational,36,110,"0.78,0.78,1.00,1.00,0.63,0.78,1.00,0.78,0.78,0.63,0.78,0.78",24,0.00,0.33,"Sitelinks, AI Overview, Reviews, Image pack, Video, Video carousel, People also ask, Related searches"
isfj stack,Informational,38,110,"0.79,0.79,1.00,1.00,0.79,0.49,0.65,1.00,0.65,0.49,0.79,0.65",32,0.00,0.33,"Sitelinks, AI Overview, Image pack, Video, Video carousel, People also ask, Related searches"
isfj t characters,Informational,37,110,"0.82,0.52,0.52,1.00,1.00,0.23,0.82,0.17,0.82,0.82,0.29,0.41",16,0.00,0.33,"Sitelinks, Image, Image pack, Video, People also ask, Related searches"
isfjt,Informational,37,110,"0.00,0.00,0.65,0.03,0.44,0.00,0.00,0.00,0.06,0.33,1.00,0.00",31,0.06,0.33,"Sitelinks, Image pack, Video, Video carousel, People also ask, Knowledge panel, Related searches, Things to know"
isfp and enfp compatibility,Informational,38,110,"1.00,1.00,1.00,1.00,1.00,1.00,0.64,1.00,0.64,1.00,0.81,0.64",12,0.00,0.33,"Sitelinks, AI Overview, Reviews, Image pack, Video, People also ask, Related searches"
istj 1w9,Informational,33,110,"0.64,0.52,0.64,0.64,1.00,0.52,0.64,0.52,0.64,0.64,0.52,0.64",7,0.00,0.33,"Sitelinks, AI Overview, Image pack, Video, People also ask, Related searches"
istj 5w6,Informational,35,110,"0.79,0.79,0.79,1.00,0.79,0.35,0.79,0.64,0.64,0.79,0.79,0.79",6,0.00,0.33,"Sitelinks, AI Overview, Image pack, Video, People also ask, Related searches"
j in mbti,Informational,36,110,"0.50,0.79,0.79,0.79,0.64,0.79,0.64,0.79,0.50,1.00,0.50,0.50",24,0.00,0.33,"Sitelinks, AI Overview, Image pack, Video, Video carousel, People also ask, Related searches"
j type personality,Informational,36,110,"0.80,0.42,0.34,0.11,0.07,0.53,0.15,0.42,0.19,1.00,0.65,0.42",33,0.92,0.01,"Sitelinks, AI Overview, Image pack, Video, Video carousel, People also ask, Related searches"
jinshi mbti,Informational,45,110,"0.35,0.43,0.18,0.18,0.18,0.14,0.18,0.18,0.18,0.18,0.22,1.00",19,0.00,0.33,"Sitelinks, AI Overview, Video, People also ask, Related searches"
jobs for enfj personality type,Commercial,40,110,"0.65,0.52,0.52,0.82,1.00,0.82,0.82,0.40,0.82,0.52,0.82,0.82",22,0.00,0.01,"Sitelinks, AI Overview, Video, People also ask, Related searches"
jobs for enfj personality types,Commercial,40,110,"0.64,0.49,0.28,0.64,0.79,1.00,1.00,0.49,1.00,0.49,1.00,1.00",22,0.00,0.01,"Sitelinks, AI Overview, Video, People also ask, Related searches"
jobs for enfp personality types,"Informational, Commercial",41,110,"0.82,0.11,0.41,0.41,0.82,0.52,1.00,0.52,0.64,0.64,0.64,0.52",18,0.30,0.05,"Sitelinks, AI Overview, Video, People also ask, Related searches"
jobs for intj personality type,"Informational, Commercial",34,110,"0.29,0.41,0.29,0.64,0.64,0.64,0.64,0.41,1.00,0.64,0.64,0.64",22,0.17,0.04,"Sitelinks, AI Overview, Video, Video carousel, People also ask, Related searches"
jobs for isfj personality types,Commercial,33,110,"1.00,0.53,0.40,0.40,0.40,1.00,0.64,0.40,0.53,0.53,0.64,0.64",23,0.00,0.01,"Sitelinks, AI Overview, Video, People also ask, Related searches"
judging personality type,Informational,52,110,"1.00,0.41,0.52,0.64,0.82,0.82,0.52,0.52,0.64,0.52,0.52,0.52",30,0.00,0.33,"Sitelinks, AI Overview, Image pack, Video, People also ask, Discussions and forums, Related searches"
kinds of people,Informational,34,110,"0.71,0.43,0.57,1.00,1.00,0.71,0.57,0.57,1.00,0.57,0.71,0.57",16,0.00,0.00,"AI Overview, Image pack, Video, Video carousel, People also ask, Discussions and forums, Related searches"
male infp,Informational,35,110,"0.50,0.81,1.00,0.50,0.81,0.63,0.38,0.38,0.38,0.00,0.19,0.00",31,0.04,0.01,"Sitelinks, AI Overview, Image pack, Video, Video carousel, People also ask, Related searches"
mbti and iq,Informational,45,110,"1.00,0.65,0.53,0.83,0.53,0.83,0.53,0.41,0.65,0.65,0.53,0.65",15,0.00,0.01,"Sitelinks, AI Overview, Reviews, Image pack, Video, Video carousel, People also ask, Related searches"
mbti bible,Informational,45,110,"0.14,0.14,0.14,1.00,0.22,0.22,0.22,0.14,0.10,0.14,0.14,0.14",19,0.00,0.33,"Sitelinks, Image pack, Video, Video carousel, People also ask, Related searches"
mbti booklet,Informational,45,110,"0.66,0.66,0.66,0.43,0.66,0.32,0.23,0.32,1.00,0.52,0.82,0.66",29,0.29,0.64,"Sitelinks, Reviews, Video, Related searches"
mbti carl jung,Informational,38,110,"1.00,0.21,0.34,0.12,0.21,0.21,0.12,0.28,0.34,0.34,0.80,0.21",25,0.00,0.01,"Sitelinks, AI Overview, Reviews, Image, Image pack, Video, Video carousel, People also ask, Related searches"
mbti character personality,Informational,37,110,"1.00,0.81,0.43,0.43,0.53,0.66,0.19,0.33,0.81,0.53,0.81,0.43",29,0.00,0.33,"Image pack, Video, People also ask, Related searches"
mbti colors,Informational,33,110,"0.81,0.81,0.64,0.81,0.64,0.40,0.81,0.53,1.00,0.53,0.81,0.81",15,0.00,0.33,"Sitelinks, AI Overview, Image, Image pack, Video, Video carousel, People also ask, Related searches"
mbti discord,Commercial,45,110,"0.03,0.03,0.28,0.03,0.03,0.03,0.35,0.23,0.28,1.00,0.15,0.11",25,0.00,0.33,"Sitelinks, Video, People also ask, Related searches"
mbti executive,Informational,40,110,"1.00,0.79,1.00,1.00,0.79,1.00,1.00,0.64,0.64,0.79,0.64,0.64",29,0.00,0.02,"Sitelinks, AI Overview, Image, Image pack, Video, People also ask, Related searches"
mbti insights,Informational,45,110,"0.07,0.07,0.07,0.07,0.07,0.42,0.65,1.00,0.34,0.80,0.65,0.65",15,0.00,0.33,"Sitelinks, AI Overview, Reviews, Image pack, Video, Video carousel, People also ask, Related searches"
mbti matcher,Informational,43,110,"1.00,0.65,0.65,0.53,0.83,0.65,0.29,0.53,0.65,0.65,0.65,0.41",27,0.00,0.33,"Sitelinks, Reviews, Image pack, Video, Video carousel, Related searches"
mbti nurse,Informational,32,110,"0.79,0.79,0.79,0.79,0.79,0.50,0.79,0.64,1.00,0.79,0.79,0.79",9,0.00,0.33,"Sitelinks, AI Overview, Image pack, Video, People also ask, Related searches"
mbti personality test printable,Informational,35,110,"0.66,0.66,0.80,0.80,0.66,0.80,1.00,0.66,1.00,0.80,0.80,0.80",19,0.00,0.02,"Image pack, Video, Related searches"
mbti randomizer,Informational,34,110,"0.28,0.82,1.00,0.23,0.10,0.12,0.07,0.05,0.05,0.05,0.07,0.12",18,0.00,0.33,"Reviews, Video, People also ask, Related searches"
mbti test chinese,Informational,32,110,"0.65,0.65,1.00,1.00,0.83,0.65,0.41,0.41,0.83,0.41,0.41,0.83",18,0.81,0.04,"Reviews, Video, People also ask, Related searches"
mbti test istj,Informational,40,110,"1.00,0.36,0.00,0.00,0.00,0.01,0.09,0.00,0.19,0.00,0.00,0.00",31,0.07,0.03,"AI Overview, Image, Video, Video carousel, People also ask, Knowledge panel, Related searches"
mbti test spanish,Informational,45,110,"0.42,0.42,0.33,1.00,0.52,0.66,0.66,0.52,0.52,0.42,0.52,0.42",15,0.53,0.30,"AI Overview, Reviews, Video, Related searches"
mbti types percentages,Informational,45,110,"0.13,0.13,1.00,1.00,1.00,1.00,0.67,0.67,0.80,0.67,0.80,0.67",26,0.00,0.33,"Sitelinks, AI Overview, Reviews, Image, Image pack, Video, People also ask, Related searches"
mbti 测试 免費,Informational,45,110,"0.52,0.42,0.42,0.42,0.23,0.33,0.19,0.42,0.66,0.52,1.00,0.00",30,0.79,0.32,"Video, Related searches"
mbti 診断 一覧,Informational,45,110,"0.83,0.65,0.65,0.41,1.00,0.65,0.83,0.41,0.41,0.41,0.41,0.41",21,0.00,0.33,"AI Overview, Video, People also ask, Related searches"
mbtie,Informational,45,110,"0.00,0.00,0.00,1.00,0.00,0.00,0.00,0.00,0.00,0.00,0.00,0.00",26,0.25,0.20,"AI Overview, Image pack, Video, People also ask, Related searches"
mean personalities,Informational,45,110,"1.00,0.65,1.00,0.82,1.00,1.00,0.82,0.65,0.11,0.11,0.11,0.11",30,0.00,0.33,"Sitelinks, Image pack, Video, People also ask, Related searches"
meyer briggs estj,Informational,40,110,"1.00,0.48,1.00,1.00,1.00,0.65,0.35,0.78,0.65,1.00,1.00,1.00",34,0.26,0.03,"Sitelinks, Image pack, Video, People also ask, Related searches, Things to know"
mh mbti,Informational,45,110,"0.35,0.82,1.00,0.53,0.43,0.00,0.00,0.00,0.00,0.00,0.00,0.00",18,0.42,0.57,"Sitelinks, Video, Related searches"
mingi mbti,Informational,45,110,"0.42,0.51,0.81,1.00,0.67,0.51,0.42,0.33,0.51,0.42,0.42,0.67",14,0.00,0.33,"Sitelinks, AI Overview, Image pack, Video, People also ask, Related searches"
my personality .net,Navigational,35,110,"0.03,0.03,0.05,0.08,0.18,0.18,0.18,1.00,0.11,0.11,0.11,0.11",24,0.45,0.21,"Sitelinks, Reviews, Video, People also ask"
myers briggs celebrities,Informational,37,110,"1.00,1.00,0.43,0.53,0.43,0.53,0.33,0.43,0.43,0.43,0.43,0.33",13,0.00,0.33,"Sitelinks, AI Overview, Image pack, Video, Video carousel, People also ask, Related searches"
myers briggs compatibility test,Informational,39,110,"0.43,0.83,0.30,0.22,0.22,1.00,0.83,0.22,0.65,0.30,0.52,0.52",18,0.65,0.01,"Reviews, Image pack, Video, Related searches, Things to know"
myers briggs healer,Informational,40,110,"0.40,0.40,0.50,0.60,0.60,0.80,0.50,0.50,1.00,0.60,0.60,0.60",19,0.00,0.01,"Sitelinks, AI Overview, Image pack, Video, Video carousel, People also ask, Related searches"
myers briggs iq,Informational,38,110,"1.00,0.64,0.64,0.52,0.52,0.64,0.64,0.64,0.52,0.52,0.41,0.52",23,0.00,0.02,"Sitelinks, AI Overview, Image pack, Video, Video carousel, People also ask, Related searches"
myers briggs personality assessment pdf,Informational,52,110,"0.42,0.42,0.26,0.26,0.34,0.26,0.26,0.65,0.42,0.42,0.65,1.00",17,1.05,0.08,"AI Overview, Reviews, Video, Related searches"
myers briggs personality types entj,Informational,49,110,"0.52,0.52,0.41,0.41,0.64,0.52,1.00,0.64,0.82,1.00,0.82,0.64",31,0.11,0.04,"AI Overview, Image, Video, People also ask, Related searches"
myers briggs rarest type,Informational,58,110,"0.23,1.00,0.35,0.28,0.17,0.07,0.12,0.17,0.28,0.28,0.17,0.12",22,0.00,0.01,"Sitelinks, AI Overview, Image, Image pack, Video, Video carousel, People also ask, Related searches"
myers briggs stereotypes,Informational,41,110,"0.82,0.64,1.00,0.64,0.64,0.41,0.64,0.41,0.52,0.52,0.52,0.64",15,0.00,0.33,"Sitelinks, Video, Video carousel, People also ask, Related searches"
myers squibb test,Informational,37,110,"1.00,0.66,0.42,0.33,0.52,0.66,0.52,0.52,0.42,0.52,0.80,0.80",11,1.94,0.19,"AI Overview, Video, People also ask, Related searches, Ads bottom"
nine enneagram,Informational,63,110,"0.36,0.50,1.00,1.00,1.00,1.00,0.79,0.50,1.00,0.79,0.64,0.64",26,0.41,0.07,"Sitelinks, Image pack, Video, People also ask, Related searches, Ads top, Ads bottom"
nine enneagram type,Informational,67,110,"0.00,0.26,1.00,0.53,1.00,0.53,0.80,0.65,0.00,0.00,0.07,0.00",29,0.46,0.06,"AI Overview, Image pack, Video, Video carousel, People also ask, Discussions and forums, Related searches"
nine wing one,Informational,48,110,"0.82,0.52,0.43,0.32,0.52,0.23,0.18,0.32,1.00,0.52,0.66,0.66",23,0.92,0.03,"Sitelinks, AI Overview, Image, Video, People also ask, Related searches, Things to know, Ads bottom, Ads middle"
number 1 enneagram,Informational,66,110,"0.63,0.63,0.50,1.00,1.00,0.78,0.63,0.78,1.00,0.63,0.63,0.50",24,0.33,0.12,"Sitelinks, AI Overview, Reviews, Image pack, Video, People also ask, Related searches"
number 5 enneagram,Informational,63,110,"0.33,0.42,0.42,1.00,0.52,0.66,0.52,0.42,0.66,0.42,0.52,0.52",26,0.39,0.12,"Sitelinks, AI Overview, Image pack, Video, People also ask, Related searches"
number 8 enneagram,Informational,58,110,"0.65,0.65,0.53,1.00,0.53,0.83,0.29,0.41,0.65,0.53,0.83,0.41",21,0.36,0.13,"AI Overview, Reviews, Image pack, Video, Video carousel, People also ask, Related searches, Ads bottom, Ads middle"
one enneagram,Informational,68,110,"0.63,0.63,1.00,0.63,0.63,0.51,0.51,0.51,0.40,0.40,0.51,0.51",29,1.81,0.06,"Image pack, Video, Video carousel, Short videos, People also ask, Related searches"
p versus j myers briggs,Commercial,32,110,"0.52,0.65,0.30,0.83,0.43,0.52,0.43,1.00,0.52,0.43,0.43,0.43",21,0.00,0.33,"Sitelinks, AI Overview, Image pack, Video, Video carousel, People also ask, Related searches"
peacemaker personality type,Informational,43,110,"1.00,0.63,1.00,1.00,1.00,1.00,0.78,0.78,0.78,0.78,0.63,0.78",17,0.56,0.06,"Sitelinks, AI Overview, Reviews, Image pack, Video, Video carousel, Short videos, People also ask, Related searches"
people who are entj,Informational,42,110,"1.00,0.67,0.51,0.51,1.00,1.00,0.51,0.33,0.42,0.42,0.42,0.33",21,0.00,0.33,"Sitelinks, AI Overview, Video, People also ask, Related searches"
person's energy,Informational,44,110,"0.64,0.52,0.52,0.52,0.64,0.82,0.17,0.82,1.00,0.64,1.00,0.64",6,0.00,0.33,"Sitelinks, AI Overview, Video, Video carousel, People also ask, Related searches"
persona 5 mbti,Informational,36,110,"0.64,1.00,1.00,0.79,0.64,0.79,0.79,0.79,0.79,0.49,0.49,0.79",14,0.00,0.33,"Sitelinks, Reviews, Image pack, Video, People also ask, Related searches"
personal typology,Informational,52,110,"0.00,0.00,0.00,0.00,0.00,0.00,1.00,0.00,0.00,0.00,0.00,0.00",30,0.30,0.19,"Sitelinks, AI Overview, Video, Video carousel, People also ask, Related searches"
personality enfp,Informational,48,110,"0.80,0.80,1.00,1.00,0.80,0.80,1.00,0.60,0.80,0.60,0.60,1.00",27,0.23,0.10,"AI Overview, Image pack, Video, Video carousel, People also ask"
personality entj,Informational,48,110,"0.42,0.33,0.81,1.00,0.42,0.53,0.33,0.25,0.25,0.33,0.25,0.42",28,0.19,0.08,"AI Overview, Video, People also ask, Related searches"
personality index test,Informational,37,110,"0.79,0.64,1.00,1.00,0.79,0.79,0.79,0.79,0.79,1.00,0.79,0.79",18,1.99,0.47,"Sitelinks, AI Overview, Reviews, Video, Video carousel, People also ask, Discussions and forums, Related searches, Ads top, Ads bottom"
personality quizzes for teens,Informational,37,110,"0.50,0.50,0.63,0.63,0.50,0.78,0.78,0.63,1.00,0.78,0.78,1.00",31,0.48,0.15,"AI Overview, Reviews, Video, Related searches"
personality survey for students,Informational,35,110,"0.34,0.28,0.34,1.00,0.53,0.43,0.21,0.21,0.34,0.21,0.21,0.53",27,0.75,0.05,"AI Overview, Reviews, Video, Related searches, Ads top, Ads middle"
personality test entj,Informational,46,110,"0.31,0.08,0.38,0.85,0.08,0.38,1.00,0.85,0.38,0.85,0.85,0.38",29,0.81,0.53,"AI Overview, Video, People also ask"
personality test images,Informational,36,110,"0.81,0.64,0.64,0.40,0.64,0.53,0.53,0.64,0.40,0.28,1.00,0.81",23,1.01,0.03,"Image pack, Video, People also ask, Related searches"
personality test myers briggs pdf,Informational,52,110,"0.42,0.34,0.26,0.42,0.34,0.34,0.26,0.65,0.53,0.42,0.65,1.00",21,1.05,0.08,"AI Overview, Reviews, Related searches"
personality type 1,Informational,49,110,"0.00,0.82,1.00,1.00,0.82,0.54,0.64,0.64,0.64,0.82,0.64,0.82",33,0.63,0.04,"Sitelinks, AI Overview, Video, Video carousel, People also ask, Related searches"
personality type 9 enneagram,Informational,63,110,"0.64,0.52,1.00,0.64,0.64,0.64,1.00,0.64,0.82,0.64,0.82,0.82",26,0.80,0.33,"AI Overview, Video, People also ask, Related searches, Ads bottom"
personality type esfp,Informational,42,110,"0.34,0.14,1.00,0.80,0.52,0.52,0.34,0.18,0.14,0.18,0.52,0.41",30,0.14,0.02,"AI Overview, Image, Video, Video carousel, Short videos, People also ask, Related searches, Things to know"
personality type of albert einstein,Informational,41,110,"1.00,1.00,0.50,0.50,0.79,1.00,0.79,0.79,1.00,0.79,1.00,0.79",6,0.00,0.33,"Sitelinks, AI Overview, Reviews, Video, People also ask, Related searches"
personality types by percentage,Informational,52,110,"0.67,0.51,0.51,0.51,0.81,1.00,0.42,0.33,0.42,0.51,0.51,0.42",33,0.00,0.33,"Sitelinks, AI Overview, Reviews, Image pack, Video, People also ask, Related searches"
personality types rare,Informational,58,110,"1.00,0.80,0.51,0.51,0.66,0.23,0.14,0.43,0.51,0.31,0.43,0.31",23,0.00,0.33,"Sitelinks, AI Overview, Image, Image pack, Video, Video carousel, People also ask, Related searches"
personality types rarest,Informational,58,110,"1.00,1.00,1.00,0.00,1.00,1.00,0.00,0.00,0.00,0.00,0.00,0.00",27,0.40,0.01,"Sitelinks, AI Overview, Image pack, Video, Short videos, People also ask, Related searches"
personality weakness test,Informational,34,110,"0.05,0.00,0.53,0.40,0.81,1.00,1.00,0.81,1.00,0.81,1.00,1.00",33,0.81,0.48,"Sitelinks, AI Overview, Reviews, Video, Related searches, Ads top, Ads bottom"
photo personality test,Informational,34,110,"0.80,1.00,0.26,0.26,0.53,0.53,0.15,0.26,0.34,0.42,0.34,0.34",21,1.01,0.03,"AI Overview, Reviews, Image, Video, Video carousel, Related searches"
pi personality types,Informational,43,110,"0.65,0.82,1.00,0.65,0.52,0.29,0.29,0.82,1.00,0.52,0.65,0.82",13,2.81,0.06,"Sitelinks, AI Overview, Video, People also ask"
pinterest mbti,"Navigational, Transactional",45,110,"0.05,0.05,0.05,0.05,0.05,0.05,0.05,0.35,0.28,0.28,1.00,1.00",28,0.00,0.33,"Image pack, Related searches"
que es mbti,Informational,36,110,"0.64,0.64,0.64,0.49,0.64,0.64,0.49,0.64,1.00,0.79,0.79,1.00",34,0.60,0.19,"Sitelinks, AI Overview, Image pack, Video, People also ask, Related searches"
rare personality types myers briggs,Informational,43,110,"1.00,1.00,0.64,0.64,0.64,0.64,0.52,0.64,0.64,0.64,0.41,0.41",23,0.00,0.02,"Sitelinks, AI Overview, Image, Video, Video carousel, People also ask, Related searches"
rheti enneagram test free,Informational,51,110,"1.00,1.00,0.81,0.64,0.81,0.64,0.53,0.28,0.53,0.40,0.53,0.53",30,1.11,0.64,"Sitelinks, AI Overview, Reviews, Video, People also ask, Related searches, Ads bottom"
riso and hudson enneagram test,Informational,48,110,"1.00,1.00,0.64,1.00,0.64,0.78,1.00,0.78,1.00,0.64,0.78,0.64",27,1.14,0.50,"Sitelinks, AI Overview, Reviews, Video, Video carousel, Discussions and forums, Related searches, Ads bottom"
riso-hudson enneagram type indicator,Informational,51,110,"0.00,0.00,0.00,0.00,0.00,1.00,0.00,0.00,0.00,0.00,0.00,0.00",24,1.08,0.11,"Sitelinks, AI Overview, Reviews, Video, Video carousel, Related searches, Ads bottom"
robin williams personality type,Informational,43,110,"0.76,0.62,1.00,1.00,1.00,0.76,0.76,0.76,0.62,0.76,0.62,0.62",8,0.00,0.33,"Sitelinks, AI Overview, Reviews, Image pack, Video, People also ask, Related searches"
s in myers briggs,Informational,41,110,"0.53,0.53,0.35,0.26,0.35,1.00,0.42,0.26,0.42,0.35,0.26,0.35",34,0.00,0.33,"Sitelinks, AI Overview, Video, Video carousel, People also ask, Related searches"
sakinorva enneagram test,Informational,57,110,"0.05,0.05,0.43,0.28,0.28,0.05,0.05,0.05,0.28,0.43,1.00,0.53",28,0.43,0.13,"Sitelinks, AI Overview, Reviews, Related searches"
self preservation 2,Informational,32,110,"0.36,0.36,0.45,0.64,0.45,0.45,0.45,0.45,0.45,0.64,0.73,1.00",1,0.00,0.33,"Sitelinks, AI Overview, Image pack, Video, Video carousel, People also ask, Discussions and forums, Related searches"
self preservation 3,Informational,33,110,"0.64,0.64,1.00,0.78,0.64,0.64,0.64,0.64,0.64,0.78,0.78,1.00",4,0.00,0.33,"Sitelinks, AI Overview, Reviews, Image pack, Video, People also ask, Related searches"
self preservation 9,Informational,39,110,"0.52,0.52,0.52,0.52,0.42,0.66,0.52,0.52,0.52,0.52,0.52,1.00",8,0.00,0.33,"Sitelinks, AI Overview, Image pack, Video, People also ask, Related searches"
seven enneagram,Informational,62,110,"0.77,0.77,1.00,0.62,0.62,0.62,0.62,0.46,0.77,0.46,0.62,0.46",25,0.41,0.05,"Image pack, Video, People also ask, Related searches"
sexual six,Informational,33,110,"0.00,0.23,0.23,0.00,0.29,0.23,0.00,0.03,0.03,1.00,0.67,0.02",17,2.21,0.01,"Sitelinks, Reviews, Image pack, Video, Video carousel, People also ask, Related searches"
so 9 enneagram,Informational,61,110,"0.02,0.23,0.23,0.23,0.07,0.17,0.10,0.17,0.17,0.12,1.00,0.66",9,0.00,0.33,"Sitelinks, AI Overview, Video, People also ask, Discussions and forums, Related searches"
so5 enneagram,Informational,46,110,"0.12,0.15,0.15,0.12,0.10,0.12,0.15,0.19,0.19,0.36,1.00,0.81",16,0.00,0.00,"Sitelinks, AI Overview, Image pack, Video, People also ask, Discussions and forums, Related searches"
social 2,Informational,31,110,"0.50,0.50,1.00,0.50,0.50,0.50,0.50,0.50,1.00,1.00,1.00,1.00",3,0.00,0.01,"Sitelinks, Image, Video, Video carousel, People also ask, Related searches"
social 5 enneagram,Informational,60,110,"0.66,0.80,0.80,1.00,0.66,0.80,0.80,0.80,0.80,0.80,0.80,1.00",18,0.00,0.33,"Sitelinks, Video, Video carousel, People also ask, Discussions and forums, Related searches"
social 6 enneagram,Informational,53,110,"0.64,0.64,0.64,0.64,0.53,0.64,0.53,0.64,0.64,0.81,1.00,0.81",20,0.00,0.33,"Sitelinks, AI Overview, Video, Video carousel, People also ask, Related searches"
social 8 enneagram,Informational,49,110,"0.82,0.40,0.65,0.52,0.65,0.40,0.52,0.52,0.52,0.52,1.00,1.00",7,0.00,0.33,"Sitelinks, AI Overview, Video, People also ask, Related searches"
social five,Informational,31,110,"0.33,0.52,0.42,0.80,0.52,1.00,0.80,0.23,0.66,0.52,0.52,0.66",9,10.69,0.03,"Sitelinks, AI Overview, Video, Video carousel, Short videos, People also ask, Related searches"
strengthsfinder 2.0 test free access code,Informational,30,110,"0.79,0.53,0.79,0.79,1.00,0.79,0.63,0.37,0.63,0.37,0.53,0.53",26,1.39,0.35,"Sitelinks, AI Overview, Video, People also ask, Related searches"
sx so sp,Informational,33,110,"0.33,0.42,0.33,0.42,0.33,0.52,0.42,0.42,0.52,0.52,0.80,1.00",17,0.00,0.33,"Sitelinks, AI Overview, Video, People also ask, Related searches"
the achiever,Informational,43,110,"0.52,0.33,0.33,1.00,0.80,0.66,0.42,0.52,0.52,0.42,0.42,0.42",16,0.00,0.02,"Sitelinks, AI Overview, Reviews, Image pack, Video, Video carousel, People also ask, Related searches"
the enneagram a christian perspective,Informational,49,110,"0.65,0.65,0.65,0.83,0.53,0.53,1.00,0.65,0.83,0.65,0.65,0.83",27,0.19,0.62,"Sitelinks, AI Overview, Reviews, Video, Video carousel, People also ask, Knowledge panel, Related searches"
the enneagram made easy,Informational,50,110,"0.64,0.64,0.64,0.82,1.00,0.64,0.64,0.82,0.52,0.64,0.52,0.41",13,0.56,1.00,"Sitelinks, Video, People also ask, Knowledge panel, Related searches"
the enthusiast enneagram,Informational,56,110,"0.83,0.63,0.83,1.00,0.83,0.63,0.63,0.51,0.63,0.63,0.51,0.40",12,0.25,0.03,"Sitelinks, AI Overview, Image pack, Video, People also ask, Related searches, Things to know"
the most rare personality type,Informational,58,110,"0.33,0.52,0.52,0.42,1.00,0.33,0.42,0.52,0.42,0.80,0.52,0.42",32,0.00,0.01,"Sitelinks, AI Overview, Image, Image pack, Video, Video carousel, People also ask, Related searches"
the rare personality types,Informational,58,110,"0.00,0.83,0.41,0.53,1.00,0.65,0.83,0.65,0.65,0.53,0.65,0.65",24,0.00,0.01,"Sitelinks, AI Overview, Image pack, Video, Video carousel, People also ask, Related searches"
the rarest personality type,Informational,58,110,"0.50,0.38,0.50,1.00,0.50,0.38,0.50,0.38,0.00,0.81,0.50,0.50",25,0.00,0.01,"Sitelinks, AI Overview, Image pack, Video, Video carousel, People also ask, Related searches"
the rarest type of personality,Informational,58,110,"0.42,0.42,0.42,0.26,0.42,0.19,0.15,0.42,0.80,0.53,1.00,0.65",27,0.00,0.01,"Sitelinks, AI Overview, Image, Image pack, Video, Video carousel, People also ask, Related searches"
the reformer enneagram,Informational,54,110,"0.66,0.43,0.66,0.66,0.53,0.66,0.53,0.43,0.53,0.53,0.81,1.00",20,1.59,0.08,"Sitelinks, AI Overview, Video, Video carousel, People also ask, Related searches"
the road back to you enneagram test,Informational,49,110,"0.33,0.42,1.00,0.66,0.66,0.80,0.66,0.52,0.52,0.42,0.19,0.52",21,1.14,0.66,"Sitelinks, AI Overview, Reviews, Video, Video carousel, People also ask, Related searches, Ads middle"
traits of isfj,Informational,37,110,"0.65,1.00,0.26,0.34,0.26,0.19,0.19,0.34,0.34,0.34,0.34,0.26",33,0.00,0.33,"Sitelinks, AI Overview, Reviews, Video, Video carousel, People also ask, Discussions and forums, Related searches"
triads enneagram,Informational,57,110,"0.14,0.14,0.18,0.14,0.14,0.14,0.18,0.14,0.18,0.35,1.00,0.54",17,0.00,0.33,"Sitelinks, AI Overview, Video, Video carousel, People also ask, Discussions and forums, Related searches"
two enneagram,Informational,64,110,"1.00,0.43,0.67,0.52,0.43,0.67,0.52,0.33,0.43,0.43,0.43,0.33",25,0.00,0.01,"Sitelinks, AI Overview, Reviews, Image pack, Video, Video carousel, People also ask, Related searches"
type 2 enneagram description,Informational,64,110,"0.40,0.29,0.52,0.82,0.82,0.65,0.52,0.52,1.00,0.82,0.82,1.00",27,0.29,0.04,"AI Overview, Reviews, Image pack, Video, Short videos, People also ask, Related searches"
type 2 wing 3,Informational,46,110,"1.00,1.00,1.00,1.00,1.00,1.00,0.83,0.61,1.00,0.83,0.83,0.83",19,0.00,0.33,"Sitelinks, AI Overview, Reviews, Video, Video carousel, People also ask, Related searches"
type 3 spd,"Informational, Commercial",44,110,"0.79,0.79,1.00,1.00,0.65,0.79,0.79,0.49,1.00,0.79,0.65,0.79",8,1.67,0.48,"Sitelinks, AI Overview, Image, Video, Video carousel, People also ask, Discussions and forums, Related searches, Popular products"
type 3 wing 2,Informational,47,110,"1.00,1.00,1.00,1.00,1.00,1.00,0.82,0.82,1.00,0.61,0.82,0.82",23,0.00,0.33,"Sitelinks, AI Overview, Video, Video carousel, People also ask, Related searches"
type 4 enneagram celebrities,Informational,53,110,"0.65,0.39,0.65,1.00,0.83,0.65,0.52,0.39,0.65,0.52,0.52,0.52",11,0.00,0.33,"Sitelinks, AI Overview, Image pack, Video, People also ask, Related searches"
type 4 wing 5 enneagram,Informational,57,110,"1.00,1.00,0.64,0.78,0.78,1.00,0.78,0.50,0.78,0.78,0.78,0.00",19,0.00,0.33,"Sitelinks, AI Overview, Image, Image pack, Video, Video carousel, People also ask, Discussions and forums, Related searches"
type 6 the loyalist,Informational,46,110,"0.52,0.29,0.29,1.00,0.64,0.82,0.82,0.64,0.82,0.52,0.64,0.64",19,0.00,0.01,"Sitelinks, AI Overview, Video, People also ask, Related searches"
type 7 ennegram,Informational,60,110,"0.21,0.34,0.43,0.65,0.52,0.52,0.65,0.65,0.65,0.65,0.80,1.00",23,0.41,0.04,"Sitelinks, Image pack, Video, Video carousel, People also ask, Related searches"
type 7 wing 6,Informational,47,110,"0.01,1.00,0.01,0.01,0.01,0.01,0.01,0.01,0.01,0.01,0.01,0.01",20,0.00,0.33,"Sitelinks, AI Overview, Video, People also ask, Related searches"
type a b c d personality test free,Informational,39,110,"0.05,0.00,0.51,1.00,0.00,0.23,1.00,0.42,0.67,0.51,0.23,1.00",9,0.42,0.62,"Sitelinks, AI Overview, Reviews, Video, Related searches"
type a or b personality test free,Informational,39,110,"1.00,0.64,0.50,0.79,0.50,0.64,0.64,0.79,1.00,0.50,1.00,1.00",20,0.40,0.62,"Reviews, Video, Related searches"
type abcd personality test free,Commercial,40,110,"0.66,0.33,0.33,0.42,0.33,0.52,1.00,0.42,0.66,0.52,0.42,1.00",13,0.42,0.62,"Reviews, Video, People also ask, Related searches, Ads top, Ads middle"
type commander,Informational,27,110,"0.78,0.78,0.50,0.64,0.78,0.78,0.50,0.50,0.50,0.78,1.00,0.78",23,0.00,0.00,"Sitelinks, AI Overview, Image pack, Video, People also ask, Related searches"
typology personality,Informational,45,110,"0.12,0.09,0.28,0.81,0.53,0.34,0.21,0.21,0.53,0.65,0.34,1.00",22,0.29,0.19,"Sitelinks, AI Overview, Image pack, Video, Video carousel, People also ask, Related searches"
understand me personality test,Informational,38,110,"0.22,0.04,0.04,0.04,0.04,0.04,0.29,1.00,0.35,0.22,0.18,0.22",26,1.49,0.19,"Sitelinks, Video, Video carousel, People also ask, Discussions and forums, Related searches"
unhealthy 9 enneagram,Informational,56,110,"0.79,0.79,1.00,0.79,0.79,0.79,1.00,0.79,0.79,0.79,0.79,1.00",17,0.03,0.03,"Sitelinks, AI Overview, Video, People also ask, Discussions and forums, Related searches"
unhealthy enneagram 2,Informational,55,110,"0.65,1.00,0.79,0.79,0.79,1.00,0.79,0.65,0.79,0.65,0.49,0.79",16,0.00,0.33,"Sitelinks, AI Overview, Video, Video carousel, People also ask, Discussions and forums, Related searches"
what are the best personality types,Commercial,40,110,"0.40,0.53,0.53,0.64,0.81,0.81,0.81,0.40,1.00,0.64,0.64,1.00",21,1.16,0.02,"Sitelinks, AI Overview, Video, People also ask, Related searches, Ads bottom"
what do the mbti letters stand for,Informational,40,110,"0.78,0.78,0.50,0.78,0.78,1.00,0.63,0.63,0.63,1.00,1.00,0.78",30,0.26,0.02,"Sitelinks, AI Overview, Video, Video carousel, People also ask, Related searches"
what does the mbti letters mean,Informational,40,110,"0.64,1.00,0.64,0.50,0.00,1.00,0.78,0.78,1.00,0.78,1.00,1.00",24,0.00,0.33,"Sitelinks, AI Overview, Video, People also ask, Related searches"
what does the mbti letters stand for,Informational,40,110,"0.29,0.41,0.29,1.00,0.64,0.82,0.82,0.64,1.00,1.00,1.00,0.82",17,0.00,0.01,"Sitelinks, AI Overview, Video, People also ask, Related searches"
what is a campaigner,Informational,27,110,"0.52,0.23,0.23,0.33,0.33,1.00,0.52,0.42,1.00,0.66,0.52,0.66",33,0.00,0.33,"AI Overview, Video, People also ask, Related searches"
what is an enneagram 3,Informational,67,110,"0.41,0.52,0.52,0.64,0.64,0.82,0.82,0.82,1.00,0.64,0.64,0.82",21,0.32,0.18,"Sitelinks, AI Overview, Reviews, Video, Video carousel, People also ask, Related searches"
what is an enneagram 7,Informational,61,110,"0.64,0.50,0.64,0.78,1.00,1.00,0.78,0.78,0.78,0.64,1.00,1.00",22,0.39,0.16,"Sitelinks, AI Overview, Reviews, Video, Video carousel, People also ask, Related searches"
what is an enneagram 9,Informational,64,110,"0.41,0.41,0.52,0.64,0.52,0.52,1.00,0.64,1.00,0.52,0.64,0.64",16,0.24,0.24,"Sitelinks, AI Overview, Image pack, Video, Video carousel, People also ask, Related searches"
what is enfj t,Informational,44,110,"0.02,0.04,0.02,0.02,1.00,0.04,0.02,0.02,0.02,0.11,0.02,0.02",32,0.00,0.02,"Sitelinks, AI Overview, Video, Video carousel, People also ask, Related searches"
what is enfp mean,Informational,43,110,"1.00,1.00,0.53,0.32,0.32,0.32,0.43,0.32,0.53,0.43,0.53,0.43",26,0.00,0.01,"Sitelinks, AI Overview, Video, People also ask, Related searches"
what is enneagram 1,Informational,66,110,"0.41,0.41,0.65,0.65,0.53,0.83,0.53,0.65,1.00,0.65,0.65,0.65",25,0.30,0.15,"AI Overview, Reviews, Image pack, Video, Video carousel, People also ask, Related searches"
what is enneagram 2,Informational,59,110,"0.64,0.52,0.64,0.64,0.82,0.64,0.82,0.52,0.82,0.52,1.00,0.82",27,0.59,0.08,"AI Overview, Image pack, Video, Video carousel, Short videos, People also ask, Related searches, Ads bottom, Ads middle"
what is enneagram 5,Informational,62,110,"0.80,0.49,0.80,1.00,0.80,0.80,0.80,0.49,1.00,0.66,0.80,1.00",26,0.42,0.05,"Sitelinks, AI Overview, Image pack, Video, Video carousel, People also ask, Related searches"
what is enneagram 6,Informational,61,110,"0.52,0.52,0.64,0.82,0.82,0.82,0.64,0.64,1.00,0.64,0.82,0.82",23,0.38,0.06,"Featured snippet, Sitelinks, Image pack, Video, Video carousel, People also ask, Discussions and forums, Related searches"
what is entj personality type,Informational,46,110,"0.40,0.64,0.28,0.64,0.64,1.00,0.81,0.64,0.64,0.64,0.81,0.64",28,0.72,0.12,"Sitelinks, AI Overview, Reviews, Image pack, Video, Video carousel, People also ask, Related searches"
what is esfj personality type,Informational,43,110,"0.79,0.14,0.14,0.79,0.79,0.79,1.00,0.64,1.00,1.00,1.00,0.79",25,0.27,0.05,"Sitelinks, AI Overview, Video, People also ask, Related searches"
what is i n t j,Informational,43,110,"0.00,0.00,0.00,0.00,0.00,0.00,0.00,0.00,1.00,0.00,0.00,0.00",26,0.39,0.04,"Sitelinks, AI Overview, Video, People also ask, Related searches"
what is logician,Informational,31,110,"0.32,0.43,0.32,1.00,0.43,0.66,0.53,0.32,0.53,0.81,0.53,0.43",26,0.00,0.33,"Sitelinks, AI Overview, Video, Video carousel, People also ask, Related searches"
what is my persona quiz,Informational,32,110,"1.00,0.82,0.32,0.52,0.66,0.23,0.23,0.32,0.23,0.14,0.23,0.23",10,0.25,0.29,"Sitelinks, Reviews, Video, People also ask, Related searches"
what is s in mbti,Informational,36,110,"0.78,0.78,0.64,1.00,0.78,0.78,0.78,0.64,0.50,1.00,0.78,1.00",22,0.00,0.00,"Sitelinks, AI Overview, Image pack, Video, People also ask, Related searches"
what is the i in disc,Informational,29,110,"0.05,0.00,1.00,0.00,0.00,0.02,0.00,0.00,0.00,0.00,0.00,0.01",26,0.73,0.23,"AI Overview, Reviews, Image pack, Video, Video carousel, People also ask, Related searches"
what is the most common myers briggs personality type,Informational,40,110,"0.64,0.29,0.41,0.52,0.64,0.64,0.52,0.64,0.82,0.64,1.00,1.00",33,0.00,0.33,"Sitelinks, AI Overview, Image, Video, People also ask, Related searches"
what is the rarest enneagram type,Informational,55,110,"0.51,0.51,0.63,1.00,0.83,0.63,0.51,0.40,0.51,0.51,0.63,0.63",11,0.00,0.01,"Sitelinks, AI Overview, Image pack, Video, People also ask, Related searches"
what it's like to be a 4 enneagram,Informational,59,110,"1.00,0.66,0.23,0.23,0.52,0.66,0.00,0.42,0.52,0.52,0.52,0.52",14,0.00,0.33,"Sitelinks, AI Overview, Reviews, Video, Video carousel, People also ask, Discussions and forums, Related searches"
what it's like to be a 7 enneagram,Informational,62,110,"0.66,0.52,0.23,0.42,0.66,0.80,0.00,0.66,0.66,0.80,1.00,0.80",23,0.00,0.33,"Sitelinks, AI Overview, Video, Video carousel, People also ask, Discussions and forums, Related searches"
what kind of person am i,Informational,39,110,"0.22,0.08,0.06,0.28,0.03,0.00,0.44,0.44,0.08,0.00,0.00,1.00",30,0.00,0.00,"AI Overview, Video, People also ask, Related searches"
what kinds of people,Informational,33,110,"0.11,0.81,0.64,0.64,0.64,0.81,0.40,0.81,0.53,0.64,1.00,0.81",16,0.00,0.33,"Sitelinks, AI Overview, Reviews, Video, Video carousel, People also ask, Related searches"
what type of person are you,Informational,36,110,"1.00,0.78,1.00,1.00,1.00,0.65,1.00,0.65,0.78,0.78,0.65,0.78",29,0.51,0.27,"AI Overview, Reviews, Video, People also ask, Related searches"
what type person are you quiz,Informational,39,110,"1.00,0.52,0.23,0.33,0.42,0.52,0.52,0.52,0.52,0.33,0.42,0.52",34,0.39,0.28,"Reviews, Video, Video carousel, People also ask, Related searches"
whats an enfp,Informational,46,110,"0.21,0.21,0.21,0.34,0.06,0.34,0.15,0.65,0.81,1.00,0.15,0.15",31,0.26,0.02,"Sitelinks, AI Overview, Reviews, Video, People also ask, Related searches"
whats intp,Informational,34,110,"0.82,0.66,0.66,0.52,0.52,1.00,0.66,0.52,0.14,0.14,0.18,0.52",33,0.41,0.02,"Sitelinks, AI Overview, Video, Video carousel, People also ask, Related searches"
wing 5,Informational,42,110,"0.52,0.52,0.66,0.66,0.52,0.52,0.42,0.42,0.66,1.00,1.00,0.52",4,0.34,0.10,"Sitelinks, AI Overview, Reviews, Video, Video carousel, People also ask, Related searches"
wnneagram 3,Informational,63,110,"0.00,0.00,0.00,0.00,0.00,0.00,0.00,0.00,1.00,0.00,0.00,0.00",23,0.35,0.02,"AI Overview, Reviews, Image pack, Video, Video carousel, Short videos, People also ask, Related searches, Things to know"
you mbti,Informational,40,110,"1.00,0.15,0.10,0.10,0.10,0.10,0.10,0.15,0.10,0.10,0.05,0.05",31,0.00,0.33,"Sitelinks, Video, People also ask, Related searches"
эннеаграмма,Informational,50,110,"0.34,0.25,0.52,0.52,0.00,0.34,0.25,0.00,0.80,0.18,0.52,1.00",19,0.47,0.19,"AI Overview, Reviews, Video, People also ask, Related searches"
تایپ های شخصیتی,Informational,34,110,"1.00,0.66,1.00,0.66,0.31,0.31,0.21,0.17,0.07,0.07,0.07,0.07",5,0.00,0.33,"Sitelinks, Reviews, Image, Image pack, Video, Related searches"
エンターテイナー,Informational,29,110,"0.76,0.76,0.62,1.00,0.76,0.76,0.62,0.62,0.48,0.62,0.62,0.62",13,0.00,0.01,"AI Overview, Image pack, Video, People also ask, Related searches"
エンターテイナー mbti,Informational,32,110,"0.64,0.64,0.50,1.00,1.00,0.64,1.00,0.79,0.64,0.64,0.79,0.64",17,0.00,0.00,"Sitelinks, AI Overview, Image pack, Video, Video carousel, People also ask, Related searches"
성격 테스트,Informational,31,110,"1.00,0.52,0.43,0.52,0.83,0.65,0.52,0.52,0.52,0.52,0.52,0.65",33,0.60,0.03,"AI Overview, Video, Video carousel, Related searches"
심리테스트,Informational,30,110,"0.00,0.00,0.00,0.00,0.00,0.00,1.00,1.00,1.00,1.00,1.00,1.00",30,0.00,0.01,"Video, Video carousel, Related searches"
1 with a 9 wing,Informational,49,90,"0.34,0.48,0.62,0.62,1.00,0.76,0.76,0.48,0.76,0.48,0.76,0.76",20,0.78,0.02,"Sitelinks, AI Overview, Video, People also ask, Related searches, Ads bottom"
2 enneagram meaning,Informational,62,90,"0.14,0.14,0.14,0.79,0.79,0.79,0.79,1.00,1.00,0.79,0.65,0.79",26,0.04,0.04,"Sitelinks, AI Overview, Reviews, Video, Video carousel, Short videos, People also ask, Related searches"
2 wing 1 enneagram,Informational,60,90,"0.24,0.11,0.65,1.00,0.65,0.65,0.65,0.83,0.65,0.53,0.65,0.83",16,0.00,0.01,"Sitelinks, AI Overview, Video, Video carousel, People also ask, Discussions and forums, Related searches, Things to know"
2w1 meaning,Informational,44,90,"0.49,0.49,0.49,0.49,0.34,0.34,0.49,1.00,0.66,0.66,0.66,0.66",17,0.00,0.33,"Sitelinks, AI Overview, Image pack, Video, Video carousel, People also ask, Related searches"
2w3 meaning,Informational,45,90,"0.50,0.64,0.64,0.79,0.79,0.64,1.00,0.64,0.64,0.50,0.79,0.64",26,0.00,0.02,"Sitelinks, AI Overview, Image pack, Video, Video carousel, People also ask, Related searches"
2w3 vs 2w1,"Informational, Commercial",38,90,"0.78,0.63,0.63,0.63,0.63,0.63,0.63,0.63,0.63,0.63,0.63,1.00",4,0.00,0.33,"Sitelinks, AI Overview, Image pack, Video, Video carousel, People also ask, Related searches"
2w4,Informational,57,90,"0.65,0.65,0.65,0.49,0.65,0.65,0.49,0.49,0.79,0.79,1.00,0.49",15,0.00,0.01,"Sitelinks, AI Overview, Image pack, Video, People also ask, Related searches"
3 enneagram meaning,Informational,65,90,"0.09,0.09,0.09,0.53,0.53,0.53,0.53,1.00,0.53,0.33,0.43,0.33",22,0.36,0.07,"Sitelinks, AI Overview, Reviews, Video, Video carousel, People also ask, Discussions and forums, Related searches"
3 enneagram type,Informational,66,90,"0.25,0.00,0.81,0.06,1.00,0.63,0.31,0.00,0.31,0.19,0.38,0.25",29,0.60,0.02,"Sitelinks, AI Overview, Reviews, Video, People also ask, Discussions and forums, Related searches"
3 w 4,Informational,42,90,"0.78,0.13,0.13,0.78,0.78,1.00,0.63,0.63,0.78,0.63,0.50,0.35",27,0.00,0.00,"Sitelinks, AI Overview, Video, People also ask, Related searches"
3w 2,Informational,33,90,"0.78,0.14,0.14,0.78,0.78,1.00,0.78,0.50,0.78,0.78,0.64,0.50",14,0.00,0.33,"Sitelinks, AI Overview, Video, Video carousel, People also ask, Related searches"
3w2 vs 2w3,Informational,38,90,"0.64,0.64,0.41,0.41,0.41,0.29,0.52,0.29,0.82,0.64,0.82,1.00",9,0.00,0.33,"Sitelinks, AI Overview, Image pack, Video, People also ask, Related searches"
4 color personality test free,Informational,35,90,"0.62,0.81,1.00,0.81,0.62,1.00,0.81,0.62,0.81,0.81,1.00,0.81",34,0.66,0.46,"Sitelinks, AI Overview, Reviews, Video, People also ask, Related searches"
4 enneagram meaning,Informational,61,90,"0.09,0.09,0.09,0.09,0.09,0.52,0.80,1.00,0.52,0.52,0.52,0.52",22,0.03,0.03,"AI Overview, Reviews, Video, Video carousel, People also ask, Related searches"
4 ennegram,Informational,61,90,"0.24,0.24,1.00,0.00,0.52,0.24,0.33,0.24,0.81,0.43,0.52,0.33",25,0.53,0.02,"AI Overview, Reviews, Image pack, Video, Video carousel, People also ask, Related searches, Things to know"
4 personality test,Informational,43,90,"0.81,0.81,1.00,1.00,0.81,1.00,1.00,0.63,0.81,0.63,0.81,0.63",17,0.64,0.21,"Image pack, Video, People also ask, Discussions and forums, Related searches, Ads bottom"
4 w 8 9,Informational,46,90,"0.53,0.11,0.11,0.53,0.83,1.00,0.29,0.29,0.83,0.41,0.41,0.11",13,0.00,0.33,"AI Overview, Video, People also ask, Related searches"
4 with 3 wing,Informational,46,90,"0.52,0.39,0.83,0.83,0.65,1.00,0.52,0.39,0.00,0.00,0.52,0.00",18,0.55,0.02,"Sitelinks, AI Overview, Video, Video carousel, People also ask, Related searches"
4 with a 3 wing,Informational,46,90,"0.52,0.39,0.83,0.83,0.65,1.00,0.52,0.39,0.00,0.00,0.52,0.00",20,0.00,0.33,"Sitelinks, AI Overview, Video, Video carousel, People also ask, Related searches"
4w5 infp,Informational,37,90,"0.53,0.43,0.66,0.43,0.43,0.53,0.53,0.33,0.24,0.33,0.24,1.00",18,0.00,0.01,"Sitelinks, AI Overview, Image pack, Video, Video carousel, People also ask, Related searches, Things to know"
5 w 4,Informational,44,90,"0.50,0.29,0.21,0.50,1.00,1.00,0.64,0.50,0.64,0.50,0.50,0.50",24,0.00,0.01,"Sitelinks, AI Overview, Image pack, Video, People also ask, Related searches"
5 w4,Informational,41,90,"0.41,0.24,0.18,0.65,0.65,1.00,0.53,0.41,0.53,0.41,0.41,0.41",23,0.00,0.00,"Sitelinks, AI Overview, Image pack, Video, Video carousel, People also ask, Discussions and forums, Related searches"
6w3,Informational,54,90,"1.00,1.00,1.00,0.83,0.61,0.61,0.61,0.44,0.83,0.61,1.00,0.44",25,0.00,0.01,"Sitelinks, AI Overview, Reviews, Image pack, Video, People also ask, Related searches"
7 enneagram meaning,Informational,60,90,"0.13,0.13,0.13,0.79,0.79,0.79,0.79,0.36,1.00,1.00,0.79,0.79",20,0.32,0.04,"Sitelinks, AI Overview, Reviews, Video, Video carousel, People also ask, Related searches"
7 on the enneagram,Informational,61,90,"0.81,0.81,0.81,1.00,0.63,1.00,0.81,0.63,0.81,0.81,0.63,0.63",21,0.23,0.05,"AI Overview, Image pack, Video, Video carousel, People also ask, Related searches"
7 w 6,Informational,42,90,"1.00,0.00,0.00,1.00,1.00,1.00,1.00,0.33,0.67,0.33,0.33,0.33",21,0.00,0.33,"Sitelinks, AI Overview, Video, Video carousel, People also ask, Related searches"
7 wing 8 enneagram,Informational,62,90,"1.00,0.64,0.81,0.64,0.81,1.00,0.81,0.64,1.00,0.81,0.81,0.81",20,0.07,0.02,"Sitelinks, AI Overview, Image pack, Video, People also ask, Related searches"
7 with 8 wing,Informational,50,90,"0.65,0.48,0.65,0.65,0.65,0.65,0.78,1.00,0.78,0.65,0.78,1.00",20,0.69,0.02,"Sitelinks, AI Overview, Video, Video carousel, People also ask, Related searches"
7w6 vs 6w7,Informational,35,90,"0.02,0.02,0.02,1.00,0.02,0.02,0.02,0.02,0.02,0.02,0.05,0.02",25,0.00,0.33,"Sitelinks, AI Overview, Image, Image pack, Video, Video carousel, People also ask, Related searches"
8 on the enneagram,Informational,57,90,"0.62,0.62,0.62,1.00,1.00,0.81,0.62,0.45,0.62,0.62,0.62,0.62",25,0.28,0.13,"Sitelinks, AI Overview, Image pack, Video, People also ask, Related searches"
8 w 7,Informational,46,90,"0.64,0.36,0.45,0.82,0.64,1.00,0.82,0.82,1.00,0.45,1.00,0.64",17,0.66,0.47,"Sitelinks, AI Overview, Video, People also ask, Related searches"
8 wing 9,Informational,47,90,"0.83,0.83,0.83,1.00,1.00,1.00,1.00,0.00,0.83,0.61,1.00,0.61",15,0.00,0.02,"Sitelinks, Image, Video, Video carousel, People also ask, Discussions and forums, Related searches"
8 wings,Informational,36,90,"0.82,1.00,0.82,0.82,0.64,0.82,0.82,1.00,0.82,0.64,0.82,0.82",6,0.00,0.03,"Sitelinks, Reviews, Image, Image pack, Video, Video carousel, People also ask, Related searches"
8w7 meaning,Informational,43,90,"0.79,0.64,0.64,0.79,1.00,0.79,0.64,0.64,0.50,0.50,0.64,0.50",19,0.00,0.33,"Sitelinks, AI Overview, Image pack, Video, Video carousel, People also ask, Related searches"
8w7 vs 7w8,Informational,34,90,"0.42,0.23,0.33,0.09,0.33,0.80,0.19,0.19,0.52,0.52,0.80,1.00",19,0.00,0.33,"Sitelinks, AI Overview, Image, Image pack, Video, People also ask, Related searches"
8w9 vs 8w7,"Informational, Commercial",33,90,"0.65,0.65,0.49,0.65,0.65,0.65,0.49,0.49,0.79,0.79,0.65,1.00",9,0.00,0.33,"Sitelinks, AI Overview, Image, Image pack, Video, People also ask, Discussions and forums, Related searches"
8w9 vs 9w8,Informational,40,90,"0.41,0.41,0.64,0.64,0.11,1.00,0.41,0.23,0.17,0.23,0.64,0.64",11,0.00,0.33,"Sitelinks, AI Overview, Image, Image pack, Video, People also ask, Related searches"
9w1 meaning,Informational,44,90,"0.82,0.82,1.00,0.82,0.82,0.82,0.82,0.64,0.64,0.64,0.82,0.82",30,0.00,0.33,"Sitelinks, AI Overview, Image pack, Video, Video carousel, People also ask, Related searches"
achiever enneagram,Informational,61,90,"0.52,0.41,0.41,0.52,0.64,0.41,0.29,1.00,0.41,1.00,0.41,0.52",23,0.25,0.03,"Sitelinks, AI Overview, Image pack, Video, Video carousel, People also ask, Related searches, Things to know"
adhd and mbti,Informational,40,90,"1.00,0.41,0.64,0.64,0.64,0.64,0.52,0.52,0.41,0.41,0.05,0.52",30,0.00,0.01,"Sitelinks, AI Overview, Image pack, Video, People also ask, Discussions and forums, Related searches"
adhd myers briggs,Informational,40,90,"1.00,0.64,0.81,0.81,1.00,0.81,0.64,0.64,0.81,0.64,0.08,0.81",30,0.00,0.01,"Sitelinks, AI Overview, Image pack, Video, People also ask, Related searches"
am i an intj,Informational,42,90,"0.62,0.62,0.81,0.81,0.62,1.00,0.81,0.81,0.81,0.81,1.00,1.00",21,0.83,0.23,"Sitelinks, AI Overview, Video, Video carousel, People also ask, Discussions and forums, Related searches"
am i infj,Informational,42,90,"0.52,0.42,0.42,0.33,0.19,0.42,0.33,0.23,0.04,1.00,0.52,0.52",9,0.67,0.40,"Sitelinks, AI Overview, Video, Video carousel, People also ask, Related searches"
am ia type a or type b personality,Informational,36,90,"1.00,0.78,0.64,0.64,0.50,0.64,0.07,0.50,0.78,0.50,0.64,0.64",31,0.41,0.52,"Sitelinks, AI Overview, Video, Video carousel, People also ask, Related searches, Ads bottom"
am ia type a personality or type b,Commercial,37,90,"1.00,0.78,0.64,0.64,0.50,0.78,0.78,0.78,0.78,0.50,0.64,0.78",30,0.41,0.52,"Sitelinks, AI Overview, Video, Related searches, Ads bottom, Ads middle"
analytical amiable driver expressive,Informational,31,90,"1.00,0.00,0.18,0.23,0.00,0.00,0.00,0.00,0.00,0.03,0.29,0.03",21,1.33,0.02,"AI Overview, Image pack, Video, People also ask, Discussions and forums, Related searches"
anneagram 6,Informational,58,90,"0.00,0.00,0.00,0.00,0.00,1.00,0.00,0.00,0.00,0.00,0.00,0.00",23,0.24,0.03,"Sitelinks, AI Overview, Video, Video carousel, People also ask, Discussions and forums, Related searches, Things to know"
best careers for infp females,Commercial,31,90,"1.00,0.63,1.00,1.00,0.81,0.81,0.63,0.63,1.00,1.00,0.81,0.63",31,0.00,0.03,"Sitelinks, AI Overview, Video, Video carousel, People also ask, Related searches"
best careers for isfj,Commercial,32,90,"0.78,0.64,1.00,0.78,0.64,0.64,0.50,0.50,0.64,0.64,0.64,0.50",27,0.00,0.33,"Sitelinks, Video, Video carousel, People also ask, Discussions and forums, Related searches"
best enfj jobs,Commercial,36,90,"0.65,0.65,0.65,0.00,0.00,0.00,0.00,0.00,1.00,0.65,0.00,0.00",20,0.54,0.02,"Sitelinks, AI Overview, Video, Video carousel, People also ask, Discussions and forums, Related searches"
best infp jobs,Commercial,31,90,"0.00,0.00,0.00,0.00,0.01,0.00,0.00,0.00,0.81,0.00,0.02,1.00",14,0.52,0.02,"Sitelinks, AI Overview, Video, Video carousel, People also ask, Related searches"
best job for infp,Commercial,33,90,"0.01,0.01,0.05,0.01,0.05,1.00,0.01,0.03,0.11,0.54,0.06,0.11",33,0.40,0.02,"Sitelinks, AI Overview, Video, Video carousel, People also ask, Discussions and forums, Related searches"
best jobs for an enfp,Commercial,36,90,"0.26,1.00,0.26,0.42,0.35,0.15,0.18,0.35,0.18,0.18,0.35,0.26",24,0.57,0.03,"Sitelinks, AI Overview, Video, People also ask, Related searches"
best jobs for intj female,Commercial,30,90,"0.63,0.63,1.00,0.63,1.00,1.00,0.81,0.81,0.81,0.63,0.63,0.81",27,0.85,0.06,"Sitelinks, AI Overview, Video, People also ask, Related searches"
briggs meyer intj,Informational,39,90,"0.00,0.19,0.00,1.00,0.00,0.00,0.00,0.00,0.16,0.00,0.00,0.00",30,0.16,0.04,"Sitelinks, AI Overview, Image, Image pack, Video, People also ask, Knowledge panel, Related searches"
campaigner personality jobs,Commercial,32,90,"0.41,0.29,0.29,1.00,0.83,0.53,0.41,0.41,0.53,0.29,0.41,0.53",21,0.00,0.33,"Sitelinks, AI Overview, Video, People also ask, Related searches"
career for enfp personality,"Informational, Commercial",38,90,"0.50,0.28,0.35,1.00,0.78,0.78,0.50,0.50,0.78,0.78,0.78,0.64",17,0.00,0.01,"Sitelinks, AI Overview, Video, Video carousel, People also ask, Related searches"
careers for enfj to avoid,Commercial,35,90,"1.00,0.50,0.35,0.50,0.78,0.78,0.50,0.50,0.50,0.50,0.64,0.78",15,0.00,0.33,"Sitelinks, AI Overview, Video, People also ask, Discussions and forums"
careers for enneagram 4,Commercial,55,90,"0.58,1.00,0.58,0.83,0.58,1.00,1.00,0.58,0.83,0.83,0.58,0.58",8,0.85,0.03,"Sitelinks, AI Overview, Video, People also ask, Discussions and forums, Related searches"
careers for isfj personality types,Commercial,33,90,"0.82,0.82,0.52,0.41,0.17,1.00,0.05,0.41,0.52,0.64,0.64,0.11",24,0.00,0.01,"Sitelinks, AI Overview, Video, People also ask, Related searches"
cd personality type,Informational,43,90,"1.00,0.81,0.81,1.00,0.63,0.81,0.63,0.63,1.00,1.00,0.81,1.00",27,0.47,0.18,"Sitelinks, AI Overview, Image pack, Video, People also ask, Related searches"
celebrities with infp personality,Informational,33,90,"0.14,0.09,0.09,1.00,0.80,0.51,0.31,0.23,0.43,0.43,0.31,0.23",24,0.00,0.01,"Sitelinks, AI Overview, Image, Video, Video carousel, People also ask, Related searches"
celebrity enneagram,Informational,53,90,"0.64,0.35,0.50,1.00,0.79,0.50,0.64,0.50,1.00,0.50,0.35,0.79",14,0.00,0.01,"Sitelinks, AI Overview, Video, People also ask, Related searches"
challenger personality type,Informational,47,90,"0.64,0.64,0.81,0.81,0.81,1.00,0.81,1.00,0.64,0.81,0.81,0.81",18,0.85,0.06,"AI Overview, Image pack, Video, People also ask, Related searches"
characterdatabase,Navigational,28,90,"0.47,0.47,0.47,0.79,0.63,0.47,0.79,1.00,1.00,0.79,0.79,1.00",20,0.00,0.33,"Sitelinks, Reviews, People also ask"
characters test personality,Informational,36,90,"0.07,0.07,0.07,0.42,0.42,0.42,0.07,0.53,1.00,0.26,0.07,0.19",27,0.68,0.18,"Sitelinks, Reviews, Image pack, Video, Related searches"
choso mbti,Informational,45,90,"0.15,0.11,0.11,0.11,0.11,0.11,0.15,0.11,0.35,0.28,0.28,1.00",17,0.00,0.33,"Sitelinks, Image, Image pack, People also ask, Related searches"
chris heuertz,"Informational, Transactional",25,90,"1.00,0.29,0.71,0.57,0.43,0.57,0.29,0.29,0.29,0.57,0.43,0.57",16,0.00,0.01,"Sitelinks, Reviews, Image, Video, Video carousel, Knowledge panel, Top stories, Related searches"
christopher heuertz,Informational,25,90,"1.00,0.63,1.00,1.00,0.63,0.81,0.63,0.63,0.63,0.81,0.81,1.00",30,0.00,0.01,"Sitelinks, Reviews, Image, Knowledge panel"
clavicular mbti,Informational,45,90,"0.00,0.00,0.00,0.00,0.03,0.07,0.15,0.53,1.00,0.65,1.00,1.00",24,0.00,0.33,"AI Overview, Image, Image pack, Video, Short videos, People also ask, Related searches"
company personality test,Informational,33,90,"0.21,0.13,0.13,0.21,0.25,0.21,0.13,0.25,0.42,0.54,0.67,1.00",31,1.29,0.42,"Sitelinks, AI Overview, Image pack, Video, People also ask, Related searches"
counterphobic 6,Informational,41,90,"0.82,0.82,0.82,1.00,0.82,1.00,0.82,0.82,1.00,0.64,1.00,0.82",5,0.00,0.33,"Sitelinks, AI Overview, Image pack, Video, Video carousel, People also ask, Discussions and forums, Related searches, Things to know"
counterphobic 6 enneagram,Informational,48,90,"0.65,0.49,0.65,0.79,0.65,0.49,0.65,0.79,1.00,0.49,0.79,0.65",14,0.00,0.00,"Sitelinks, AI Overview, Video, Video carousel, People also ask, Discussions and forums, Related searches"
dc type,Informational,33,90,"1.00,0.35,0.50,0.79,0.21,0.79,0.79,0.64,0.50,0.50,0.35,0.79",28,0.00,0.33,"Sitelinks, AI Overview, Image pack, Video, Video carousel, People also ask, Related searches"
defender isfj t,Informational,35,90,"0.52,0.41,0.41,1.00,0.52,0.52,0.64,0.29,0.64,0.41,0.52,0.52",34,0.00,0.01,"Sitelinks, AI Overview, Reviews, Image pack, Video, People also ask, Discussions and forums, Related searches"
di personality type,Informational,40,90,"1.00,0.63,0.63,0.63,0.63,0.81,0.81,0.45,0.81,1.00,1.00,0.81",26,0.49,0.21,"AI Overview, Image pack, Video, Video carousel, People also ask, Related searches"
difference between s and n mbti,Informational,37,90,"0.64,0.50,0.78,0.78,0.64,0.50,0.64,0.78,1.00,0.50,0.64,0.64",16,0.00,0.33,"Sitelinks, AI Overview, Image pack, Video, Video carousel, People also ask, Related searches"
disc c style,Informational,30,90,"0.81,0.63,1.00,0.63,0.63,1.00,0.63,0.81,1.00,1.00,0.81,1.00",18,0.29,0.16,"AI Overview, Video, Video carousel, People also ask, Related searches"
disc high i,Informational,31,90,"0.81,0.63,1.00,0.81,0.81,1.00,1.00,0.81,0.81,0.81,1.00,0.81",2,0.63,0.19,"Sitelinks, AI Overview, Video, Video carousel, People also ask, Related searches"
disc personality id,Informational,34,90,"0.63,1.00,0.44,0.81,0.63,1.00,0.81,1.00,0.81,1.00,1.00,0.63",23,0.45,0.16,"Sitelinks, AI Overview, Video, Video carousel, People also ask, Related searches"
disc personality sc,Informational,33,90,"0.45,0.81,0.63,0.81,0.63,1.00,0.81,0.81,0.81,0.81,0.81,0.81",19,0.47,0.13,"Sitelinks, AI Overview, Video, People also ask, Related searches"
disc style c,Informational,30,90,"1.00,1.00,1.00,0.78,0.78,1.00,0.78,1.00,0.78,1.00,1.00,1.00",22,0.29,0.16,"Sitelinks, AI Overview, Image, Image pack, Video, Video carousel, People also ask, Related searches"
dominant personality type,Informational,36,90,"0.81,0.64,0.64,0.45,0.81,0.45,0.81,0.64,0.64,1.00,0.81,0.81",20,0.00,0.01,"Sitelinks, AI Overview, Video, People also ask, Discussions and forums, Related searches"
dreamer personality type,Informational,38,90,"0.50,0.64,0.64,0.64,0.50,0.64,0.35,0.50,0.64,0.50,0.50,1.00",17,0.00,0.33,"Sitelinks, AI Overview, Reviews, Video, Video carousel, People also ask, Discussions and forums, Related searches"
driver amiable analytical expressive test,Informational,31,90,"0.48,0.62,0.76,0.76,1.00,0.48,0.62,0.62,0.28,0.76,0.48,0.34",16,1.07,0.18,"AI Overview, Reviews, Image pack, Video"
eannagram types,Informational,60,90,"0.52,0.00,0.00,0.00,1.00,0.00,0.00,0.00,0.00,0.00,0.00,0.00",23,0.31,0.46,"Sitelinks, Image, Image pack, Video, Short videos, People also ask, Knowledge panel, Related searches"
eanneagram 2,Informational,65,90,"0.00,0.00,0.00,0.00,0.00,0.00,0.00,1.00,0.00,0.00,0.00,0.00",23,0.68,0.02,"AI Overview, Image pack, Video, Video carousel, People also ask, Related searches, Things to know"
efsj a,Informational,37,90,"1.00,0.35,0.78,0.78,0.14,0.78,0.78,0.50,0.00,1.00,1.00,1.00",29,0.06,0.01,"Sitelinks, Image pack, Video, Video carousel, People also ask, Related searches"
electric energies enneagram test,Navigational,45,90,"0.00,0.00,0.15,0.28,0.09,0.28,0.28,0.21,0.43,0.43,0.80,1.00",33,0.84,0.25,"Sitelinks, Reviews, Video, People also ask, Discussions and forums, Related searches"
enegram 1w2,"Informational, Commercial",53,90,"0.00,0.00,0.00,0.00,0.00,0.00,0.00,0.00,0.00,1.00,0.00,0.00",21,0.37,0.01,"Sitelinks, AI Overview, Reviews, Image pack, Video, Video carousel, People also ask, Related searches, Things to know"
enegram 4,Informational,54,90,"0.00,0.00,0.50,0.50,1.00,0.00,0.00,0.00,0.00,0.00,0.13,0.19",22,0.36,0.02,"Sitelinks, AI Overview, Image pack, Video, People also ask, Discussions and forums, Things to know"
enegram 5,Informational,58,90,"1.00,0.65,0.50,0.80,0.65,0.00,0.00,0.00,0.00,0.00,0.00,0.00",28,0.00,0.00,"Sitelinks, AI Overview, Video, Video carousel, People also ask, Discussions and forums, Related searches"
enegram type 4,Informational,58,90,"0.03,0.00,0.03,0.00,0.00,0.07,0.00,0.03,0.03,1.00,0.07,0.00",23,0.43,0.02,"AI Overview, Image pack, Video, Video carousel, People also ask, Related searches"
enengram 9,Informational,61,90,"0.00,0.00,0.00,0.00,1.00,0.00,0.00,0.00,0.00,0.00,0.00,0.00",20,0.26,0.07,"Sitelinks, AI Overview, Video, Video carousel, People also ask, Related searches"
enfj 2w1,Informational,48,90,"0.81,1.00,1.00,0.63,0.81,0.81,1.00,0.63,1.00,0.63,0.63,1.00",8,0.00,0.33,"Sitelinks, AI Overview, Image pack, Video, People also ask, Discussions and forums, Related searches"
enfj compatibility with infp,Informational,44,90,"0.64,1.00,0.82,0.82,0.64,1.00,0.82,0.82,0.64,0.64,0.64,0.82",4,0.00,0.33,"Sitelinks, AI Overview, Image pack, Video, Video carousel, People also ask, Related searches"
enfj infp compatibility,Informational,44,90,"0.40,0.40,1.00,0.65,0.52,0.65,0.82,0.52,0.52,0.52,0.40,0.40",10,0.00,0.33,"Sitelinks, AI Overview, Image pack, Video, Video carousel, People also ask, Related searches"
enfj intj,Informational,43,90,"0.81,0.63,0.81,0.81,0.81,0.81,1.00,0.63,0.63,0.63,0.81,0.63",17,0.00,0.33,"Sitelinks, AI Overview, Video, Video carousel, Short videos, People also ask, Related searches"
enfj personality type jobs,Commercial,41,90,"0.64,0.64,0.50,0.64,0.64,1.00,0.64,0.35,1.00,0.00,1.00,0.64",23,0.00,0.01,"Sitelinks, AI Overview, Video, People also ask, Related searches"
enfj woman,Informational,40,90,"0.45,1.00,0.62,1.00,0.62,0.62,0.81,0.81,1.00,0.45,0.62,0.62",13,0.00,0.33,"Sitelinks, AI Overview, Image pack, Video, Video carousel, People also ask, Related searches"
enfp a meaning,Informational,44,90,"0.82,0.82,1.00,1.00,0.82,0.17,0.65,0.11,0.00,0.23,0.23,0.23",29,0.00,0.02,"Sitelinks, AI Overview, Image pack, Video, Video carousel, People also ask, Related searches"
enfp compatible personality types,Informational,45,90,"0.81,0.64,0.45,0.27,1.00,0.81,0.64,0.64,1.00,1.00,1.00,1.00",21,0.00,0.33,"Sitelinks, AI Overview, Image pack, Video, People also ask, Related searches"
enfp dating,Informational,43,90,"1.00,0.62,0.81,0.81,1.00,0.81,0.62,0.62,0.62,0.45,0.81,0.62",27,0.00,0.33,"Sitelinks, AI Overview, Video, Video carousel, People also ask, Discussions and forums"
enfp female,Informational,41,90,"0.81,0.62,0.62,1.00,0.62,0.62,0.81,0.62,1.00,0.45,0.81,0.81",27,0.00,0.33,"Sitelinks, AI Overview, Image pack, Video, Video carousel, People also ask"
enfp gf,Informational,39,90,"0.33,1.00,0.33,0.33,0.67,1.00,0.33,1.00,0.33,0.33,0.33,0.33",26,0.00,0.33,"Sitelinks, AI Overview, Image pack, Video, Video carousel, People also ask, Related searches"
enfp girlfriend,Informational,44,90,"0.40,1.00,0.53,0.53,0.64,0.64,0.40,0.64,0.40,0.53,0.40,0.28",14,0.00,0.33,"Sitelinks, AI Overview, Video, Video carousel, People also ask, Related searches"
enfp hobbies,Informational,38,90,"1.00,1.00,0.79,0.79,0.79,1.00,0.79,0.56,0.44,0.56,0.79,0.21",6,0.00,0.00,"Sitelinks, AI Overview, Video, People also ask, Related searches"
enfp jobs to avoid,Commercial,34,90,"0.81,0.81,0.64,0.81,0.81,1.00,1.00,0.64,0.81,0.64,0.81,0.81",11,0.00,0.33,"Sitelinks, AI Overview, Video, People also ask, Related searches"
enfp quiz,"Informational, Transactional",41,90,"0.63,0.81,0.81,1.00,0.81,0.44,1.00,0.81,1.00,0.81,0.63,0.81",13,0.41,0.31,"Sitelinks, Video, Video carousel, People also ask, Related searches"
enfp strengths,Informational,44,90,"0.53,0.28,0.40,0.81,1.00,0.53,0.40,0.53,0.53,0.53,0.53,0.53",21,0.00,0.33,"Sitelinks, AI Overview, Video, Video carousel, People also ask, Related searches"
enfp 性格,Informational,37,90,"0.60,0.50,0.60,0.80,0.80,1.00,0.80,1.00,0.80,0.50,0.00,0.80",32,0.00,0.33,"AI Overview, Image pack, Video, People also ask, Related searches"
enfp 是 什么,Informational,48,90,"1.00,1.00,0.50,0.50,0.64,0.64,0.64,0.78,0.64,0.50,0.78,0.78",28,0.00,0.33,"AI Overview, Image pack, Video, Video carousel, People also ask, Related searches"
enfp- t,Informational,48,90,"0.00,0.00,0.00,0.00,0.00,0.00,0.00,1.00,0.00,0.00,0.00,0.00",31,0.19,0.33,"Sitelinks, AI Overview, Video, People also ask, Discussions and forums, Related searches"
ennea- minus one crossword clue,Informational,46,90,"1.00,0.00,0.00,0.00,0.00,0.00,0.00,0.00,0.00,0.00,0.00,0.00",10,0.00,0.33,"AI Overview, People also ask, Related searches"
ennea-minus one crossword clue,Informational,46,90,"1.00,0.00,0.00,0.00,0.00,0.00,0.00,0.00,0.00,0.00,0.00,0.00",7,0.00,0.33,"AI Overview, Related searches"
enneafram 2,Informational,65,90,"0.00,0.00,0.00,0.00,0.00,0.00,0.00,1.00,0.00,0.00,0.00,0.00",25,0.68,0.02,"AI Overview, Image pack, Video, Video carousel, People also ask, Related searches, Things to know"
enneageam 7,Informational,54,90,"0.00,0.00,0.00,0.00,0.00,0.00,0.00,0.00,0.00,0.00,1.00,0.00",17,0.33,0.04,"AI Overview, Image pack, Video, People also ask, Related searches"
enneagram 1 characters,Informational,56,90,"0.78,0.28,0.28,0.78,0.78,0.28,0.28,1.00,0.78,0.50,0.50,0.50",6,0.00,0.02,"Sitelinks, AI Overview, Image, Image pack, Video, Video carousel, Related searches"
enneagram 10,Informational,62,90,"0.81,0.63,0.63,1.00,0.81,1.00,0.81,0.63,1.00,1.00,0.81,1.00",21,0.55,0.06,"Sitelinks, AI Overview, Reviews, Image pack, Video, Video carousel, People also ask, Related searches"
enneagram 2 and 9 relationship,Informational,57,90,"0.79,0.64,1.00,0.64,0.79,0.49,0.64,0.49,0.64,0.49,0.49,0.49",7,0.00,0.01,"Video carousel, People also ask, Discussions and forums, Related searches"
enneagram 3 wings,Informational,65,90,"0.83,0.83,1.00,1.00,0.83,1.00,0.83,0.83,0.83,1.00,0.83,1.00",16,0.00,0.33,"Sitelinks, AI Overview, Video, Video carousel, People also ask, Related searches"
enneagram 4 and 9 relationship,Informational,59,90,"0.82,0.64,1.00,0.64,1.00,0.64,0.64,0.82,0.82,0.64,0.64,0.82",7,0.00,0.02,"Sitelinks, AI Overview, Video, People also ask, Discussions and forums, Related searches"
enneagram 4 celebrities,Informational,55,90,"0.78,0.48,0.48,0.78,0.48,0.48,0.65,0.65,1.00,0.48,0.48,0.48",14,0.00,0.33,"Sitelinks, AI Overview, Image, Image pack, Video, People also ask, Related searches"
enneagram 4 with a 5 wing,Informational,60,90,"1.00,0.25,0.81,0.63,0.00,0.00,0.00,0.00,0.81,0.00,0.00,0.00",16,0.53,0.01,"Sitelinks, AI Overview, Video, Video carousel, People also ask, Discussions and forums, Related searches"
enneagram 5 characteristics,Informational,61,90,"0.81,0.63,0.63,1.00,0.63,0.63,0.81,0.63,0.81,0.81,0.81,1.00",33,0.00,0.01,"Sitelinks, AI Overview, Image pack, Video, People also ask, Related searches"
enneagram 5 characters,Informational,62,90,"0.64,0.49,0.64,1.00,0.49,0.49,0.49,0.79,0.79,0.64,0.64,0.79",5,0.00,0.02,"Sitelinks, AI Overview, Image, Image pack, Video, Video carousel, People also ask, Related searches"
enneagram 5 stress and growth,Informational,58,90,"0.13,0.33,0.33,0.47,0.80,0.80,0.80,1.00,0.80,0.80,0.47,0.67",14,0.00,0.33,"Sitelinks, AI Overview, Video, People also ask, Discussions and forums, Related searches"
enneagram 5 vs 6,"Informational, Commercial",60,90,"0.50,0.60,0.80,0.50,0.50,0.60,0.60,0.50,0.60,0.80,1.00,0.80",7,0.00,0.33,"Sitelinks, AI Overview, Image pack, Video, Video carousel, People also ask, Discussions and forums, Related searches"
enneagram 5 w 4,Informational,57,90,"0.00,0.00,0.00,0.00,0.00,0.00,0.00,0.00,1.00,0.15,0.18,0.22",22,0.35,0.02,"Sitelinks, AI Overview, Image pack, Video, Video carousel, People also ask, Related searches"
enneagram 5w4 vs 5w6,Informational,58,90,"0.81,0.63,0.81,0.81,0.81,1.00,0.81,0.63,0.81,0.81,1.00,0.63",21,0.00,0.33,"Sitelinks, AI Overview, Image pack, Video, Video carousel, People also ask, Related searches"
enneagram 6 careers,Commercial,55,90,"1.00,0.62,0.82,1.00,1.00,0.82,0.44,0.35,0.62,0.62,0.82,0.44",16,0.00,0.01,"Sitelinks, AI Overview, Video, Video carousel, People also ask, Discussions and forums, Related searches"
enneagram 6 characteristics,Informational,60,90,"0.64,0.82,0.64,1.00,0.82,0.64,0.64,0.82,1.00,0.82,0.82,1.00",27,0.00,0.01,"Sitelinks, AI Overview, Reviews, Image pack, Video, People also ask, Related searches"
enneagram 6 characters,Informational,58,90,"0.64,0.64,0.50,1.00,0.64,0.64,0.64,0.64,0.78,0.64,0.78,1.00",20,0.00,0.01,"Sitelinks, AI Overview, Image, Image pack, Video, People also ask, Related searches"
enneagram 6 social,Informational,54,90,"0.64,0.78,0.35,0.50,0.50,0.14,0.35,0.28,0.78,0.78,1.00,1.00",3,0.00,0.33,"Sitelinks, AI Overview, Image pack, Video, Related searches"
enneagram 6 vs 5,"Informational, Commercial",59,90,"0.50,0.35,0.78,0.50,0.50,0.50,0.64,0.50,0.50,0.64,1.00,0.78",5,0.00,0.33,"Sitelinks, AI Overview, Image pack, Video, Video carousel, People also ask, Discussions and forums, Related searches"
enneagram 8 and 9 relationship,Informational,56,90,"1.00,1.00,1.00,0.64,0.64,0.64,0.82,0.64,0.82,0.45,0.64,0.45",7,0.00,0.33,"Sitelinks, AI Overview, Video, Video carousel, Short videos, People also ask, Discussions and forums, Related searches"
enneagram 8 characters,Informational,58,90,"0.62,1.00,1.00,1.00,0.44,1.00,0.62,0.62,1.00,0.82,0.82,0.82",18,0.26,0.03,"Sitelinks, AI Overview, Image, Video, Video carousel, People also ask, Related searches"
enneagram 9 careers,"Informational, Commercial",54,90,"0.83,0.61,0.61,1.00,1.00,1.00,0.61,0.33,0.61,0.61,0.61,0.44",17,0.00,0.02,"Sitelinks, AI Overview, Video, People also ask, Discussions and forums, Related searches"
enneagram 9 characteristics,Informational,64,90,"1.00,0.64,0.82,1.00,1.00,0.82,0.82,1.00,1.00,0.82,0.64,0.82",26,0.00,0.01,"AI Overview, Reviews, Image pack, Video, People also ask, Related searches"
enneagram 9 characters,Informational,61,90,"0.50,0.63,0.78,1.00,0.78,0.63,0.63,0.78,0.78,0.63,0.78,0.50",16,0.06,0.02,"Sitelinks, AI Overview, Reviews, Image, Video, Video carousel, People also ask, Related searches"
enneagram 9 vs 6,"Informational, Commercial",63,90,"1.00,0.35,0.50,0.79,0.64,0.64,0.79,0.64,0.79,0.79,0.79,0.64",13,0.00,0.33,"Sitelinks, AI Overview, Image pack, Video, People also ask, Related searches, Ads bottom"
enneagram and teams,Informational,54,90,"0.50,0.50,0.50,0.64,0.50,0.78,0.64,0.64,0.78,0.78,1.00,0.78",0,0.00,0.00,"Sitelinks, AI Overview, Video, Video carousel, Related searches"
enneagram christian perspective,"Informational, Transactional",49,90,"0.52,0.32,0.43,0.43,0.43,0.18,0.23,0.23,1.00,0.23,0.52,0.52",14,0.19,0.62,"Sitelinks, AI Overview, Video, Video carousel, Related searches"
enneagram class,Informational,55,90,"0.64,0.64,0.64,0.64,1.00,0.82,0.82,0.64,0.82,0.45,1.00,0.18",15,1.24,0.12,"AI Overview, Reviews, Video, Video carousel, People also ask, Related searches, Ads bottom"
enneagram coaching certification,"Informational, Commercial",50,90,"1.00,1.00,1.00,1.00,0.62,1.00,0.62,0.62,1.00,0.45,1.00,0.62",19,2.38,0.22,"Sitelinks, AI Overview, Reviews, Video, Video carousel, People also ask, Related searches, Ads middle"
enneagram core motivations,Informational,57,90,"0.51,0.51,1.00,0.51,0.51,0.51,0.63,0.40,0.40,0.40,0.51,0.51",6,0.00,0.01,"Sitelinks, Image pack, Video, Video carousel, Related searches"
enneagram demonic,Informational,43,90,"1.00,0.00,0.00,0.53,0.00,0.53,0.00,0.00,0.03,0.00,0.00,0.00",7,0.00,0.33,"Sitelinks, AI Overview, Video, Video carousel, Short videos, People also ask, Related searches"
enneagram diagram arrows,Informational,56,90,"0.64,0.49,0.79,1.00,0.79,1.00,0.79,0.64,0.49,0.64,0.79,0.49",10,0.00,0.59,"Sitelinks, AI Overview, Image, Image pack, Video, Video carousel, People also ask, Related searches"
enneagram growth and stress,Informational,58,90,"0.82,0.82,1.00,1.00,1.00,0.82,0.82,1.00,0.61,1.00,1.00,1.00",6,0.00,0.33,"Sitelinks, AI Overview, Image pack, Video, Video carousel, Related searches, Ads bottom"
enneagram images,Informational,63,90,"0.78,0.78,0.78,0.63,0.63,0.63,1.00,0.50,0.06,0.78,0.63,0.63",33,0.00,0.71,"Sitelinks, Image, Image pack, Video, People also ask, Related searches"
enneagram instinctual variants test,Commercial,59,90,"0.26,0.26,0.26,0.26,0.42,0.34,0.34,0.15,0.26,0.26,0.65,1.00",19,0.63,0.13,"Sitelinks, Video, People also ask, Related searches"
enneagram international,Navigational,58,90,"0.81,0.81,1.00,0.81,0.64,0.64,0.64,0.64,0.81,0.81,0.64,0.81",30,0.00,0.01,"Sitelinks, Video, Video carousel, People also ask, Knowledge panel, Related searches"
enneagram made easy book,Informational,43,90,"0.82,1.00,0.64,0.82,1.00,0.82,0.64,0.82,0.82,0.64,0.82,0.64",11,0.56,1.00,"Sitelinks, Video, People also ask, Knowledge panel, Related searches"
enneagram map,Informational,61,90,"0.64,0.64,1.00,0.79,0.64,0.79,0.64,0.64,0.50,0.79,0.64,0.64",25,0.00,0.18,"Image, Image pack, Video, People also ask, Related searches, Ads bottom"
enneagram most common types,Informational,58,90,"0.15,0.42,0.53,0.26,0.00,0.65,0.00,0.26,0.00,0.80,1.00,0.15",17,0.00,0.33,"Sitelinks, AI Overview, Video, People also ask, Related searches"
enneagram personality traits,Informational,75,90,"0.63,0.78,1.00,0.63,0.78,0.63,0.63,0.50,0.78,0.50,0.78,0.63",30,0.32,0.22,"Sitelinks, Image pack, Video, People also ask, Related searches"
enneagram rheti free test,Informational,56,90,"1.00,1.00,0.50,0.64,0.64,0.64,0.50,0.35,0.50,0.50,0.50,0.50",32,1.09,0.70,"Sitelinks, Video, People also ask, Related searches, Ads top, Ads middle"
enneagram similar minds,Navigational,66,90,"0.42,1.00,0.66,0.33,0.66,0.66,0.23,0.23,0.42,0.23,0.33,0.19",32,0.39,0.08,"Sitelinks, Video, People also ask, Related searches"
enneagram social 5,Informational,53,90,"0.64,0.82,0.64,0.82,0.64,0.64,0.64,0.82,1.00,1.00,1.00,0.64",15,0.00,0.33,"Sitelinks, Video, Video carousel, People also ask, Related searches"
enneagram social 6,Informational,51,90,"0.65,0.65,0.41,0.53,0.53,0.53,0.41,0.41,0.65,0.65,1.00,0.53",3,0.00,0.33,"Sitelinks, Video, Video carousel, People also ask, Discussions and forums, Related searches"
enneagram subtype,Informational,65,90,"0.00,0.00,0.16,0.00,0.03,0.05,0.20,0.10,0.00,0.00,0.24,1.00",20,0.44,0.02,"Sitelinks, AI Overview, Reviews, Image pack, Video, Video carousel, People also ask, Related searches"
enneagram subtypes 1,Informational,56,90,"0.41,0.52,0.64,0.52,0.41,0.52,0.29,0.41,0.64,0.64,1.00,0.64",7,0.00,0.33,"Sitelinks, Image pack, Video, People also ask, Related searches"
enneagram test 3,Informational,61,90,"0.62,0.62,0.76,1.00,0.76,1.00,0.48,0.48,0.62,0.48,0.48,0.76",22,0.40,0.12,"Sitelinks, Reviews, Video, Video carousel, People also ask, Related searches"
enneagram test 4,Informational,66,90,"0.80,0.66,0.80,0.66,0.80,1.00,0.66,0.49,0.66,0.66,0.80,0.49",25,0.35,0.13,"Sitelinks, Image pack, Video, People also ask, Related searches, Ads top"
enneagram test 5,Informational,64,90,"0.62,0.62,0.82,1.00,0.82,0.62,0.82,1.00,0.62,1.00,0.62,0.62",24,0.34,0.11,"Sitelinks, Image pack, Video, Video carousel, People also ask, Related searches"
enneagram test type 2,Informational,60,90,"0.75,0.75,0.75,1.00,1.00,0.75,0.50,0.50,0.50,0.50,0.50,0.50",26,0.36,0.05,"Sitelinks, AI Overview, Reviews, Image pack, Video, People also ask, Related searches"
enneagram the enthusiast,Informational,60,90,"0.18,0.65,0.41,1.00,0.41,0.65,0.11,0.18,0.65,0.65,0.65,0.53",10,0.25,0.03,"AI Overview, Image pack, Video, People also ask, Related searches"
enneagram tpyes,Informational,68,90,"0.00,0.00,0.00,0.00,0.00,0.00,0.00,0.00,0.00,0.00,0.00,0.00",32,0.00,0.00,"Sitelinks, Image, Image pack, Video, People also ask, Knowledge panel, Related searches, Ads top, Ads bottom"
enneagram type 1 careers,Commercial,53,90,"1.00,0.45,0.73,0.73,0.55,0.55,0.45,0.45,0.27,0.27,0.27,0.27",18,0.00,0.01,"Sitelinks, Image pack, Video, Video carousel, People also ask, Discussions and forums, Related searches"
enneagram type 3 wing 4,Informational,62,90,"1.00,0.81,0.44,0.81,0.81,1.00,0.81,0.63,1.00,0.63,1.00,0.63",13,0.00,0.33,"Sitelinks, AI Overview, Video, People also ask, Discussions and forums, Related searches"
enneagram type 4 careers to avoid,Commercial,50,90,"1.00,0.62,0.81,0.81,0.81,0.62,0.81,0.81,0.81,0.62,0.62,0.62",11,0.00,0.33,"Sitelinks, AI Overview, Video, People also ask, Related searches"
enneagram type 4 description,Informational,65,90,"0.02,0.02,0.02,1.00,0.02,0.02,0.02,0.02,0.04,0.02,0.05,0.02",23,0.00,0.02,"AI Overview, Image pack, Video, People also ask, Related searches"
enneagram type 4 wing 3,Informational,60,90,"1.00,0.81,1.00,0.63,0.81,1.00,0.81,0.81,1.00,1.00,1.00,1.00",20,0.00,0.33,"Sitelinks, AI Overview, Image pack, Video, People also ask, Related searches"
enneagram type 4 with 3 wing,Informational,61,90,"0.81,0.63,0.44,0.44,0.63,1.00,0.81,0.81,1.00,0.63,1.00,0.63",20,0.00,0.33,"Sitelinks, AI Overview, Video, Video carousel, People also ask, Related searches"
enneagram type 4w5,Informational,60,90,"0.53,0.53,0.40,0.40,0.28,0.28,0.16,0.12,1.00,0.65,1.00,0.81",20,0.00,0.33,"Sitelinks, AI Overview, Image, Image pack, Video, Video carousel, Short videos, People also ask, Related searches"
enneagram type 6 description,Informational,63,90,"0.50,0.50,0.35,1.00,0.64,0.64,0.50,0.50,0.78,0.35,0.78,0.50",23,0.43,0.03,"Sitelinks, AI Overview, Image pack, Video, Video carousel, People also ask, Related searches"
enneagram type 6 jobs,"Informational, Commercial",51,90,"0.65,0.65,0.28,1.00,0.65,0.53,0.65,0.40,0.65,0.53,0.53,0.40",18,0.00,0.33,"Sitelinks, AI Overview, Video, People also ask, Discussions and forums, Related searches"
enneagram type 6w5,Informational,61,90,"0.50,0.50,1.00,0.64,0.50,0.50,0.50,0.35,0.50,0.79,0.79,0.64",26,0.00,0.02,"Sitelinks, AI Overview, Video, Video carousel, People also ask, Discussions and forums, Related searches"
enneagram type 9 description,Informational,66,90,"0.64,0.35,0.35,1.00,0.64,0.64,0.50,0.50,1.00,0.50,0.64,0.78",30,0.73,0.04,"Sitelinks, AI Overview, Reviews, Image pack, Video, Video carousel, People also ask, Related searches, Ads bottom, Ads middle"
enneagram type 9 with 1 wing,Informational,63,90,"0.53,0.53,0.40,0.53,0.65,0.81,0.00,0.28,1.00,0.65,0.00,0.40",23,0.29,0.01,"Sitelinks, AI Overview, Video, Video carousel, People also ask, Related searches"
enneagram type compatibility,Informational,56,90,"0.79,0.65,0.49,0.49,0.65,0.49,0.49,0.49,0.65,0.65,1.00,1.00",13,0.00,0.01,"Sitelinks, AI Overview, Image pack, Video, Video carousel, People also ask, Discussions and forums, Related searches"
enneagram unhealthy 9,Informational,59,90,"0.81,1.00,0.62,0.81,0.81,0.81,1.00,0.81,1.00,0.62,0.81,1.00",18,0.03,0.03,"Sitelinks, AI Overview, Image pack, Video, People also ask, Related searches"
enneagram wings explained,Informational,58,90,"0.29,0.23,0.29,0.29,0.29,0.52,0.65,0.40,0.65,1.00,0.65,0.82",20,0.00,0.01,"Sitelinks, AI Overview, Video, People also ask, Related searches"
enneagram wings meaning,Informational,61,90,"0.78,0.65,0.78,0.48,0.48,1.00,0.78,0.78,0.65,0.48,0.48,0.65",19,0.00,0.01,"Sitelinks, AI Overview, Image pack, Video, People also ask, Discussions and forums, Related searches"
enneagram workshop,Informational,47,90,"0.50,0.50,0.63,0.78,0.78,0.78,0.63,0.63,0.63,0.78,1.00,0.63",9,3.55,0.07,"AI Overview, Image pack, Video, Video carousel, People also ask, Related searches"
enneagram workshops,Informational,48,90,"0.41,0.11,0.52,0.52,0.41,0.82,0.64,0.82,0.64,0.52,0.64,1.00",10,3.55,0.07,"Video, People also ask, Related searches"
enneagram8,Informational,63,90,"1.00,0.00,0.00,0.00,0.00,0.00,0.00,0.00,0.53,0.00,0.00,1.00",16,0.39,0.07,"AI Overview, Reviews, Image pack, Video, Video carousel, People also ask, Related searches, Things to know"
enneagream 6,Informational,62,90,"0.00,0.00,0.00,0.00,0.00,0.00,0.00,0.00,0.00,0.00,1.00,0.00",24,0.30,0.02,"AI Overview, Image pack, Video, Video carousel, People also ask, Related searches"
ennegaram 5,Informational,47,90,"0.00,0.00,0.00,0.00,0.00,0.00,0.00,1.00,0.00,0.00,0.00,0.00",31,0.34,0.02,"Sitelinks, AI Overview, Video, Video carousel, People also ask, Knowledge panel, Discussions and forums, Related searches"
ennegaram 7,Informational,48,90,"0.00,0.00,0.00,0.00,0.00,1.00,0.00,0.00,0.00,0.00,0.00,0.00",18,0.33,0.04,"AI Overview, Reviews, Image pack, Video, People also ask, Related searches"
ennegarm 3,Informational,63,90,"0.00,0.00,0.00,0.00,0.00,0.00,0.00,0.00,0.00,0.00,1.00,0.00",23,0.35,0.02,"Sitelinks, AI Overview, Reviews, Image pack, Video, People also ask, Things to know"
ennegram 8w7,Informational,60,90,"0.06,0.06,0.19,0.05,0.04,1.00,0.06,0.01,0.00,0.00,0.02,0.00",16,0.55,0.01,"Sitelinks, AI Overview, Image pack, Video, Video carousel, People also ask, Discussions and forums, Related searches, Things to know"
ennegram4,Informational,49,90,"0.00,0.00,0.00,0.00,0.00,0.00,0.00,1.00,0.00,0.00,0.00,0.00",24,0.36,0.02,"Sitelinks, AI Overview, Video, People also ask, Discussions and forums, Related searches"
ennehram 7,Informational,62,90,"0.00,0.00,0.00,0.00,0.00,0.00,0.00,0.00,1.00,0.00,0.00,0.00",18,0.34,0.02,"Sitelinks, AI Overview, Image pack, Video, Video carousel, People also ask, Related searches, Ads bottom"
ennergram 4,Informational,49,90,"0.00,0.00,0.00,0.01,1.00,0.00,0.00,0.00,0.00,0.00,0.00,0.00",27,0.41,0.05,"AI Overview, Reviews, Image pack, Video, Video carousel, People also ask, Discussions and forums, Related searches, Things to know"
enngram type 2,Informational,50,90,"0.00,0.00,1.00,0.00,0.00,0.00,0.00,0.00,0.00,0.00,0.00,0.00",25,0.71,0.04,"AI Overview, Video, Video carousel, Short videos, People also ask, Related searches"
entj and entp,Informational,43,90,"0.62,1.00,1.00,0.81,0.81,0.62,0.81,0.62,0.62,0.62,0.81,0.62",10,0.00,0.33,"Sitelinks, AI Overview, Image pack, Video, Video carousel, People also ask, Related searches"
entj and love,Informational,37,90,"0.81,0.81,1.00,0.81,1.00,0.81,0.64,0.64,0.64,0.45,0.64,0.81",9,0.00,0.33,"Sitelinks, AI Overview, Image pack, Video, People also ask, Related searches"
entj compatibilidad,Informational,43,90,"0.00,0.11,1.00,0.41,0.82,0.64,0.52,0.64,0.41,0.64,0.82,0.41",8,0.00,0.33,"Sitelinks, AI Overview, Image pack, Video, People also ask, Related searches"
entj compatibility chart,Informational,39,90,"0.82,0.82,0.82,1.00,0.82,1.00,0.82,0.62,0.82,0.62,0.62,0.62",13,0.00,0.33,"Sitelinks, Image pack, Video, People also ask, Related searches"
entj in love,Informational,36,90,"0.79,0.64,1.00,0.64,0.79,0.64,0.49,0.49,0.49,0.36,0.49,0.64",10,0.00,0.33,"Sitelinks, AI Overview, Video, Related searches"
entj infj relationship,Informational,42,90,"0.62,0.82,0.82,0.82,0.82,0.82,0.82,1.00,0.62,0.62,0.62,0.62",5,0.00,0.01,"Sitelinks, AI Overview, Video, Video carousel, People also ask, Related searches"
entj infp compatibility,Informational,41,90,"0.64,0.79,0.64,0.64,0.64,0.79,0.50,0.50,0.50,0.50,1.00,0.64",9,0.00,0.33,"Sitelinks, AI Overview, Reviews, Image pack, Video, Video carousel, People also ask, Related searches"
entj personality type female,Informational,45,90,"0.78,0.64,0.50,0.64,0.50,0.78,0.78,1.00,0.78,0.50,0.64,0.50",19,0.00,0.02,"Sitelinks, AI Overview, Image pack, Video, People also ask, Related searches"
entj personality weaknesses,Informational,41,90,"0.81,0.00,0.62,0.81,0.62,0.81,1.00,0.62,1.00,0.81,0.81,0.81",16,0.00,0.33,"Sitelinks, AI Overview, Image pack, Video, Video carousel, People also ask, Related searches"
entj rarest,Informational,47,90,"0.79,0.64,0.64,0.50,0.79,0.35,0.29,1.00,0.50,0.50,0.79,0.64",17,0.00,0.33,"Sitelinks, AI Overview, Video, Video carousel, People also ask, Related searches"
entj vs enfp,Informational,42,90,"0.41,0.41,0.41,0.41,0.53,0.41,0.65,0.11,0.65,1.00,0.11,0.18",5,0.00,0.33,"Sitelinks, AI Overview, Reviews, Image pack, Video, People also ask, Related searches"
entp 3w2,Informational,41,90,"0.64,1.00,1.00,1.00,0.82,0.82,0.82,0.64,0.45,0.64,0.82,0.82",5,0.00,0.33,"Sitelinks, AI Overview, Image pack, Video, People also ask, Related searches"
entp 4w5,Informational,41,90,"0.81,0.81,1.00,0.63,0.81,1.00,0.81,1.00,0.63,0.81,1.00,0.81",9,0.00,0.33,"Sitelinks, AI Overview, Video, People also ask, Related searches"
entp 9w8,Informational,42,90,"0.81,0.81,0.81,0.63,0.63,1.00,0.81,0.63,0.63,0.63,0.63,0.81",4,0.00,0.33,"Sitelinks, AI Overview, Image pack, Video, People also ask, Related searches"
entp a jobs,Commercial,34,90,"0.81,0.63,0.63,0.81,1.00,0.81,0.81,0.63,0.81,0.81,1.00,1.00",26,0.00,0.33,"Sitelinks, AI Overview, Video, Video carousel, People also ask, Jobs, Discussions and forums, Related searches"
entp a vs entp t,"Informational, Commercial",37,90,"0.75,0.75,0.75,0.75,0.75,0.75,0.75,0.50,0.75,0.50,0.75,1.00",25,0.00,0.33,"Sitelinks, AI Overview, Image pack, Video, People also ask, Related searches"
entp and entj,Informational,43,90,"1.00,0.81,0.62,0.81,0.81,0.81,0.81,0.45,0.62,0.62,0.81,0.62",9,0.00,0.33,"Sitelinks, AI Overview, Image pack, Video, People also ask, Related searches"
entp and esfp,Informational,38,90,"0.80,0.66,0.66,0.49,0.49,1.00,0.66,0.66,0.66,0.49,0.80,0.49",10,0.00,0.33,"Sitelinks, AI Overview, Reviews, Video, Video carousel, People also ask, Related searches"
entp debate,Informational,36,90,"0.81,0.81,0.63,0.81,1.00,1.00,0.63,0.81,1.00,1.00,1.00,1.00",22,0.00,0.33,"Sitelinks, Video, Video carousel, People also ask, Related searches"
entp female characters,Informational,34,90,"0.67,0.67,0.67,0.33,0.67,0.67,0.67,0.33,1.00,0.33,0.67,0.67",6,0.00,0.33,"Sitelinks, AI Overview, Image pack, Video, People also ask, Related searches"
entp personality type test,"Informational, Transactional",44,90,"1.00,1.00,0.61,0.82,0.82,0.61,0.61,0.61,1.00,0.82,0.82,0.61",32,0.67,0.60,"Video, Video carousel, People also ask, Related searches"
entp personality weaknesses,Informational,42,90,"0.23,0.33,0.33,0.33,1.00,0.42,0.52,0.00,0.42,0.42,0.52,0.42",21,0.00,0.33,"Sitelinks, AI Overview, Image pack, Video, Video carousel, People also ask, Related searches"
entp vs enfj,"Informational, Commercial",44,90,"0.21,0.21,0.21,0.15,0.12,0.15,0.21,0.21,0.21,0.53,1.00,0.34",8,0.00,0.33,"Sitelinks, AI Overview, Reviews, Image pack, Video, Video carousel, People also ask, Related searches"
entp-t characters,Informational,39,90,"0.00,0.00,0.54,0.64,0.64,0.29,0.54,1.00,0.64,0.64,0.54,0.82",11,0.00,0.33,"Sitelinks, AI Overview, Video, Video carousel, People also ask, Related searches"
esfj 2w3,Informational,47,90,"0.64,0.81,0.81,1.00,0.64,0.64,1.00,0.64,1.00,0.64,0.64,0.81",7,0.00,0.33,"Sitelinks, AI Overview, Image pack, Video, Video carousel, People also ask, Related searches"
esfj mbti type,Informational,41,90,"0.80,0.65,0.42,0.42,0.00,0.00,0.42,0.00,1.00,0.00,0.04,0.04",31,0.12,0.03,"Sitelinks, AI Overview, Image, Image pack, Video, Video carousel, People also ask, Discussions and forums, Related searches, Things to know"
esfj personality famous,Informational,38,90,"0.11,0.11,0.82,0.64,0.52,0.52,0.82,0.52,0.64,0.82,1.00,0.52",25,0.00,0.33,"Sitelinks, AI Overview, Video, People also ask, Related searches"
esfj personality jobs,"Informational, Commercial",36,90,"1.00,0.52,0.40,0.52,0.65,0.82,0.52,0.40,0.52,0.29,0.40,0.40",24,0.00,0.33,"Sitelinks, AI Overview, Video, Video carousel, People also ask, Discussions and forums, Related searches"
esfj personality weaknesses,Informational,40,90,"0.83,0.65,0.29,0.41,0.53,0.41,0.41,0.29,1.00,0.65,0.83,0.65",26,0.00,0.33,"Sitelinks, AI Overview, Image pack, Video, People also ask, Discussions and forums, Related searches"
esfj stack,Informational,41,90,"0.63,0.50,1.00,0.63,0.63,0.63,0.50,0.78,0.50,0.50,0.50,0.50",22,0.00,0.33,"Sitelinks, AI Overview, Video, Video carousel, People also ask, Related searches"
esfj t careers,Commercial,38,90,"0.80,0.60,0.50,0.80,1.00,0.80,0.60,0.50,0.60,0.50,0.50,0.50",26,0.00,0.33,"Sitelinks, AI Overview, Video, People also ask, Discussions and forums, Related searches"
esfp 7w8,Informational,40,90,"0.76,1.00,0.62,0.76,0.48,0.62,0.62,0.62,0.76,0.48,0.76,0.76",7,0.00,0.33,"Sitelinks, AI Overview, Image pack, Video, People also ask, Discussions and forums, Related searches"
esfp best match,Commercial,33,90,"0.64,1.00,1.00,0.79,0.64,0.64,0.79,0.79,0.49,0.49,0.64,0.64",19,0.00,0.33,"Sitelinks, AI Overview, Image pack, Video, People also ask, Discussions and forums, Related searches"
esfp personality type celebrities,Informational,38,90,"0.65,0.29,0.52,1.00,1.00,0.40,0.40,0.29,0.52,0.40,0.29,0.29",16,0.00,0.33,"AI Overview, Image pack, Video, People also ask, Related searches"
esfp t careers,"Informational, Commercial",36,90,"1.00,0.17,0.17,1.00,0.62,1.00,1.00,0.62,1.00,0.81,0.81,0.81",17,0.00,0.33,"Sitelinks, AI Overview, Video, People also ask, Discussions and forums, Related searches"
estj and enfp,Informational,41,90,"0.66,0.80,0.66,0.49,0.34,0.66,0.66,0.49,1.00,0.80,0.34,0.49",7,0.00,0.33,"Sitelinks, AI Overview, Image pack, Video, People also ask, Related searches"
estj people,Informational,41,90,"0.62,0.62,0.62,1.00,1.00,1.00,1.00,0.62,1.00,1.00,0.82,0.62",31,0.00,0.33,"Sitelinks, Video, Video carousel, People also ask, Discussions and forums, Related searches"
estj personality careers,Commercial,41,90,"0.13,0.49,0.36,1.00,1.00,0.79,0.79,0.49,0.64,0.79,0.79,0.64",22,0.00,0.01,"Sitelinks, AI Overview, Video, Video carousel, People also ask, Related searches"
estj personality jobs,Commercial,40,90,"0.45,0.63,0.45,1.00,1.00,1.00,1.00,0.63,0.81,1.00,1.00,0.81",23,0.00,0.01,"Sitelinks, AI Overview, Video, People also ask, Discussions and forums, Related searches"
estj personality type celebrities,Informational,40,90,"0.79,0.49,0.49,1.00,1.00,0.79,0.64,0.49,0.49,0.36,0.28,0.28",18,0.00,0.33,"Sitelinks, AI Overview, Video, People also ask, Related searches"
estp and enfp,Informational,40,90,"1.00,0.81,1.00,1.00,1.00,0.81,0.81,0.81,1.00,0.62,0.62,0.81",6,0.00,0.33,"Sitelinks, AI Overview, Reviews, Video, Video carousel, People also ask, Related searches"
estp and intp,Informational,36,90,"0.64,0.64,0.79,0.79,0.64,0.64,1.00,0.49,0.64,0.49,0.79,0.64",7,0.00,0.33,"Sitelinks, AI Overview, Reviews, Image pack, Video, People also ask, Related searches"
f vs t myers briggs,"Informational, Commercial",38,90,"1.00,0.66,0.49,0.66,0.80,0.80,0.80,0.66,0.49,0.34,0.49,0.49",22,0.00,0.33,"Sitelinks, AI Overview, Image pack, Video, Video carousel, People also ask, Related searches"
famous enneagram 1,Informational,58,90,"0.81,0.63,0.81,1.00,0.63,1.00,0.63,0.81,0.63,0.63,0.81,0.63",14,0.00,0.33,"Sitelinks, AI Overview, Image pack, Video, People also ask, Related searches"
famous enneagram 2,Informational,55,90,"0.63,0.81,0.63,1.00,0.81,0.81,1.00,0.63,1.00,0.63,0.63,0.81",18,0.00,0.33,"Sitelinks, AI Overview, Video, People also ask, Related searches"
famous enneagram 5,Informational,57,90,"0.81,0.45,0.62,1.00,0.62,0.62,0.81,0.45,0.81,0.81,0.62,0.45",20,0.00,0.33,"Sitelinks, AI Overview, Image pack, Video, People also ask, Related searches"
famous enneagram 9,Informational,58,90,"0.81,0.81,0.81,0.81,0.81,1.00,0.81,0.62,1.00,0.81,0.81,0.81",17,0.00,0.33,"Sitelinks, AI Overview, Video, Video carousel, People also ask, Related searches"
famous intj women,Informational,31,90,"0.63,0.63,0.81,1.00,1.00,0.81,0.81,0.63,0.63,0.81,0.63,0.81",15,0.00,0.33,"Sitelinks, AI Overview, Image, Image pack, Video, Video carousel, People also ask, Related searches"
female entp,Informational,44,90,"0.52,1.00,0.52,0.14,0.33,0.19,0.19,0.33,0.14,0.14,0.23,0.23",18,0.00,0.00,"Sitelinks, AI Overview, Image, Image pack, Video, Video carousel, People also ask, Related searches"
find your type,"Informational, Commercial",37,90,"0.79,0.79,0.64,0.64,0.35,1.00,0.64,0.79,0.79,0.50,0.50,0.50",25,0.00,0.02,"Video, Related searches"
find your type quiz,Informational,37,90,"1.00,0.79,0.79,0.64,0.50,0.64,0.64,0.79,0.79,0.50,0.79,0.64",31,0.00,0.04,"Video, Related searches"
free enneagram test rheti,Informational,59,90,"1.00,1.00,0.49,0.64,0.64,0.64,0.49,0.36,0.49,0.49,0.49,0.49",28,1.09,0.70,"Video, People also ask, Related searches"
funny enneagram memes,Informational,47,90,"0.78,0.14,0.78,0.78,0.78,0.50,0.64,0.50,1.00,0.50,0.78,0.50",21,0.00,0.33,"Sitelinks, Image, Image pack, Video, Video carousel, Related searches"
gd mbti,Informational,45,90,"0.42,1.00,0.42,0.33,0.52,0.33,0.33,0.52,0.42,0.33,0.33,0.52",23,0.00,0.33,"Sitelinks, AI Overview, Image pack, Video, People also ask, Related searches"
good careers for enfj,Commercial,40,90,"1.00,1.00,0.79,0.79,0.64,0.49,0.28,0.28,0.64,0.36,0.49,0.49",20,0.04,0.01,"Sitelinks, AI Overview, Video, People also ask, Discussions and forums, Related searches"
guardian type personality,Informational,41,90,"0.62,0.62,0.62,0.62,0.82,1.00,0.82,0.62,0.82,1.00,1.00,1.00",22,0.00,0.33,"AI Overview, Reviews, Image pack, Video, Video carousel, People also ask, Related searches"
harry potter characteristics,Informational,48,90,"0.00,0.02,1.00,0.00,0.00,0.14,0.00,0.02,0.00,0.00,0.00,0.00",20,1.38,0.33,"Sitelinks, AI Overview, Image, Image pack, Video, Video carousel, People also ask, Related searches"
head triad enneagram,Informational,62,90,"0.09,0.09,0.09,0.09,0.09,0.09,0.09,0.66,0.52,0.80,1.00,1.00",9,0.00,0.33,"Featured snippet, Sitelinks, Video, People also ask, Related searches"
healer myers briggs,Informational,40,90,"0.54,0.54,0.29,0.54,0.54,0.64,0.54,0.39,1.00,0.64,0.64,0.54",34,0.00,0.01,"Sitelinks, AI Overview, Video, People also ask, Related searches"
heart triad enneagram,Informational,51,90,"0.28,0.21,0.43,0.34,0.21,0.28,0.28,0.28,0.34,0.53,0.65,1.00",2,0.00,0.00,"Sitelinks, AI Overview, Video, Video carousel, People also ask, Related searches"
helen palmer enneagram,Informational,43,90,"1.00,0.62,0.76,0.76,0.48,0.48,0.62,0.62,0.21,0.48,0.62,0.62",18,0.72,0.63,"Sitelinks, Video, Video carousel, People also ask, Knowledge panel, Related searches"
helper enneagram,Informational,54,90,"0.29,0.52,0.29,0.23,0.41,1.00,0.29,0.23,0.23,1.00,1.00,0.52",15,0.23,0.09,"Sitelinks, AI Overview, Reviews, Image pack, Video, Video carousel, People also ask, Related searches"
high i personality,Informational,39,90,"0.50,0.35,0.50,0.79,1.00,0.64,1.00,0.50,0.64,0.64,0.64,0.50",13,0.55,0.13,"AI Overview, Image pack, Video, Video carousel, People also ask, Related searches"
hillary clinton mbti,Informational,45,90,"0.49,0.64,0.49,0.64,0.49,0.79,0.79,0.36,0.36,0.79,1.00,0.49",10,0.00,0.33,"Sitelinks, AI Overview, Image pack, People also ask, Related searches"
how do you pronounce enneagram,Informational,54,90,"1.00,0.83,0.61,1.00,0.83,0.83,0.83,0.61,1.00,0.83,1.00,0.83",19,0.00,0.33,"AI Overview, Video, People also ask, Related searches"
how many enneagram types are there,Informational,71,90,"0.78,1.00,0.78,0.78,0.13,0.63,0.63,0.35,0.63,0.50,0.63,0.78",25,0.54,0.03,"Sitelinks, AI Overview, Image pack, Video, Short videos, People also ask, Related searches"
how rare is enfj,Informational,44,90,"0.52,0.52,0.41,0.64,0.52,1.00,0.82,0.41,0.52,0.52,0.52,0.64",20,0.00,0.33,"Sitelinks, AI Overview, Image pack, Video, People also ask, Related searches"
how rare is entp,Informational,36,90,"0.50,0.50,0.35,0.63,0.50,0.50,0.63,0.35,0.63,1.00,0.78,0.50",29,0.00,0.33,"Sitelinks, AI Overview, Video, People also ask, Related searches"
how rare is infp-t female,Informational,32,90,"0.00,0.50,0.35,1.00,1.00,0.64,0.35,0.78,1.00,0.50,1.00,0.78",31,0.00,0.33,"Sitelinks, AI Overview, Video, Video carousel, People also ask, Related searches"
how rare is my type,Informational,58,90,"1.00,1.00,0.82,0.64,0.45,0.82,0.64,0.64,1.00,0.82,0.64,0.64",27,0.00,0.33,"Sitelinks, Video, Related searches"
how to find your type,Informational,41,90,"0.81,0.62,0.81,0.81,0.81,1.00,1.00,0.62,0.62,0.62,0.62,0.81",34,0.37,0.06,"Sitelinks, Reviews, Video, People also ask, Related searches"
humanmetrics com personality test,"Navigational, Transactional",35,90,"0.33,0.33,0.23,1.00,0.42,0.42,0.33,0.23,0.33,0.33,0.42,0.33",23,1.12,0.19,"Video, Related searches"
infj - 9w1,Informational,44,90,"1.00,0.83,0.83,0.65,0.83,0.83,0.00,0.53,0.00,0.00,0.83,0.00",6,0.00,0.33,"Sitelinks, AI Overview, Video, People also ask, Related searches"
infj 2w3,Informational,47,90,"1.00,1.00,1.00,1.00,1.00,1.00,0.62,0.82,1.00,0.82,1.00,0.62",0,0.00,0.33,"Sitelinks, AI Overview, Image, Image pack, Video, People also ask, Related searches"
infj 6w7,Informational,46,90,"1.00,0.64,1.00,0.81,0.81,0.64,0.81,0.64,0.64,0.81,0.81,0.81",8,0.00,0.33,"Sitelinks, AI Overview, Image pack, Video, People also ask, Related searches"
infj entj,Informational,46,90,"0.42,0.26,0.34,0.34,0.26,1.00,0.34,0.34,0.26,0.26,0.26,0.19",9,0.00,0.33,"Sitelinks, AI Overview, Image pack, Video, Video carousel, Short videos, People also ask, Knowledge panel, Related searches"
infj entj compatibility,Informational,42,90,"1.00,0.78,1.00,0.78,1.00,1.00,1.00,0.78,0.78,0.78,0.78,0.78",8,0.00,0.33,"Sitelinks, AI Overview, Image pack, Video, People also ask, Related searches"
infj personality database,Navigational,39,90,"1.00,0.58,0.83,0.58,0.83,0.83,1.00,0.83,0.83,0.83,0.58,1.00",26,0.00,0.33,"Image pack, Video, People also ask, Related searches"
infj subtypes,Informational,59,90,"0.50,0.79,0.64,0.64,0.64,0.64,0.64,1.00,0.64,0.64,0.79,0.64",2,0.00,0.01,"Sitelinks, AI Overview, Image pack, Video, People also ask, Related searches"
infp a vs infp t,"Informational, Commercial",35,90,"1.00,0.79,0.64,0.79,0.79,0.21,0.79,0.64,0.64,0.00,0.50,0.06",22,0.00,0.01,"Sitelinks, AI Overview, Video, Video carousel, People also ask, Related searches"
infp a vs t,Commercial,35,90,"0.64,0.82,0.82,0.64,1.00,0.64,0.82,0.82,0.82,0.64,0.82,1.00",27,0.00,0.01,"Sitelinks, AI Overview, Video, Video carousel, People also ask, Related searches"
infp adhd,Informational,39,90,"0.81,0.81,0.81,1.00,0.63,0.81,0.81,1.00,0.63,0.63,1.00,0.81",24,0.00,0.33,"Sitelinks, AI Overview, Image pack, Video, People also ask, Discussions and forums, Related searches"
infp and adhd,Informational,35,90,"0.64,0.64,0.64,1.00,0.64,1.00,0.81,0.81,0.81,0.64,0.81,0.81",23,0.00,0.33,"Sitelinks, People also ask, Related searches"
infp bf,Informational,39,90,"0.80,1.00,1.00,0.47,0.67,0.80,0.80,0.80,0.47,0.47,0.47,0.47",13,0.00,0.33,"Sitelinks, AI Overview, Image pack, Video, Video carousel, People also ask, Related searches"
infp careers to avoid,"Informational, Commercial",31,90,"1.00,0.82,0.64,1.00,1.00,1.00,0.64,0.64,0.82,0.82,0.64,0.64",16,0.00,0.33,"Sitelinks, AI Overview, Video, People also ask, Related searches"
infp characters personality database,"Informational, Transactional",33,90,"0.02,0.02,0.02,1.00,0.02,0.02,0.02,0.02,0.02,0.02,0.02,0.04",27,0.00,0.33,"Sitelinks, Image pack, Video, People also ask, Related searches"
infp entp,Informational,43,90,"1.00,0.79,0.79,0.64,0.64,0.64,0.64,0.49,0.49,0.49,0.49,0.49",11,0.00,0.33,"Sitelinks, AI Overview, Image pack, Video, Video carousel, People also ask, Related searches"
infp facts,Informational,38,90,"0.65,0.52,0.65,0.52,1.00,0.65,0.52,0.40,0.52,0.40,0.40,0.52",26,0.00,0.33,"Sitelinks, AI Overview, Reviews, Video, People also ask, Related searches"
infp personality database,Informational,33,90,"0.83,0.58,0.83,0.83,0.83,1.00,1.00,0.58,0.58,0.58,0.58,0.83",31,0.00,0.33,"Sitelinks, Image pack, Video, People also ask, Related searches"
infp personality jobs,Commercial,35,90,"0.78,0.48,0.65,0.78,0.26,0.78,0.13,0.48,1.00,0.78,0.78,0.04",27,0.00,0.02,"Sitelinks, AI Overview, Video, Video carousel, People also ask, Related searches"
infp t vs a,"Informational, Commercial",35,90,"0.82,0.64,1.00,0.82,1.00,0.82,0.82,0.82,1.00,0.82,1.00,0.82",27,0.00,0.02,"Sitelinks, AI Overview, Video, People also ask, Related searches"
infp woman,Informational,36,90,"0.49,1.00,0.65,0.49,0.65,0.79,0.65,0.65,0.35,0.79,0.79,1.00",21,0.00,0.33,"Sitelinks, AI Overview, Image, Image pack, Video, People also ask, Related searches"
international enneagram association,Navigational,54,90,"0.52,0.52,1.00,0.65,0.40,0.40,0.52,0.40,0.52,0.52,0.52,0.65",25,0.00,0.01,"Video, Short videos, People also ask, Knowledge panel, Related searches"
intj a vs t,Commercial,37,90,"0.64,0.82,1.00,0.82,0.82,0.64,0.82,0.64,0.64,0.64,0.82,0.45",26,0.00,0.01,"Sitelinks, AI Overview, Video, People also ask, Related searches"
intj and adhd,Informational,35,90,"1.00,1.00,0.81,0.81,1.00,1.00,0.81,0.64,0.64,0.64,1.00,0.81",2,0.00,0.33,"Sitelinks, AI Overview, Image pack, People also ask, Related searches"
intj career choices,"Informational, Commercial",32,90,"0.64,0.81,0.45,1.00,0.81,1.00,0.81,0.64,0.64,0.64,1.00,0.64",24,0.82,0.03,"Sitelinks, AI Overview, Video, People also ask, Related searches"
intj cognitive stack,Informational,34,90,"0.29,0.35,0.50,0.21,0.79,0.79,0.50,1.00,0.79,0.64,0.64,0.79",26,0.00,0.33,"Sitelinks, AI Overview, Video, Video carousel, People also ask, Related searches, Things to know"
intj compatible personality types,Informational,41,90,"1.00,0.58,0.58,0.58,0.42,0.42,0.58,0.42,0.42,0.42,0.17,0.17",20,0.00,0.00,"Sitelinks, AI Overview, Image pack, Video, People also ask, Related searches"
intj man,Informational,35,90,"0.41,0.82,1.00,0.41,0.41,1.00,0.64,0.64,0.41,0.29,0.41,0.41",23,0.00,0.33,"Sitelinks, AI Overview, Video, People also ask, Related searches"
intj match,Informational,33,90,"1.00,1.00,0.82,0.82,0.82,0.61,0.82,0.61,0.82,0.43,0.61,0.61",19,0.00,0.33,"Sitelinks, AI Overview, Image pack, Video, People also ask, Related searches"
intj personality jobs,"Informational, Commercial",35,90,"0.52,0.41,0.52,0.82,1.00,0.41,0.29,0.41,0.52,0.52,0.41,0.52",26,0.00,0.01,"Sitelinks, AI Overview, Video, People also ask, Related searches"
intj personality people,Informational,43,90,"0.48,0.48,0.34,0.62,1.00,0.62,0.76,0.48,0.48,1.00,0.76,0.76",20,0.00,0.01,"Sitelinks, AI Overview, Image, Video, Video carousel, People also ask, Related searches"
intj personality type rare,Informational,43,90,"0.50,0.50,0.64,0.64,0.50,1.00,0.78,0.64,0.64,0.64,0.78,0.78",25,0.00,0.33,"Sitelinks, AI Overview, Image pack, Video, Video carousel, Short videos, People also ask, Related searches"
intj quiz,Informational,39,90,"0.81,0.64,0.81,1.00,0.81,1.00,0.81,0.81,0.64,1.00,0.81,0.45",20,0.34,0.60,"Sitelinks, Video, People also ask"
intj strengths,Informational,37,90,"0.65,0.35,0.49,0.79,1.00,0.49,0.49,0.49,0.65,0.49,0.49,0.65",24,0.00,0.01,"Sitelinks, AI Overview, Reviews, Video, Video carousel, People also ask, Related searches"
intj subtypes,Informational,42,90,"1.00,0.63,0.44,0.63,0.81,0.63,0.81,0.81,1.00,0.81,1.00,0.81",20,0.00,0.33,"Sitelinks, AI Overview, Image pack, Video, Video carousel, People also ask, Related searches"
intj是什么人格,Informational,43,90,"0.04,0.66,0.04,0.09,0.04,0.09,0.66,1.00,0.52,0.80,0.42,0.52",34,0.00,0.01,"Sitelinks, AI Overview, Video, People also ask, Related searches"
intj성격,Informational,32,90,"0.00,0.00,0.00,0.00,0.00,1.00,1.00,0.82,0.00,0.82,1.00,0.82",20,0.00,0.00,"AI Overview, Video, People also ask, Related searches"
intp character,Informational,38,90,"0.08,0.62,0.23,0.23,0.00,1.00,0.08,0.08,0.00,0.08,0.23,0.23",32,0.29,0.02,"Sitelinks, AI Overview, Image, Image pack, Video, Video carousel, People also ask, Related searches"
intp function,Informational,32,90,"0.63,0.81,1.00,1.00,0.81,1.00,0.44,0.44,0.63,0.63,0.63,0.63",26,0.00,0.33,"Sitelinks, AI Overview, Video, Video carousel, People also ask, Related searches"
intp meaning personality,Informational,40,90,"0.64,0.64,0.81,0.81,1.00,0.81,0.81,0.81,0.64,0.64,0.64,0.64",31,0.00,0.02,"Sitelinks, AI Overview, Video, Video carousel, People also ask, Discussions and forums, Related searches"
intp personality famous,Informational,35,90,"0.64,0.64,0.81,1.00,0.81,1.00,0.81,0.64,0.81,0.64,1.00,0.81",14,0.00,0.33,"Sitelinks, AI Overview, Video, People also ask"
intp quiz,Informational,37,90,"0.81,0.81,1.00,1.00,0.81,0.81,1.00,0.81,0.62,0.62,0.62,0.81",23,0.23,0.50,"Sitelinks, Video, People also ask, Related searches, Ads top"
intp-t characteristics,Informational,35,90,"0.00,0.00,0.00,0.00,0.00,1.00,0.00,0.43,0.00,0.66,0.82,0.82",30,0.00,0.33,"Sitelinks, AI Overview, Reviews, Video, People also ask, Related searches"
iq and mbti,Informational,37,90,"1.00,0.64,1.00,0.81,0.81,1.00,1.00,1.00,0.81,0.81,0.64,0.81",19,0.00,0.02,"Sitelinks, AI Overview, Image pack, Video, Video carousel, People also ask, Related searches"
iq mbti,Informational,37,90,"0.63,0.50,0.63,0.78,0.78,1.00,0.78,0.78,0.63,0.63,0.63,0.63",20,0.00,0.02,"Sitelinks, AI Overview, Image pack, Video, Video carousel, People also ask, Related searches"
iq myers briggs,Informational,38,90,"1.00,0.79,0.64,0.79,0.64,1.00,0.29,0.00,0.50,0.35,0.50,0.50",27,0.00,0.02,"Sitelinks, AI Overview, Image pack, Video, Video carousel, People also ask, Related searches"
is en a suffix,Informational,45,90,"0.13,0.13,0.13,0.13,0.78,1.00,1.00,0.48,0.78,0.78,0.65,0.78",27,0.00,0.33,"Sitelinks, AI Overview, Reviews, Video, Video carousel, People also ask, Related searches"
is enfj rare,Informational,44,90,"0.09,0.09,1.00,0.09,0.52,0.52,0.66,0.42,0.52,0.42,0.42,0.52",21,0.00,0.33,"Sitelinks, AI Overview, Video, Video carousel, People also ask, Related searches"
isfj personality characters,Informational,41,90,"0.81,0.64,0.81,1.00,1.00,0.81,0.81,0.64,0.81,0.81,0.81,0.81",27,0.00,0.33,"Sitelinks, AI Overview, Image, Video, People also ask, Related searches"
isfj personality quiz,Informational,42,90,"0.64,0.79,0.36,0.64,0.79,0.64,0.64,0.49,1.00,0.79,0.79,0.79",30,0.50,0.25,"Image pack, Video, Related searches, Ads bottom"
isfj rare,Informational,45,90,"0.81,0.64,0.81,0.81,0.64,0.64,0.64,1.00,0.81,0.64,0.64,0.81",34,0.00,0.33,"Sitelinks, AI Overview, Image pack, Video, People also ask, Related searches"
isfj rarity,Informational,45,90,"0.78,0.50,1.00,0.63,1.00,0.63,0.63,0.00,0.78,0.50,0.63,0.78",21,0.00,0.33,"Sitelinks, AI Overview, Image pack, Video, Video carousel, People also ask, Related searches"
isfj type,Informational,44,90,"0.81,0.81,0.64,0.81,1.00,0.81,0.81,1.00,0.81,0.81,0.81,0.64",27,0.00,0.33,"Sitelinks, AI Overview, Reviews, Image pack, Video, Short videos, People also ask, Related searches"
isfjs,Informational,41,90,"0.00,0.00,0.44,0.03,0.22,0.03,0.00,1.00,0.00,0.00,0.00,0.00",34,0.06,0.33,"Sitelinks, AI Overview, Image pack, Video, People also ask, Related searches"
isfp vs intj,Informational,33,90,"1.00,0.79,1.00,1.00,0.79,1.00,1.00,1.00,1.00,1.00,0.79,1.00",9,0.00,0.33,"Sitelinks, AI Overview, Image pack, Video, Video carousel, People also ask, Related searches"
isjf,Informational,36,90,"0.83,0.13,0.42,0.42,0.33,0.00,0.67,0.00,0.00,0.54,0.00,1.00",34,0.06,0.33,"Sitelinks, AI Overview, Reviews, Video, People also ask, Knowledge panel, Related searches, Things to know"
istfj,Informational,41,90,"0.00,0.00,0.00,0.00,0.00,1.00,0.00,0.00,0.00,0.15,0.00,0.00",28,0.13,0.33,"Sitelinks, AI Overview, Reviews, Image, Image pack, Video, Video carousel, People also ask, Related searches, Things to know"
istj personality quiz,Commercial,39,90,"1.00,0.45,0.64,0.82,0.82,1.00,0.64,0.64,0.82,0.64,0.82,0.64",20,0.57,0.37,"Sitelinks, Video, People also ask, Discussions and forums, Related searches, Ads top, Ads bottom"
istj vs enfp,Informational,43,90,"1.00,0.63,0.81,1.00,1.00,0.81,0.81,0.81,0.81,0.63,0.63,0.81",6,0.00,0.33,"Sitelinks, AI Overview, Image pack, Video, Video carousel, People also ask"
istj 여자 특징,Informational,29,90,"0.81,0.44,0.63,0.63,0.81,0.63,1.00,0.63,0.81,0.44,1.00,0.63",15,0.00,0.33,"AI Overview, Video, Video carousel, People also ask, Discussions and forums, Related searches"
istp and esfj,Informational,38,90,"0.82,0.64,1.00,0.82,0.82,0.82,0.45,0.64,0.64,0.45,0.82,0.64",6,0.00,0.33,"Sitelinks, AI Overview, Video, People also ask, Related searches"
istp test,Informational,34,90,"0.81,0.64,0.81,0.81,0.81,1.00,1.00,0.64,0.64,0.81,0.81,0.81",31,0.25,0.49,"Sitelinks, Video, Video carousel, People also ask, Related searches"
jhope mbti,Informational,45,90,"0.43,1.00,0.52,0.43,0.32,0.43,0.23,0.32,0.32,0.32,0.52,0.82",12,0.00,0.33,"Sitelinks, AI Overview, Image, Image pack, Video, People also ask"
jobs for campaigner personality,Commercial,31,90,"0.50,0.35,0.35,1.00,1.00,0.50,0.50,0.50,0.50,0.35,0.50,0.63",26,0.00,0.33,"Sitelinks, AI Overview, Video, People also ask, Discussions and forums, Related searches"
jobs for enfp t,"Informational, Commercial",35,90,"1.00,0.45,0.82,0.64,0.82,1.00,0.82,0.45,0.64,0.64,1.00,0.64",23,0.05,0.01,"Sitelinks, AI Overview, Video, Video carousel, People also ask, Related searches"
jung function test,Informational,37,90,"0.00,1.00,0.00,0.00,0.00,0.00,0.00,0.00,0.00,0.00,0.00,0.00",14,0.46,0.21,"Sitelinks, AI Overview, Reviews, Video, Video carousel, Related searches"
keys2cognition mbti,Informational,45,90,"0.79,1.00,0.79,0.64,0.64,0.64,0.79,0.50,0.64,0.36,0.50,0.64",16,0.00,0.02,"Sitelinks, Video, Related searches"
leader mbti,Informational,34,90,"0.02,0.00,0.02,0.02,1.00,0.00,0.00,0.00,0.00,0.35,0.29,0.22",14,0.00,0.33,"Sitelinks, AI Overview, Image pack, Video, Video carousel, People also ask, Related searches"
life path 4 and 5 compatibility,Informational,60,90,"0.45,0.64,0.82,1.00,0.64,1.00,0.82,0.82,1.00,0.64,0.64,0.64",25,0.00,0.33,"Sitelinks, AI Overview, Reviews, Video, People also ask, Related searches"
life path 6 and 9 compatibility,Informational,57,90,"0.63,0.63,0.50,0.50,0.78,0.63,0.78,0.63,0.78,0.63,0.63,1.00",20,0.00,0.33,"Sitelinks, AI Overview, Reviews, Video, People also ask, Related searches"
m v t i,Informational,45,90,"0.17,0.00,0.23,0.28,0.17,0.28,0.12,0.07,0.02,0.12,1.00,0.17",25,0.26,0.16,"Reviews, Video, Short videos, People also ask, Knowledge panel"
mario mbti,Informational,45,90,"0.35,0.42,0.42,0.18,0.26,0.26,0.35,0.18,0.26,0.26,0.26,1.00",11,0.00,0.33,"Sitelinks, Image, Image pack, Video, People also ask, Related searches"
mastermind mbti,Informational,40,90,"0.50,0.63,0.50,0.63,0.63,0.63,0.50,0.35,1.00,0.63,0.63,0.50",15,0.00,0.01,"Sitelinks, AI Overview, Image pack, Video, Video carousel, People also ask, Related searches"
mbti a vs t,Informational,35,90,"0.78,0.78,1.00,0.78,0.63,0.63,0.63,0.63,0.63,0.63,0.63,0.78",31,0.00,0.33,"Sitelinks, AI Overview, Reviews, Image, Image pack, Video, Video carousel, People also ask, Related searches"
mbti adhd,Informational,37,90,"0.62,0.62,0.62,1.00,0.62,1.00,0.81,0.81,0.62,0.62,0.62,0.62",24,0.94,0.02,"Sitelinks, AI Overview, Image pack, Video, People also ask, Related searches"
mbti as colors,Informational,34,90,"1.00,0.80,0.66,0.80,0.66,0.49,0.49,0.34,0.49,0.49,0.66,0.66",19,0.00,0.33,"Sitelinks, AI Overview, Image, Image pack, Video, Video carousel, People also ask, Related searches"
mbti as colours,Informational,34,90,"1.00,0.40,0.40,0.40,0.40,0.40,0.53,0.28,0.40,0.40,0.53,0.64",23,0.00,0.33,"Sitelinks, AI Overview, Image pack, Video, Video carousel, People also ask, Related searches"
mbti dichotomies,Informational,45,90,"0.35,0.50,1.00,0.64,0.79,0.64,0.64,0.64,0.50,0.50,0.50,0.79",33,0.00,0.33,"Sitelinks, AI Overview, Image, Image pack, Video, Related searches"
mbti fictional characters,Informational,33,90,"0.52,0.52,0.65,0.52,0.82,0.29,0.40,0.29,0.40,0.52,0.82,1.00",16,0.00,0.33,"Sitelinks, Image, Image pack, Video, Related searches"
mbti generator,Informational,36,90,"0.64,0.64,1.00,0.79,0.50,0.79,0.64,0.50,0.64,0.50,0.64,0.64",13,0.00,0.01,"Reviews, Video, Related searches"
mbti grid,Informational,40,90,"0.43,0.82,1.00,1.00,0.82,1.00,1.00,0.82,0.61,0.61,0.61,0.61",17,0.00,0.01,"Reviews, Image pack, Video, Video carousel, People also ask, Related searches"
mbti healer,Informational,42,90,"0.50,0.50,0.64,0.64,0.78,0.78,0.64,0.64,1.00,0.78,0.78,0.64",22,0.00,0.01,"Sitelinks, AI Overview, Image pack, Video, People also ask, Discussions and forums, Related searches"
mbti mastermind,Informational,41,90,"0.49,0.49,0.79,0.79,0.64,0.64,0.64,0.36,1.00,0.36,0.49,0.49",19,0.00,0.01,"Sitelinks, AI Overview, Image pack, Video, Video carousel, People also ask, Related searches"
mbti percentage of population,Informational,45,90,"0.52,0.80,0.33,0.33,0.66,1.00,0.42,0.33,0.33,0.33,0.33,0.23",14,0.00,0.33,"Sitelinks, AI Overview, Reviews, Image pack, Video, People also ask, Related searches"
mbti personality percentages,Informational,45,90,"0.64,0.45,0.64,1.00,1.00,1.00,0.81,0.81,0.64,0.64,0.64,0.64",33,0.00,0.33,"Sitelinks, AI Overview, Reviews, Image pack, Video, People also ask, Related searches"
mbti protector,Informational,41,90,"0.81,0.63,0.81,0.81,0.63,0.63,1.00,0.63,0.81,0.63,0.63,0.63",13,0.00,0.01,"AI Overview, Reviews, Image pack, Video, Video carousel, People also ask, Discussions and forums, Related searches"
mbti rank,Informational,45,90,"0.82,1.00,0.64,0.64,0.82,0.64,0.64,0.82,0.82,1.00,0.82,1.00",19,0.00,0.33,"Sitelinks, AI Overview, Image pack, Video, People also ask, Related searches"
mbti ranking,Informational,37,90,"1.00,1.00,0.81,0.81,0.81,0.81,0.64,0.64,0.81,1.00,0.81,1.00",26,0.00,0.33,"Sitelinks, AI Overview, Image pack, Video, Video carousel, People also ask, Related searches"
mbti s and n,Informational,38,90,"0.64,0.81,0.64,0.81,0.81,1.00,1.00,0.81,0.81,0.64,0.64,0.81",20,0.00,0.33,"Sitelinks, AI Overview, Image pack, Video, Video carousel, People also ask, Related searches"
mbti subtypes,Informational,44,90,"0.63,0.63,0.75,0.75,0.75,0.63,0.63,0.75,0.63,0.75,1.00,0.75",15,0.00,0.33,"Sitelinks, AI Overview, Image pack, Video, Video carousel, People also ask, Related searches"
mbti table,Informational,35,90,"1.00,0.81,0.81,0.81,0.81,0.63,0.81,0.63,1.00,0.81,0.63,0.63",32,0.00,0.33,"Image, Image pack, Video, Video carousel, People also ask, Related searches"
mbti temperaments,Informational,40,90,"0.82,0.64,1.00,0.82,0.64,0.82,0.64,0.82,0.64,0.64,0.82,0.82",21,0.00,0.33,"Featured snippet, Sitelinks, Image pack, Video, People also ask, Discussions and forums, Related searches"
mbti test john,Informational,36,90,"0.52,0.65,1.00,0.40,0.40,0.11,0.23,0.40,0.65,0.40,0.65,0.40",26,0.00,0.01,"Sitelinks, Video, Video carousel, People also ask, Related searches"
mbti type distribution,Informational,45,90,"0.50,0.50,0.50,0.50,1.00,0.79,0.79,0.50,0.64,0.64,0.79,0.79",30,0.00,0.33,"Sitelinks, AI Overview, Image pack, Video, People also ask, Related searches"
mbti type rarity,Informational,45,90,"0.00,0.02,0.02,1.00,0.00,0.00,0.00,0.00,0.00,0.00,0.02,0.00",20,0.69,0.33,"Sitelinks, AI Overview, Image pack, Video, People also ask, Related searches"
mbti type table,Informational,38,90,"0.81,1.00,1.00,1.00,0.81,0.64,0.81,0.64,0.81,0.81,0.81,0.64",11,0.00,0.33,"Sitelinks, AI Overview, Reviews, Image pack, Video, Related searches"
mbti what is it,Informational,38,90,"0.14,0.78,0.78,0.14,0.78,0.78,0.64,1.00,0.50,0.78,0.78,0.78",29,0.80,0.05,"Sitelinks, AI Overview, Video, People also ask, Related searches"
mbti 主人公,Informational,33,90,"0.79,0.79,0.35,0.50,0.64,0.79,0.64,1.00,0.64,0.35,0.50,0.50",16,0.00,0.33,"AI Overview, Image pack, Video, People also ask, Related searches"
mbti 빠른 검사,Informational,32,90,"0.65,1.00,0.65,0.49,0.79,0.65,0.65,0.49,0.35,0.35,0.35,0.35",27,0.00,0.03,"Image pack, Video, Related searches"
mbti测试免费,Informational,33,90,"0.53,0.43,0.53,0.65,0.28,0.00,0.21,0.00,0.00,0.53,0.00,1.00",33,0.79,0.32,"Video, Related searches"
most common personality type mbti,Informational,39,90,"1.00,0.79,0.64,0.49,0.79,1.00,0.28,0.49,0.36,0.36,0.49,0.49",21,0.00,0.33,"Sitelinks, AI Overview, Reviews, Video, Video carousel, People also ask, Related searches"
most rare personality types,Informational,58,90,"0.00,0.36,0.00,0.53,0.00,0.17,0.10,0.05,0.00,1.00,0.43,0.53",30,0.00,0.01,"Sitelinks, AI Overview, Image, Image pack, Video, People also ask, Related searches"
myer briggs debater,Informational,39,90,"1.00,0.40,0.52,0.65,0.65,0.65,0.52,0.52,0.52,0.40,0.65,0.40",31,0.00,0.01,"Image pack, Video, Short videos, People also ask, Related searches"
myers briggs adhd,Informational,40,90,"0.78,0.50,0.35,1.00,0.64,0.78,0.64,0.78,0.64,0.50,0.64,0.64",30,0.00,0.01,"Sitelinks, AI Overview, Image pack, Video, People also ask, Related searches"
myers briggs disc test,Informational,38,90,"0.33,0.23,0.23,0.33,0.33,0.23,0.33,0.33,0.33,0.33,1.00,0.42",14,1.12,0.04,"Sitelinks, AI Overview, Reviews, Image pack, Video, Video carousel, People also ask"
myers briggs f vs t,Informational,36,90,"1.00,0.45,0.45,1.00,0.81,1.00,1.00,1.00,1.00,0.81,1.00,0.81",26,0.00,0.33,"Sitelinks, AI Overview, Image pack, Video, Video carousel, People also ask, Related searches"
myers briggs mastermind,Informational,45,90,"0.64,0.64,0.79,0.79,0.64,0.64,0.50,0.35,1.00,0.50,0.50,0.50",23,0.00,0.01,"Sitelinks, AI Overview, Image pack, Video, People also ask, Related searches"
myers briggs personality percentages,Informational,52,90,"0.64,0.50,0.79,0.79,1.00,0.64,0.64,0.64,0.64,0.79,0.35,0.79",25,0.00,0.33,"Sitelinks, AI Overview, Image pack, Video, Video carousel, People also ask, Related searches"
myers briggs printable personality test,Commercial,38,90,"0.81,0.81,0.81,1.00,0.00,1.00,0.36,0.18,0.45,0.81,1.00,1.00",20,0.00,0.02,"Reviews, Video, Related searches"
myers briggs test español,Informational,36,90,"1.00,0.33,0.33,0.33,0.66,0.52,0.42,0.42,0.42,0.33,0.52,0.52",32,0.55,0.29,"Sitelinks, Video, Video carousel, People also ask, Related searches"
myers briggs test in chinese,Informational,32,90,"0.64,0.78,0.64,0.50,0.78,0.50,0.50,0.50,0.78,0.50,0.50,1.00",20,0.81,0.04,"AI Overview, Video, People also ask, Related searches"
myers briggs test in spanish,Informational,45,90,"1.00,1.00,0.64,0.50,0.79,1.00,0.29,0.29,0.35,0.29,0.50,0.50",23,0.53,0.30,"AI Overview, Reviews, Video, People also ask, Related searches"
myers briggs the protector,Informational,43,90,"0.63,0.63,0.63,0.81,0.63,0.63,1.00,0.81,1.00,0.63,0.81,0.63",20,0.00,0.01,"Image pack, Video, People also ask, Discussions and forums, Related searches"
myers briggs vs enneagram,"Informational, Commercial",50,90,"0.82,0.62,0.82,1.00,1.00,1.00,0.82,0.44,0.82,0.82,0.82,1.00",18,0.00,0.33,"Sitelinks, AI Overview, Reviews, Video, Video carousel, People also ask, Related searches"
myers briggs what do the letters stand for,Informational,41,90,"1.00,1.00,0.50,0.50,0.78,1.00,0.28,0.50,0.35,0.35,0.50,0.35",25,0.00,0.01,"Sitelinks, AI Overview, Video, Video carousel, People also ask, Related searches"
myers testing,Navigational,32,90,"0.15,0.19,0.26,0.53,0.42,0.42,0.26,0.34,0.19,0.26,0.34,1.00",21,0.77,0.32,"Sitelinks, AI Overview, Related searches"
mypersonality login,"Navigational, Transactional",34,90,"0.29,0.14,0.14,0.35,0.79,0.79,0.79,1.00,0.50,0.50,0.79,0.79",33,0.14,0.25,"Sitelinks, People also ask, Related searches"
n and s in mbti,Informational,37,90,"0.64,0.81,0.64,0.81,0.81,1.00,0.81,0.64,0.64,0.64,1.00,0.64",20,0.00,0.33,"Sitelinks, AI Overview, Image pack, Video, Video carousel, People also ask, Related searches"
n mbti,Informational,36,90,"1.00,0.52,0.29,0.82,0.29,1.00,0.41,0.52,0.52,0.82,0.52,0.64",17,0.00,0.33,"Sitelinks, AI Overview, Image pack, Video, Video carousel, People also ask, Related searches"
n myers briggs,Informational,40,90,"0.18,0.05,0.18,0.65,0.24,0.65,0.41,0.65,1.00,0.65,0.65,0.53",25,0.00,0.33,"Sitelinks, AI Overview, Image pack, Video, People also ask, Related searches"
number 3 enneagram,Informational,60,90,"0.41,0.41,0.41,1.00,0.64,0.64,0.41,0.41,0.41,0.41,0.41,0.41",22,0.37,0.04,"AI Overview, Reviews, Video, Video carousel, People also ask, Related searches"
opposite of infj,Informational,39,90,"1.00,0.63,0.81,0.81,0.63,1.00,0.81,0.63,0.63,0.81,0.81,0.81",13,0.00,0.33,"Sitelinks, AI Overview, Image pack, Video, Video carousel, People also ask, Related searches"
p myers briggs,Informational,38,90,"0.21,0.08,0.13,0.67,0.25,1.00,0.25,0.00,0.33,0.25,0.08,0.13",31,0.75,0.01,"Sitelinks, AI Overview, Reviews, Image pack, Video, Video carousel, People also ask, Related searches"
people intp,Informational,38,90,"0.66,0.09,0.04,1.00,1.00,0.42,0.52,0.66,0.09,0.00,0.04,0.04",30,0.00,0.33,"Sitelinks, AI Overview, Video, Video carousel, People also ask, Related searches"
people with enfj,Informational,48,90,"1.00,1.00,0.42,1.00,0.83,0.83,0.83,0.58,1.00,1.00,1.00,0.83",21,0.00,0.33,"Sitelinks, AI Overview, Reviews, Image, Video, Video carousel, People also ask, Related searches"
people with infp personality,Informational,42,90,"0.09,0.09,0.09,1.00,0.52,0.52,0.52,0.09,0.30,0.30,0.30,0.09",34,0.00,0.01,"Sitelinks, Image, Image pack, Video, People also ask, Related searches"
people with intj personality,Informational,42,90,"0.62,0.48,0.34,0.76,0.76,0.28,0.76,0.48,0.48,0.48,0.62,1.00",32,0.00,0.01,"Sitelinks, AI Overview, Image, Image pack, Video, People also ask, Related searches"
personality assessment test answers,Informational,38,90,"0.78,0.14,0.14,0.14,0.14,0.78,0.78,1.00,1.00,0.78,0.64,0.78",30,0.00,0.33,"Sitelinks, AI Overview, Reviews, Video, Video carousel, People also ask, Related searches"
personality assessments for students,Informational,38,90,"0.64,0.50,0.35,0.78,0.78,0.78,0.50,0.50,0.64,0.50,0.50,1.00",27,0.75,0.05,"AI Overview, Reviews, Image pack, Video, People also ask, Related searches"
personality code,Informational,43,90,"0.78,0.50,0.50,1.00,1.00,0.78,0.64,0.64,0.78,0.64,0.64,0.78",23,0.29,0.12,"Sitelinks, AI Overview, Reviews, Image pack, Video, People also ask, Related searches"
personality db,Navigational,35,90,"0.00,0.29,1.00,0.82,0.82,0.65,0.06,0.53,0.18,0.29,0.65,0.65",25,0.00,0.33,"Sitelinks, Video, People also ask, Related searches"
personality graph,Informational,40,90,"0.81,0.62,0.45,0.81,0.81,0.81,0.81,0.81,0.81,1.00,1.00,0.81",20,0.00,0.01,"Sitelinks, Reviews, Image pack, Video, People also ask, Related searches"
personality questionnaire for students,Informational,35,90,"0.63,0.50,0.35,0.78,0.78,0.78,0.50,0.50,0.63,0.50,0.50,1.00",28,3.03,0.08,"AI Overview, Reviews, Video, Related searches"
personality quiz isfj,Informational,40,90,"0.63,0.78,0.35,0.63,0.78,0.63,0.63,0.50,1.00,0.78,0.78,0.78",24,0.34,0.30,"Video, Video carousel, People also ask, Related searches"
personality test answers,Informational,38,90,"0.79,0.14,0.14,0.14,0.14,0.79,0.79,1.00,1.00,0.79,0.64,0.79",23,0.00,0.33,"Sitelinks, AI Overview, Reviews, Image pack, Video, Video carousel, People also ask, Related searches"
personality test architect,Informational,35,90,"0.63,0.50,0.63,0.78,0.78,1.00,0.50,0.35,0.63,0.63,0.63,0.78",25,0.29,0.09,"Sitelinks, Reviews, Image pack, Video, People also ask, Discussions and forums, Related searches"
personality test briggs myers pdf,Informational,52,90,"0.42,0.52,0.19,0.33,0.42,0.42,0.09,0.04,0.52,0.33,0.42,1.00",21,1.05,0.08,"AI Overview, Reviews, Related searches"
personality test for team building free,Informational,35,90,"0.78,0.78,0.78,1.00,0.50,0.63,0.63,0.50,0.50,0.50,0.50,0.35",14,1.90,0.48,"Sitelinks, AI Overview, Video, Video carousel, People also ask, Related searches, Ads top, Ads middle"
personality test intp,Informational,41,90,"0.28,0.21,0.62,0.62,0.62,0.62,1.00,0.62,0.48,1.00,0.62,0.62",32,0.32,0.45,"Image pack, Video, Video carousel, People also ask, Discussions and forums, Related searches"
personality test using images,Informational,36,90,"0.40,1.00,0.83,0.40,0.83,0.83,0.29,0.40,0.40,0.29,0.40,0.29",20,1.01,0.03,"AI Overview, Reviews, Video, Video carousel, Related searches"
personality type 3,Informational,50,90,"0.42,0.19,0.26,0.42,0.42,0.42,0.26,0.19,0.26,1.00,0.34,0.26",20,0.42,0.03,"AI Overview, Reviews, Video, Video carousel, People also ask, Discussions and forums, Related searches"
personality type commonality,Informational,52,90,"0.49,0.36,0.64,0.49,0.64,1.00,0.79,0.64,0.49,0.36,0.79,0.28",25,0.00,0.01,"Sitelinks, AI Overview, Image, Video, Video carousel, People also ask, Related searches"
personality type einstein,Informational,46,90,"1.00,0.79,0.64,0.49,0.64,0.79,0.79,0.64,0.64,0.79,0.64,0.79",14,0.00,0.33,"Sitelinks, AI Overview, Reviews, Image pack, Video, Video carousel, People also ask, Related searches"
personality type n,Informational,43,90,"0.34,0.34,0.19,1.00,0.42,0.34,0.42,0.53,0.34,0.26,0.26,0.34",34,0.00,0.33,"Sitelinks, AI Overview, Image pack, Video, People also ask, Related searches"
personality type rareness,Informational,58,90,"0.21,1.00,0.64,0.64,0.54,0.29,0.18,0.64,0.64,0.39,0.54,0.00",31,0.00,0.33,"Sitelinks, AI Overview, Image, Image pack, Video, Video carousel, People also ask, Related searches"
personality type systems,Informational,42,90,"0.78,1.00,0.64,0.28,0.50,0.35,0.35,0.07,1.00,0.78,0.28,0.50",16,0.69,0.03,"Sitelinks, AI Overview, Reviews, Video, People also ask, Discussions and forums, Related searches"
personality type that always has to be right,Informational,36,90,"1.00,0.62,0.82,0.82,0.62,0.62,0.62,0.82,0.82,0.82,1.00,1.00",7,0.00,0.01,"Sitelinks, AI Overview, Video, Video carousel, People also ask, Related searches"
personality types common,Informational,39,90,"0.49,0.34,0.66,0.49,0.66,1.00,0.66,0.66,0.49,0.34,0.80,0.29",27,0.99,0.01,"Sitelinks, AI Overview, Reviews, Video, Video carousel, People also ask, Related searches"
personality typing systems,Informational,43,90,"0.78,1.00,0.64,1.00,0.50,0.35,0.35,0.35,1.00,0.35,0.50,0.50",25,0.69,0.03,"Sitelinks, AI Overview, Video, People also ask, Discussions and forums, Related searches"
personalitydatabased,Navigational,35,90,"1.00,0.80,0.50,0.60,0.60,0.60,0.60,0.50,0.60,0.50,0.60,0.80",33,0.00,0.33,"Sitelinks, Image, People also ask, Top stories, Related searches"
phainon mbti,Informational,45,90,"0.80,0.52,0.52,0.52,0.42,0.33,0.66,0.33,0.33,0.42,0.52,1.00",20,0.00,0.33,"Sitelinks, AI Overview, Image pack, Video, Video carousel, People also ask, Related searches"
picture personality tests,Informational,35,90,"0.00,1.00,0.65,0.65,0.53,0.65,0.53,0.41,0.53,0.83,0.83,0.83",17,0.82,0.05,"AI Overview, Reviews, Video, Video carousel, Ads bottom, Ads middle"
printable briggs myers personality test,Informational,38,90,"0.49,0.49,0.35,0.65,0.49,0.79,0.79,0.49,1.00,0.49,0.79,0.79",25,0.00,0.02,"AI Overview, Reviews, Video, People also ask, Related searches"
printable myers briggs personality test,Informational,36,90,"0.82,0.82,0.82,1.00,0.82,1.00,0.82,0.82,1.00,0.82,1.00,0.61",19,0.00,0.02,"Reviews, Image pack, Video, People also ask, Related searches"
protector mbti,Informational,39,90,"0.78,0.64,1.00,0.78,0.50,0.64,0.64,0.64,1.00,0.64,0.64,0.50",28,0.00,0.01,"AI Overview, Reviews, Image pack, Video, People also ask, Discussions and forums, Related searches"
purple mbti,Informational,31,90,"0.78,0.78,0.78,0.63,1.00,0.63,0.63,0.50,0.63,0.50,0.78,1.00",20,0.00,0.33,"Sitelinks, Image pack, Video, People also ask, Related searches"
putin mbti,Informational,45,90,"0.50,0.50,0.75,0.75,0.63,0.50,0.63,0.50,1.00,0.50,0.50,0.38",17,0.00,0.33,"Sitelinks, AI Overview, Image pack, People also ask, Related searches"
rare 16 personality types,Informational,58,90,"0.64,1.00,0.64,0.64,0.78,0.64,0.50,0.35,0.35,0.50,0.78,0.64",29,0.00,0.33,"Sitelinks, AI Overview, Image, Image pack, Video, Video carousel, People also ask, Discussions and forums, Related searches"
rare enneagram,Informational,53,90,"0.43,1.00,0.43,0.32,0.52,0.52,0.18,0.43,0.43,0.32,0.52,0.43",17,0.00,0.33,"Sitelinks, AI Overview, Image pack, Video, People also ask, Related searches"
rare myers briggs personality,Informational,43,90,"1.00,0.66,0.43,0.43,0.66,0.66,0.19,0.32,0.32,0.32,0.32,0.43",29,0.00,0.01,"Sitelinks, AI Overview, Image, Video, Short videos, People also ask, Discussions and forums, Related searches"
rarest enneagram type and wing,Informational,59,90,"0.78,0.78,1.00,0.63,0.63,0.63,0.50,0.35,0.50,0.50,0.50,0.50",24,0.00,0.33,"Sitelinks, AI Overview, Image pack, Video, People also ask, Related searches"
real personality,Informational,34,90,"1.00,0.82,0.64,1.00,0.82,0.64,0.64,0.82,0.82,0.45,1.00,0.64",30,0.00,0.33,"Sitelinks, AI Overview, Video, Video carousel, People also ask, Related searches"
rheti test,Informational,45,90,"1.00,0.82,1.00,1.00,1.00,1.00,0.82,0.82,0.82,0.64,1.00,1.00",25,0.90,0.57,"Sitelinks, AI Overview, Reviews, Video, Video carousel, People also ask, Related searches"
riso hudson test,Informational,37,90,"0.79,0.79,0.49,0.64,0.49,0.64,0.36,0.36,1.00,0.79,1.00,0.36",23,1.00,0.51,"Sitelinks, AI Overview, Reviews, Video, Video carousel, People also ask, Related searches"
rm mbti,Informational,45,90,"0.33,0.52,0.42,0.33,0.33,0.33,0.33,0.33,0.52,0.33,0.66,1.00",10,0.00,0.33,"Sitelinks, AI Overview, Image, Image pack, Video, Video carousel, People also ask, Related searches"
romantic individualist,Informational,38,90,"0.53,0.29,0.24,0.29,0.65,1.00,1.00,0.41,1.00,0.41,0.11,0.11",8,0.00,0.33,"Sitelinks, AI Overview, Video, Video carousel, People also ask, Related searches"
rumi mbti,Informational,45,90,"0.11,1.00,0.64,1.00,0.64,0.64,0.64,0.29,0.23,0.23,0.23,0.52",7,0.00,0.33,"Sitelinks, Image, Image pack, Video, Video carousel, People also ask, Related searches"
s and n in mbti,Informational,38,90,"0.50,0.35,0.78,0.50,0.64,1.00,0.64,0.50,0.78,0.64,0.64,0.78",17,0.00,0.33,"Sitelinks, AI Overview, Image pack, Video, People also ask, Related searches"
s and n mbti,Informational,37,90,"0.49,0.36,0.49,1.00,0.49,0.79,0.64,0.49,0.79,0.49,0.49,0.64",17,0.00,0.33,"Sitelinks, AI Overview, Image pack, Video, Video carousel, People also ask, Related searches"
se mbti,Informational,45,90,"0.62,1.00,0.82,1.00,0.62,0.82,0.82,0.82,0.62,0.82,0.82,0.82",11,0.00,0.33,"Sitelinks, AI Overview, Image pack, Video, Video carousel, People also ask, Related searches"
self preservation 8,Informational,35,90,"0.79,0.49,0.64,0.64,0.64,0.36,0.64,0.79,0.49,0.79,1.00,1.00",7,0.00,0.33,"Sitelinks, Image, Video, Video carousel, People also ask, Discussions and forums, Related searches"
sexual 6 enneagram,Informational,51,90,"0.15,0.33,0.15,0.21,0.15,0.15,0.12,0.06,0.27,1.00,0.33,0.33",20,0.76,0.46,"Sitelinks, AI Overview, Video, Video carousel, People also ask, Related searches"
sexual three,Informational,33,90,"0.66,0.53,1.00,0.53,0.53,0.53,0.23,0.19,0.43,0.13,0.19,0.32",14,0.00,0.33,"Sitelinks, AI Overview, Video, Video carousel, People also ask, Related searches"
short personality test mbti,Informational,35,90,"0.50,0.50,0.50,0.50,0.50,1.00,1.00,0.64,1.00,0.50,0.64,0.50",31,0.62,0.51,"Sitelinks, Reviews, Video, Related searches"
si mbti,Informational,45,90,"1.00,1.00,0.82,1.00,0.82,0.82,0.43,1.00,0.82,0.61,0.82,1.00",19,0.00,0.33,"Sitelinks, AI Overview, Image pack, Video, People also ask, Related searches"
simplified myers briggs type compatibility chart,Informational,39,90,"0.29,0.29,0.59,0.29,1.00,0.29,0.29,0.29,0.41,0.29,0.29,0.29",13,0.00,0.00,"Sitelinks, Image pack, Video, People also ask, Related searches"
social 2 enneagram,Informational,56,90,"0.40,0.52,0.40,0.52,0.52,0.40,0.40,0.40,0.40,0.82,0.82,1.00",10,0.00,0.33,"Sitelinks, AI Overview, Image pack, Video, People also ask, Related searches"
social 9 enneagram,Informational,58,90,"0.63,0.50,0.63,0.63,0.63,0.78,1.00,0.63,0.50,0.63,1.00,0.78",15,0.00,0.01,"Sitelinks, AI Overview, Image pack, Video, Video carousel, People also ask, Related searches"
social4,Informational,31,90,"0.78,0.78,0.64,1.00,0.64,0.50,0.64,0.50,0.64,0.50,0.78,0.64",0,0.00,0.33,"Sitelinks, AI Overview, Reviews, Video, Video carousel, People also ask, Related searches"
strengths personality test,Informational,35,90,"1.00,0.61,0.82,1.00,1.00,0.82,0.61,0.82,0.82,1.00,0.61,0.61",22,0.92,0.43,"Sitelinks, AI Overview, Reviews, Video, Discussions and forums, Related searches"
sua mbti,Informational,32,90,"0.06,0.53,0.34,0.34,0.06,0.34,0.34,0.06,0.15,0.15,0.21,1.00",24,0.00,0.33,"Sitelinks, Image pack, Video, People also ask, Related searches"
surrounded by idiots quiz,Informational,27,90,"0.64,0.64,0.64,1.00,0.41,0.64,0.29,0.29,0.29,0.23,0.29,0.11",9,0.72,0.36,"AI Overview, Reviews, Video, People also ask, Related searches"
suzanne stables,Informational,25,90,"0.00,1.00,0.00,0.00,0.81,0.00,0.00,0.00,0.00,0.65,1.00,0.00",5,0.48,0.04,"Reviews, Video"
sx 7 enneagram,Informational,49,90,"0.06,0.21,0.21,0.09,0.34,0.21,0.28,0.21,0.21,0.21,0.00,1.00",7,0.00,0.33,"Sitelinks, AI Overview, Video, People also ask, Discussions and forums, Related searches"
taesan mbti,Informational,45,90,"0.78,1.00,0.78,0.78,0.35,0.35,0.50,0.50,0.50,0.35,0.28,0.50",24,0.00,0.00,"AI Overview, Image pack, Video, Video carousel, People also ask, Related searches"
te mbti,Informational,45,90,"0.66,1.00,1.00,0.49,0.49,0.49,0.80,0.80,0.66,0.49,0.49,0.66",14,0.00,0.33,"Sitelinks, AI Overview, Image pack, Video, People also ask, Related searches"
tests like myers briggs,Informational,39,90,"1.00,0.64,0.64,0.81,0.64,0.81,0.64,0.64,0.64,0.64,0.64,0.64",32,1.30,0.30,"Sitelinks, AI Overview, Video, People also ask, Related searches"
the challenger personality type,Informational,56,90,"0.09,0.09,0.09,0.52,0.09,0.52,0.80,1.00,0.52,0.80,0.33,0.42",23,0.50,0.07,"Sitelinks, AI Overview, Reviews, Video, Video carousel, People also ask, Related searches"
the consul myers briggs,Informational,38,90,"1.00,0.17,0.17,0.64,0.64,1.00,0.64,0.81,1.00,0.64,0.36,0.45",33,0.05,0.03,"AI Overview, Reviews, Image, Image pack, Video, Video carousel, People also ask, Related searches"
the debater myers briggs,Informational,35,90,"0.64,0.81,0.64,1.00,1.00,1.00,0.81,0.81,0.81,0.64,0.45,0.64",25,0.00,0.03,"Sitelinks, Image pack, Video, Video carousel, Short videos, People also ask, Related searches"
the executive myers briggs,"Informational, Navigational",41,90,"0.81,0.81,1.00,0.81,0.81,0.81,0.63,0.63,0.63,0.63,0.63,0.44",27,0.00,0.01,"Sitelinks, Image, Image pack, Video, Video carousel"
the guardian personality type,Informational,41,90,"0.63,0.63,0.50,0.78,0.63,0.63,1.00,0.50,0.63,0.50,0.35,0.35",20,0.00,0.33,"Sitelinks, AI Overview, Reviews, Image pack, Video, Video carousel, People also ask, Related searches"
the peacemaker enneagram,Informational,54,90,"0.41,0.41,1.00,0.65,0.65,0.65,0.53,0.41,0.53,0.41,0.53,0.53",16,0.34,0.03,"Sitelinks, AI Overview, Image pack, Video, Video carousel, People also ask, Related searches, Ads bottom"
the sacred enneagram,Informational,44,90,"1.00,1.00,0.80,1.00,0.80,0.80,0.80,0.60,0.60,0.60,0.60,0.60",15,0.37,0.97,"Sitelinks, Video, People also ask, Knowledge panel, Discussions and forums, Related searches"
three enneagram,Informational,67,90,"0.79,1.00,0.79,0.47,0.63,0.79,0.63,0.47,0.47,0.47,0.47,0.63",23,0.00,0.03,"Sitelinks, Reviews, Image pack, Video, People also ask, Related searches"
ti mbti,Informational,45,90,"0.64,0.79,1.00,0.64,0.49,0.49,0.79,0.49,0.49,0.49,0.64,0.64",14,0.00,0.33,"Sitelinks, AI Overview, Image pack, Video, Video carousel, People also ask, Related searches"
till mbti,Informational,45,90,"0.11,0.64,0.64,0.64,0.64,0.64,0.41,0.41,0.17,0.29,0.29,1.00",19,0.00,0.33,"Sitelinks, AI Overview, Image pack, Video, Video carousel, People also ask, Related searches"
true colors personality assessment free,Informational,33,90,"1.00,1.00,1.00,0.64,0.81,0.81,0.81,0.00,1.00,0.64,0.64,1.00",31,0.86,0.25,"Reviews, Video, Related searches"
twitter mbti,Informational,45,90,"0.09,0.52,0.09,0.09,0.09,0.52,0.52,0.66,1.00,0.80,0.80,1.00",15,0.00,0.33,"Sitelinks, Video, People also ask, Related searches"
type 3 enegram,Informational,63,90,"0.00,0.00,0.00,0.00,0.00,0.66,1.00,0.07,0.17,0.00,0.66,0.10",27,0.53,0.01,"Sitelinks, AI Overview, Reviews, Image pack, Video, Video carousel, People also ask, Related searches, Things to know"
type 5 ennegram,Informational,65,90,"0.12,0.02,0.07,0.15,0.07,0.15,0.15,0.07,0.08,0.08,1.00,0.12",24,0.45,0.03,"AI Overview, Video, People also ask, Discussions and forums, Related searches, Things to know"
type 6 ennegram,Informational,58,90,"0.00,0.00,0.21,0.00,0.00,0.01,0.00,0.00,1.00,0.00,0.01,0.00",26,0.45,0.01,"Sitelinks, AI Overview, Reviews, Image pack, Video, People also ask, Related searches, Things to know"
type a or b personality quiz,Commercial,37,90,"0.52,0.17,0.04,0.09,0.13,0.09,0.43,1.00,0.83,0.17,0.52,1.00",25,0.42,0.52,"Video, Related searches"
type a or type b personality test free,Informational,34,90,"0.79,0.50,0.50,0.64,0.50,0.50,0.79,0.79,0.79,0.50,1.00,1.00",25,0.44,0.65,"Sitelinks, Video, Related searches"
type a type b type c personality test,Informational,38,90,"1.00,0.64,0.64,0.52,0.52,0.52,0.41,0.41,0.41,0.41,0.41,0.41",24,0.49,0.56,"Video, Discussions and forums, Related searches"
type c meaning personality,Informational,36,90,"0.64,0.11,0.41,0.64,0.52,0.11,0.64,0.82,0.82,1.00,0.52,0.64",31,0.00,0.01,"Sitelinks, AI Overview, Reviews, Image pack, Video, Video carousel, People also ask, Related searches"
type entp,Informational,42,90,"1.00,1.00,0.64,0.00,0.79,1.00,0.00,0.00,1.00,0.79,0.79,0.79",29,0.00,0.01,"Sitelinks, AI Overview, Video, People also ask, Related searches"
type i personality,Informational,41,90,"0.64,0.64,0.41,0.29,0.29,0.52,0.82,0.29,0.82,1.00,0.41,0.41",24,0.59,0.06,"Sitelinks, AI Overview, Reviews, Video, People also ask"
type s personality,Informational,39,90,"0.29,0.50,0.50,0.36,0.79,1.00,0.64,0.50,0.36,0.79,0.79,0.64",27,0.24,0.05,"Sitelinks, AI Overview, Image pack, Video, People also ask, Related searches"
type.c personality,Informational,33,90,"1.00,0.82,0.00,0.52,1.00,0.64,0.82,0.64,0.05,0.00,0.29,0.41",32,0.00,0.00,"Sitelinks, AI Overview, Video, Short videos, People also ask, Discussions and forums, Related searches"
typefinder,Navigational,33,90,"1.00,1.00,0.63,0.44,1.00,0.63,0.81,0.81,1.00,0.81,0.63,0.44",23,0.45,0.29,"Sitelinks, Video, People also ask, Related searches, Ads top, Ads bottom"
types of energy personality,Informational,39,90,"0.28,0.05,0.05,0.05,0.05,0.05,0.28,0.35,0.53,0.43,0.66,1.00",32,0.00,0.33,"Sitelinks, AI Overview, Image, Video, People also ask, Discussions and forums"
typology in psychology,Informational,37,90,"0.63,0.63,0.81,1.00,1.00,0.81,0.63,0.81,0.81,0.81,1.00,1.00",14,0.00,0.01,"Sitelinks, AI Overview, Video, People also ask, Related searches"
unhealthy 2 enneagram,Informational,57,90,"1.00,1.00,1.00,0.81,0.62,1.00,1.00,0.81,0.62,0.62,1.00,0.81",19,0.00,0.33,"Sitelinks, AI Overview, Image pack, Video, Video carousel, People also ask, Discussions and forums, Related searches"
unhealthy enneagram 3,Informational,57,90,"0.53,0.41,0.41,0.41,0.29,1.00,0.29,0.41,1.00,0.41,0.53,0.41",15,0.00,0.33,"Sitelinks, AI Overview, Image pack, Video, Video carousel, People also ask, Discussions and forums, Related searches"
unhealthy entp,Informational,39,90,"0.79,0.79,0.79,0.79,0.65,0.79,0.65,0.65,0.79,0.49,0.49,1.00",14,0.00,0.33,"Sitelinks, AI Overview, Image pack, Video, People also ask, Related searches"
w 5 4,Informational,57,90,"0.41,0.24,0.24,0.41,0.53,0.83,0.41,0.29,1.00,0.83,0.53,0.53",20,0.00,0.01,"Reviews, Video, Video carousel, People also ask, Related searches"
w8 w9,Informational,46,90,"1.00,0.64,0.79,0.64,0.64,0.36,0.64,0.49,0.64,1.00,0.79,0.64",29,1.24,0.08,"AI Overview, Reviews, Image, Image pack, Video, People also ask, Related searches"
weaknesses of esfj,Informational,39,90,"0.43,0.61,0.61,1.00,0.82,1.00,0.82,0.82,0.82,0.61,1.00,0.61",26,0.00,0.33,"Sitelinks, AI Overview, Video, Video carousel, People also ask, Related searches"
what are the letters in myers briggs,Informational,41,90,"0.50,0.35,0.35,0.78,1.00,0.78,0.78,0.78,0.64,0.50,0.50,0.50",29,0.42,0.11,"Sitelinks, AI Overview, Video, Related searches"
what does enfp personality type mean,Informational,48,90,"0.11,0.11,0.11,0.11,0.11,1.00,0.64,0.82,0.64,1.00,0.64,0.64",26,0.30,0.08,"Sitelinks, AI Overview, Reviews, Video, People also ask, Related searches"
what does the letters in mbti mean,Informational,39,90,"0.50,0.63,0.50,1.00,0.78,1.00,0.63,0.63,0.78,0.63,0.78,0.63",33,0.00,0.01,"Sitelinks, AI Overview, Video, People also ask, Related searches"
what does type c mean personality,Informational,35,90,"0.78,0.78,0.78,0.50,0.35,0.14,0.78,1.00,0.78,0.78,0.64,0.50",30,0.00,0.02,"Sitelinks, AI Overview, Reviews, Video, Short videos, People also ask, Related searches"
what enfp,Informational,46,90,"0.00,0.30,0.30,0.00,0.52,0.43,0.30,0.17,0.83,0.30,1.00,0.04",32,0.23,0.02,"AI Overview, Video, People also ask, Related searches"
what is a estj personality type,Informational,41,90,"0.14,0.14,0.14,0.78,0.78,0.78,0.78,0.14,0.78,0.78,1.00,0.78",22,0.47,0.11,"AI Overview, Reviews, Image pack, Video, People also ask, Discussions and forums, Related searches"
what is a mediator personality,Informational,36,90,"0.65,0.11,0.11,1.00,0.52,0.40,0.52,0.40,0.52,0.40,0.40,0.29",32,0.00,0.01,"Sitelinks, AI Overview, Video, People also ask, Related searches"
what is an enneagram 1,Informational,63,90,"0.13,0.13,0.78,0.78,0.78,0.78,0.78,0.13,1.00,0.50,0.63,0.50",23,0.33,0.25,"Sitelinks, AI Overview, Reviews, Video, Video carousel, People also ask, Related searches"
what is an enneagram 2,Informational,63,90,"0.50,0.50,0.63,0.63,0.63,0.78,1.00,0.50,1.00,0.78,0.78,0.78",20,0.31,0.07,"AI Overview, Reviews, Video, Video carousel, People also ask, Related searches"
what is an enneagram 5,Informational,62,90,"0.13,0.13,0.13,0.13,0.78,0.78,0.78,1.00,0.78,0.78,0.78,0.50",25,0.67,0.07,"AI Overview, Video, Video carousel, People also ask, Related searches, Ads bottom, Ads middle"
what is an enneagram 6,Informational,61,90,"0.50,0.64,0.64,0.78,0.78,0.64,0.78,0.64,1.00,0.78,0.78,0.78",24,0.22,0.11,"Sitelinks, AI Overview, Reviews, Video, Video carousel, People also ask, Related searches, Ads bottom, Ads middle"
what is an estj personality,Informational,41,90,"0.64,0.35,0.78,0.64,0.78,1.00,0.50,0.64,0.50,0.35,0.50,0.64",33,0.21,0.07,"AI Overview, Image pack, Video, Short videos, People also ask, Related searches"
what is enfj personality type,Informational,44,90,"0.41,0.41,0.29,0.11,0.65,1.00,0.65,0.83,0.65,0.65,0.65,0.53",33,0.31,0.09,"Sitelinks, AI Overview, Reviews, Video, People also ask, Related searches"
what is enneagram wing,Informational,58,90,"0.83,0.65,0.83,0.41,0.53,0.53,0.41,0.41,0.53,0.53,0.83,1.00",12,0.45,0.04,"Sitelinks, AI Overview, Image pack, Video, Video carousel, People also ask, Related searches"
what is esfj personality,Informational,42,90,"0.65,0.65,0.65,0.65,1.00,0.65,0.79,0.49,0.49,0.65,0.79,0.65",28,0.04,0.06,"Sitelinks, AI Overview, Video, People also ask, Related searches"
what is estj personality type,Informational,42,90,"0.11,0.11,0.11,1.00,0.64,0.64,0.64,0.11,0.64,0.64,0.81,0.64",31,0.47,0.11,"Sitelinks, AI Overview, Reviews, Video, Video carousel, People also ask, Related searches"
what is mediator personality,Informational,39,90,"1.00,0.11,0.11,0.65,0.52,0.40,0.52,0.40,0.52,0.40,0.40,0.29",33,0.00,0.01,"Sitelinks, AI Overview, Video, People also ask, Related searches"
what is the mediator personality type,Informational,38,90,"0.63,1.00,1.00,1.00,0.81,0.63,0.44,0.44,0.81,0.63,1.00,0.63",23,0.00,0.01,"Sitelinks, AI Overview, Reviews, Image pack, Video, Short videos, People also ask, Discussions and forums, Related searches"
what is the most common enneagram type,Informational,58,90,"0.40,0.53,0.40,0.64,0.40,0.53,0.53,0.40,1.00,0.53,0.64,0.81",16,0.41,0.02,"Sitelinks, AI Overview, Video, People also ask, Related searches"
what is the most common mbti type,Informational,39,90,"0.40,0.40,0.11,0.11,1.00,0.11,0.64,0.81,0.64,0.64,0.64,0.11",26,0.00,0.33,"Sitelinks, AI Overview, Video, People also ask, Related searches"
what is the most common myers briggs type,Informational,40,90,"0.64,0.64,0.64,0.64,0.81,0.81,1.00,0.17,1.00,1.00,0.81,0.64",17,0.00,0.01,"Sitelinks, AI Overview, Reviews, Video, Video carousel, People also ask, Related searches"
what is your persona quiz,Informational,33,90,"0.82,0.45,0.45,0.82,0.82,1.00,0.82,1.00,0.82,0.64,0.82,0.82",14,0.25,0.17,"Sitelinks, Video, People also ask, Related searches"
what type of am i quiz,Informational,36,90,"0.52,0.11,0.17,0.64,0.64,0.41,0.52,0.64,1.00,0.41,0.82,0.64",26,0.48,0.44,"Video, Related searches"
what type of person you are,Informational,34,90,"1.00,0.35,0.64,0.64,0.64,0.50,0.64,0.50,0.64,0.50,0.50,0.64",32,0.51,0.27,"Sitelinks, AI Overview, Reviews, Video, People also ask, Related searches"
what's my type test,Informational,36,90,"0.78,1.00,0.65,0.65,0.65,0.78,0.00,0.78,0.78,0.78,0.78,0.48",18,0.61,0.04,"Video, Related searches"
whats an intj,Informational,43,90,"0.28,0.28,0.28,0.28,0.23,0.00,0.10,0.00,1.00,0.00,0.00,0.82",27,0.31,0.03,"Sitelinks, AI Overview, Video, People also ask, Related searches"
whats my type test,Informational,41,90,"0.33,0.66,1.00,0.24,0.14,0.14,0.66,0.14,0.19,0.19,0.53,0.43",17,0.61,0.04,"Video, Video carousel, People also ask, Related searches"
which is the rare personality type,Informational,58,90,"0.66,0.66,0.42,0.33,0.66,0.80,1.00,0.00,0.09,0.09,0.00,0.00",34,0.00,0.00,"Sitelinks, AI Overview, Image, Video, People also ask, Related searches"
which myers briggs personality type is the rarest,Informational,58,90,"0.09,0.09,0.19,0.09,0.09,0.52,1.00,0.09,0.52,0.52,0.52,0.52",19,0.00,0.01,"Sitelinks, AI Overview, Video, People also ask, Related searches"
who created the enneagram,Informational,57,90,"0.62,0.62,0.76,1.00,0.76,0.76,0.62,0.62,0.48,0.48,0.62,0.76",16,0.00,0.01,"Sitelinks, AI Overview, Video, People also ask, Related searches"
wing 1,Informational,45,90,"1.00,1.00,0.79,1.00,0.79,0.65,0.49,0.49,0.49,0.49,0.49,0.49",18,0.00,0.33,"AI Overview, Image, Image pack, Video, Video carousel, People also ask, Related searches"
wing 3,Informational,43,90,"1.00,0.64,0.82,0.64,0.82,0.64,0.82,0.82,0.82,0.64,0.64,1.00",4,0.00,0.02,"Sitelinks, AI Overview, Image pack, Video, Video carousel, People also ask, Discussions and forums, Related searches"
тест на мбти,Informational,29,90,"0.78,0.50,0.78,1.00,0.50,0.63,0.78,0.50,0.50,0.50,0.50,0.63",28,0.00,0.33,"Reviews, Video, Related searches"
тест на тип личности mbti,Informational,45,90,"0.02,0.02,0.02,1.00,0.00,0.02,0.02,0.02,0.02,0.02,0.02,0.03",8,0.00,0.02,"Reviews, Video, People also ask, Related searches"
تیپ شخصیتی,Informational,31,90,"0.82,0.18,1.00,0.64,0.39,0.54,0.54,0.39,0.18,0.29,0.11,0.11",12,0.00,0.33,"AI Overview, Image, Image pack, Video, Related searches"
エンターティナー mbti,Informational,45,90,"0.50,0.50,0.50,0.50,0.64,0.64,1.00,0.78,0.64,0.50,0.64,0.78",8,0.00,0.33,"Reviews, Image pack, Video, People also ask, Related searches"
九 型 人格 测试,Informational,45,90,"0.81,0.81,0.53,0.53,0.53,0.40,1.00,0.12,0.53,0.53,0.00,1.00",15,0.64,0.48,"Sitelinks, Image pack, Video, People also ask, Related searches"
人格測試,Informational,33,90,"0.00,0.00,0.02,0.00,0.00,0.23,0.10,0.54,0.67,0.29,1.00,0.81",34,0.51,0.46,"Video, Related searches"
小 蝴蝶,Informational,24,90,"0.63,1.00,0.50,0.50,0.63,0.35,0.06,0.35,0.78,0.63,0.78,0.78",24,0.00,0.33,"AI Overview, Reviews, Image pack, Video, Video carousel, People also ask"
小 蝴蝶 mbti,Informational,45,90,"1.00,1.00,1.00,1.00,0.63,0.63,0.63,0.81,0.81,0.45,0.81,0.63",15,0.00,0.33,"Sitelinks, AI Overview, Image, Image pack, Video, People also ask, Related searches"
建築家 mbti,Informational,30,90,"0.82,0.82,0.64,1.00,1.00,0.64,1.00,0.64,1.00,0.64,0.64,1.00",17,0.00,0.33,"Sitelinks, AI Overview, Video, Video carousel, People also ask, Related searches"
애니어그램,Informational,41,90,"0.02,0.00,0.00,0.02,0.00,0.34,0.00,0.52,0.65,0.80,1.00,0.80",16,1.11,0.34,"Sitelinks, Video, Related searches"
에니어 그램,Informational,46,90,"1.00,0.33,0.25,0.25,0.42,0.33,0.25,0.00,0.42,0.00,0.00,0.53",16,1.11,0.34,"Sitelinks, Reviews, Image pack, Video, Related searches"
1 wing 9 enneagram,Informational,59,70,"0.07,0.00,0.07,0.03,0.00,0.66,0.07,0.07,0.03,0.00,1.00,0.00",18,0.52,0.01,"Sitelinks, Video, Video carousel, People also ask, Related searches, Things to know"
1 wings,Informational,42,70,"0.28,0.35,0.50,0.35,0.35,0.21,0.14,0.35,0.50,1.00,0.50,0.78",18,0.00,0.01,"AI Overview, Reviews, Image, Image pack, Video, Video carousel, People also ask, Related searches"
13 personality,Navigational,39,70,"0.00,0.00,0.00,0.12,1.00,0.00,0.00,0.05,0.08,0.17,0.27,0.05",26,0.14,0.25,"Sitelinks, Image pack, Video, People also ask, Related searches"
16 personalities the architect,Navigational,37,70,"0.73,0.40,0.73,0.73,0.73,0.40,0.40,0.40,0.53,1.00,1.00,0.73",33,0.01,0.03,"Sitelinks, AI Overview, Reviews, Video, Video carousel, People also ask, Related searches"
16 personality infp,Informational,42,70,"0.35,0.28,0.49,1.00,0.79,0.49,0.49,0.49,0.49,0.21,0.35,0.35",22,0.01,0.06,"Image pack, Video, Video carousel, People also ask, Related searches"
16 personality rarity,Informational,58,70,"0.64,0.40,1.00,0.53,0.53,0.00,0.28,0.40,0.40,0.28,0.40,0.00",28,0.00,0.33,"Sitelinks, AI Overview, Image pack, Video, Video carousel, People also ask, Discussions and forums"
16 personality types rarest,Informational,58,70,"0.45,0.17,0.64,1.00,0.17,0.17,1.00,0.17,0.17,1.00,0.17,1.00",29,0.00,0.33,"Sitelinks, AI Overview, Image, Image pack, Video, People also ask, Related searches"
1w2 meaning,Informational,46,70,"0.06,0.06,0.06,0.06,1.00,0.28,0.15,0.15,0.21,0.12,0.21,0.21",19,0.00,0.01,"Sitelinks, AI Overview, Reviews, Video, People also ask, Related searches"
27 subtypes enneagram,Informational,54,70,"0.78,0.14,0.78,0.14,0.14,0.78,0.14,0.50,0.78,0.50,1.00,1.00",17,0.00,0.01,"Sitelinks, Image pack, Video, Video carousel, Related searches"
2w 7,Informational,50,70,"0.63,0.18,0.18,0.18,1.00,1.00,1.00,0.18,0.18,1.00,0.81,1.00",21,0.00,0.33,"AI Overview, Video, People also ask, Related searches"
2w6,Informational,54,70,"0.29,0.17,0.29,0.23,0.11,0.29,0.64,0.11,1.00,0.11,0.64,0.23",16,0.00,0.33,"Reviews, Image, Knowledge panel, Related searches"
4 9w 8,Informational,46,70,"1.00,0.17,0.17,0.52,0.82,0.65,0.52,0.40,0.40,0.29,0.29,0.29",18,0.00,0.33,"Sitelinks, AI Overview, Video, People also ask, Related searches"
4w3 characters,Informational,41,70,"0.75,0.75,1.00,1.00,0.75,0.75,1.00,0.54,1.00,0.75,1.00,1.00",5,0.00,0.33,"Sitelinks, Image, Image pack, Video, People also ask, Related searches"
4w5 personality,Informational,49,70,"0.41,0.83,0.11,0.11,0.29,0.18,0.24,0.11,0.29,0.65,1.00,0.18",21,1.04,0.05,"Sitelinks, AI Overview, Image, Video, People also ask, Discussions and forums, Related searches"
5 enneagram meaning,Informational,62,70,"0.09,0.09,0.09,0.09,0.09,0.52,0.52,1.00,0.52,0.09,0.09,0.80",27,0.05,0.05,"AI Overview, Video, Video carousel, People also ask, Discussions and forums, Related searches, Ads middle"
5 on enneagram,Informational,47,70,"0.00,0.00,0.00,0.00,0.00,1.00,0.00,0.00,0.00,0.00,0.00,0.00",22,0.46,0.04,"AI Overview, Image pack, Video, Video carousel, People also ask, Related searches"
5 wing 4 enneagram,Informational,57,70,"0.09,0.09,0.09,0.09,0.09,0.52,0.82,0.09,0.52,0.09,1.00,0.09",16,0.00,0.01,"Sitelinks, AI Overview, Video, Video carousel, People also ask, Discussions and forums, Related searches"
6 enneagram description,Informational,62,70,"0.11,0.11,0.11,0.11,0.11,0.79,0.79,1.00,0.79,0.79,0.79,0.79",23,0.18,0.04,"AI Overview, Image pack, Video, People also ask, Discussions and forums, Related searches"
6 w 5,Informational,42,70,"0.14,0.14,0.14,0.14,0.79,0.79,0.79,1.00,0.79,0.79,0.50,0.14",24,0.00,0.33,"Sitelinks, AI Overview, Image pack, Video, Short videos, People also ask, Related searches"
6 w5,Informational,47,70,"0.13,0.13,0.13,0.13,0.78,0.78,0.78,1.00,0.78,0.78,0.50,0.13",28,0.00,0.33,"Sitelinks, AI Overview, Image, Image pack, Video, Video carousel, People also ask, Discussions and forums, Related searches"
6 wing,Informational,47,70,"0.15,0.42,0.26,0.26,0.26,1.00,0.26,0.42,0.19,0.04,0.11,0.19",22,0.00,0.03,"Sitelinks, AI Overview, Image, Image pack, Video, Video carousel, People also ask, Related searches"
6 wing 7 enneagram,Informational,60,70,"0.11,0.11,0.11,0.11,0.11,0.65,0.65,1.00,0.65,0.65,0.52,0.65",18,0.00,0.33,"Sitelinks, AI Overview, Video, Video carousel, People also ask, Discussions and forums, Related searches"
6/7 gifts,Commercial,49,70,"0.00,0.00,0.00,0.00,0.01,0.02,0.05,0.01,1.00,0.00,0.00,0.00",26,0.44,0.38,"Sitelinks, Video, Video carousel, People also ask, Knowledge panel, Related searches, Popular products"
6w5 meaning,Informational,44,70,"0.49,0.34,0.49,0.49,0.66,0.14,0.49,0.80,0.49,0.80,0.80,1.00",25,0.00,0.01,"Sitelinks, AI Overview, Image pack, Video, Video carousel, People also ask, Related searches"
6w6,Informational,54,70,"0.14,0.09,1.00,0.52,0.52,0.09,0.09,0.09,0.52,0.33,0.09,0.33",5,0.00,0.05,"Sitelinks, AI Overview, Image pack, Video, People also ask, Related searches"
6w7 vs 7w6,Informational,34,70,"0.41,0.41,0.41,0.17,0.23,1.00,0.52,0.41,0.52,0.41,0.52,0.41",29,0.00,0.33,"Sitelinks, AI Overview, Image pack, Video, People also ask, Related searches"
7 ennegram,Informational,63,70,"0.19,0.19,0.81,0.00,0.13,0.38,0.00,0.00,0.13,0.19,1.00,0.00",20,0.36,0.02,"AI Overview, Image pack, Video, Video carousel, People also ask, Related searches"
7 with 6 wing,Informational,49,70,"0.74,0.52,0.52,0.74,1.00,0.74,1.00,0.74,1.00,0.74,1.00,1.00",20,0.00,0.01,"Sitelinks, AI Overview, Video, Video carousel, People also ask, Related searches"
8 w7,Commercial,43,70,"0.64,0.36,0.45,0.64,0.82,1.00,0.82,0.36,0.64,0.36,0.64,0.45",13,0.66,0.47,"Sitelinks, AI Overview, Reviews, Video, Video carousel, Related searches, Popular products"
8 wing,Informational,47,70,"0.63,0.81,0.63,1.00,0.63,0.17,0.44,0.63,0.63,0.63,0.63,0.63",24,0.00,0.33,"AI Overview, Image, Image pack, Video, People also ask, Related searches"
8 wing 9 enneagram,Informational,46,70,"0.18,0.18,0.18,0.18,0.18,1.00,1.00,0.18,1.00,1.00,1.00,0.18",17,0.43,0.04,"Sitelinks, AI Overview, Image pack, Video, Video carousel, People also ask, Related searches, Things to know"
9 ennegram,Informational,60,70,"0.00,0.13,0.33,0.13,0.00,0.54,0.00,0.00,0.00,0.00,1.00,0.00",21,0.48,0.07,"Sitelinks, AI Overview, Image pack, Video, People also ask, Discussions and forums, Related searches, Things to know"
9 personality enneagram,Informational,61,70,"0.00,0.00,0.64,1.00,0.82,0.82,0.18,0.64,0.82,0.64,0.09,0.82",22,0.58,0.25,"Sitelinks, AI Overview, Video, Video carousel, People also ask, Related searches, Ads bottom, Ads middle"
9 types of personalities,Informational,56,70,"0.28,0.07,0.07,0.35,0.78,0.35,0.64,0.35,0.64,0.78,1.00,1.00",34,0.58,0.18,"Sitelinks, AI Overview, Video, Video carousel, People also ask, Related searches"
9 wing 8 enneagram,Informational,46,70,"0.12,0.12,0.12,0.12,0.65,1.00,0.65,0.40,0.65,0.12,0.12,0.12",18,0.00,0.01,"Sitelinks, AI Overview, Video, People also ask, Discussions and forums, Related searches, Ads bottom"
99 fears,Informational,56,70,"0.35,0.17,0.10,0.28,0.00,1.00,0.00,0.12,0.00,0.00,0.17,0.00",15,0.00,0.33,"Sitelinks, AI Overview, Image pack, Video"
acronym for personality,Informational,39,70,"0.81,1.00,0.44,0.81,0.81,0.81,0.44,0.81,0.63,0.44,0.63,0.63",28,0.83,0.05,"Sitelinks, AI Overview, Reviews, Video, People also ask, Related searches"
adhd and intp,Informational,34,70,"0.45,0.64,0.64,0.81,0.64,0.81,1.00,0.81,0.64,0.45,0.64,0.81",23,0.00,0.33,"Sitelinks, AI Overview, Video, People also ask, Related searches"
alternatives to mbti,Informational,36,70,"0.63,0.63,0.63,0.63,0.63,0.63,0.63,0.45,1.00,0.18,0.18,0.18",22,1.19,0.07,"Sitelinks, AI Overview, Reviews, Video, People also ask, Related searches"
am i an intj or intp,Informational,39,70,"0.78,0.78,0.78,0.78,1.00,0.78,0.78,0.78,0.78,0.78,0.78,0.78",18,0.62,0.18,"Sitelinks, AI Overview, Video, Video carousel, People also ask, Related searches"
am i an intp or intj,Informational,36,70,"0.78,0.78,0.56,0.56,0.78,0.78,1.00,1.00,0.78,0.78,0.78,0.78",21,0.82,0.11,"Sitelinks, AI Overview, Video, People also ask, Related searches"
am i intj or intp,Informational,36,70,"0.67,0.67,1.00,0.67,0.67,0.67,1.00,1.00,0.67,0.67,0.67,0.67",21,0.72,0.06,"Sitelinks, AI Overview, Video, Video carousel, Short videos, People also ask, Related searches"
am i intp or intj,Informational,38,70,"1.00,1.00,1.00,1.00,1.00,1.00,0.71,1.00,1.00,1.00,1.00,1.00",17,0.82,0.11,"Sitelinks, AI Overview, Video, Video carousel, People also ask, Related searches"
architect intj t,Informational,34,70,"0.18,0.18,0.82,1.00,1.00,0.61,0.61,0.43,0.61,0.61,0.43,0.43",27,0.00,0.33,"Sitelinks, AI Overview, Video, Video carousel, People also ask, Discussions and forums, Related searches"
are you personality type a or b,Informational,37,70,"1.00,0.50,0.35,0.50,0.50,0.50,0.64,0.35,0.50,0.50,0.50,0.50",30,0.34,0.33,"Sitelinks, AI Overview, Video, Video carousel, People also ask, Related searches"
artist mbti,Informational,45,70,"0.24,0.41,0.29,0.29,0.65,0.53,0.29,0.29,0.65,0.83,1.00,0.83",27,0.00,0.33,"Sitelinks, AI Overview, Video, Video carousel, People also ask, Related searches"
atla mbti,Informational,45,70,"0.32,0.32,0.52,0.52,0.32,0.32,0.23,0.43,0.32,0.32,0.43,1.00",24,0.00,0.33,"Sitelinks, Image, Image pack, Video, Video carousel, People also ask, Related searches"
barbie mbti,Informational,45,70,"0.63,0.63,0.63,0.63,0.63,0.75,0.75,0.38,0.63,0.13,0.13,1.00",15,0.00,0.33,"Image pack, Video, People also ask, Related searches"
behavioral types,Informational,36,70,"0.44,0.56,0.76,0.76,0.76,1.00,0.76,1.00,1.00,0.56,0.76,0.76",11,0.00,0.00,"AI Overview, Image pack, Video, Video carousel, People also ask, Related searches"
best career for enfp,Commercial,37,70,"0.56,0.78,0.78,1.00,0.78,1.00,1.00,0.56,0.78,0.78,1.00,0.78",27,0.00,0.03,"Sitelinks, AI Overview, Video, People also ask, Discussions and forums, Related searches"
best ennegram test,Commercial,68,70,"0.00,0.00,1.00,0.04,0.07,0.04,0.07,0.04,0.13,0.00,0.00,0.00",34,1.78,0.56,"Sitelinks, AI Overview, Reviews, Video, Video carousel, Short videos, People also ask, Discussions and forums, Related searches"
best jobs for infps,Commercial,28,70,"0.00,0.00,1.00,0.01,0.03,0.00,0.03,0.04,0.04,0.06,0.10,0.10",19,0.40,0.02,"Sitelinks, AI Overview, Video, People also ask, Related searches, Ads bottom"
best match for enfp female,Commercial,40,70,"0.63,0.63,0.45,0.81,0.63,0.63,0.63,0.45,0.63,0.36,1.00,0.18",18,0.00,0.33,"Sitelinks, AI Overview, Video, People also ask, Related searches"
best match for entj,Commercial,41,70,"1.00,0.06,0.64,0.53,0.17,0.17,0.28,0.53,0.28,0.23,0.28,0.40",17,0.00,0.33,"Sitelinks, AI Overview, Video, Video carousel, People also ask, Related searches"
best occupations for enfp,Commercial,36,70,"1.00,1.00,1.00,1.00,1.00,1.00,1.00,0.71,1.00,0.71,1.00,1.00",18,0.00,0.03,"Sitelinks, AI Overview, Video, People also ask, Related searches"
best occupations for entp,Commercial,34,70,"0.82,0.82,0.52,0.05,0.05,0.11,0.05,0.05,0.23,0.64,1.00,0.82",22,0.00,0.01,"Sitelinks, AI Overview, Reviews, Video, People also ask, Related searches"
beyonce personality type,Informational,35,70,"0.64,0.45,1.00,0.45,0.64,0.45,0.64,0.64,0.45,0.45,0.27,1.00",10,0.00,0.33,"Sitelinks, AI Overview, Image, Image pack, Video, Video carousel, People also ask, Related searches"
books by helen palmer,Informational,25,70,"0.82,1.00,0.82,0.41,0.00,0.00,0.00,0.00,0.82,0.00,0.00,0.82",12,0.19,0.18,"Sitelinks, Reviews, Video, People also ask, Knowledge panel, Related searches"
c in disc,Informational,28,70,"0.33,0.14,1.00,0.24,0.24,0.19,0.09,0.19,0.24,0.43,0.33,0.43",18,0.43,0.16,"AI Overview, Image, Image pack, Video, Video carousel, People also ask, Related searches"
campaigner careers,"Informational, Commercial",30,70,"1.00,0.18,0.18,1.00,1.00,0.27,0.18,0.18,0.36,0.18,0.18,0.18",27,0.00,0.33,"Sitelinks, AI Overview, Video, People also ask, Jobs, Discussions and forums, Related searches"
campaigner 中文,Informational,23,70,"1.00,0.66,0.43,0.32,0.66,0.14,0.00,0.18,0.00,0.09,0.23,0.14",33,0.00,0.33,"AI Overview, Instant answer, Video, People also ask, Related searches"
careers for enneagram 6,Commercial,53,70,"0.82,0.62,0.82,1.00,0.82,0.82,0.44,0.35,0.62,0.62,0.82,0.44",13,0.00,0.01,"Sitelinks, AI Overview, Video, People also ask, Discussions and forums, Related searches"
careers for estj personality,Commercial,39,70,"0.11,0.78,0.55,1.00,1.00,1.00,1.00,0.78,1.00,0.55,0.78,0.78",23,0.00,0.01,"Sitelinks, AI Overview, Video, Video carousel, People also ask, Related searches"
careers for infp t,Commercial,31,70,"1.00,0.17,0.17,1.00,1.00,0.63,0.63,0.44,0.63,0.63,0.81,0.44",24,0.00,0.01,"Sitelinks, AI Overview, Video, People also ask, Related searches"
caseoh mbti,Informational,45,70,"0.27,0.35,0.42,0.35,0.27,0.27,0.27,0.35,0.27,0.27,0.27,1.00",18,0.00,0.33,"Sitelinks, Image pack, Video, People also ask, Related searches"
celebrities with enfj personality,Informational,37,70,"0.06,0.06,0.06,1.00,0.53,0.06,0.12,0.06,0.12,0.06,0.06,0.09",20,0.00,0.33,"Sitelinks, AI Overview, Video, People also ask, Related searches"
celebrities with esfj personality,Informational,34,70,"0.11,0.11,0.11,1.00,0.65,0.53,0.41,0.29,0.65,0.65,0.41,0.41",24,0.00,0.33,"Sitelinks, AI Overview, Reviews, Video, People also ask, Related searches"
chakra test free,Informational,29,70,"0.25,0.25,0.38,0.63,0.63,0.63,1.00,0.75,1.00,1.00,0.63,0.75",18,0.44,0.18,"Sitelinks, Video, Related searches"
challenger enneagram,Informational,57,70,"0.41,0.29,0.41,0.41,0.53,0.65,0.29,0.41,0.11,1.00,0.53,0.65",22,0.48,0.04,"AI Overview, Reviews, Image pack, Video, Video carousel, People also ask, Discussions and forums, Related searches, Things to know"
challenger type,Informational,40,70,"0.28,0.78,0.78,1.00,0.64,0.50,0.35,0.35,0.07,0.07,0.00,0.28",15,0.00,0.88,"Sitelinks, AI Overview, Image pack, Video, Short videos, People also ask, Related searches"
character survey,Navigational,30,70,"0.23,0.11,0.52,0.52,0.52,0.64,0.52,0.82,1.00,0.23,0.17,0.29",27,1.50,0.10,"Sitelinks, Video, Related searches, Ads top, Ads bottom"
character types llc cancel subscription,Informational,25,70,"0.28,0.21,0.14,0.21,0.35,0.64,0.64,1.00,0.78,0.64,0.64,0.35",16,0.36,0.05,"Sitelinks, AI Overview, Reviews, Video, People also ask, Related searches"
characteristics of an infp,Informational,37,70,"1.00,0.52,0.06,0.06,0.06,0.00,0.02,0.02,0.52,0.00,0.00,0.02",33,0.02,0.01,"Sitelinks, AI Overview, Reviews, Video, Video carousel, People also ask, Related searches"
characters that are enfp,Informational,40,70,"1.00,0.62,0.17,0.26,0.62,0.62,0.81,0.62,0.81,0.62,1.00,0.81",17,0.00,0.33,"Sitelinks, AI Overview, Image, Video, Video carousel, People also ask, Related searches"
christian enneagram coach in texas,Informational,52,70,"0.22,0.77,1.00,1.00,0.77,0.22",13,0.00,0.00,"AI Overview, Video, People also ask, Local pack, Related searches"
community mbti,Informational,45,70,"0.22,0.22,0.74,1.00,0.22,0.22,0.74,0.22,0.22,0.22,0.22,0.22",12,0.00,0.33,"Sitelinks, Image pack, Video, Video carousel, Related searches"
compatible enneagram types,Informational,57,70,"1.00,0.63,0.37,0.63,0.63,0.37,0.44,0.44,0.81,0.81,0.81,0.63",15,0.00,0.33,"Sitelinks, AI Overview, Image pack, Video, People also ask, Discussions and forums, Related searches"
compliant personality definition,Informational,31,70,"0.63,0.63,0.63,0.81,0.63,0.81,0.37,0.37,0.44,0.44,0.17,1.00",3,0.00,0.33,"AI Overview, Video, People also ask, Related searches"
d personality types,Informational,41,70,"0.00,0.00,0.00,0.00,0.00,0.00,0.00,0.00,1.00,0.50,1.00,1.00",28,0.75,0.01,"Sitelinks, AI Overview, Video, Video carousel, People also ask, Related searches"
date everything mbti,Informational,45,70,"0.00,0.65,1.00,0.42,0.42,0.07,0.07,0.07,0.11,0.07,0.07,0.15",7,0.00,0.33,"Sitelinks, Image pack, Video, Related searches"
di disc,Informational,28,70,"1.00,0.55,0.77,0.55,0.55,0.77,0.33,1.00,1.00,1.00,0.44,0.77",23,0.52,0.48,"AI Overview, Image pack, Video, People also ask, Related searches"
disc mbti,Informational,45,70,"0.36,0.45,0.27,0.36,0.45,0.45,0.27,0.45,1.00,1.00,1.00,0.36",11,0.00,0.04,"Sitelinks, AI Overview, Reviews, Image pack, Video, Video carousel, People also ask, Related searches"
disc personality cd,Informational,33,70,"1.00,0.44,0.63,0.63,0.63,0.81,0.81,0.81,0.81,0.63,0.63,0.63",25,0.73,0.06,"AI Overview, Image pack, Video, People also ask, Related searches"
disc profile c,Informational,31,70,"0.81,0.64,0.64,0.64,0.64,0.17,0.17,0.81,1.00,0.81,1.00,1.00",0,0.49,0.12,"Sitelinks, AI Overview, Video, Video carousel, People also ask, Related searches"
disc s personality type careers,Commercial,35,70,"0.81,0.63,1.00,1.00,0.81,0.81,0.36,0.63,0.36,0.45,0.36,0.45",14,0.00,0.03,"AI Overview, Video, People also ask, Discussions and forums, Related searches"
dominance disc personality,Informational,34,70,"1.00,0.71,1.00,1.00,1.00,1.00,1.00,0.71,1.00,1.00,1.00,0.57",16,0.56,0.07,"Sitelinks, AI Overview, Video, People also ask, Related searches"
eanneagram 5,Informational,47,70,"0.00,0.00,0.00,0.00,0.00,1.00,0.00,0.00,0.00,0.00,0.00,0.00",29,0.46,0.04,"Sitelinks, AI Overview, Image pack, Video, Video carousel, Short videos, People also ask, Related searches"
eclectic energy enneagram,Informational,58,70,"0.14,0.14,0.14,0.76,1.00,0.34,0.34,0.48,0.62,0.14,0.48,0.48",4,0.90,0.08,"Sitelinks, Reviews, Video, Related searches"
eclectic enneagram test,Navigational,59,70,"0.11,0.11,0.11,0.11,0.11,0.63,1.00,0.11,0.63,0.63,0.63,0.11",26,0.98,0.13,"Reviews, Related searches"
eight enneagram,Informational,61,70,"0.00,0.00,0.13,0.00,0.00,0.00,0.00,0.00,0.00,0.00,1.00,0.38",19,0.39,0.07,"Sitelinks, AI Overview, Image pack, Video, People also ask, Related searches, Ads top, Ads bottom"
emmegram types,Informational,45,70,"0.00,1.00,0.00,0.00,0.00,0.00,0.00,0.00,0.00,0.00,0.00,0.00",32,0.32,0.26,"Sitelinks, Image, Image pack, Video, People also ask, Knowledge panel, Related searches, Ads bottom"
en 4 sex,Informational,47,70,"0.00,0.00,0.00,0.29,0.00,0.82,0.82,1.00,0.29,0.52,0.82,0.00",16,1.17,0.07,
enagram 3,Informational,63,70,"0.00,0.00,0.00,0.00,0.00,0.00,1.00,0.00,0.00,0.00,0.00,0.00",24,0.35,0.02,"Sitelinks, AI Overview, Reviews, Video, Video carousel, Short videos, People also ask, Related searches, Things to know, Ads middle"
enagram 6,Informational,62,70,"0.00,0.00,0.00,0.00,0.00,1.00,0.00,0.00,0.00,0.00,0.00,0.00",13,0.44,0.04,"Sitelinks, AI Overview, Image pack, Video, People also ask, Related searches"
enea name,Informational,46,70,"0.78,0.64,0.50,0.50,0.50,0.50,0.50,0.50,0.64,0.50,0.64,1.00",15,0.00,0.33,"AI Overview, Reviews, Video, Video carousel, People also ask, Related searches"
eneagram type 3,Informational,63,70,"0.00,0.00,0.00,0.01,0.00,0.00,0.00,0.00,0.00,1.00,0.00,0.00",21,0.60,0.02,"Sitelinks, AI Overview, Image pack, Video, Video carousel, People also ask, Related searches"
eneagram type 5,Informational,61,70,"0.09,0.00,0.18,0.09,0.45,1.00,0.09,0.09,0.00,0.00,0.00,0.09",28,0.66,0.04,"Sitelinks, AI Overview, Image, Video, People also ask"
eneagram type 8,Informational,54,70,"0.00,0.13,0.18,1.00,0.00,0.00,0.13,0.00,0.00,0.82,0.00,0.00",20,0.29,0.02,"AI Overview, Image pack, Video, People also ask, Related searches"
eneagrama test gratis,Commercial,54,70,"1.00,1.00,1.00,1.00,1.00,0.27,0.18,0.18,0.18,0.18,0.18,0.18",19,1.09,0.76,"Sitelinks, AI Overview, Reviews, Video, People also ask, Related searches, Ads middle"
eneagrama teste gratuito,Informational,52,70,"1.00,1.00,1.00,1.00,1.00,0.18,0.18,0.18,0.18,0.18,0.18,0.18",2,1.09,0.76,"Reviews, Video, People also ask, Related searches"
eneagrama tipos,Informational,47,70,"0.79,0.79,0.49,1.00,0.65,0.49,0.35,0.14,0.21,0.14,0.28,0.14",18,0.56,0.16,"Sitelinks, AI Overview, Image, Image pack, Video, People also ask, Related searches"
eneatipos,Informational,40,70,"0.62,1.00,0.62,0.62,1.00,0.48,0.48,0.14,0.21,0.34,0.34,0.21",8,0.70,0.26,"Sitelinks, AI Overview, Reviews, Video, Related searches"
enegram type 1,Informational,61,70,"0.00,0.00,0.00,0.00,1.00,0.00,0.00,0.00,0.00,0.01,0.00,0.00",23,0.39,0.05,"AI Overview, Reviews, Image pack, Video, People also ask, Related searches, Things to know"
enenagram 5,Informational,47,70,"0.00,0.00,0.00,0.00,0.00,1.00,0.00,0.00,0.00,0.00,0.00,0.00",29,0.46,0.04,"Sitelinks, AI Overview, Image pack, Video, Video carousel, Short videos, People also ask, Related searches, Ads bottom, Ads middle"
enfj 4w3,Informational,46,70,"0.81,0.63,1.00,0.63,0.81,0.81,0.63,0.37,0.63,0.44,0.63,0.37",6,0.00,0.33,"Sitelinks, Image pack, Video, People also ask, Related searches"
enfj and estj compatibility,Informational,43,70,"0.78,1.00,0.78,0.78,0.78,0.78,0.78,0.78,1.00,0.78,1.00,0.78",6,0.00,0.33,"Sitelinks, AI Overview, Reviews, Image, Image pack, Video, Video carousel, People also ask, Discussions and forums, Related searches"
enfj and estp,Informational,43,70,"0.67,0.67,0.67,0.67,0.67,0.67,0.67,0.67,1.00,0.67,0.67,1.00",5,0.00,0.33,"Sitelinks, AI Overview, Reviews, Image, Video, Video carousel, People also ask, Related searches"
enfj career,"Informational, Commercial",42,70,"1.00,1.00,0.82,0.64,0.64,0.64,0.64,0.36,0.64,0.64,0.64,0.64",23,0.00,0.33,"Sitelinks, AI Overview, Video, Video carousel, People also ask, Discussions and forums, Related searches"
enfj career matches,Commercial,39,70,"0.18,0.29,0.41,0.41,1.00,0.65,0.53,0.29,0.41,0.41,0.41,0.41",21,0.00,0.01,"Sitelinks, AI Overview, Video, Video carousel, People also ask, Discussions and forums, Related searches"
enfj celebrity,Informational,37,70,"0.18,0.18,0.06,0.06,0.82,0.06,0.00,0.18,1.00,0.82,1.00,0.82",25,0.01,0.33,"Sitelinks, AI Overview, Video, People also ask, Related searches"
enfj enfp,Informational,44,70,"0.82,0.29,0.29,0.41,0.41,0.82,0.41,0.29,0.23,0.11,0.11,1.00",12,0.00,0.33,"Sitelinks, AI Overview, Image pack, Video, Video carousel, People also ask, Related searches"
enfj enfp relationship,Informational,41,70,"0.81,0.81,0.81,0.62,1.00,0.81,0.62,0.45,0.45,0.45,0.45,0.17",17,0.00,0.33,"Sitelinks, AI Overview, Video, Video carousel, People also ask, Related searches"
enfj personality type female,Informational,44,70,"0.11,0.29,0.41,0.41,0.52,0.64,0.41,0.23,0.11,0.82,0.82,1.00",22,0.00,0.02,"Sitelinks, AI Overview, Image pack, Video, Video carousel, People also ask"
enfj stereotypes,Informational,43,70,"0.63,0.50,0.63,1.00,0.50,0.50,0.50,0.35,0.50,0.35,0.50,0.13",14,0.00,0.33,"Sitelinks, Image pack, Video, People also ask"
enfj t jobs,"Informational, Commercial",44,70,"1.00,0.17,0.17,1.00,0.81,0.64,0.64,0.45,0.81,0.81,0.81,1.00",23,0.00,0.33,"Sitelinks, AI Overview, Video, People also ask, Discussions and forums, Related searches"
enfj villains,Informational,34,70,"0.81,0.62,1.00,0.81,0.62,0.81,0.81,0.81,0.45,0.62,1.00,0.62",7,0.00,0.00,"Sitelinks, AI Overview, Image, Image pack, Video, People also ask, Related searches"
enfj-t careers,Commercial,41,70,"0.00,0.00,0.19,0.04,0.43,0.13,0.04,0.43,0.66,1.00,1.00,0.23",23,0.00,0.01,"Sitelinks, AI Overview, Video, People also ask, Discussions and forums, Related searches"
enfp - t,Informational,43,70,"0.00,0.00,0.00,0.00,0.02,1.00,0.02,0.35,0.04,0.15,0.23,0.29",30,0.19,0.33,"Sitelinks, AI Overview, Reviews, Video, Video carousel, People also ask, Related searches, Things to know"
enfp 2w1,Informational,43,70,"0.64,0.50,0.50,0.50,1.00,0.50,0.79,0.21,0.64,0.50,0.50,0.14",2,0.00,0.33,"Sitelinks, AI Overview, Image pack, Video, People also ask, Discussions and forums, Related searches"
enfp a characters,Informational,42,70,"0.64,0.64,0.78,0.64,1.00,0.14,0.78,0.14,1.00,0.07,0.07,0.28",22,0.00,0.33,"Sitelinks, AI Overview, Image, Image pack, Video, People also ask, Related searches"
enfp and enfp relationship,Informational,43,70,"0.40,0.40,0.60,0.60,0.60,0.60,0.40,0.60,1.00,0.60,0.27,0.40",12,0.00,0.33,"Sitelinks, AI Overview, Video, Video carousel, People also ask, Related searches"
enfp date,Informational,36,70,"1.00,0.79,0.45,0.55,0.79,0.79,0.79,0.79,0.79,0.55,0.79,0.79",29,0.00,0.33,"Sitelinks, AI Overview, Video, Video carousel, People also ask, Related searches"
enfp dating enfp,Informational,40,70,"1.00,0.64,0.82,0.45,0.82,0.45,0.64,0.64,0.64,0.45,0.82,0.64",14,0.00,0.33,"Sitelinks, AI Overview, Video, Video carousel, People also ask, Discussions and forums, Related searches"
enfp enfj,Informational,44,70,"0.79,0.79,0.79,1.00,0.79,0.79,1.00,0.79,0.79,0.79,0.44,0.21",11,0.00,0.33,"Sitelinks, AI Overview, Image pack, Video, Video carousel, People also ask, Related searches"
enfp enfj relationship,Informational,42,70,"1.00,0.82,1.00,0.61,0.82,1.00,0.61,0.43,0.43,0.43,0.43,0.18",16,0.00,0.33,"Sitelinks, AI Overview, Image pack, Video, Video carousel, People also ask, Related searches"
enfp in love,Informational,36,70,"1.00,0.75,1.00,1.00,0.75,0.75,1.00,0.75,0.75,0.75,1.00,0.75",12,0.00,0.33,"Sitelinks, AI Overview, Video, People also ask, Related searches"
enfp lovers,Informational,40,70,"1.00,1.00,0.56,0.70,1.00,1.00,1.00,1.00,1.00,1.00,1.00,1.00",7,0.00,0.33,"Sitelinks, AI Overview, Video, Video carousel, People also ask, Discussions and forums, Related searches"
enfp man,Informational,41,70,"0.29,0.23,0.41,0.29,0.41,0.41,0.41,0.52,0.52,0.52,0.52,1.00",5,0.00,0.33,"Sitelinks, AI Overview, Image pack, Video, Video carousel, People also ask, Related searches"
enfp match,Informational,43,70,"1.00,1.00,0.78,0.78,0.78,0.78,0.78,1.00,0.78,0.78,0.78,0.78",29,0.00,0.33,"Sitelinks, AI Overview, Image pack, Video, People also ask, Related searches, Things to know"
enfp meaning personality,Informational,45,70,"0.64,0.64,0.11,0.52,0.41,0.52,0.29,0.41,0.29,0.11,0.11,1.00",31,0.00,0.01,"AI Overview, Reviews, Video, Video carousel, People also ask, Related searches"
enfp personality jobs,Commercial,39,70,"0.50,0.28,0.35,1.00,0.78,0.78,0.14,0.00,0.64,0.78,0.07,1.00",26,0.83,0.02,"Sitelinks, AI Overview, Video, People also ask, Related searches"
enfp personality type compatibility,Informational,45,70,"0.81,0.64,1.00,0.64,0.64,0.45,0.45,0.45,0.64,0.64,0.45,0.64",28,0.00,0.33,"Sitelinks, AI Overview, Image pack, Video, People also ask, Related searches"
enfp personality type female,Informational,48,70,"0.09,0.09,0.14,0.09,0.09,0.09,0.14,0.33,0.52,0.52,1.00,0.66",24,0.12,0.03,"Sitelinks, AI Overview, Image pack, Video, Video carousel, People also ask, Related searches"
enfp personality weaknesses,Informational,43,70,"0.17,0.06,0.64,1.00,0.06,0.06,0.40,0.06,0.81,0.40,0.81,0.17",9,0.00,0.33,"Sitelinks, Image pack, Video, People also ask, Related searches"
enfp relationship,Informational,43,70,"0.29,0.35,0.64,0.79,0.64,0.50,0.35,0.50,0.35,0.64,0.50,1.00",27,0.00,0.33,"Sitelinks, AI Overview, Video, Video carousel, People also ask, Discussions and forums, Related searches"
enfp relationship compatibility,Informational,44,70,"0.81,0.63,1.00,0.81,0.81,0.63,0.44,0.44,0.63,0.44,0.63,0.17",29,0.00,0.33,"Sitelinks, AI Overview, Image pack, Video, People also ask, Discussions and forums, Related searches"
enfp relationship match,Informational,41,70,"1.00,0.82,1.00,0.82,0.82,0.64,0.45,0.45,0.64,0.36,0.45,0.18",13,0.00,0.33,"Sitelinks, AI Overview, Image pack, Video, People also ask, Discussions and forums, Related searches"
enfp types,Informational,48,70,"0.42,0.00,0.23,0.14,0.33,0.14,0.19,0.14,0.66,1.00,0.23,0.04",24,0.25,0.01,"Sitelinks, AI Overview, Image pack, Video, People also ask, Discussions and forums, Related searches"
enfp vs entj,Informational,42,70,"0.41,0.41,0.52,0.41,0.41,0.52,0.41,0.41,0.11,0.11,1.00,0.23",2,0.00,0.33,"Sitelinks, AI Overview, Image pack, Video, Video carousel, People also ask"
enfp vs istj,Informational,39,70,"1.00,0.63,0.63,1.00,0.63,0.63,0.63,0.63,0.81,0.63,0.63,0.63",4,0.00,0.33,"Sitelinks, AI Overview, Image pack, Video, Video carousel, People also ask, Discussions and forums, Related searches"
enfp woman,Informational,39,70,"0.56,0.79,1.00,1.00,0.79,1.00,0.56,0.79,0.56,0.56,0.79,0.79",18,0.00,0.00,"Sitelinks, AI Overview, Image pack, Video, People also ask, Related searches, Things to know"
enfp-a characters,Informational,41,70,"0.00,0.00,0.00,0.41,0.41,0.83,0.53,0.53,0.29,0.65,0.65,1.00",27,0.00,0.33,"Sitelinks, Video, People also ask, Related searches"
enfp-a relationships,Informational,44,70,"0.00,0.00,0.00,0.00,0.00,1.00,0.00,0.11,0.00,0.80,0.42,0.53",22,0.00,0.33,"Sitelinks, AI Overview, Video, People also ask, Related searches"
enfp-a vs enfp-t,Commercial,39,70,"0.21,0.35,0.50,0.50,0.07,0.50,0.00,1.00,0.64,0.64,0.78,0.64",20,0.00,0.01,"Sitelinks, AI Overview, Video, People also ask, Discussions and forums, Related searches"
enfp性格,Informational,36,70,"1.00,0.81,0.00,0.00,0.00,0.65,0.40,0.12,0.00,0.28,0.81,0.81",33,0.00,0.33,"AI Overview, Video, People also ask, Knowledge panel, Related searches"
enne feminine suffix,Informational,45,70,"0.00,0.00,1.00,0.02,0.00,0.02,0.02,0.02,0.02,0.02,0.02,0.02",19,0.00,0.33,"AI Overview, People also ask, Related searches"
ennea 6,Informational,53,70,"0.00,0.00,0.00,0.00,0.00,0.00,0.00,0.00,0.00,0.00,0.00,0.00",20,0.30,0.02,"Sitelinks, AI Overview, Video, People also ask, Related searches"
ennea international,Navigational,44,70,"0.78,0.78,1.00,0.78,0.78,0.78,0.56,0.78,1.00,0.78,0.78,0.78",34,0.00,0.01,"Sitelinks, Video, Knowledge panel, Related searches"
enneafram 3,Informational,63,70,"0.00,0.00,0.00,0.00,0.00,0.00,1.00,0.00,0.00,0.00,0.00,0.00",23,0.35,0.02,"Sitelinks, AI Overview, Reviews, Video, Video carousel, Short videos, People also ask, Related searches, Things to know, Ads middle"
enneagram 1 and 9 relationship,Informational,57,70,"0.62,0.62,0.81,0.62,1.00,0.45,1.00,1.00,0.81,0.62,0.45,0.45",1,0.00,0.02,"Sitelinks, AI Overview, Video, Video carousel, People also ask, Discussions and forums, Related searches"
enneagram 1 characteristics,Informational,63,70,"0.64,0.11,0.11,0.64,1.00,0.11,0.11,0.82,0.64,0.41,0.41,0.41",26,0.00,0.02,"Sitelinks, AI Overview, Reviews, Image pack, Video, Video carousel, People also ask, Related searches"
enneagram 2 and 4 relationship,Informational,56,70,"0.79,0.79,0.79,0.79,0.79,0.55,1.00,0.79,0.55,0.21,0.45,0.55",4,0.00,0.33,"Sitelinks, AI Overview, Video, Video carousel, People also ask, Discussions and forums, Related searches"
enneagram 2 and 6 relationship,Informational,57,70,"1.00,0.56,1.00,0.56,0.56,0.76,1.00,0.76,0.56,0.76,0.56,0.21",6,0.00,0.33,"Sitelinks, AI Overview, Image pack, Video, Video carousel, People also ask, Discussions and forums, Related searches"
enneagram 2 celebrities,Informational,52,70,"0.27,0.18,0.45,0.64,0.45,0.45,0.64,0.64,1.00,0.82,0.45,0.27",14,0.00,0.33,"Sitelinks, AI Overview, Video, People also ask, Related searches"
enneagram 2 characteristics,Informational,61,70,"0.64,0.64,0.64,0.64,0.82,0.64,0.64,0.64,1.00,0.64,0.82,0.82",23,0.00,0.33,"AI Overview, Image pack, Video, Video carousel, People also ask, Related searches"
enneagram 2 characters,Informational,55,70,"0.50,0.50,0.50,0.50,0.50,0.50,0.50,0.50,1.00,0.50,0.50,0.50",15,0.00,0.33,"Sitelinks, AI Overview, Image, Image pack, Video, Video carousel, People also ask, Related searches"
enneagram 2 vs 9,Informational,64,70,"0.64,0.81,0.64,0.64,0.64,0.45,0.17,0.17,1.00,1.00,1.00,1.00",10,0.00,0.33,"Sitelinks, AI Overview, Image pack, Video, Video carousel, People also ask, Discussions and forums, Related searches"
enneagram 27 subtypes,Informational,53,70,"0.80,0.00,0.80,0.00,0.00,0.80,0.00,0.40,0.80,0.40,1.00,0.80",8,0.00,0.01,"Sitelinks, Image pack, Video, Related searches"
enneagram 2w4,Informational,70,70,"0.64,0.00,0.41,0.23,0.41,0.52,0.41,0.41,0.52,0.64,1.00,0.82",25,0.00,0.33,"Sitelinks, AI Overview, Image pack, Video, Video carousel, People also ask"
enneagram 3 and 8 relationship,Informational,59,70,"1.00,0.76,1.00,0.56,0.76,0.76,0.56,0.76,1.00,0.76,0.76,0.44",3,0.00,0.33,"Sitelinks, AI Overview, Video, Video carousel, Short videos, People also ask, Discussions and forums, Related searches"
enneagram 3 characters,Informational,61,70,"0.27,0.27,0.36,0.36,1.00,0.18,1.00,0.36,1.00,0.27,0.36,0.36",15,0.00,0.33,"Sitelinks, AI Overview, Image, Image pack, Video, Video carousel, People also ask, Related searches"
enneagram 4 and 6 relationship,Informational,56,70,"1.00,1.00,0.70,0.70,1.00,1.00,0.70,0.70,1.00,0.70,0.70,0.58",2,0.00,0.33,"Sitelinks, AI Overview, Image pack, Video, Video carousel, People also ask, Discussions and forums, Related searches"
enneagram 4 and 7 relationship,Informational,56,70,"0.79,1.00,0.79,0.55,0.55,0.79,0.79,0.45,0.55,0.79,0.79,0.55",7,0.00,0.33,"Sitelinks, AI Overview, Video, Video carousel, Short videos, People also ask, Discussions and forums, Related searches"
enneagram 4 and 8 relationship,Informational,61,70,"1.00,0.43,0.75,0.75,0.75,0.75,1.00,0.43,0.21,0.54,0.75,0.54",7,0.00,0.01,"Sitelinks, AI Overview, Image pack, Video, Video carousel, People also ask, Discussions and forums, Related searches"
enneagram 4 compatibility,Informational,56,70,"0.64,0.36,0.64,0.64,1.00,0.64,0.64,0.45,1.00,0.18,0.18,0.18",22,0.00,0.33,"Sitelinks, AI Overview, Image pack, Video, People also ask, Discussions and forums, Related searches"
enneagram 4 stress and growth,Informational,61,70,"0.14,0.14,0.14,0.14,0.50,0.35,0.78,1.00,0.78,0.78,0.14,0.78",24,0.00,0.01,"Featured snippet, Sitelinks, Image pack, Video, Video carousel, People also ask, Discussions and forums, Related searches"
enneagram 5 and 9 relationship,Informational,56,70,"0.81,0.62,0.62,0.62,0.45,0.62,0.81,0.45,1.00,0.17,0.26,0.36",12,0.00,0.33,"Sitelinks, AI Overview, Video, Video carousel, People also ask, Discussions and forums, Related searches"
enneagram 5 celebrities,Informational,55,70,"0.26,0.36,0.45,0.81,0.45,0.45,1.00,0.62,1.00,0.45,0.36,0.45",21,0.00,0.33,"Sitelinks, AI Overview, Video, People also ask, Related searches"
enneagram 5 fear,Informational,53,70,"0.82,0.61,0.18,0.18,1.00,0.18,1.00,0.18,0.18,0.18,0.18,1.00",13,0.00,0.33,"Sitelinks, AI Overview, Video, People also ask, Discussions and forums, Related searches"
enneagram 5w6 vs 5w4,Informational,56,70,"0.61,0.44,0.83,0.83,0.61,1.00,0.83,0.83,0.61,0.44,1.00,0.44",19,0.00,0.33,"Sitelinks, AI Overview, Image pack, Video, People also ask, Related searches"
enneagram 6 and 8 relationship,Informational,56,70,"1.00,0.44,0.82,0.44,0.44,0.62,0.82,0.44,0.44,0.44,0.44,0.44",1,0.00,0.33,"Sitelinks, AI Overview, Video, Video carousel, People also ask, Related searches"
enneagram 6 and 9 relationship,Informational,56,70,"0.66,0.80,1.00,0.34,0.66,0.49,0.49,0.49,0.34,0.49,0.49,0.34",1,0.00,0.33,"Sitelinks, AI Overview, Video, Video carousel, People also ask, Discussions and forums, Related searches"
enneagram 6 celebrities,Informational,54,70,"0.23,0.19,0.13,0.53,0.32,0.32,0.23,0.43,1.00,0.43,0.23,0.23",17,0.00,0.33,"Sitelinks, AI Overview, Image pack, Video, People also ask, Related searches"
enneagram 7 characters,Informational,59,70,"0.27,0.27,0.45,1.00,0.36,0.45,0.45,0.36,1.00,0.36,0.45,0.45",14,0.00,0.01,"Sitelinks, AI Overview, Image, Image pack, Video, Video carousel, People also ask, Related searches"
enneagram 7 childhood wound,Informational,47,70,"0.45,1.00,0.81,0.45,0.64,0.64,0.64,0.45,0.45,0.45,0.45,0.36",13,0.00,0.33,"Sitelinks, AI Overview, Image, Image pack, People also ask, Discussions and forums, Related searches"
enneagram 7 compatibility,Informational,54,70,"1.00,0.83,1.00,1.00,1.00,0.58,1.00,0.83,0.42,0.58,0.42,0.42",15,0.00,0.00,"Sitelinks, AI Overview, Video, People also ask, Discussions and forums, Related searches"
enneagram 7 type,Informational,62,70,"0.00,0.19,0.00,0.06,0.00,0.00,0.00,0.00,0.00,0.81,1.00,0.63",20,0.38,0.04,"AI Overview, Image pack, Video, People also ask, Related searches"
enneagram 7 w 8,Informational,50,70,"0.17,0.17,0.17,0.17,0.17,0.17,1.00,0.26,1.00,1.00,1.00,1.00",25,0.00,0.02,"Sitelinks, AI Overview, Image pack, Video, People also ask, Related searches"
enneagram 8 famous people,Informational,58,70,"0.18,0.27,0.18,1.00,0.63,0.45,0.81,0.63,1.00,0.45,0.36,0.45",14,0.00,0.33,"Sitelinks, AI Overview, Video, People also ask, Related searches"
enneagram 8 female,Informational,61,70,"0.83,1.00,0.50,0.50,0.50,0.83,0.83,0.83,1.00,0.17,0.50,0.83",11,0.43,0.06,"Sitelinks, AI Overview, Video, Video carousel, People also ask, Related searches"
enneagram 9 celebrities,Informational,54,70,"0.28,0.12,0.16,0.53,0.28,0.16,0.65,0.40,1.00,0.16,0.28,0.23",15,0.00,0.33,"Sitelinks, AI Overview, Image, Image pack, Video, People also ask, Related searches"
enneagram 9 compatibility,Informational,57,70,"0.63,0.37,0.37,0.53,0.37,0.26,0.37,0.37,1.00,0.11,0.21,0.11",21,0.00,0.33,"Sitelinks, AI Overview, Image pack, Video, People also ask, Discussions and forums, Related searches"
enneagram 9 core fear,Informational,57,70,"0.78,0.14,0.78,0.14,0.14,0.14,0.14,1.00,0.50,0.50,0.64,0.50",14,0.00,0.33,"Sitelinks, AI Overview, Video, People also ask, Discussions and forums, Related searches"
enneagram 9 fear,Informational,56,70,"0.41,0.41,0.41,0.41,0.41,0.41,0.41,0.29,0.41,0.41,0.11,1.00",25,0.00,0.33,"Sitelinks, AI Overview, Reviews, Video, Short videos, People also ask, Discussions and forums, Related searches"
enneagram 9 personalities,Informational,66,70,"0.64,0.45,0.64,0.82,0.64,0.82,0.45,0.27,1.00,0.64,0.82,0.45",22,0.56,0.20,"AI Overview, Image pack, Video, People also ask, Related searches"
enneagram 9 traits,Informational,60,70,"0.17,0.17,0.17,1.00,1.00,0.17,0.17,0.17,1.00,1.00,1.00,0.17",25,0.00,0.04,"Sitelinks, AI Overview, Image pack, Video, People also ask, Related searches"
enneagram and spirituality,Informational,49,70,"0.36,0.49,0.49,0.49,0.49,0.49,0.21,0.13,0.13,0.49,1.00,0.79",3,0.87,0.55,"Sitelinks, AI Overview, Video, Video carousel, People also ask, Discussions and forums, Related searches, Ads bottom"
enneagram and work,Informational,55,70,"0.55,0.77,0.77,0.77,1.00,0.55,0.55,0.44,0.55,0.22,0.22,0.22",19,0.98,0.27,"Video, People also ask, Related searches"
enneagram archetypes,Informational,62,70,"0.81,0.64,0.64,1.00,0.81,0.81,0.45,0.64,0.64,0.64,0.64,0.64",23,0.86,0.14,"Sitelinks, AI Overview, Video, Video carousel, People also ask, Related searches"
enneagram at work,Informational,55,70,"0.81,0.81,0.81,1.00,0.81,0.81,0.81,0.62,0.62,0.45,0.62,0.17",16,2.47,0.21,"Sitelinks, AI Overview, Video, Related searches"
enneagram breakdown,Informational,72,70,"0.18,0.18,1.00,0.18,1.00,0.18,1.00,0.18,1.00,0.64,0.64,0.45",32,0.29,0.27,"Sitelinks, Image pack, Video, People also ask, Related searches"
enneagram career,"Informational, Commercial",56,70,"0.36,0.00,0.63,0.81,0.63,1.00,0.63,0.45,0.63,0.63,1.00,1.00",10,0.00,0.02,"Sitelinks, AI Overview, Video, Video carousel, People also ask, Related searches"
enneagram celebrities,Informational,56,70,"0.50,0.35,0.63,0.78,0.50,0.50,0.50,0.50,1.00,0.50,0.35,0.78",10,0.00,0.00,"Sitelinks, AI Overview, Image, Video, Related searches"
enneagram characteristics,Informational,65,70,"0.25,0.63,0.25,0.13,0.00,0.00,0.13,0.00,0.63,0.38,0.88,1.00",34,0.31,0.01,"AI Overview, Reviews, Image pack, Video, Short videos, People also ask, Related searches"
enneagram coach type 8,Informational,61,70,"0.18,1.00,0.18,0.18,0.18,0.18,1.00,0.18,1.00,1.00,1.00,1.00",11,0.00,0.33,"Reviews, Video, Video carousel, People also ask, Related searches"
enneagram coach type 9,Informational,55,70,"0.52,0.09,0.09,0.09,0.09,0.09,0.09,0.09,0.52,0.52,0.66,1.00",12,0.00,0.33,"Video, Video carousel, Short videos, People also ask, Related searches"
enneagram core fears and desires,Informational,56,70,"0.11,0.11,0.11,0.11,0.11,0.11,0.11,0.82,0.64,0.64,0.64,1.00",14,0.00,0.01,"Sitelinks, AI Overview, Image, Image pack, Video, People also ask, Related searches"
enneagram core fears and motivations,Informational,63,70,"1.00,0.11,0.11,0.11,0.11,0.65,0.65,0.18,0.65,0.29,0.11,0.65",16,0.00,0.33,"Sitelinks, Image pack, Video, Discussions and forums, Related searches"
enneagram counterphobic 6,Informational,50,70,"0.56,0.78,1.00,1.00,1.00,0.78,1.00,1.00,1.00,0.78,0.78,0.78",13,0.00,0.33,"Sitelinks, AI Overview, Video, Video carousel, People also ask, Discussions and forums, Related searches"
enneagram disintegration,Informational,49,70,"0.53,0.41,0.41,0.41,0.41,0.29,0.29,0.29,0.65,0.41,0.41,1.00",7,0.00,0.33,"Sitelinks, AI Overview, Video, Video carousel, People also ask, Related searches"
enneagram famous people,Informational,57,70,"0.35,0.35,0.64,0.78,0.50,0.50,0.64,0.50,1.00,0.50,0.35,0.64",2,0.00,0.01,"Sitelinks, AI Overview, Image, Video, Related searches"
enneagram fears and desires,Informational,60,70,"0.62,0.62,0.62,0.81,0.45,0.17,0.62,0.17,1.00,1.00,0.17,1.00",30,0.00,0.33,"Sitelinks, AI Overview, Image pack, Video, People also ask, Discussions and forums, Related searches"
enneagram fives,Informational,59,70,"0.26,0.07,0.19,0.80,0.03,0.15,0.26,0.03,0.00,1.00,0.00,0.11",25,0.34,0.02,"Sitelinks, AI Overview, Image pack, Video, Video carousel, People also ask, Related searches"
enneagram gurdjieff,Informational,49,70,"0.00,1.00,1.00,0.78,0.56,0.56,0.56,0.78,0.33,0.78,1.00,0.56",3,0.00,0.15,"Sitelinks, AI Overview, Reviews, Image, Video, Video carousel, Related searches"
enneagram harry potter,Informational,49,70,"0.45,0.64,1.00,0.81,0.64,1.00,0.81,1.00,0.64,0.45,0.45,0.45",0,0.00,0.33,"Sitelinks, AI Overview, Image, Image pack, Video, Video carousel, Related searches"
enneagram in business,Navigational,50,70,"0.27,0.63,0.81,1.00,0.63,0.63,0.17,0.81,0.81,0.81,0.81,0.63",21,3.72,0.09,"Sitelinks, Video, Video carousel, People also ask, Related searches"
enneagram instinctual variant,Informational,59,70,"0.50,0.35,0.35,0.50,0.50,0.35,0.28,0.21,0.50,0.50,1.00,1.00",20,0.50,0.01,"Sitelinks, AI Overview, Video, Related searches"
enneagram institute 7,Navigational,56,70,"0.63,0.45,0.63,0.81,0.63,1.00,0.81,0.63,0.63,0.63,0.63,0.63",32,0.29,0.06,"Sitelinks, Video, People also ask, Related searches"
enneagram narrative,Navigational,55,70,"0.50,0.50,0.50,0.28,0.50,0.35,0.35,0.28,0.50,1.00,0.50,0.35",14,2.31,0.07,"Sitelinks, AI Overview, Reviews, Video, Video carousel, People also ask, Related searches"
enneagram numbers explained,Informational,69,70,"0.78,0.78,1.00,1.00,1.00,0.78,0.78,0.56,0.78,0.56,0.78,0.78",31,0.08,0.18,"Sitelinks, AI Overview, Image, Image pack, Video, Video carousel, People also ask, Related searches, Ads top, Ads bottom"
enneagram retreats,Informational,55,70,"0.77,0.77,0.77,1.00,0.77,0.77,0.55,0.77,0.77,1.00,0.77,0.77",7,2.06,0.12,"Video, Related searches"
enneagram rheti,Informational,53,70,"0.00,0.66,0.42,0.33,1.00,0.23,0.52,0.23,0.00,0.04,0.04,0.04",20,1.05,0.55,"Sitelinks, Video, Video carousel, People also ask, Related searches"
enneagram teacher training,Informational,54,70,"0.63,0.63,0.81,0.81,0.81,1.00,0.81,0.63,0.63,0.18,0.18,0.18",19,0.00,0.01,"AI Overview, Video, Discussions and forums, Related searches"
enneagram test christian,Informational,49,70,"0.81,0.63,0.81,0.63,0.63,1.00,0.63,0.45,0.63,0.63,0.63,0.63",26,0.94,0.51,"AI Overview, Video, Video carousel, People also ask, Related searches"
enneagram test pdf,Informational,54,70,"0.17,0.64,0.81,1.00,0.81,0.64,0.64,0.64,0.81,0.64,0.45,0.64",2,0.00,0.03,"Reviews, Image pack, Related searches"
enneagram test printable,Informational,58,70,"1.00,0.55,0.79,1.00,1.00,0.79,0.55,0.33,0.45,1.00,0.79,1.00",16,1.34,0.21,"Sitelinks, Reviews, Image pack, Related searches"
enneagram triangle,Informational,57,70,"0.79,0.79,0.79,0.79,0.79,0.79,0.79,0.79,0.79,0.79,0.79,1.00",23,0.00,0.01,"Sitelinks, Image, Image pack, Video, Video carousel, People also ask, Related searches"
enneagram tritype test free,Informational,59,70,"0.44,0.63,0.17,0.27,0.63,0.63,0.63,0.44,0.63,1.00,1.00,0.63",19,0.40,0.40,"Sitelinks, Reviews, Video, People also ask, Related searches"
enneagram two question test,Informational,63,70,"0.79,0.79,1.00,0.79,0.79,0.79,1.00,0.55,0.79,0.79,0.79,0.21",22,1.33,0.29,"Sitelinks, Reviews, Video, People also ask, Related searches"
enneagram tyoes,Informational,68,70,"1.00,0.00,0.34,0.80,0.34,0.42,0.00,0.00,0.00,0.15,0.11,0.34",31,0.30,0.31,"Reviews, Image, Image pack, Video, People also ask, Knowledge panel, Related searches, Ads top, Ads bottom"
enneagram type 1 celebrities,Informational,53,70,"0.64,0.28,0.40,0.64,0.17,0.40,0.23,0.40,1.00,0.40,0.23,0.11",11,0.00,0.33,"Sitelinks, AI Overview, Image, Image pack, Video, People also ask, Related searches"
enneagram type 2 celebrities,Informational,53,70,"0.14,0.14,0.35,0.79,0.79,0.49,0.14,1.00,1.00,0.35,0.21,0.21",15,0.00,0.33,"Sitelinks, AI Overview, Image, Image pack, Video, People also ask, Related searches"
enneagram type 4 careers,"Informational, Commercial",53,70,"0.75,0.75,0.75,1.00,0.50,0.50,0.75,1.00,0.50,0.75,1.00,1.00",11,0.00,0.01,"Sitelinks, AI Overview, Image pack, Video, People also ask, Discussions and forums, Related searches"
enneagram type 4 celebrities,Informational,51,70,"0.29,0.17,0.40,0.63,0.23,0.29,0.51,0.63,1.00,0.51,0.11,0.11",11,0.00,0.33,"Sitelinks, AI Overview, Image pack, Video, People also ask, Related searches"
enneagram type 5w4,Informational,57,70,"0.62,0.81,0.62,0.81,0.62,0.81,0.62,0.62,0.81,0.81,0.81,1.00",24,0.00,0.01,"Sitelinks, AI Overview, Image pack, Video, Video carousel, People also ask, Discussions and forums, Related searches, Things to know"
enneagram type 6 wing 7,Informational,60,70,"0.17,0.17,1.00,0.26,0.17,1.00,1.00,0.17,1.00,0.62,0.81,0.62",19,0.00,0.33,"Sitelinks, AI Overview, Video, Video carousel, People also ask, Discussions and forums, Related searches"
enneagram type 6 with 7 wing,Informational,61,70,"0.18,0.18,1.00,0.18,0.18,1.00,1.00,0.18,1.00,0.64,0.82,0.64",19,0.00,0.33,"Sitelinks, AI Overview, Video, Video carousel, People also ask, Discussions and forums, Related searches"
enneagram type 7 description,Informational,64,70,"0.23,0.19,0.09,0.33,0.09,0.09,1.00,0.09,0.80,0.52,0.52,0.52",22,0.09,0.04,"AI Overview, Image pack, Video, Video carousel, People also ask, Related searches"
enneagram type 7 wing 6,Informational,61,70,"0.18,0.18,1.00,0.18,0.18,1.00,1.00,0.18,1.00,0.64,0.82,0.64",19,0.00,0.01,"Sitelinks, AI Overview, Image pack, Video, Video carousel, People also ask, Discussions and forums, Related searches"
enneagram type 8 celebrities,Informational,61,70,"0.41,0.23,0.11,0.11,0.17,0.41,0.29,1.00,1.00,0.64,0.52,0.41",16,0.00,0.33,"Sitelinks, AI Overview, Image, Video, People also ask, Related searches"
enneagram type 9 careers,Commercial,51,70,"1.00,0.60,0.60,0.80,0.80,0.60,0.60,0.40,0.60,0.40,0.80,0.40",25,0.49,0.02,"Sitelinks, AI Overview, Image pack, Video, People also ask, Discussions and forums, Related searches"
enneagram type 9 jobs,"Informational, Commercial",56,70,"0.81,0.63,0.63,0.63,0.81,0.63,0.63,0.44,0.63,0.44,1.00,0.27",22,0.03,0.04,"Sitelinks, AI Overview, Video, People also ask, Discussions and forums, Related searches"
enneagram types described,Informational,71,70,"0.05,0.11,0.05,0.21,0.37,0.63,0.37,0.11,1.00,0.00,0.79,0.79",25,0.13,0.18,"AI Overview, Reviews, Image pack, Video, Video carousel, Related searches"
enneagram wing explanation,Informational,58,70,"0.44,0.37,0.44,0.44,0.44,0.63,0.08,0.63,1.00,1.00,1.00,1.00",22,0.00,0.01,"Sitelinks, AI Overview, Image pack, Video, Video carousel, People also ask, Related searches"
enneagram7,Informational,63,70,"0.00,0.00,0.00,1.00,0.00,0.00,0.00,0.01,0.00,0.01,0.00,0.54",21,0.33,0.04,"AI Overview, Image pack, Video, Video carousel, People also ask, Related searches"
enneagram: 9,Informational,61,70,"0.00,0.00,0.00,0.00,0.00,0.00,1.00,0.00,0.00,0.00,0.00,0.00",20,0.22,0.04,"Sitelinks, AI Overview, Video, Video carousel, People also ask, Related searches"
enneagraminstitute com,Navigational,56,70,"0.41,0.41,0.83,1.00,0.53,0.41,0.24,0.24,0.24,0.65,0.41,0.24",25,1.27,0.31,"Sitelinks, Reviews, Video, People also ask, Related searches"
ennegram 4w3,Informational,59,70,"0.21,0.00,0.21,0.00,0.00,0.09,0.81,0.03,1.00,0.00,0.21,0.21",25,0.79,0.01,"Sitelinks, AI Overview, Image pack, Video, People also ask, Related searches"
ennegram books,"Informational, Commercial",48,70,"0.00,0.00,0.00,0.07,0.00,0.00,0.00,0.00,0.00,0.01,1.00,0.04",17,0.23,1.00,"Sitelinks, AI Overview, Video, People also ask, Discussions and forums, Related searches, Popular products"
ennergram 6,Informational,62,70,"0.00,1.00,0.00,0.00,0.00,0.00,0.00,0.00,0.00,0.00,0.00,0.00",21,0.44,0.04,"AI Overview, Image pack, Video, Video carousel, People also ask, Related searches"
ennergram type 2,Informational,55,70,"0.00,1.00,0.00,0.00,0.00,0.00,0.00,0.00,0.00,0.00,0.00,0.00",27,0.72,0.03,"Sitelinks, AI Overview, Reviews, Image pack, Video, Video carousel, People also ask, Related searches, Things to know"
ennergram type 6,Informational,62,70,"0.00,1.00,0.00,0.00,0.00,0.00,0.00,0.00,0.00,0.00,0.00,0.00",20,0.72,0.04,"Sitelinks, AI Overview, Image pack, Video, Video carousel, People also ask, Related searches, Ads top, Ads bottom"
enniagram 8,Informational,61,70,"0.00,0.06,0.00,0.00,0.00,0.00,0.00,0.00,0.00,1.00,0.00,0.00",21,0.39,0.07,"Sitelinks, AI Overview, Reviews, Video, Video carousel, People also ask, Discussions and forums, Related searches, Things to know"
entertainers personality type,Informational,38,70,"0.00,1.00,0.00,0.00,0.00,0.00,0.00,0.00,0.00,0.67,0.00,0.00",33,0.06,0.04,"AI Overview, Image pack, Video, Video carousel, People also ask, Discussions and forums, Related searches"
enthusiast enneagram,Informational,58,70,"0.64,0.64,0.82,1.00,0.82,0.64,0.82,0.64,0.64,0.45,0.45,0.45",10,0.10,0.03,"Sitelinks, AI Overview, Image pack, Video, Video carousel, People also ask, Discussions and forums, Related searches, Ads bottom"
entj 1w2,Informational,47,70,"0.82,0.64,0.45,0.45,0.64,0.64,0.64,0.64,1.00,0.36,0.18,0.27",13,0.00,0.33,"Sitelinks, AI Overview, Image pack, Video, People also ask, Related searches"
entj and entp compatibility,Informational,42,70,"0.78,0.78,0.78,0.78,0.78,1.00,0.78,0.56,0.56,0.22,0.78,0.78",9,0.00,0.33,"Sitelinks, AI Overview, Reviews, Image pack, Video, People also ask, Related searches"
entj and relationships,Informational,41,70,"0.81,1.00,0.81,0.81,0.81,0.27,0.36,0.36,0.45,0.45,0.36,0.45",6,0.00,0.33,"Sitelinks, AI Overview, Video, Video carousel, People also ask, Related searches"
entj career paths,"Informational, Commercial",37,70,"1.00,0.17,0.17,1.00,0.62,0.62,0.62,0.17,1.00,0.81,1.00,1.00",22,0.00,0.01,"Sitelinks, AI Overview, Reviews, Video, People also ask, Discussions and forums, Related searches"
entj description,Informational,44,70,"0.63,0.63,0.81,0.81,0.63,0.63,0.63,0.37,0.63,1.00,0.17,0.17",33,0.00,0.01,"Sitelinks, AI Overview, Reviews, Image, Video, People also ask, Related searches"
entj enfp,Informational,44,70,"0.41,0.41,0.41,0.29,0.29,0.29,0.41,0.29,0.11,0.11,1.00,0.11",8,0.00,0.33,"Sitelinks, AI Overview, Reviews, Image pack, Video, People also ask, Related searches, Things to know"
entj infj couple,Informational,40,70,"0.79,0.79,0.56,1.00,0.79,0.79,1.00,0.79,0.56,0.79,0.79,0.79",3,0.00,0.33,"Sitelinks, AI Overview, Image pack, Video, Video carousel, Related searches"
entj intj,Informational,41,70,"1.00,0.78,1.00,0.78,1.00,0.78,0.78,0.78,0.78,1.00,1.00,0.78",9,0.00,0.01,"Sitelinks, AI Overview, Image pack, Video, Video carousel, People also ask, Related searches, Things to know"
entj jobs careers,Commercial,47,70,"0.00,0.00,0.00,0.00,0.00,0.00,0.00,0.00,1.00,0.00,0.01,0.00",22,0.56,0.01,"Sitelinks, AI Overview, Video, People also ask, Jobs, Discussions and forums, Related searches"
entj male,Informational,44,70,"0.64,0.45,0.64,0.81,0.64,0.64,0.81,0.64,0.64,1.00,0.27,0.45",16,0.00,0.33,"Sitelinks, AI Overview, Image pack, Video, Video carousel, People also ask, Related searches"
entj most compatible,Informational,41,70,"0.81,0.81,1.00,0.81,0.63,0.44,0.44,0.63,0.63,0.44,0.44,0.37",12,0.00,0.33,"Sitelinks, AI Overview, Image pack, Video, Video carousel, People also ask, Related searches"
entj personality careers,Commercial,39,70,"0.14,0.14,0.14,1.00,0.78,0.78,0.78,0.50,0.78,0.78,0.14,0.14",18,0.00,0.33,"Sitelinks, AI Overview, Video, People also ask, Discussions and forums, Related searches"
entj personality jobs,"Informational, Commercial",38,70,"0.18,0.18,0.18,1.00,1.00,1.00,1.00,0.18,1.00,1.00,0.18,0.18",23,0.00,0.33,"Sitelinks, AI Overview, Video, Video carousel, People also ask, Discussions and forums, Related searches"
entj personality type jobs,Commercial,47,70,"0.14,0.14,0.14,0.14,0.14,0.14,1.00,1.00,0.78,0.78,0.64,1.00",21,0.00,0.02,"Sitelinks, AI Overview, Video, Video carousel, People also ask, Discussions and forums, Related searches"
entj stands for,Informational,40,70,"1.00,0.83,0.58,0.42,0.42,0.58,0.42,0.33,1.00,0.58,0.42,0.17",34,0.00,0.33,"Sitelinks, AI Overview, Reviews, Instant answer, Image pack, Video, Video carousel, People also ask, Related searches"
entj stereotypes,Informational,38,70,"0.81,0.64,0.64,0.81,1.00,0.64,0.64,0.64,0.64,0.64,0.64,0.36",15,0.00,0.33,"Sitelinks, Image pack, Video, Video carousel, People also ask, Related searches"
entj vs infj,Informational,45,70,"0.75,0.75,0.75,1.00,0.54,0.75,0.75,0.75,0.21,1.00,0.21,0.21",6,0.00,0.33,"Sitelinks, AI Overview, Image pack, Video, Video carousel, People also ask, Related searches"
entj x infj,Informational,45,70,"1.00,0.33,1.00,0.67,0.33,0.33,0.33,0.33,0.33,0.33,0.33,0.00",10,0.00,0.33,"Sitelinks, AI Overview, Video, Video carousel, People also ask, Related searches"
entj 是 什么,Informational,47,70,"0.63,0.63,0.45,0.63,0.63,0.63,0.63,0.81,1.00,0.63,1.00,1.00",27,0.00,0.33,"AI Overview, Video, People also ask, Related searches"
entp a meaning,Informational,44,70,"0.64,0.52,1.00,0.52,0.52,0.00,0.29,0.00,0.29,0.00,0.00,0.00",32,0.00,0.33,"Sitelinks, AI Overview, Video, Video carousel, People also ask, Related searches"
entp and entj compatibility,Informational,40,70,"1.00,0.79,0.79,0.79,0.79,0.79,1.00,0.44,0.79,0.56,0.79,0.79",3,0.00,0.33,"Sitelinks, AI Overview, Image pack, Video, Video carousel, People also ask, Related searches"
entp and istp,Informational,37,70,"0.81,0.81,1.00,0.62,0.45,0.62,0.62,0.62,0.62,0.62,0.45,0.17",5,0.00,0.33,"Sitelinks, AI Overview, Reviews, Video, Video carousel, People also ask, Related searches"
entp art,Informational,39,70,"0.45,0.64,0.82,1.00,0.82,0.64,0.45,0.45,0.45,0.36,0.18,0.18",24,0.00,0.33,"Sitelinks, Image, Image pack, Video, People also ask, Related searches"
entp career paths,Commercial,38,70,"0.11,0.11,0.11,0.11,1.00,0.64,0.64,0.11,0.64,0.64,0.64,1.00",25,0.00,0.33,"Sitelinks, AI Overview, Video, People also ask, Related searches"
entp infp compatibility,Informational,43,70,"0.45,0.27,0.18,0.36,0.45,1.00,0.36,0.63,0.81,0.45,1.00,0.63",8,0.00,0.33,"Sitelinks, AI Overview, Image pack, Video, People also ask, Related searches"
entp t careers,Commercial,37,70,"1.00,0.18,0.18,1.00,1.00,1.00,0.18,0.18,0.18,0.18,0.18,0.18",26,0.00,0.33,"Sitelinks, AI Overview, Video, Video carousel, People also ask, Discussions and forums, Related searches"
entp-a careers,Commercial,37,70,"0.02,0.00,0.04,0.00,0.02,0.00,0.00,1.00,0.44,0.00,0.00,0.00",26,1.20,0.33,"Sitelinks, AI Overview, Video, People also ask, Discussions and forums, Related searches"
entp人格,Informational,38,70,"0.00,1.00,0.00,0.00,0.05,0.00,0.00,0.47,0.00,1.00,1.00,0.47",30,0.00,0.33,"AI Overview, Video, Video carousel, People also ask, Related searches"
entp性格,Informational,35,70,"0.64,0.50,0.00,0.00,0.00,0.64,0.79,1.00,0.50,0.50,1.00,0.79",32,0.00,0.33,"AI Overview, Video, People also ask, Related searches"
esfj and istp,Informational,39,70,"0.82,0.82,1.00,0.62,0.62,0.82,0.44,0.62,0.62,0.44,0.82,0.62",8,0.00,0.33,"Sitelinks, AI Overview, Image, Video, Short videos, People also ask"
esfj men,Informational,38,70,"0.50,0.50,0.35,1.00,0.50,0.50,0.35,0.35,0.35,0.29,0.29,0.29",6,0.00,0.33,"Sitelinks, AI Overview, Image pack, Video, Video carousel, People also ask, Related searches, Things to know"
esfj personality celebrities,Informational,40,70,"0.11,0.11,0.11,1.00,0.64,0.52,0.41,0.29,0.64,0.64,0.41,0.41",20,0.00,0.33,"Sitelinks, AI Overview, Video, People also ask, Related searches"
esfj t meaning,Informational,42,70,"0.64,0.53,1.00,0.81,0.64,0.00,0.28,0.00,0.28,0.00,0.28,0.00",32,0.00,0.33,"Sitelinks, AI Overview, Reviews, Video, Video carousel, People also ask, Related searches"
esfj-a careers,"Informational, Commercial",41,70,"0.00,0.00,0.07,0.07,0.19,0.53,0.00,0.42,0.07,1.00,0.42,1.00",26,0.00,0.33,"Sitelinks, AI Overview, Video, People also ask, Discussions and forums, Related searches"
esfj-t careers,Commercial,39,70,"0.33,0.66,0.04,1.00,0.66,0.52,0.42,0.09,0.14,0.52,0.14,0.19",19,0.00,0.33,"Sitelinks, AI Overview, Video, People also ask, Discussions and forums, Related searches"
esfp and intp,Informational,34,70,"0.81,0.81,0.63,0.63,0.63,0.63,0.63,0.44,0.63,0.44,1.00,0.44",5,0.00,0.33,"Sitelinks, AI Overview, Reviews, Image pack, Video, Video carousel, People also ask, Related searches"
esfp male,Informational,39,70,"1.00,1.00,1.00,0.56,0.79,0.79,0.33,0.44,0.56,0.56,0.33,0.33",13,0.00,0.33,"Sitelinks, AI Overview, Image pack, Video, Video carousel, People also ask, Related searches"
esfp t characters,Informational,37,70,"1.00,0.64,0.81,1.00,0.81,0.00,0.81,0.00,0.81,0.08,0.08,0.08",13,0.00,0.33,"Sitelinks, Reviews, Image pack, Video, People also ask, Discussions and forums, Related searches"
esfp-t characters,Informational,37,70,"0.28,0.13,0.49,0.49,0.49,0.64,0.49,0.49,0.49,0.79,0.64,1.00",15,0.00,0.33,"Sitelinks, Video, Video carousel, People also ask, Discussions and forums, Related searches"
estj and enfj compatibility,Informational,43,70,"0.64,1.00,0.64,0.82,0.82,0.82,0.64,0.64,0.64,0.64,0.64,0.64",5,0.00,0.33,"Sitelinks, AI Overview, Video, Video carousel, People also ask, Discussions and forums, Related searches"
estj enneagram,Informational,50,70,"0.76,0.76,0.76,1.00,0.76,0.76,0.76,0.56,1.00,0.56,0.76,0.21",6,0.00,0.33,"Sitelinks, AI Overview, Image pack, Video, Video carousel, People also ask, Discussions and forums, Related searches"
estj woman,Informational,35,70,"1.00,0.81,0.64,0.81,0.64,1.00,0.27,0.27,0.17,0.64,1.00,0.64",22,0.00,0.33,"Sitelinks, AI Overview, Image pack, Video, Video carousel, People also ask, Related searches"
estj women,Informational,36,70,"0.83,0.61,0.61,0.61,0.61,0.61,1.00,0.83,0.83,0.61,0.44,0.33",15,0.00,0.00,"Sitelinks, AI Overview, Image pack, Video, Video carousel, People also ask, Related searches"
estj 性格,Informational,33,70,"0.49,0.49,0.49,0.49,0.36,0.36,0.49,0.36,1.00,0.13,0.13,0.13",28,0.00,0.00,"AI Overview, Image pack, Video, People also ask, Related searches"
estj-a meaning,Informational,35,70,"1.00,0.00,0.83,0.83,0.65,0.11,0.00,0.41,0.00,0.11,0.24,0.18",30,0.00,0.02,"Sitelinks, AI Overview, Video, Video carousel, People also ask"
estp and enfj,Informational,43,70,"1.00,0.79,0.79,0.79,0.79,0.79,0.79,0.79,0.79,0.79,0.79,0.79",5,0.00,0.33,"Sitelinks, Reviews, Image, Image pack, Video, Video carousel, People also ask, Related searches"
e人和i人,Informational,31,70,"0.00,0.00,0.00,0.00,0.00,1.00,1.00,0.71,1.00,0.71,0.71,0.71",27,0.00,0.01,"Sitelinks, AI Overview, Video, Video carousel, People also ask, Related searches"
f in mbti,Informational,32,70,"0.06,0.34,0.06,0.06,0.06,0.06,0.06,0.09,0.53,1.00,0.06,0.06",16,0.00,0.33,"Sitelinks, AI Overview, Image pack, Video, Video carousel, People also ask, Related searches"
factual and conventional personality meaning,Informational,32,70,"0.50,0.78,0.63,0.63,1.00,0.50,0.35,0.28,0.35,0.13,0.13,0.13",17,0.00,0.33,"Featured snippet, Video, People also ask, Related searches"
factual personality,Informational,32,70,"0.18,0.18,0.18,1.00,1.00,1.00,0.18,0.18,1.00,0.18,1.00,0.18",22,0.00,0.33,"Sitelinks, AI Overview, Video, Video carousel, People also ask"
famous enneagram 3,Informational,58,70,"0.82,0.62,0.62,1.00,0.62,0.62,0.82,0.44,1.00,0.82,0.62,0.62",13,0.00,0.33,"Sitelinks, AI Overview, Video, People also ask, Related searches"
famous enneagram 7,Informational,58,70,"0.41,0.11,0.29,0.83,0.65,0.41,0.41,0.29,1.00,0.24,0.18,0.11",12,0.00,0.33,"Sitelinks, AI Overview, Video, People also ask, Discussions and forums, Related searches"
famous intj females,Informational,31,70,"0.77,0.77,0.77,0.77,0.77,0.77,1.00,0.77,0.55,0.77,0.77,0.77",12,0.00,0.02,"Sitelinks, AI Overview, Image pack, Video, People also ask, Related searches"
famous intj personalities,Informational,38,70,"0.07,0.07,0.07,0.07,1.00,0.80,0.07,0.11,0.26,0.07,0.19,0.53",24,0.00,0.02,"Sitelinks, AI Overview, Video, People also ask, Related searches"
famous people enneagram,Informational,56,70,"0.40,0.40,0.40,0.60,0.60,0.60,0.80,0.60,1.00,0.60,0.40,0.60",11,0.00,0.01,"Sitelinks, AI Overview, Image, Image pack, Video, People also ask, Related searches"
famous people with enfj personality,Informational,38,70,"0.35,0.14,0.14,0.78,1.00,0.21,0.14,0.14,0.78,0.78,0.35,0.14",21,0.00,0.33,"Sitelinks, AI Overview, Video, People also ask, Related searches"
famous people with enfp personality,Informational,42,70,"0.11,0.11,0.11,0.64,0.64,1.00,0.41,0.29,0.52,0.41,0.52,0.41",10,0.00,0.33,"Sitelinks, AI Overview, Reviews, Video, People also ask, Related searches"
famous people with esfj personality,Informational,37,70,"0.17,0.17,0.17,1.00,1.00,0.81,0.64,0.45,1.00,1.00,0.64,0.64",18,0.00,0.33,"Sitelinks, AI Overview, Video, People also ask, Related searches"
famous people with infp personality,Informational,44,70,"0.14,0.14,0.14,0.79,0.79,1.00,0.64,0.50,0.64,0.50,0.64,0.50",13,0.00,0.01,"Sitelinks, AI Overview, Video, Video carousel, People also ask, Related searches"
famous people with intj personality,Informational,38,70,"0.63,0.27,0.36,1.00,1.00,1.00,0.81,0.63,1.00,0.63,0.81,0.81",19,0.00,0.01,"Sitelinks, AI Overview, Video, People also ask, Related searches"
fastest mbti test,Informational,39,70,"0.06,0.06,0.06,0.35,0.05,0.03,0.05,0.03,0.03,0.00,0.00,1.00",31,0.60,0.55,"Sitelinks, Video, Discussions and forums, Related searches"
feeling myers briggs,Informational,40,70,"0.78,0.55,0.55,1.00,1.00,0.78,0.78,0.55,0.78,0.78,0.78,0.22",21,0.00,0.33,"Sitelinks, AI Overview, Image pack, Video, People also ask, Related searches"
fictional characters infp,Informational,33,70,"0.00,0.00,0.00,1.00,0.00,0.00,0.00,0.00,0.00,0.00,0.00,0.00",11,0.00,0.33,"Sitelinks, AI Overview, Image, Video, Video carousel, People also ask, Related searches"
fictional enfj,Informational,34,70,"1.00,0.45,0.45,0.64,1.00,0.81,0.64,0.64,0.81,0.45,0.64,0.64",10,0.00,0.33,"Sitelinks, AI Overview, Image, Video, Video carousel, People also ask, Discussions and forums, Related searches"
find my type,Informational,39,70,"0.64,0.81,1.00,0.17,0.17,0.64,0.81,0.64,0.81,0.64,1.00,0.64",23,0.61,0.03,"Video, People also ask, Related searches"
flins mbti,Informational,45,70,"0.00,0.00,0.09,0.04,1.00,0.80,0.09,0.09,0.52,0.09,0.80,1.00",19,0.00,0.33,"Image pack, Video, People also ask, Related searches"
four personality types quiz,Informational,52,70,"1.00,0.82,0.05,0.05,0.05,0.05,0.05,0.05,0.05,0.05,0.05,0.05",17,0.68,0.52,"Reviews, Video, Video carousel, Discussions and forums, Related searches"
free chakra test,Informational,30,70,"0.25,0.25,0.36,0.36,0.82,0.61,0.82,0.43,1.00,1.00,0.43,0.61",16,0.44,0.18,"Sitelinks, Reviews, Video, People also ask, Related searches"
free enneagram test no email,Informational,59,70,"0.51,0.09,0.09,0.09,0.09,0.51,0.09,0.67,0.51,1.00,0.09,0.51",25,0.27,0.62,"Sitelinks, AI Overview, Reviews, Video, People also ask, Related searches"
good careers for entj,Commercial,47,70,"0.81,0.63,1.00,0.81,0.81,0.00,0.00,0.18,0.18,0.81,1.00,1.00",23,0.00,0.02,"Sitelinks, AI Overview, Video, People also ask, Discussions and forums, Related searches"
good jobs for enfp,Commercial,36,70,"0.63,0.63,0.63,0.81,0.81,1.00,0.81,0.45,0.81,0.63,0.81,0.63",23,0.00,0.03,"Sitelinks, AI Overview, Video, People also ask, Related searches"
harry potter qualities,Informational,48,70,"1.00,0.17,0.17,0.17,1.00,1.00,1.00,0.17,1.00,0.63,0.63,0.63",20,0.00,0.33,"Sitelinks, AI Overview, Image pack, Video, Video carousel, People also ask, Related searches"
high c personality,Informational,33,70,"0.81,1.00,1.00,1.00,0.64,0.17,0.64,0.45,0.64,0.45,0.64,0.64",16,0.29,0.11,"Sitelinks, AI Overview, Image pack, Video, Video carousel, People also ask, Related searches"
how many kinds of people are there,Informational,34,70,"0.14,0.14,0.14,0.14,0.14,0.14,0.14,1.00,0.79,0.79,0.79,0.14",14,0.00,0.33,"Sitelinks, AI Overview, Video, Video carousel, People also ask, Related searches"
how many types of people are there,Informational,35,70,"0.14,0.14,0.14,0.14,0.14,0.14,0.14,1.00,0.78,0.78,0.78,0.14",14,0.00,0.33,"Sitelinks, AI Overview, Video, People also ask, Related searches"
how rare is entj,Informational,47,70,"1.00,0.79,0.79,0.79,0.79,0.79,0.79,0.79,1.00,0.79,0.79,0.79",27,0.00,0.33,"Sitelinks, AI Overview, Image pack, Video, Video carousel, People also ask, Related searches"
how rare is intj female,Informational,30,70,"0.78,0.78,0.56,0.78,0.78,1.00,0.78,0.56,0.78,0.78,1.00,0.78",7,0.00,0.33,"Sitelinks, AI Overview, Video, Video carousel, People also ask, Related searches"
how rare is your type,Informational,58,70,"0.52,0.39,0.26,0.39,0.17,1.00,0.22,0.83,0.65,0.26,0.09,0.09",20,0.00,0.33,"Sitelinks, Video, Video carousel, People also ask, Related searches"
i in disc,Informational,31,70,"0.15,0.15,0.26,0.15,0.26,0.34,0.34,0.53,1.00,0.65,0.42,0.65",17,0.80,0.18,"Sitelinks, AI Overview, Image pack, Video, Video carousel, People also ask, Related searches"
idrlabs mbti test,"Navigational, Transactional",45,70,"0.79,0.79,0.79,0.56,0.79,0.79,1.00,0.56,0.79,0.56,0.79,0.79",30,0.35,0.04,"Sitelinks, Related searches"
ieq9 enneagram,Navigational,51,70,"0.52,0.41,0.29,0.11,0.17,1.00,0.11,1.00,1.00,0.64,0.64,1.00",3,2.89,0.44,"Sitelinks, Video, Video carousel, People also ask, Related searches, Ads top, Ads bottom"
infj 3w4,Informational,59,70,"0.64,0.35,0.78,0.35,0.50,0.50,1.00,0.50,0.78,0.28,0.28,0.21",2,0.00,0.33,"Sitelinks, AI Overview, Image pack, Video, People also ask, Related searches"
infj 8w7,Informational,46,70,"0.74,1.00,0.74,0.52,0.74,0.74,0.74,0.74,0.52,0.52,0.74,0.52",8,0.00,0.33,"Sitelinks, AI Overview, Image pack, Video, People also ask, Related searches"
infj and entj relationship,Informational,42,70,"0.79,0.79,0.79,1.00,0.79,0.79,1.00,1.00,0.79,0.79,0.79,0.79",4,0.00,0.33,"Sitelinks, AI Overview, Video, Video carousel, People also ask, Related searches"
infj entj relationship,Informational,44,70,"0.63,0.63,0.81,1.00,0.81,0.63,0.81,0.81,0.63,0.63,0.63,0.63",6,0.00,0.01,"Sitelinks, AI Overview, Video, Video carousel, People also ask, Related searches"
infj isfj,Informational,40,70,"0.64,0.64,0.64,0.45,0.45,0.64,0.82,0.45,1.00,0.18,1.00,0.18",26,0.00,0.01,"Sitelinks, AI Overview, Video, Short videos, People also ask, Related searches"
infj or isfj,Informational,40,70,"0.64,0.64,0.64,0.64,0.64,0.64,0.45,0.64,1.00,0.36,0.45,0.36",15,0.00,0.02,"Sitelinks, AI Overview, Reviews, Video, Video carousel, People also ask, Related searches"
infj vs infp test,Informational,39,70,"1.00,1.00,1.00,1.00,1.00,1.00,1.00,0.71,1.00,1.00,0.41,0.41",7,0.77,0.09,"Sitelinks, AI Overview, Video, Video carousel, People also ask, Related searches"
info characters,Informational,36,70,"0.00,1.00,0.50,0.50,0.50,1.00,0.50,0.50,0.50,0.50,0.50,0.50",22,0.00,0.33,"Sitelinks, Image, Image pack, Video, Video carousel, People also ask, Related searches"
infp acting,Informational,36,70,"1.00,1.00,0.12,1.00,1.00,1.00,1.00,1.00,1.00,1.00,0.70,1.00",14,0.00,0.33,"Sitelinks, AI Overview, Video, Video carousel, People also ask, Related searches"
infp actors,Informational,31,70,"0.79,0.79,1.00,1.00,1.00,0.79,1.00,0.79,0.79,0.79,0.55,0.79",25,0.00,0.33,"Sitelinks, AI Overview, Reviews, Image, Image pack, Video, Video carousel, People also ask, Discussions and forums, Related searches"
infp archetype,Informational,40,70,"0.11,0.11,0.11,0.64,0.64,0.64,0.11,0.11,0.64,1.00,0.41,0.41",22,0.00,0.33,"Sitelinks, AI Overview, Video, Video carousel, People also ask, Discussions and forums, Related searches"
infp enneagram types,Informational,59,70,"0.09,0.14,0.14,0.19,0.33,0.52,0.33,0.33,1.00,0.33,0.52,0.52",7,0.46,0.07,"Sitelinks, AI Overview, Image pack, Video, Video carousel, People also ask, Related searches"
infp girl,Informational,36,70,"0.07,0.64,0.78,0.64,0.64,0.78,1.00,0.14,0.50,0.14,0.50,0.07",31,0.00,0.00,"Sitelinks, AI Overview, Image pack, Video, Video carousel, People also ask, Related searches"
infp personality celebrities,Informational,36,70,"0.82,0.64,0.64,1.00,0.64,0.82,0.45,0.36,0.82,0.45,0.64,0.18",34,0.00,0.33,"Sitelinks, AI Overview, Image pack, Video, People also ask, Related searches"
infp subtypes,Informational,44,70,"0.64,0.11,0.29,0.11,0.52,0.52,0.11,0.82,0.52,1.00,0.64,0.17",20,0.00,0.33,"Sitelinks, AI Overview, Image pack, Video, People also ask, Related searches"
infp t mediator,Informational,35,70,"1.00,0.17,0.17,1.00,1.00,1.00,1.00,0.17,0.81,0.64,0.45,0.64",21,0.00,0.01,"Sitelinks, AI Overview, Reviews, Image pack, Video, Video carousel, People also ask, Discussions and forums, Related searches"
infp vs estj,"Informational, Commercial",35,70,"0.18,0.18,1.00,1.00,0.18,0.18,0.27,0.45,1.00,0.36,1.00,0.45",6,0.00,0.33,"Sitelinks, AI Overview, Reviews, Image pack, Video, Video carousel, People also ask, Discussions and forums, Related searches"
infp vs infj test,Informational,38,70,"1.00,0.79,1.00,0.79,1.00,0.79,0.79,0.79,0.79,0.79,0.55,0.55",5,0.77,0.09,"Sitelinks, Video, Video carousel, Related searches"
inft personality,Informational,44,70,"0.00,0.00,0.00,0.00,0.00,0.00,0.00,0.00,0.00,0.00,1.00,0.00",33,0.25,0.08,"Sitelinks, AI Overview, Video, People also ask, Related searches"
insights discovery free test,Informational,33,70,"0.63,0.27,0.27,0.45,0.45,0.63,0.45,0.45,0.45,0.81,1.00,1.00",14,1.15,0.48,"Sitelinks, AI Overview, Reviews, Video, People also ask, Related searches"
international enneagram,Navigational,53,70,"0.63,0.63,1.00,0.63,0.63,0.63,0.45,0.63,0.45,0.45,0.63,0.63",33,0.00,0.01,"Sitelinks, Reviews, Video, Video carousel, Short videos, People also ask, Knowledge panel, Related searches"
intj and esfp,Informational,38,70,"0.17,0.81,0.45,0.45,0.62,0.45,0.36,0.81,0.45,0.62,0.81,1.00",17,0.00,0.33,"Sitelinks, AI Overview, Image pack, Video, People also ask, Related searches"
intj and leadership,Informational,38,70,"1.00,0.79,0.56,0.56,1.00,0.21,0.56,0.56,0.56,0.56,0.79,0.21",23,0.00,0.33,"Sitelinks, AI Overview, Video, People also ask, Related searches"
intj dating intj,Informational,35,70,"1.00,0.78,0.00,0.00,0.78,0.48,0.00,0.00,0.00,0.48,0.78,0.00",16,0.00,0.33,"Sitelinks, AI Overview, Video, Video carousel, People also ask, Related searches"
intj enfj,Informational,42,70,"1.00,0.55,0.79,0.79,0.79,1.00,0.79,0.79,0.79,0.79,0.79,0.21",16,0.00,0.33,"Sitelinks, AI Overview, Video, People also ask, Related searches"
intj female personality,Informational,37,70,"0.63,1.00,0.37,0.63,0.44,0.27,0.63,0.63,0.44,0.63,0.81,0.37",13,0.00,0.03,"Sitelinks, AI Overview, Video, Video carousel, People also ask, Related searches"
intj friendships,Informational,34,70,"1.00,1.00,1.00,1.00,0.70,1.00,0.70,1.00,0.70,1.00,1.00,0.27",9,0.00,0.33,"Sitelinks, AI Overview, Video, People also ask, Related searches"
intj leadership,Informational,38,70,"0.64,0.64,0.64,0.35,1.00,0.64,0.35,0.35,0.35,0.35,0.50,0.64",24,0.00,0.33,"Sitelinks, AI Overview, Video, People also ask, Related searches"
intj love,Informational,31,70,"0.53,0.41,0.29,0.41,0.00,0.29,0.29,0.24,0.29,1.00,0.29,0.29",11,0.00,0.01,"Sitelinks, AI Overview, Image pack, Video, Video carousel, People also ask, Related searches"
intj personality celebrities,Informational,39,70,"1.00,0.40,0.80,0.80,1.00,0.80,0.60,0.20,0.20,0.60,0.60,0.20",23,0.00,0.33,"Sitelinks, AI Overview, Video, People also ask, Related searches"
intj personality database,Informational,38,70,"0.39,0.39,1.00,0.54,0.29,0.11,0.11,0.11,0.11,0.11,0.11,0.11",18,0.00,0.33,"Image pack, Video, People also ask, Related searches"
intj personality type famous people,Informational,40,70,"0.45,0.18,0.36,1.00,1.00,1.00,0.63,0.63,1.00,0.63,0.63,0.63",14,0.00,0.01,"Sitelinks, AI Overview, Reviews, Video, People also ask, Related searches"
intj quotes,Informational,35,70,"0.52,0.52,0.74,0.52,1.00,0.74,0.74,0.52,0.74,0.74,0.52,0.30",24,0.00,0.33,"Sitelinks, AI Overview, Image, Video, People also ask, Related searches"
intj romance,Informational,30,70,"1.00,1.00,0.79,0.55,1.00,0.79,0.79,0.55,0.79,0.10,0.55,0.21",18,0.00,0.01,"Sitelinks, AI Overview, Video, People also ask, Discussions and forums, Related searches"
intj woman personality,Informational,39,70,"0.21,0.21,0.14,0.35,0.29,0.29,0.79,1.00,0.79,0.79,0.79,0.50",20,0.06,0.06,"Sitelinks, AI Overview, Video, Video carousel, People also ask, Related searches"
intj x intp,Informational,39,70,"1.00,0.81,1.00,0.81,0.44,0.63,0.44,0.63,0.44,0.17,0.17,0.17",9,0.00,0.33,"Sitelinks, AI Overview, Image pack, Video, People also ask, Related searches"
intj-t careers,Commercial,31,70,"0.29,0.52,0.65,0.65,0.00,0.65,0.00,0.29,0.17,0.82,0.82,1.00",27,0.15,0.02,"Sitelinks, AI Overview, Video, People also ask, Related searches"
intj-t celebrities,Informational,33,70,"0.35,0.35,0.00,1.00,0.29,0.50,0.50,0.29,0.50,0.50,0.35,0.50",20,0.00,0.33,"Sitelinks, AI Overview, Video, People also ask, Related searches"
intj-t vs intj-a,"Informational, Commercial",35,70,"0.81,0.81,0.27,0.81,0.27,1.00,0.36,0.81,0.63,1.00,0.81,0.81",23,0.00,0.33,"Sitelinks, AI Overview, Video, Video carousel, People also ask, Related searches"
intj性格,Informational,32,70,"0.04,0.04,0.00,0.00,0.00,0.53,1.00,0.53,0.00,0.81,0.81,1.00",25,0.00,0.33,"AI Overview, Video, People also ask, Related searches"
intp a personality type,Informational,40,70,"0.14,0.14,0.14,0.14,0.78,0.78,0.78,1.00,0.78,0.78,0.50,0.50",34,0.08,0.04,"Sitelinks, AI Overview, Video, People also ask, Related searches"
intp and estp,Informational,35,70,"0.50,0.00,0.00,1.00,0.50,0.50,0.50,0.50,0.50,0.50,0.50,0.50",4,0.00,0.33,"Sitelinks, AI Overview, Image pack, Video, People also ask"
intp bingo,Informational,33,70,"1.00,0.56,1.00,1.00,0.56,0.56,0.78,0.56,0.78,0.56,0.22,0.22",20,0.00,0.33,"Sitelinks, Image pack, Video, People also ask, Related searches"
intp entj,Informational,39,70,"0.81,0.63,1.00,0.63,0.81,0.44,0.81,0.63,0.44,0.44,1.00,0.63",8,0.00,0.33,"Sitelinks, AI Overview, Image pack, Video, Video carousel, People also ask, Related searches"
intp or intj,Informational,38,70,"0.32,1.00,0.66,0.43,0.23,0.14,0.23,0.09,0.14,0.52,0.18,0.14",18,0.00,0.01,"Sitelinks, AI Overview, Image pack, Video, People also ask, Related searches"
intp subtypes,Informational,43,70,"0.06,0.06,0.06,0.06,0.06,1.00,0.06,0.64,0.08,0.06,0.14,0.08",14,0.00,0.33,"Sitelinks, AI Overview, Image pack, Video, Video carousel, People also ask, Related searches"
intp t vs intp a,"Informational, Commercial",33,70,"0.64,0.64,0.78,1.00,0.64,0.64,0.64,0.14,0.00,0.07,0.28,0.78",21,0.00,0.33,"Sitelinks, AI Overview, Video, Video carousel, People also ask, Related searches"
intp x intj,Informational,39,70,"0.79,1.00,0.79,0.55,0.79,0.79,1.00,0.55,0.79,0.45,0.21,0.21",4,0.00,0.33,"Sitelinks, AI Overview, Image pack, Video, Video carousel, People also ask, Related searches"
intp-a vs intp-t,"Informational, Commercial",32,70,"0.00,0.00,0.60,0.80,0.80,0.00,1.00,0.13,0.60,1.00,0.60,0.80",24,0.00,0.33,"Sitelinks, AI Overview, Video, Video carousel, People also ask, Related searches"
intp-t celebrities,Informational,32,70,"0.35,0.00,0.00,0.35,1.00,0.65,0.22,0.48,0.65,0.48,0.48,0.48",18,0.00,0.33,"Sitelinks, AI Overview, Reviews, Video, People also ask, Related searches"
intp是什么,Informational,28,70,"0.05,0.00,0.00,0.00,0.05,0.65,0.81,1.00,0.65,0.23,0.65,0.65",30,0.00,0.33,"AI Overview, Video, People also ask, Related searches"
intuitive mbti,Informational,45,70,"0.36,0.36,0.45,0.36,0.81,0.62,0.45,0.45,0.45,1.00,0.62,0.81",25,0.00,0.00,"Sitelinks, AI Overview, Image pack, Video, People also ask, Related searches, Things to know"
intuitive myers briggs,Informational,40,70,"0.34,0.34,0.28,0.28,1.00,0.76,0.34,0.48,0.34,0.76,0.48,0.62",24,0.00,0.33,"Sitelinks, AI Overview, Image pack, Video, Video carousel, People also ask, Related searches"
investigator enneagram,Informational,57,70,"0.23,0.17,0.29,0.29,0.41,0.29,0.29,0.29,1.00,0.82,0.17,0.11",15,0.32,0.05,"AI Overview, Image pack, Video, Video carousel, People also ask, Related searches"
is 16 personalities accurate,Informational,40,70,"0.00,0.28,0.62,0.28,0.62,0.28,0.34,0.62,1.00,0.76,0.76,1.00",25,0.00,0.33,"Sitelinks, AI Overview, Reviews, Video, People also ask, Related searches"
isfj 6w7,Informational,42,70,"1.00,0.27,0.36,1.00,0.64,0.64,0.64,0.17,0.45,0.17,0.45,1.00",7,0.00,0.33,"Sitelinks, AI Overview, Image pack, Video, People also ask, Related searches"
isfj a meaning,Informational,43,70,"1.00,0.81,0.81,0.53,0.64,0.00,0.28,0.00,0.00,0.00,0.00,0.06",30,0.00,0.01,"Sitelinks, AI Overview, Image pack, Video, Video carousel, People also ask, Related searches"
isfj career paths,"Informational, Commercial",36,70,"0.11,0.11,0.11,0.64,1.00,0.64,0.64,0.11,1.00,0.11,0.11,0.11",15,0.00,0.33,"Sitelinks, AI Overview, Reviews, Video, Video carousel, People also ask, Discussions and forums, Related searches"
isfj or infj,Informational,40,70,"0.64,0.45,0.64,0.64,0.64,0.64,0.45,0.64,1.00,0.36,0.36,0.27",13,0.00,0.01,"Sitelinks, AI Overview, Reviews, Video, Video carousel, Short videos, People also ask, Related searches"
isfj personality type careers,"Informational, Commercial",36,70,"0.35,0.21,0.35,0.64,0.64,0.50,0.64,0.35,0.50,1.00,0.29,0.79",26,0.00,0.01,"Sitelinks, AI Overview, Reviews, Video, People also ask, Discussions and forums, Related searches"
isfj strengths,Informational,39,70,"0.11,0.23,0.11,0.64,0.64,0.64,0.11,0.11,1.00,0.11,0.17,0.11",28,0.00,0.33,"Sitelinks, AI Overview, Image pack, Video, People also ask, Discussions and forums, Related searches"
isfj woman,Informational,35,70,"0.78,1.00,1.00,0.78,1.00,1.00,1.00,0.78,0.78,0.55,1.00,0.78",23,0.00,0.33,"Sitelinks, AI Overview, Image pack, Video, Video carousel, People also ask, Related searches"
istj intj,Informational,35,70,"0.61,0.83,1.00,0.44,0.61,0.61,0.83,0.61,0.17,0.17,0.17,0.17",15,0.00,0.33,"Sitelinks, AI Overview, Video, Video carousel, Short videos, People also ask, Related searches"
istp 6w7,Informational,36,70,"1.00,0.44,0.63,0.81,0.44,0.44,0.63,0.44,0.63,0.44,0.44,0.63",4,0.00,0.33,"Sitelinks, AI Overview, Image, Image pack, Video, People also ask, Related searches"
ive mbti,Informational,45,70,"1.00,0.81,0.81,0.36,1.00,0.45,0.00,0.64,0.27,0.36,0.36,1.00",16,0.00,0.33,"Sitelinks, AI Overview, Image pack, Video, Video carousel, Short videos, People also ask, Related searches"
j and p mbti,Informational,31,70,"0.81,0.45,0.63,0.63,0.63,0.81,0.81,0.63,1.00,0.81,0.63,0.81",18,0.00,0.33,"Sitelinks, AI Overview, Image pack, Video, Video carousel, People also ask, Related searches"
jin mbti,Informational,45,70,"0.40,0.53,0.64,0.40,0.40,0.28,0.28,0.11,0.11,0.11,0.53,1.00",10,0.00,0.33,"Sitelinks, AI Overview, Image, Image pack, Video, Video carousel, People also ask, Related searches"
jobs for enfj personality,Commercial,44,70,"0.23,0.11,0.17,0.23,0.40,0.65,0.52,0.40,1.00,0.52,0.40,0.82",23,0.62,0.03,"Sitelinks, AI Overview, Video, People also ask, Related searches"
jobs for enfp personality,Commercial,39,70,"0.79,0.44,0.56,1.00,1.00,1.00,0.79,0.79,1.00,0.56,1.00,0.79",18,0.00,0.01,"Sitelinks, AI Overview, Video, People also ask, Related searches"
jobs for enfp personality type,Commercial,44,70,"0.35,0.00,0.13,0.63,0.21,1.00,1.00,0.50,0.35,0.78,0.50,0.63",17,0.25,0.03,"Sitelinks, AI Overview, Video, People also ask, Related searches"
jobs for enfp to avoid,Commercial,34,70,"0.78,0.78,0.78,0.55,0.78,1.00,1.00,0.78,1.00,0.78,0.78,0.78",17,0.00,0.33,"Sitelinks, AI Overview, Video, Video carousel, People also ask, Related searches"
jobs for entj,Commercial,35,70,"0.64,0.64,0.64,1.00,1.00,0.45,0.64,0.45,1.00,0.45,0.81,0.64",21,0.00,0.02,"Sitelinks, Video, People also ask, Jobs, Discussions and forums, Related searches"
jobs for entj personality,Commercial,37,70,"0.18,0.18,0.18,1.00,1.00,1.00,1.00,0.18,1.00,1.00,0.18,0.18",23,0.00,0.33,"Sitelinks, AI Overview, Video, People also ask, Discussions and forums, Related searches"
jobs for entp,Commercial,36,70,"0.20,0.20,0.50,0.10,0.10,0.10,1.00,0.00,0.50,0.00,0.10,0.00",23,0.46,0.33,"Sitelinks, Reviews, Video, Video carousel, People also ask, Related searches"
jobs for esfj personality,Commercial,37,70,"0.50,0.78,0.28,0.50,0.78,1.00,0.35,0.35,0.35,0.35,0.35,0.50",23,0.00,0.33,"Sitelinks, AI Overview, Video, People also ask, Discussions and forums, Related searches"
jobs for estj personality,Commercial,43,70,"0.09,0.63,0.45,0.81,0.18,0.18,0.81,0.63,1.00,0.81,1.00,0.81",23,0.00,0.01,"Sitelinks, AI Overview, Video, Video carousel, People also ask, Related searches"
jobs for infps,"Informational, Commercial",28,70,"0.33,0.13,0.00,0.00,0.04,0.04,0.00,0.00,1.00,0.00,0.00,0.67",33,0.37,0.01,"Sitelinks, AI Overview, Video, People also ask, Related searches"
jobs for intj personality,Commercial,33,70,"0.81,0.64,0.45,0.81,1.00,0.64,0.45,0.64,0.81,0.45,0.64,0.64",26,0.00,0.02,"Sitelinks, AI Overview, Video, People also ask, Related searches"
judging type of personality,Commercial,52,70,"0.82,0.64,0.36,0.64,0.64,1.00,0.64,0.64,1.00,0.64,0.64,1.00",31,0.00,0.33,"Sitelinks, AI Overview, Video, Video carousel, People also ask, Related searches"
jung mbti type,Informational,45,70,"0.64,1.00,1.00,0.82,0.64,0.36,0.45,0.45,0.64,0.45,0.45,0.45",28,0.68,0.06,"Sitelinks, AI Overview, Video, Video carousel, Short videos, People also ask, Related searches"
korean personality test mbti,Informational,36,70,"1.00,0.64,0.64,0.81,0.64,0.36,0.64,0.45,0.64,0.64,0.17,0.17",19,0.41,0.50,"Sitelinks, AI Overview, Reviews, Video, Video carousel, Short videos, People also ask, Related searches"
l mbti,Informational,36,70,"0.81,0.44,0.37,0.63,0.63,0.63,0.63,0.63,0.63,0.63,0.81,1.00",12,0.00,0.01,"Sitelinks, AI Overview, Video, People also ask, Related searches"
lilo and stitch mbti,Informational,28,70,"1.00,0.80,0.23,0.23,0.23,0.23,0.23,0.14,0.14,0.14,0.19,0.09",6,0.00,0.33,"Sitelinks, Image pack, People also ask, Related searches"
link click mbti,Informational,35,70,"0.64,1.00,0.64,0.64,0.45,0.45,0.64,0.45,1.00,0.45,0.18,0.18",18,0.00,0.33,"Sitelinks, Image pack, Video, People also ask, Related searches"
logician intp-t,Informational,35,70,"0.00,0.00,0.00,0.75,1.00,0.00,0.00,0.00,0.75,1.00,1.00,0.75",23,0.00,0.33,"Sitelinks, AI Overview, Reviews, Video, Video carousel, Related searches"
logistian,Informational,26,70,"0.50,0.00,1.00,0.00,0.50,1.00,0.00,0.50,0.00,0.00,0.00,0.00",29,0.00,0.33,"Sitelinks, AI Overview, Image pack, Video, Video carousel, People also ask, Related searches"
lost mbti,Informational,45,70,"0.45,0.81,1.00,0.62,0.62,0.45,0.45,0.36,0.36,0.36,0.36,0.17",8,0.00,0.33,"Sitelinks, Image pack, Video, People also ask, Discussions and forums, Related searches"
loyalist personality type,Informational,42,70,"0.78,1.00,0.78,1.00,1.00,0.55,1.00,0.78,0.55,0.44,0.78,0.22",17,0.34,0.06,"Sitelinks, AI Overview, Reviews, Image pack, Video, Short videos, People also ask, Discussions and forums, Related searches"
main energy types,Informational,44,70,"1.00,0.18,0.18,0.18,1.00,1.00,1.00,0.81,0.63,0.45,0.63,0.63",34,0.00,0.33,"AI Overview, Video, Video carousel, People also ask, Related searches"
male enfj,Informational,42,70,"0.62,1.00,0.62,0.82,0.82,1.00,0.82,0.44,0.62,0.44,0.62,0.62",19,0.00,0.33,"Sitelinks, Image pack, Video, Video carousel, People also ask, Related searches"
male personality types test,Commercial,38,70,"1.00,0.70,1.00,1.00,0.70,0.70,1.00,0.50,1.00,0.50,0.50,1.00",34,0.69,0.47,"Reviews, Video, People also ask, Related searches, Ads middle"
mankitsu happening mbti,Informational,45,70,"1.00,1.00,1.00,0.00,1.00,1.00,0.00,1.00,0.00,0.00,0.00,1.00",20,0.00,0.33,"Sitelinks, AI Overview, Image pack, People also ask, Related searches"
mbti 16 型 人格 測驗 免費,Informational,45,70,"0.82,1.00,0.82,0.64,0.64,0.45,0.36,0.82,0.64,0.64,0.64,0.82",31,0.77,0.26,"AI Overview, Video, People also ask, Related searches"
mbti and temperaments,Informational,40,70,"0.81,0.63,1.00,0.45,0.63,0.63,0.63,0.63,0.63,0.63,0.63,0.63",5,0.00,0.33,"Sitelinks, AI Overview, Image pack, Video, Video carousel, People also ask, Related searches"
mbti best type,Commercial,35,70,"0.00,1.00,0.44,0.00,0.00,0.00,0.00,0.00,0.82,0.00,0.82,0.00",20,1.03,0.01,"Sitelinks, AI Overview, Video, Video carousel, People also ask, Related searches"
mbti character chart,Informational,42,70,"0.63,0.63,0.75,0.38,0.63,0.63,0.63,1.00,0.38,0.38,0.63,0.38",31,0.00,0.33,"Sitelinks, AI Overview, Image, Image pack, Video, People also ask, Related searches"
mbti chinese,Informational,32,70,"1.00,0.70,0.70,1.00,0.70,1.00,1.00,0.70,1.00,1.00,1.00,1.00",19,0.00,0.01,"Image pack, Video, Video carousel, People also ask, Related searches"
mbti consul,Informational,39,70,"1.00,0.76,0.76,1.00,0.76,0.56,1.00,0.44,0.76,0.76,0.76,0.21",15,0.00,0.33,"AI Overview, Image pack, People also ask, Related searches"
mbti enneagram correlation,Informational,47,70,"0.00,0.62,0.82,1.00,0.82,1.00,0.44,0.82,0.00,1.00,0.82,0.62",11,0.00,0.33,"Sitelinks, AI Overview, Image pack, Video, Discussions and forums, Related searches"
mbti four temperaments,Informational,40,70,"1.00,0.63,0.45,0.63,0.63,0.63,0.63,0.63,0.63,0.63,0.63,0.63",15,0.00,0.33,"Sitelinks, AI Overview, Image pack, Video, Video carousel, People also ask, Related searches"
mbti hillary clinton,Informational,45,70,"0.50,0.50,0.28,0.50,0.50,0.63,0.50,0.35,0.35,0.78,1.00,0.50",16,0.00,0.33,"Sitelinks, AI Overview, People also ask, Related searches"
mbti images,Informational,45,70,"0.63,0.45,0.63,1.00,0.63,1.00,0.81,0.45,0.63,0.63,0.63,0.63",24,0.00,0.33,"Image, Image pack, People also ask, Related searches"
mbti in chinese,Informational,32,70,"0.45,0.63,0.63,0.63,0.63,1.00,0.63,0.45,0.63,0.63,0.63,0.63",19,0.00,0.01,"AI Overview, Image pack, Video, Video carousel, People also ask, Related searches"
mbti meaning discord,Informational,34,70,"1.00,1.00,1.00,0.11,0.11,0.11,0.64,0.11,0.11,0.11,0.11,0.11",30,0.00,0.33,"Sitelinks, AI Overview, Video, People also ask, Related searches"
mbti of fictional characters,Informational,32,70,"0.64,0.64,0.45,0.64,0.81,0.45,0.64,0.45,0.81,0.45,1.00,1.00",20,0.00,0.33,"Sitelinks, Image pack, Video, People also ask, Related searches"
mbti percentage population,Informational,45,70,"0.64,0.35,0.79,0.35,0.64,0.64,0.50,1.00,0.21,0.35,0.50,0.50",23,0.00,0.33,"Sitelinks, AI Overview, Reviews, Video, People also ask, Related searches"
mbti personality types characters,Informational,37,70,"0.11,0.11,0.11,1.00,0.11,0.11,0.11,0.11,0.64,0.64,0.64,1.00",20,0.00,0.33,"Sitelinks, AI Overview, Image pack, Video, People also ask, Related searches"
mbti phobias,Informational,45,70,"0.14,0.14,0.14,0.14,0.14,0.14,0.78,1.00,0.78,0.78,0.78,0.78",11,0.00,0.33,"Sitelinks, AI Overview, Image pack, Video, Video carousel, People also ask, Related searches"
mbti porn,Informational,45,70,"1.00,0.61,1.00,1.00,0.83,0.44,0.44,0.44,0.44,0.44,0.44,0.17",13,0.00,0.33,Sitelinks
mbti rare types,Informational,45,70,"1.00,1.00,0.71,0.71,1.00,0.71,1.00,0.71,1.00,1.00,1.00,1.00",33,0.00,0.33,"Sitelinks, AI Overview, Video, Short videos, People also ask, Related searches"
mbti stats,Informational,37,70,"0.81,0.64,0.81,1.00,0.64,1.00,0.64,0.64,0.64,0.45,0.45,0.45",31,0.00,0.33,"Sitelinks, AI Overview, Video, People also ask, Related searches"
mbti stranger things,Informational,45,70,"0.06,0.06,0.11,0.06,0.06,0.11,0.81,1.00,0.64,0.11,0.06,0.06",14,0.00,0.33,"Sitelinks, AI Overview, Image, Image pack, Video, People also ask, Related searches"
mbti t means,Informational,35,70,"0.77,1.00,0.77,0.55,0.77,0.77,0.77,0.55,1.00,0.77,0.77,0.55",24,0.00,0.33,"Sitelinks, AI Overview, Video, People also ask"
mbti temperament,Informational,37,70,"1.00,0.40,0.63,0.51,0.40,0.29,0.40,0.29,0.40,0.29,0.11,0.11",15,0.16,0.03,"Sitelinks, AI Overview, Image pack, Video, People also ask, Related searches"
mbti test for kids,Informational,36,70,"1.00,0.40,0.60,0.60,0.60,0.40,0.20,0.60,0.60,0.40,0.40,0.60",11,0.00,0.00,"Sitelinks, Video, People also ask, Related searches"
mbti test most accurate,Informational,37,70,"0.29,0.04,1.00,0.29,0.64,0.39,0.64,0.39,0.00,0.11,0.54,0.04",20,1.00,0.16,"Sitelinks, AI Overview, Video, Video carousel, People also ask, Related searches"
mbti text analyzer,Informational,40,70,"1.00,0.83,0.83,1.00,0.61,0.61,0.61,0.33,0.33,0.44,0.61,0.17",5,0.00,0.01,"Sitelinks, AI Overview, Related searches"
mbti the mastermind,Informational,40,70,"0.50,0.50,0.50,0.64,0.50,0.64,0.35,0.35,1.00,0.50,0.50,0.50",13,0.00,0.01,"Sitelinks, AI Overview, Image pack, Video, Video carousel, People also ask, Related searches"
mbti type percentages,Informational,45,70,"1.00,0.80,0.14,0.11,0.11,0.00,0.07,0.07,0.18,0.41,0.11,0.25",27,0.00,0.33,"Sitelinks, AI Overview, Reviews, Image pack, Video, Video carousel, People also ask, Related searches"
mbti wheel,Informational,45,70,"0.11,0.11,0.64,0.64,0.64,0.64,1.00,0.41,0.29,0.29,0.11,0.41",14,0.00,0.33,"Sitelinks, Image pack, Video, People also ask, Related searches"
mbti คือ,Informational,45,70,"0.62,0.62,0.45,0.45,1.00,0.45,0.45,0.45,0.62,0.36,0.62,0.36",23,0.00,0.33,"AI Overview, Reviews, Image, Image pack, Video, People also ask, Related searches"
mbti 免费测试,Informational,33,70,"0.43,0.43,0.53,0.53,0.53,0.00,0.00,0.00,1.00,0.00,0.00,0.00",30,0.89,0.21,"Video, Related searches"
mbti 測試 免費,Informational,45,70,"0.64,0.64,1.00,0.82,0.41,0.00,0.00,0.00,0.00,0.05,0.17,0.29",34,0.79,0.32,"Video, Related searches"
mbti 설명,Informational,34,70,"0.62,0.81,1.00,0.81,0.62,0.81,0.81,0.81,0.81,0.45,0.62,0.26",27,0.00,0.33,"Image pack, Video, Video carousel, People also ask, Related searches"
mbti 성격 유형 설명,Informational,32,70,"1.00,0.50,0.50,0.50,0.50,0.50,0.35,0.35,0.50,0.29,0.35,0.14",23,0.00,0.33,"Image pack, Video, People also ask, Related searches"
mbti 성격유형,Informational,33,70,"0.00,1.00,0.00,0.00,0.00,0.67,0.00,0.67,0.00,0.33,0.43,0.52",32,0.00,0.33,"AI Overview, Video, Video carousel, People also ask, Knowledge panel"
mbti 정식검사 무료,Informational,32,70,"0.00,0.00,0.00,0.00,0.00,0.63,0.00,0.38,1.00,1.00,0.06,0.31",30,0.54,0.11,"AI Overview, Reviews, Video, Related searches"
mbtiとは,Informational,45,70,"0.83,0.00,0.00,0.00,0.00,1.00,0.83,0.51,0.83,0.51,0.29,1.00",20,0.33,0.03,"AI Overview, Video, People also ask, Related searches"
mbti診断一覧,Informational,45,70,"1.00,0.79,0.00,0.00,0.00,0.79,1.00,0.50,0.50,0.50,0.50,0.50",14,0.00,0.33,"AI Overview, Video, People also ask, Related searches"
millon personality test,Informational,52,70,"1.00,0.80,0.80,1.00,0.80,0.60,0.60,0.80,1.00,1.00,0.80,1.00",26,1.59,0.07,"Sitelinks, Image pack, Video, People also ask, Knowledge panel, Related searches"
mizi mbti,Informational,29,70,"0.03,0.81,0.34,0.34,0.34,0.06,0.34,0.06,0.06,0.06,0.06,1.00",21,0.00,0.33,"Sitelinks, AI Overview, Image pack, People also ask"
myer briggs personality test pdf,Informational,33,70,"0.23,0.17,0.17,1.00,0.23,0.17,0.05,0.29,0.52,0.52,0.64,1.00",16,1.11,0.06,"Reviews, Related searches"
myers briggs and enneagram,Informational,57,70,"0.10,0.07,0.12,0.12,0.23,0.00,0.23,0.10,1.00,0.00,0.17,0.17",15,0.68,0.17,"Sitelinks, AI Overview, Image pack, Video, Video carousel, People also ask, Related searches"
myers briggs guardian,Informational,43,70,"1.00,0.64,0.50,0.50,0.50,0.50,0.35,0.50,0.50,0.50,0.50,0.50",33,0.00,0.33,"AI Overview, Image pack, Video, People also ask, Related searches"
myers briggs personality test printable,Informational,35,70,"0.24,0.24,0.24,0.33,0.24,0.33,0.33,0.24,0.33,1.00,0.24,0.66",17,0.00,0.02,"Image pack, Video, Related searches"
myers briggs personality types characters,Informational,42,70,"0.18,0.18,0.18,1.00,0.18,0.27,0.18,0.27,1.00,1.00,1.00,1.00",34,0.00,0.01,"AI Overview, Image, Image pack, Video, People also ask, Related searches"
myers briggs pictures,Informational,39,70,"0.78,0.56,0.78,1.00,0.78,1.00,0.78,0.56,0.78,0.78,0.56,0.78",23,0.00,0.33,"Image, Image pack, Video, People also ask, Related searches"
myers briggs rare types,Informational,58,70,"0.35,1.00,0.64,0.64,0.50,0.21,0.35,0.50,0.64,0.35,0.50,0.35",26,0.00,0.01,"Sitelinks, AI Overview, Image, Video, Video carousel, People also ask, Related searches"
n or s mbti,Informational,37,70,"0.79,1.00,0.44,1.00,0.79,0.79,0.79,0.79,1.00,0.79,0.79,0.79",21,0.00,0.33,"Sitelinks, AI Overview, Image pack, Video, People also ask, Related searches"
n vs s personality,Informational,38,70,"0.79,0.79,0.79,0.79,1.00,0.79,0.79,0.56,0.79,0.79,0.79,0.21",17,0.00,0.33,"Sitelinks, AI Overview, Image pack, Video, Video carousel, People also ask, Related searches"
ni ki mbti,Informational,45,70,"0.64,1.00,1.00,0.78,1.00,0.00,0.35,0.00,0.00,0.00,0.00,0.00",15,0.00,0.33,"Sitelinks, AI Overview, Image pack, Video, People also ask, Related searches"
osfj,Informational,36,70,"0.00,0.01,0.00,0.00,0.00,0.00,0.00,0.00,1.00,0.00,0.00,0.00",27,0.06,0.33,"Sitelinks, AI Overview, Image, Image pack, Video, Video carousel, People also ask, Related searches"
peacemaker mbti,Informational,41,70,"0.11,0.11,0.65,0.65,0.65,1.00,0.41,0.29,0.24,0.24,0.29,0.24",8,0.00,0.33,"AI Overview, Reviews, Image pack, Video, People also ask, Related searches"
people who are esfj,Informational,42,70,"0.76,0.56,0.76,1.00,1.00,1.00,1.00,0.76,0.76,0.76,0.76,0.56",34,0.00,0.33,"Sitelinks, AI Overview, Video, Video carousel, People also ask, Related searches"
percentage of enfj in population,Informational,44,70,"1.00,1.00,0.18,0.45,0.63,0.63,0.63,0.63,0.81,0.63,0.63,0.45",20,0.00,0.33,"Sitelinks, AI Overview, Video, People also ask, Related searches"
personality 13,Navigational,36,70,"1.00,1.00,0.00,0.00,0.00,0.00,0.00,0.00,0.50,0.00,0.00,0.00",26,0.14,0.25,"Sitelinks, AI Overview, Reviews, Video, People also ask, Related searches, Ads top, Ads bottom"
personality 8,Informational,49,70,"0.79,0.55,0.79,0.55,0.79,0.79,0.45,0.21,1.00,1.00,0.79,0.21",24,0.40,0.09,"AI Overview, Image pack, Video, Video carousel, People also ask, Related searches"
personality and wholeness in therapy,Informational,45,70,"0.53,0.53,0.41,0.41,0.41,0.29,0.29,0.29,0.41,0.24,1.00,0.24",21,0.67,0.98,"Video, Video carousel, Knowledge panel, Related searches"
personality book test,Commercial,39,70,"0.63,0.45,0.63,0.63,0.45,0.63,0.81,0.45,0.63,0.63,0.63,1.00",16,1.05,0.69,"Sitelinks, Video, Related searches, Popular products"
personality databas,Navigational,32,70,"1.00,0.75,0.50,0.13,0.63,0.00,0.25,0.00,0.13,0.00,1.00,1.00",33,1.36,0.33,"Sitelinks, Related searches"
personality datbase,Navigational,37,70,"0.00,0.00,0.41,0.53,0.82,0.12,0.06,0.06,0.65,1.00,0.06,0.53",29,0.73,0.33,"Sitelinks, Video"
personality investigator,Navigational,42,70,"0.18,0.18,0.18,1.00,1.00,1.00,0.18,0.18,1.00,0.18,0.18,0.18",25,0.00,0.01,"Sitelinks, AI Overview, Image pack, Video, People also ask, Discussions and forums, Related searches"
personality labs,"Informational, Commercial",36,70,"0.19,0.33,0.19,0.42,0.23,0.23,0.42,0.33,0.33,1.00,0.33,1.00",33,0.31,0.05,"Sitelinks, AI Overview, Reviews, Video, People also ask, Related searches"
personality number 2,Informational,65,70,"0.62,0.62,0.81,0.81,0.62,0.62,0.45,0.62,0.45,0.62,0.17,1.00",29,0.00,0.33,"Sitelinks, AI Overview, Video, Video carousel, People also ask, Related searches"
personality refers to,Informational,35,70,"0.17,0.14,0.21,0.14,0.31,0.31,1.00,0.21,0.07,0.14,0.31,0.52",31,0.00,0.33,"AI Overview, Reviews, Video, Video carousel, People also ask, Related searches"
personality spectrum,Informational,43,70,"0.76,0.76,0.56,0.76,0.76,0.56,1.00,0.76,0.76,0.76,1.00,0.76",13,0.58,0.02,"Sitelinks, AI Overview, Reviews, Video, Video carousel, People also ask, Related searches"
personality strengths test,Informational,35,70,"0.35,0.35,0.64,1.00,0.78,0.64,0.50,0.78,0.50,0.35,0.64,0.28",21,0.99,0.44,"Reviews, Video, Related searches, Ads bottom"
personality test 6,Informational,53,70,"1.00,0.79,1.00,1.00,1.00,0.79,1.00,0.55,1.00,0.55,0.21,0.21",26,0.30,0.29,"Sitelinks, AI Overview, Video, Video carousel, People also ask, Related searches"
personality test campaigner,Informational,37,70,"0.45,0.64,0.64,1.00,0.81,0.45,0.64,0.36,0.81,0.64,0.36,0.64",34,0.28,0.05,"Image, Image pack, Video, Video carousel, People also ask, Discussions and forums, Related searches"
personality test entp,Informational,44,70,"0.40,0.00,0.65,0.53,0.28,0.28,0.23,0.53,0.12,1.00,0.05,0.12",28,0.31,0.46,"Sitelinks, AI Overview, Reviews, Video, Video carousel, People also ask, Related searches"
personality test from picture,Informational,36,70,"1.00,0.09,0.04,0.04,0.13,0.32,0.23,0.09,0.53,0.66,0.43,0.66",24,0.82,0.05,"Image pack, Video, Video carousel, People also ask, Related searches, Ads top, Ads bottom"
personality test mediator,Informational,43,70,"0.62,1.00,0.81,0.81,0.81,0.62,0.45,0.36,0.62,0.62,0.36,0.36",28,0.15,0.04,"Sitelinks, Image pack, Video, Video carousel, People also ask"
personality tests characters,Informational,52,70,"0.00,0.00,0.00,0.00,0.00,0.00,0.00,0.00,1.00,0.00,0.00,0.00",25,0.81,0.02,"Sitelinks, Reviews, Video, Related searches"
personality tests for teens,Informational,36,70,"0.11,0.41,0.29,0.64,0.29,1.00,0.52,0.17,0.41,0.41,0.29,0.41",34,0.58,0.23,"AI Overview, Video, Video carousel, People also ask, Discussions and forums, Related searches"
personality type a b c d test,Informational,47,70,"0.29,0.07,0.36,1.00,0.64,0.64,0.50,0.36,0.00,0.79,0.36,0.50",29,0.49,0.40,"Sitelinks, Video, Related searches"
personality type estj,Informational,43,70,"0.00,0.00,0.03,0.00,0.67,1.00,0.00,0.00,0.00,0.07,0.00,0.00",34,0.30,0.05,"Sitelinks, AI Overview, Image pack, Video, Video carousel, People also ask, Related searches, Things to know"
personality type judging,Informational,39,70,"1.00,0.64,0.45,0.64,1.00,1.00,0.64,0.36,0.82,0.45,0.64,0.64",29,0.00,0.33,"Sitelinks, AI Overview, Image pack, Video, Video carousel, People also ask, Related searches, Ads bottom, Ads middle"
personality type quiz abcd,Informational,42,70,"1.00,0.11,0.07,0.03,0.03,0.03,0.03,0.03,0.19,0.42,0.65,0.03",4,0.49,0.40,"Sitelinks, Video, Related searches"
personality type test a b c d,Informational,42,70,"0.31,0.03,0.66,1.00,0.00,0.41,0.00,0.31,0.00,0.41,0.14,0.17",12,0.49,0.40,"Sitelinks, Video, People also ask, Related searches"
personality type test enfp,"Informational, Transactional",50,70,"0.64,0.64,0.64,0.64,0.45,0.64,0.45,0.18,0.18,1.00,1.00,1.00",30,0.64,0.61,"Sitelinks, AI Overview, Video, Video carousel, People also ask, Knowledge panel, Related searches"
personality types 1 9,Informational,61,70,"0.78,0.78,0.78,1.00,1.00,1.00,0.78,1.00,1.00,0.55,0.55,0.55",32,0.65,0.50,"Sitelinks, AI Overview, Image pack, Video, Video carousel, People also ask, Related searches"
personality types entp,Informational,46,70,"0.00,0.00,1.00,0.00,0.00,0.00,0.00,0.00,0.00,1.00,0.00,0.00",30,0.26,0.05,"Sitelinks, AI Overview, Video, Video carousel, People also ask, Related searches"
personality types letters meaning,Informational,42,70,"0.11,0.05,0.17,0.41,0.17,0.52,0.41,0.23,0.41,1.00,0.64,0.82",33,0.46,0.03,"Sitelinks, AI Overview, Image pack, Video, Video carousel, People also ask, Related searches"
personality types protector,Informational,43,70,"1.00,0.79,0.35,0.49,0.49,0.49,0.65,0.65,0.00,0.49,0.65,0.79",33,0.00,0.33,"AI Overview, Reviews, Video, People also ask, Discussions and forums, Related searches"
personality types rarity,Informational,58,70,"1.00,0.37,0.81,0.44,0.81,0.37,0.81,0.63,0.63,0.44,0.08,0.17",33,0.00,0.33,"Sitelinks, AI Overview, Image pack, Video, People also ask, Related searches"
personality wise meaning,Informational,45,70,"0.11,0.11,0.64,0.11,0.11,0.64,0.64,1.00,0.11,0.11,0.64,0.64",17,0.00,0.33,"Sitelinks, AI Overview, Video, People also ask, Related searches"
podcast enneagram,Informational,58,70,"0.45,0.45,0.81,1.00,1.00,0.81,1.00,0.81,0.81,0.45,0.63,0.63",24,0.00,0.01,"Sitelinks, AI Overview, Reviews, Video, Video carousel, Related searches"
protector type personality,Informational,41,70,"1.00,0.79,0.35,0.49,0.49,0.49,0.65,0.65,0.00,0.49,0.65,0.79",23,0.00,0.01,"AI Overview, Reviews, Video, Video carousel, People also ask, Discussions and forums, Related searches"
quiz to understand yourself,Commercial,38,70,"0.45,0.63,0.45,0.63,0.63,0.45,0.63,0.63,0.81,0.18,1.00,1.00",34,0.41,0.27,"Sitelinks, Reviews, Video, Video carousel, Related searches, Ads top, Ads bottom"
rare mbti type,Informational,45,70,"0.08,0.00,0.11,0.06,0.00,0.00,0.00,1.00,0.00,0.36,0.00,0.00",22,0.69,0.33,"Sitelinks, AI Overview, Image, Video, Short videos, People also ask, Related searches"
rare myers briggs personality type,Informational,43,70,"1.00,0.61,0.44,0.44,1.00,0.61,0.83,0.44,0.44,0.44,0.33,0.44",20,0.00,0.02,"Sitelinks, AI Overview, Video, Video carousel, People also ask, Related searches"
rarest myers briggs types,Informational,58,70,"0.60,0.80,0.60,0.80,0.60,0.60,0.20,0.20,1.00,0.60,0.80,1.00",14,0.00,0.02,"Sitelinks, AI Overview, Image, Image pack, Video, Video carousel, Short videos, People also ask, Related searches"
reflective and thorough personality meaning,Informational,33,70,"1.00,1.00,1.00,0.64,0.64,0.64,0.17,0.17,0.17,0.17,0.17,0.17",20,0.00,0.33,"Sitelinks, AI Overview, Reviews, Video, People also ask, Related searches"
reformer personality type,Informational,41,70,"0.64,0.64,0.64,0.82,0.64,0.64,0.82,0.82,0.64,0.64,0.64,1.00",12,1.12,0.07,"Sitelinks, AI Overview, Reviews, Image pack, Video, People also ask, Discussions and forums, Related searches"
relationship goals for each enneagram number,Informational,59,70,"0.28,0.28,0.50,0.64,0.50,1.00,0.64,0.35,0.78,0.64,0.50,0.50",6,0.00,0.00,"Sitelinks, AI Overview, Video, Video carousel, People also ask, Discussions and forums, Related searches"
richard riso,Informational,29,70,"0.81,0.45,0.81,0.81,1.00,0.81,0.45,0.45,0.63,0.45,0.63,0.45",13,0.00,0.06,"Sitelinks, Reviews, Image, Video carousel, People also ask, Knowledge panel, Related searches"
riso enneagram test,Informational,50,70,"1.00,0.78,0.78,0.78,1.00,1.00,0.56,0.56,1.00,0.78,1.00,0.78",32,0.90,0.57,"Sitelinks, AI Overview, Reviews, Video, Video carousel, People also ask, Discussions and forums, Related searches, Ads bottom"
riso hudson enneagram type indicator test,Informational,48,70,"1.00,0.78,0.78,0.78,1.00,1.00,0.56,0.56,1.00,0.78,1.00,0.78",29,1.18,0.62,"Sitelinks, Video, Video carousel, People also ask, Related searches"
s vs n in mbti,"Informational, Commercial",37,70,"0.11,0.23,0.64,1.00,0.11,0.11,0.23,0.11,1.00,1.00,0.52,0.64",23,0.00,0.33,"Sitelinks, AI Overview, Image pack, Video, People also ask, Related searches"
s vs n personality,Informational,38,70,"0.18,1.00,0.43,0.82,0.82,0.43,0.61,0.43,1.00,1.00,0.43,0.18",13,0.00,0.33,"Sitelinks, AI Overview, Image pack, Video, Video carousel, People also ask, Related searches"
sample questionnaire for personality test,Informational,34,70,"0.22,0.04,0.04,0.04,0.04,0.04,0.22,0.29,0.22,0.22,0.22,1.00",32,0.51,0.02,"AI Overview, Reviews, Image pack, Video, Related searches"
self preservation 1,Informational,32,70,"0.41,0.64,0.41,0.17,0.17,0.29,0.17,0.00,0.41,1.00,0.64,0.52",1,0.00,0.33,"AI Overview, Image, Image pack, Video, People also ask, Discussions and forums, Related searches"
self preservation 5,Informational,38,70,"0.79,0.50,0.64,0.79,0.50,0.14,0.79,0.14,0.21,0.35,0.35,1.00",15,0.00,0.33,"Sitelinks, AI Overview, Reviews, Image pack, Video, Video carousel, People also ask, Discussions and forums, Related searches"
self report inventory personality test,Informational,37,70,"0.49,0.28,0.36,0.13,1.00,0.49,0.49,0.36,0.64,0.36,0.79,0.79",29,0.97,0.03,"Sitelinks, AI Overview, Reviews, Video, People also ask, Related searches"
sexual 2 enneagram,Informational,48,70,"0.28,0.12,1.00,0.06,0.00,0.00,0.28,0.15,0.15,0.06,0.09,0.65",7,0.76,0.46,"Sitelinks, Image pack, Video, Video carousel, People also ask, Related searches"
sexual 7 enneagram,Informational,46,70,"0.29,0.64,0.41,0.41,0.11,0.11,1.00,0.11,0.29,0.52,0.64,0.64",5,0.00,0.33,"Sitelinks, Video, Video carousel, People also ask, Related searches"
sexual 8 enneagram,Informational,48,70,"0.35,0.35,0.35,0.35,0.35,0.14,0.50,0.50,0.35,0.50,1.00,0.79",15,0.76,0.46,"Sitelinks, AI Overview, Video, Video carousel, People also ask, Related searches"
sexual 9 enneagram,Informational,49,70,"0.23,0.23,0.33,0.19,0.23,0.33,0.23,0.33,0.23,0.33,1.00,0.51",11,0.00,0.33,"Sitelinks, AI Overview, Video, Video carousel, Short videos, People also ask, Related searches"
si personality type,Informational,34,70,"0.64,0.29,0.11,0.41,1.00,0.29,0.11,0.41,0.11,0.17,0.52,0.11",23,0.55,0.15,"Sitelinks, AI Overview, Image pack, Video, People also ask, Related searches"
social 3,Informational,34,70,"0.49,0.29,0.66,0.20,0.80,0.49,0.29,0.34,0.66,0.66,1.00,1.00",3,0.00,0.33,"Sitelinks, Image, Video, Video carousel, People also ask, Related searches"
social personality type,Informational,37,70,"0.28,0.79,0.13,0.79,0.79,0.79,0.13,1.00,0.13,0.13,0.79,0.13",13,0.00,0.01,"Sitelinks, AI Overview, Video, People also ask, Related searches"
social type personality,Informational,34,70,"0.14,0.78,0.14,0.78,0.78,0.78,0.14,1.00,0.14,0.14,0.78,0.14",18,0.00,0.03,"Sitelinks, AI Overview, Video, Video carousel, People also ask, Related searches"
surrounded by idiots color test,Informational,26,70,"0.64,0.82,0.64,0.18,1.00,1.00,1.00,0.64,0.82,0.82,0.45,0.45",10,0.72,0.48,"AI Overview, Video, People also ask, Related searches, Ads bottom"
surrounded by idiots personality test,Informational,29,70,"0.11,1.00,0.41,0.52,0.52,0.52,0.41,0.29,0.11,0.11,0.11,0.11",5,0.90,0.48,"Sitelinks, Video, Related searches"
suzanne stabile books,Informational,48,70,"0.60,0.80,0.80,1.00,0.80,0.80,0.60,0.60,0.40,0.27,0.40,0.13",25,0.22,0.99,"Sitelinks, Video, People also ask, Knowledge panel, Related searches, Popular products, Ads middle"
system personality,Informational,37,70,"0.18,1.00,0.18,0.18,1.00,1.00,0.18,0.18,1.00,1.00,0.63,0.63",27,0.00,0.01,"Sitelinks, AI Overview, Reviews, Video, Video carousel, People also ask, Related searches"
systematic and principled personality meaning,Informational,37,70,"1.00,1.00,1.00,0.78,1.00,0.78,0.56,0.44,0.44,0.33,0.22,0.22",24,0.00,0.00,"Sitelinks, AI Overview, Video, People also ask, Related searches"
teste eneagrama gratuito,Informational,51,70,"1.00,1.00,1.00,1.00,1.00,0.18,0.18,0.18,0.18,0.18,0.18,0.18",0,1.33,0.64,"AI Overview, Video, Related searches"
tests de personalidad,Informational,35,70,"1.00,0.21,0.79,0.16,0.21,0.53,0.26,0.26,0.26,0.26,0.16,1.00",22,0.21,0.29,"Image pack, Video, Video carousel, People also ask, Related searches, Ads top, Ads bottom"
tests similar to myers briggs,Informational,39,70,"1.00,0.64,0.64,0.82,0.64,0.82,0.64,0.64,0.64,0.64,0.64,0.64",33,0.91,0.15,"Sitelinks, AI Overview, Reviews, Video, People also ask, Related searches"
the campaigner personality,Informational,37,70,"0.40,0.40,0.20,0.60,0.40,0.00,0.00,0.00,0.60,0.60,0.80,1.00",32,0.01,0.01,"AI Overview, Image, Image pack, Video, Video carousel, Short videos, People also ask, Related searches"
the campainer,Informational,32,70,"0.82,0.64,1.00,0.00,0.82,0.27,0.27,0.18,0.64,0.64,1.00,0.45",28,0.00,0.33,"Sitelinks, AI Overview, Image pack, Video, Video carousel, People also ask, Related searches, Things to know"
the consul mbti,Informational,36,70,"0.11,0.11,0.64,1.00,1.00,0.11,0.11,0.11,0.11,0.11,0.11,0.64",34,0.00,0.33,"Sitelinks, AI Overview, Reviews, Image pack, Video, Video carousel, People also ask, Related searches"
the consul myers brigg,Informational,29,70,"1.00,0.18,0.18,0.64,0.64,1.00,0.64,0.82,0.82,0.64,0.36,0.45",29,0.03,0.04,"AI Overview, Reviews, Video, People also ask, Related searches"
the defenders mbti,Informational,31,70,"0.00,0.80,0.66,0.33,0.00,0.00,0.80,0.66,0.00,0.66,1.00,0.66",21,0.00,0.00,"AI Overview, Image pack, Video, Video carousel, People also ask"
the enneagram book,Informational,51,70,"0.29,0.21,0.64,0.64,1.00,0.50,0.29,0.29,0.79,0.36,0.36,0.14",23,0.33,1.00,"Sitelinks, AI Overview, Reviews, Image, Image pack, Video, People also ask, Discussions and forums, Related searches"
the essential enneagram book,Informational,49,70,"1.00,0.78,0.78,1.00,0.78,0.78,1.00,0.78,1.00,0.56,0.78,0.78",26,0.57,0.96,"Sitelinks, Reviews, Video, Video carousel, People also ask, Knowledge panel, Related searches, Popular products"
the investigator enneagram,Informational,57,70,"0.45,0.36,1.00,1.00,0.45,1.00,0.36,0.45,0.26,0.62,0.81,0.45",9,0.93,0.03,"AI Overview, Reviews, Image pack, Video, Video carousel, People also ask, Related searches"
the investigator personality type,Informational,48,70,"0.11,0.11,0.64,0.64,0.11,0.11,0.64,0.11,0.64,0.11,1.00,0.11",26,1.09,0.09,"AI Overview, Reviews, Image pack, Video, People also ask, Related searches"
the wisdom of the enneagram pdf,Informational,49,70,"0.63,0.63,0.63,0.81,0.63,0.81,0.63,0.63,0.18,0.18,1.00,1.00",19,0.00,0.09,"Sitelinks, Reviews, Knowledge panel, Related searches"
thinker personality type,Informational,40,70,"0.49,0.49,0.49,0.80,0.49,0.49,0.66,0.49,0.34,0.49,0.80,1.00",27,0.00,0.33,"AI Overview, Video, People also ask, Discussions and forums, Related searches"
tritype enneagram test,Informational,61,70,"0.00,0.18,0.21,0.29,0.21,0.29,0.39,0.39,0.29,1.00,1.00,1.00",10,0.33,0.39,"Sitelinks, Video, Discussions and forums, Related searches, Ads top, Ads bottom"
tsitp mbti,"Informational, Transactional",45,70,"0.00,0.00,1.00,0.22,0.43,0.00,0.00,0.00,0.00,0.00,0.00,0.00",21,0.05,0.33,"Sitelinks, Image pack, Video, People also ask, Related searches"
two question enneagram test,Informational,58,70,"0.64,0.64,1.00,0.64,0.64,0.64,0.64,0.45,0.64,0.64,0.64,0.17",19,1.33,0.29,"Sitelinks, Reviews, Video, Related searches"
two type,Informational,42,70,"0.36,0.27,0.45,0.45,0.81,0.45,0.63,1.00,0.45,0.63,0.63,0.63",24,0.00,0.33,"Sitelinks, AI Overview, Reviews, Image, Image pack, Video, Video carousel, People also ask, Related searches"
type 1 perfectionist,Informational,44,70,"0.64,0.45,0.64,1.00,1.00,1.00,0.45,0.45,0.36,0.17,0.17,0.17",23,0.00,0.02,"Sitelinks, AI Overview, Video, People also ask, Discussions and forums, Related searches"
type 2 enneagram celebrities,Informational,54,70,"0.48,0.34,0.34,1.00,0.76,0.62,0.48,0.21,0.62,0.28,0.34,0.14",15,0.00,0.33,"Sitelinks, AI Overview, Image, Video, Video carousel, People also ask, Related searches"
type 2 helper,Informational,43,70,"1.00,0.50,0.83,1.00,0.83,0.83,1.00,0.83,0.83,0.83,1.00,0.83",20,0.00,0.02,"Sitelinks, Image pack, Video, People also ask, Related searches"
type 2 the helper,Informational,46,70,"1.00,0.56,0.78,0.78,0.78,0.78,0.78,0.78,1.00,0.78,0.78,0.78",11,0.00,0.02,"AI Overview, Image pack, Video, Video carousel, People also ask, Discussions and forums, Related searches"
type 3 enneagram celebrities,Informational,56,70,"0.49,0.13,0.13,1.00,0.79,0.49,0.36,0.13,0.79,0.21,0.49,0.21",13,0.00,0.33,"Sitelinks, AI Overview, Video, People also ask, Related searches"
type 3 ennegram,Informational,67,70,"0.09,0.09,0.26,0.52,1.00,0.52,0.39,0.26,0.65,0.39,0.52,0.52",24,0.53,0.01,"AI Overview, Video, People also ask, Related searches"
type 4 personality enneagram,Informational,61,70,"0.00,0.00,0.00,1.00,0.00,0.43,0.02,0.02,0.02,0.00,0.02,0.00",24,0.41,0.03,"Sitelinks, AI Overview, Reviews, Video, Video carousel, People also ask, Discussions and forums, Related searches"
type 4w5,Informational,50,70,"0.05,1.00,0.43,0.05,0.07,0.05,0.05,0.05,0.05,0.05,0.05,0.05",31,0.00,0.02,"Sitelinks, AI Overview, Image, Video, Short videos, People also ask, Discussions and forums, Related searches"
type 5 wing 6,Informational,47,70,"0.81,0.63,0.63,0.63,0.44,0.81,0.63,0.63,0.63,0.17,0.17,1.00",22,0.00,0.33,"Sitelinks, AI Overview, Image pack, Video, People also ask, Related searches"
type 5w4 enneagram,Informational,58,70,"0.56,0.78,0.78,1.00,0.78,0.78,0.78,0.78,1.00,0.78,0.78,1.00",23,0.00,0.01,"Sitelinks, AI Overview, Video, Video carousel, People also ask, Discussions and forums, Related searches"
type 6 enneagram description,Informational,59,70,"0.64,0.64,0.45,0.36,0.64,0.82,0.82,0.64,1.00,0.64,1.00,0.82",21,0.00,0.02,"AI Overview, Reviews, Image pack, Video, Video carousel, People also ask, Related searches"
type 6w5 enneagram,Informational,55,70,"0.75,0.75,0.75,0.54,0.75,0.75,0.75,0.54,0.75,0.75,1.00,0.54",21,0.00,0.33,"Sitelinks, AI Overview, Image pack, Video, Video carousel, Short videos, People also ask, Related searches"
type 7 enthusiast,Informational,50,70,"0.44,0.27,0.37,0.27,1.00,1.00,0.37,0.27,1.00,0.27,1.00,0.00",14,0.72,0.08,"Sitelinks, AI Overview, Reviews, Image pack, Video, Video carousel, People also ask, Related searches"
type c and d personality,Informational,41,70,"1.00,0.18,0.45,0.45,0.18,0.18,1.00,0.63,0.63,0.45,0.63,1.00",17,0.43,0.06,"Sitelinks, AI Overview, Video, Video carousel, People also ask, Discussions and forums, Related searches"
type isfj,Informational,43,70,"0.79,0.79,0.79,1.00,0.79,0.79,1.00,0.21,1.00,0.79,0.79,0.79",24,0.34,0.02,"Sitelinks, AI Overview, Video, Video carousel, People also ask, Related searches"
type theory of personality,Informational,52,70,"0.44,0.63,0.63,0.44,0.63,0.63,0.63,0.37,0.44,0.63,1.00,0.63",18,0.00,0.33,"AI Overview, Video, People also ask, Related searches"
type three,Informational,51,70,"0.81,0.81,0.81,0.63,0.81,0.81,1.00,0.63,0.18,0.18,0.18,1.00",24,0.00,0.33,"Sitelinks, Image, Image pack, Video, Video carousel, Short videos, People also ask, Related searches"
type4,Informational,61,70,"0.00,0.14,0.20,0.00,1.00,0.27,0.02,0.02,0.66,0.00,0.00,0.00",11,0.00,0.33,"Sitelinks, AI Overview, Image pack, Video, People also ask, Related searches"
type8,Informational,46,70,"1.00,0.67,0.20,0.33,0.00,0.00,0.00,0.00,0.00,0.00,0.00,0.00",22,1.14,0.01,"Sitelinks, AI Overview, Image, Video, Video carousel, People also ask, Related searches"
types of intps,Informational,40,70,"0.29,0.41,0.65,0.41,0.11,0.29,0.29,0.41,1.00,0.65,0.24,0.29",34,0.14,0.01,"Sitelinks, AI Overview, Video, Video carousel, People also ask, Related searches"
unhealthy 1 enneagram,Informational,59,70,"0.79,0.79,0.79,0.79,0.79,0.79,0.79,0.79,1.00,0.79,0.79,1.00",25,0.00,0.33,"Sitelinks, Image pack, Video, Video carousel, People also ask, Discussions and forums, Related searches"
unhealthy enneagram 1,Informational,56,70,"0.78,0.78,0.78,1.00,0.78,0.44,0.55,0.78,0.78,0.55,0.78,0.44",20,0.00,0.33,"Sitelinks, AI Overview, Reviews, Image pack, Video, Video carousel, People also ask, Discussions and forums, Related searches"
unhealthy enneagram 4,Informational,53,70,"0.64,0.64,0.64,1.00,0.45,0.45,0.64,0.64,0.45,0.45,0.36,0.64",13,0.00,0.33,"Sitelinks, AI Overview, Video, Video carousel, People also ask, Discussions and forums, Related searches"
unhealthy enneagram 8,Informational,55,70,"1.00,0.79,0.79,1.00,1.00,0.79,1.00,0.79,0.79,0.79,1.00,0.45",12,0.00,0.01,"Sitelinks, AI Overview, Reviews, Image pack, Video, Video carousel, People also ask, Discussions and forums, Related searches"
unhealthy enneagram 9,Informational,53,70,"0.79,0.56,1.00,0.56,0.79,0.56,0.79,0.79,0.79,0.79,0.79,1.00",15,0.03,0.03,"Sitelinks, AI Overview, Image pack, Video, People also ask, Discussions and forums, Related searches"
unhealthy two enneagram,Informational,56,70,"0.81,1.00,0.81,0.63,0.63,0.81,0.44,0.27,0.44,0.27,0.37,0.17",14,0.00,0.33,"Sitelinks, AI Overview, Video, Video carousel, People also ask, Discussions and forums, Related searches"
various types of people,Informational,34,70,"0.06,0.06,0.44,0.33,0.44,0.44,0.44,0.44,1.00,0.27,0.53,0.33",16,0.00,0.00,"Sitelinks, AI Overview, Image pack, Video, Video carousel, People also ask"
vox mbti,Informational,45,70,"0.09,0.09,0.09,0.09,0.09,0.09,1.00,0.80,0.52,0.09,0.52,0.42",14,0.00,0.33,"Sitelinks, Image pack, Video, People also ask, Related searches"
weaknesses of isfj,Informational,45,70,"0.23,0.00,0.33,1.00,0.33,0.52,0.00,0.00,0.52,0.42,0.66,0.42",26,0.00,0.33,"Sitelinks, AI Overview, Image pack, Video, Video carousel, People also ask, Discussions and forums, Related searches"
what are infps like,Informational,35,70,"0.81,0.64,0.81,1.00,0.64,0.64,0.64,0.64,0.64,0.64,0.81,0.81",29,0.00,0.01,"Sitelinks, AI Overview, Video, People also ask"
what does intj personality mean,Informational,41,70,"0.14,0.14,0.14,0.14,0.14,0.78,0.78,1.00,0.78,0.78,0.78,0.78",28,0.08,0.07,"Sitelinks, AI Overview, Video, People also ask, Related searches"
what does j mean in mbti,Informational,35,70,"0.09,1.00,0.51,0.09,0.51,0.09,0.09,0.09,0.09,0.81,0.51,0.09",33,0.00,0.33,"Sitelinks, AI Overview, Video, People also ask, Related searches"
what does n mean in mbti,Informational,35,70,"0.78,0.78,0.78,0.78,0.78,1.00,0.78,0.56,0.78,0.78,0.22,0.22",19,0.00,0.33,"Sitelinks, AI Overview, Video, People also ask, Related searches"
what does the i in disc stand for,Informational,28,70,"0.00,0.00,0.01,0.00,0.00,0.02,0.00,0.01,1.00,0.01,0.00,0.01",33,0.33,0.18,"AI Overview, Video, Video carousel, People also ask, Related searches"
what enneagram is infj,Informational,59,70,"1.00,0.64,0.64,0.64,0.64,0.64,0.64,0.45,0.36,0.36,1.00,0.17",9,0.00,0.01,"Sitelinks, AI Overview, Video, People also ask, Related searches, Ads bottom"
what is a personality style,Informational,39,70,"1.00,0.18,0.18,0.18,1.00,1.00,1.00,0.18,1.00,0.63,0.63,0.63",28,0.00,0.02,"Sitelinks, AI Overview, Reviews, Video, Video carousel, People also ask, Related searches"
what is an enneagram 4,Informational,60,70,"0.62,0.62,0.45,0.45,0.62,0.62,0.62,0.62,0.81,0.62,1.00,0.62",21,0.64,0.11,"Sitelinks, AI Overview, Reviews, Video, Video carousel, People also ask, Related searches"
what is an isfj personality type,Informational,42,70,"0.00,1.00,0.42,0.23,0.00,0.33,0.33,0.33,0.42,0.52,0.00,0.00",27,0.16,0.05,"Sitelinks, AI Overview, Video, People also ask, Related searches"
what is my personality color,Informational,33,70,"0.00,0.25,0.50,0.25,0.50,0.50,0.75,0.25,0.25,1.00,0.25,0.50",34,0.37,0.39,"AI Overview, Video, People also ask, Related searches"
what is n in mbti,Informational,39,70,"0.35,0.64,0.50,0.79,0.64,0.79,0.64,0.50,0.64,1.00,0.79,0.79",19,0.00,0.00,"Sitelinks, AI Overview, Image pack, Video, People also ask, Related searches"
what is the mediator personality,Informational,39,70,"1.00,0.18,0.18,1.00,0.81,0.63,1.00,0.63,0.81,0.63,0.63,0.45",32,0.00,0.02,"Sitelinks, AI Overview, Reviews, Image pack, Video, Video carousel, Short videos, People also ask, Discussions and forums, Related searches"
what is the rarest personality,Informational,58,70,"0.79,0.21,0.14,0.79,0.14,0.79,0.79,1.00,0.64,0.50,0.50,0.50",32,0.00,0.33,"Sitelinks, AI Overview, Image, Image pack, Video, People also ask, Related searches"
what it's like to be a 5 enneagram,Informational,62,70,"1.00,0.50,0.35,0.35,0.50,0.64,0.00,0.35,0.50,0.50,0.50,0.50",20,0.00,0.33,"Sitelinks, AI Overview, Reviews, Video, Video carousel, People also ask, Discussions and forums, Related searches"
what personality type are you quiz,Informational,43,70,"1.00,0.82,0.64,0.82,0.64,0.82,0.45,0.45,0.82,1.00,0.82,1.00",30,0.28,0.52,"Video, People also ask, Related searches, Ads top, Ads bottom"
what the most common personality type,Informational,41,70,"0.63,0.63,0.63,1.00,0.81,0.63,0.81,0.37,0.37,0.44,1.00,0.63",29,0.00,0.33,"Sitelinks, AI Overview, Image, Video, People also ask, Related searches"
what your type quiz,Informational,38,70,"0.09,0.06,1.00,0.21,0.15,0.28,0.21,0.21,0.21,0.15,0.15,0.15",23,0.47,0.02,"Video, Related searches"
what's type c personality,Informational,35,70,"1.00,0.45,1.00,1.00,1.00,0.63,0.09,0.18,0.36,0.27,0.18,0.18",29,0.00,0.04,"Sitelinks, AI Overview, Reviews, Image pack, Video, Video carousel, People also ask, Related searches"
what's your type test,Informational,41,70,"0.75,0.75,1.00,0.75,0.75,0.75,0.75,0.75,1.00,0.75,0.75,0.75",25,0.00,0.03,"Video, Video carousel, People also ask"
whats an intp,Informational,33,70,"0.41,0.41,0.29,0.53,0.41,0.41,0.41,0.41,0.41,0.29,0.41,1.00",32,0.00,0.33,"Sitelinks, AI Overview, Video, Video carousel, People also ask, Related searches"
wing 1s,Informational,44,70,"0.17,0.17,1.00,1.00,0.63,0.63,1.00,0.81,0.63,0.63,0.63,0.63",13,0.00,0.05,"AI Overview, Video, Video carousel, People also ask, Related searches"
worst enneagram type,Informational,59,70,"0.82,0.62,0.62,0.82,0.82,0.62,0.62,0.18,1.00,0.62,0.62,0.82",17,0.00,0.33,"Sitelinks, AI Overview, Image pack, Video, People also ask, Discussions and forums, Related searches"
yourenneagramcoach test,Navigational,43,70,"0.00,0.00,0.00,0.00,0.00,0.00,0.00,0.06,0.00,1.00,0.00,0.09",22,0.95,0.25,"Sitelinks, Reviews, Video, Related searches"
מבחן אישיות,Informational,43,70,"1.00,0.83,0.29,0.24,0.24,0.18,0.24,0.24,0.24,0.11,0.11,0.11",20,0.00,0.05,"Reviews, Video, Related searches"
指揮 官 mbti,Informational,29,70,"0.77,0.77,0.44,0.55,0.77,1.00,1.00,0.77,0.77,0.77,0.77,0.77",20,0.00,0.33,"AI Overview, Image pack, Video, People also ask, Related searches"
성향 테스트,Informational,29,70,"1.00,0.45,0.62,1.00,0.62,0.62,0.62,0.62,0.62,0.62,0.62,0.62",20,0.00,0.01,"Video, Related searches"
에니어 그램 테스트,Commercial,45,70,"0.64,0.36,0.64,0.45,0.64,0.64,0.09,0.64,1.00,0.64,0.45,0.64",26,0.98,0.46,"Sitelinks, Reviews, Image pack, Video, People also ask, Related searches"
에니어그램,Informational,46,70,"0.03,0.00,0.00,0.00,0.00,0.03,0.00,0.53,0.00,0.65,1.00,0.27",11,1.11,0.34,"Sitelinks, Video, Video carousel, Related searches"
1 9 personality types,Informational,62,50,"0.79,0.79,0.56,0.56,0.44,0.56,0.79,0.56,1.00,0.79,0.79,0.56",24,0.65,0.50,"Sitelinks, AI Overview, Video, Video carousel, People also ask, Related searches"
1 enneagram meaning,Informational,69,50,"0.18,0.18,0.18,0.18,0.18,1.00,1.00,0.18,1.00,0.18,0.18,0.18",26,0.20,0.04,"AI Overview, Reviews, Video, Video carousel, People also ask, Discussions and forums, Related searches"
16 personalities database,Navigational,43,50,"0.61,0.61,1.00,0.33,0.83,0.61,0.61,0.44,0.17,0.17,0.17,0.17",28,0.00,0.33,"Sitelinks, Reviews, Image pack, Video, People also ask, Related searches"
2 ennegram,Informational,54,50,"0.22,0.33,0.44,1.00,0.56,1.00,1.00,0.44,0.78,0.44,0.44,0.78",26,0.85,0.03,"AI Overview, Video, Video carousel, Short videos, People also ask, Discussions and forums, Related searches"
2w 9,Informational,46,50,"0.18,0.18,0.18,0.18,1.00,1.00,0.18,0.18,1.00,0.18,0.18,0.18",16,0.00,0.01,"AI Overview, Video, People also ask, Related searches"
3 personality types,Informational,50,50,"0.71,0.71,1.00,0.71,0.71,1.00,1.00,0.57,0.71,0.14,0.14,0.14",24,0.46,0.02,"AI Overview, Image pack, Video, Short videos, People also ask, Discussions and forums, Related searches"
4 w 3 enneagram,Informational,58,50,"0.00,0.00,0.00,0.00,1.00,0.00,0.00,0.03,0.00,0.00,0.00,0.00",16,0.79,0.01,"Sitelinks, AI Overview, Video, People also ask, Discussions and forums, Related searches"
4w5 infj,Informational,47,50,"1.00,1.00,1.00,1.00,1.00,0.59,1.00,1.00,1.00,0.79,0.59,1.00",18,0.00,0.33,"Sitelinks, AI Overview, Image, Video, Video carousel, People also ask, Related searches"
5ne,Informational,47,50,"0.64,0.17,1.00,0.45,0.64,0.64,0.64,0.36,0.27,0.17,0.17,0.17",3,0.00,0.04,"Sitelinks, AI Overview, Video, Related searches"
5w 3w 7w,"Informational, Commercial",62,50,"0.64,0.11,0.11,0.11,0.64,0.00,1.00,0.00,0.00,0.00,0.00,0.00",3,0.00,0.00,"Sitelinks, AI Overview, Video, Video carousel, Short videos, People also ask, Popular products"
5w4 personality,Informational,48,50,"0.17,0.09,0.09,0.09,0.23,0.31,0.09,0.09,0.09,0.09,1.00,0.80",29,0.63,0.06,"Sitelinks, AI Overview, Image pack, Video, People also ask, Discussions and forums, Related searches"
5w6 characters,Informational,43,50,"0.37,0.37,0.44,0.44,0.17,0.27,0.27,0.17,0.44,1.00,1.00,1.00",17,0.00,0.33,"AI Overview, Image, Image pack, Video, Video carousel, People also ask, Discussions and forums, Related searches"
5w6 personality,Informational,49,50,"1.00,0.27,0.58,0.27,0.27,0.27,0.42,0.27,0.27,0.27,0.27,0.27",22,0.00,0.01,"Sitelinks, AI Overview, Image pack, Video, Video carousel, People also ask, Discussions and forums, Related searches"
7 w6,Informational,45,50,"0.81,0.00,0.00,0.64,1.00,0.81,0.00,0.00,0.00,0.00,0.00,0.00",18,0.67,0.01,"Sitelinks, AI Overview, Image pack, Video, People also ask, Discussions and forums, Related searches"
9 types of enneagram,Informational,61,50,"0.06,0.40,0.83,0.00,0.83,1.00,0.00,0.00,0.00,0.00,0.00,0.06",30,0.41,0.08,"AI Overview, Reviews, Video, Video carousel, People also ask, Related searches"
9w2,Informational,46,50,"0.40,0.17,0.28,0.23,0.17,0.23,0.17,0.11,1.00,0.11,0.64,0.11",25,0.00,0.33,"Sitelinks, AI Overview, Image pack, Video, People also ask, Related searches"
9w8 characters,Informational,46,50,"0.27,0.17,0.36,0.17,0.17,0.27,0.17,0.17,1.00,0.17,1.00,1.00",8,0.00,0.33,"Sitelinks, Image, Image pack, Video, People also ask, Related searches"
acronym of personality,Informational,40,50,"1.00,1.00,0.35,0.64,0.00,0.00,0.00,0.00,0.64,0.00,0.00,0.00",24,0.57,0.05,"Sitelinks, AI Overview, Video, People also ask, Related searches"
add personality types,Informational,38,50,"1.00,1.00,0.56,1.00,1.00,0.71,1.00,0.27,0.27,0.27,0.27,0.27",21,1.36,0.09,"Sitelinks, AI Overview, Video, Video carousel, People also ask, Related searches"
albert einstein personality traits,Informational,46,50,"1.00,0.17,0.11,0.17,0.23,0.17,0.17,0.23,0.17,0.23,0.29,0.52",22,0.00,0.33,"Sitelinks, AI Overview, Reviews, Video, People also ask, Related searches"
all of the following are personality tests except,Informational,52,50,"1.00,0.17,0.17,1.00,1.00,0.17,0.17,0.17,0.17,0.17,0.17,0.17",14,0.00,0.33,"AI Overview, Reviews, Video, People also ask, Related searches"
am i an infp,Informational,40,50,"1.00,1.00,0.71,1.00,0.57,0.71,1.00,0.57,0.29,0.29,0.29,0.29",10,0.40,0.29,"Sitelinks, AI Overview, Video, Video carousel, People also ask, Related searches"
am i infp,Informational,40,50,"1.00,1.00,0.50,1.00,0.50,0.50,1.00,0.50,0.00,0.00,0.00,0.00",19,0.40,0.29,"Sitelinks, AI Overview, Video, Video carousel, People also ask, Related searches"
analytical expressive amiable driver,Informational,31,50,"1.00,0.00,0.36,0.28,0.03,0.03,0.00,0.00,0.00,0.00,0.00,0.05",17,1.00,0.02,"AI Overview, Reviews, Image pack, Video, People also ask, Related searches"
are 4 and 5 compatibility in numerology,Informational,60,50,"0.00,0.00,0.82,0.82,0.52,0.23,0.23,1.00,0.11,0.11,0.11,0.11",16,0.00,0.33,"Sitelinks, AI Overview, Reviews, Video, Video carousel, People also ask, Discussions and forums, Related searches"
are enfp and infp compatible,Informational,44,50,"0.18,0.18,0.18,0.18,0.18,0.64,0.45,0.27,0.36,0.18,1.00,1.00",8,0.00,0.33,"Sitelinks, AI Overview, Reviews, Video, People also ask, Related searches"
are infps and infjs compatible,Informational,44,50,"0.18,0.18,1.00,1.00,0.18,0.18,1.00,0.18,1.00,0.18,0.00,0.18",9,0.00,0.01,"Sitelinks, AI Overview, Video, Video carousel, People also ask, Related searches"
are you type a or type b personality quiz,Informational,34,50,"0.63,0.18,0.18,0.18,0.18,0.18,0.18,0.81,1.00,0.18,0.63,0.63",22,0.36,0.40,"AI Overview, Reviews, Video, Related searches, Ads middle"
atlanta mbti,Informational,45,50,"0.63,0.63,1.00,0.63,0.63,0.18,0.18,0.18,0.18,0.18,0.18,0.18",7,0.00,0.33,"Sitelinks, Video, People also ask, Related searches"
behavioral assessment test free,Informational,32,50,"1.00,1.00,0.71,0.71,0.56,1.00,0.41,0.27,0.56,0.41,0.27,0.27",19,0.92,0.71,"AI Overview, Video, Video carousel, People also ask, Related searches"
best career for intj,Commercial,31,50,"0.14,0.52,0.19,0.14,0.19,0.14,0.14,0.14,0.09,1.00,0.04,0.04",26,0.38,0.03,"Sitelinks, AI Overview, Video, Video carousel, People also ask, Related searches"
best entp careers,Commercial,36,50,"0.78,0.63,0.63,0.06,0.06,0.00,0.00,0.06,0.06,0.78,1.00,0.78",22,0.00,0.01,"Sitelinks, AI Overview, Reviews, Video, People also ask, Related searches"
best match for enfp,Commercial,41,50,"0.41,0.17,0.21,0.21,0.00,0.03,0.07,0.14,0.41,0.00,1.00,0.00",19,0.00,0.33,"Sitelinks, AI Overview, Image pack, Video, People also ask, Related searches"
best match for entj female,Commercial,37,50,"1.00,1.00,0.71,0.71,0.57,0.29,0.29,0.71,0.57,0.57,0.43,0.29",21,0.00,0.33,"Sitelinks, AI Overview, Video, Video carousel, People also ask, Related searches"
best mbti personality,Informational,35,50,"0.63,0.63,0.63,0.18,0.18,0.27,0.18,0.36,1.00,1.00,1.00,0.18",26,0.00,0.01,"Sitelinks, AI Overview, Image pack, Video, Video carousel, People also ask, Related searches"
beth mccord,"Informational, Transactional",25,50,"1.00,0.78,0.78,1.00,0.78,0.78,0.56,0.56,0.22,0.22,0.22,0.22",26,0.00,0.03,"Sitelinks, Video, Video carousel, People also ask, Knowledge panel, Related searches"
blue mbti,Informational,34,50,"1.00,0.14,0.78,0.28,0.28,0.35,0.28,0.14,0.21,0.28,0.28,0.21",15,0.00,0.33,"Sitelinks, Image pack, Video, Video carousel, People also ask, Related searches"
briggs myers entj,Informational,47,50,"0.00,0.00,0.00,0.00,0.00,0.00,0.00,0.00,0.00,0.00,1.00,0.00",34,0.16,0.04,"AI Overview, Image pack, Video, People also ask, Knowledge panel, Related searches"
brooklyn 99 mbti,Informational,32,50,"1.00,1.00,1.00,1.00,0.73,0.73,0.73,1.00,0.73,0.27,0.27,0.27",21,0.00,0.33,"Sitelinks, Image pack, Video, People also ask, Related searches"
c personality type disc,Informational,36,50,"0.27,0.17,0.17,0.17,0.27,0.17,0.17,0.17,1.00,0.17,1.00,1.00",27,0.52,0.11,"AI Overview, Image pack, Video, Video carousel, People also ask, Related searches"
career paths for entj,"Informational, Commercial",47,50,"1.00,0.18,0.18,1.00,0.63,0.63,0.63,0.18,1.00,0.63,0.63,1.00",18,0.00,0.33,"Sitelinks, AI Overview, Video, Video carousel, People also ask, Discussions and forums"
careers for enfj personality,Commercial,44,50,"1.00,0.79,0.44,0.79,1.00,0.33,0.10,0.10,0.79,0.44,0.10,0.33",21,0.12,0.03,"Sitelinks, AI Overview, Video, People also ask, Related searches"
careers for enfj personality types,Commercial,41,50,"0.62,0.62,0.07,0.62,1.00,0.17,0.45,0.45,0.45,0.36,0.36,0.45",22,0.00,0.01,"Sitelinks, AI Overview, Video, People also ask, Related searches"
careers for enfp personality types,"Informational, Commercial",38,50,"0.64,1.00,0.45,0.09,0.09,0.64,0.36,0.18,0.64,0.18,0.36,0.27",22,0.30,0.05,"Sitelinks, AI Overview, Video, Related searches"
careers for esfj personality types,Commercial,38,50,"0.18,0.18,0.18,1.00,1.00,1.00,0.18,0.18,0.18,0.18,0.18,0.18",23,0.00,0.33,"Sitelinks, AI Overview, Reviews, Video, People also ask, Discussions and forums, Related searches"
careers for mediator personality,Commercial,34,50,"0.18,0.18,0.18,1.00,1.00,1.00,0.18,0.18,0.18,0.18,0.18,0.18",34,0.00,0.33,"Sitelinks, AI Overview, Reviews, Video, Video carousel, People also ask, Related searches"
careers for type 4 enneagram,Commercial,53,50,"0.56,0.76,0.56,0.76,0.56,0.56,0.56,0.21,0.21,0.76,1.00,0.21",14,0.00,0.33,"Sitelinks, AI Overview, Reviews, Video, Video carousel, People also ask, Discussions and forums, Related searches"
cd type,Informational,28,50,"0.36,0.36,0.45,0.18,0.45,0.36,0.00,0.64,0.64,1.00,0.64,0.82",29,2.02,0.07,"Sitelinks, AI Overview, Image pack, Video, Video carousel, People also ask, Related searches"
celebrities with intj personality,Informational,37,50,"0.27,0.27,0.71,1.00,1.00,0.71,0.56,0.41,1.00,0.71,0.56,0.71",27,0.00,0.33,"Sitelinks, AI Overview, Video, Video carousel, People also ask, Related searches"
challenger personality type letters,Informational,56,50,"0.14,0.14,1.00,0.50,0.28,0.14,0.14,0.14,0.14,0.14,0.14,0.14",5,0.00,0.33,"AI Overview, Video, People also ask, Related searches"
challenging and determined personality meaning,Informational,37,50,"0.79,1.00,1.00,1.00,1.00,0.56,0.56,0.44,0.21,0.21,0.21,0.33",13,0.00,0.33,"AI Overview, Video, People also ask, Related searches"
champion enfp,Informational,40,50,"0.63,0.44,0.44,0.63,0.63,0.63,0.44,0.44,1.00,0.17,0.17,0.17",18,0.00,0.01,"Sitelinks, AI Overview, Reviews, Video, Video carousel, People also ask, Related searches"
characters with intp personality,Informational,37,50,"0.17,0.17,0.17,0.17,1.00,0.28,1.00,0.44,0.44,0.33,0.61,0.17",25,0.00,0.33,"Sitelinks, AI Overview, Image, Video, Video carousel, People also ask, Related searches"
childhood wounds enneagram,Informational,47,50,"0.56,0.56,0.56,0.44,0.44,0.76,1.00,0.76,0.76,0.76,0.76,0.76",7,0.00,0.33,"Sitelinks, Image, Image pack, Video, Video carousel, Discussions and forums, Related searches"
cognitive function enfp,Informational,39,50,"0.00,0.00,0.00,0.00,0.00,0.00,0.00,0.00,0.00,0.00,0.00,0.00",28,0.00,0.00,"Sitelinks, AI Overview, Image, Image pack, Video, Video carousel, People also ask, Related searches"
controller personality type,Informational,43,50,"0.36,0.62,1.00,0.45,0.36,0.36,0.26,0.45,0.17,0.26,0.45,0.36",7,0.00,0.33,"AI Overview, Image pack, Video, Video carousel, People also ask, Related searches"
cyber sleuth personality types,Informational,43,50,"0.11,0.64,1.00,0.11,0.11,0.11,0.64,0.11,0.11,0.11,0.11,0.11",13,0.00,0.33,"Sitelinks, AI Overview, Reviews, Video, Related searches"
d disc personality,Informational,35,50,"0.37,1.00,0.27,0.27,0.37,0.44,0.44,0.27,0.17,0.81,0.27,0.17",30,0.37,0.15,"AI Overview, Video, Video carousel, People also ask, Related searches"
description of enneagram types,Informational,71,50,"0.44,0.56,0.56,0.44,0.56,0.78,0.44,1.00,0.78,0.56,0.44,0.78",33,0.09,0.13,"Sitelinks, AI Overview, Image pack, Video, Video carousel, People also ask, Related searches"
difference between infj and isfj,Informational,38,50,"0.44,0.17,0.17,0.44,0.37,0.37,0.37,0.44,0.44,0.44,1.00,0.44",14,0.00,0.04,"Sitelinks, AI Overview, Image pack, Video, People also ask, Related searches"
difference between j and p mbti,Informational,30,50,"0.09,0.52,0.09,0.52,1.00,0.09,0.09,0.09,0.14,0.14,0.09,0.09",26,0.00,0.33,"Sitelinks, AI Overview, Image pack, Video, Video carousel, People also ask, Related searches"
different enneagram,Informational,69,50,"0.11,0.11,1.00,0.64,0.11,0.64,0.11,0.11,0.64,0.64,0.11,0.11",27,0.27,0.11,"AI Overview, Image pack, Video, People also ask, Related searches"
disc dominant,Informational,30,50,"0.59,0.59,1.00,1.00,0.71,0.71,1.00,1.00,0.59,0.71,0.59,0.59",29,1.00,0.17,"AI Overview, Image pack, Video, Video carousel, People also ask, Related searches"
disc personality book,"Informational, Commercial",33,50,"0.21,0.21,0.56,0.76,0.76,1.00,0.76,1.00,1.00,0.76,0.21,0.21",5,0.50,0.48,"Sitelinks, AI Overview, Image, Image pack, Video, People also ask, Related searches, Popular products"
disc personality types c,Informational,36,50,"0.26,0.17,0.17,0.26,0.17,0.17,0.17,0.45,1.00,0.45,1.00,1.00",4,0.52,0.11,"AI Overview, Video, People also ask, Related searches"
disc profile id,Informational,34,50,"1.00,0.18,0.36,0.36,0.36,0.27,0.36,0.81,0.81,0.45,1.00,0.63",26,0.55,0.07,"Sitelinks, AI Overview, Video, People also ask, Related searches"
disc results explained,Informational,31,50,"0.36,0.36,1.00,0.63,0.45,0.63,0.63,1.00,0.45,0.36,0.36,0.27",15,0.36,0.19,"Sitelinks, AI Overview, Reviews, Video, People also ask, Related searches"
disc type c personality,Informational,35,50,"0.18,0.18,0.36,0.36,0.27,0.36,0.36,0.36,1.00,0.27,0.27,0.18",22,0.52,0.11,"AI Overview, Image, Image pack, Video, People also ask, Related searches"
donald trump personality type entp,Informational,44,50,"0.11,0.29,1.00,0.00,0.52,0.41,0.00",17,0.00,0.00,"Sitelinks, AI Overview, Video, Video carousel, People also ask, Related searches"
driven personality,Informational,41,50,"0.54,0.54,0.43,0.75,0.54,0.54,0.54,0.32,0.32,0.32,1.00,0.21",25,0.00,0.33,"Sitelinks, AI Overview, Video, Video carousel, People also ask, Related searches"
driver analytical amiable expressive test free,Informational,33,50,"0.70,1.00,1.00,1.00,1.00,0.70,0.70,0.56,0.70,0.56,0.70,0.42",13,0.78,0.34,"AI Overview, Reviews, Video, People also ask, Related searches"
e4 enneagram,Informational,49,50,"0.18,0.18,0.18,0.18,0.18,0.18,0.18,0.18,0.18,1.00,1.00,1.00",17,0.00,0.33,"Sitelinks, AI Overview, Reviews, Video, People also ask, Discussions and forums, Related searches"
emmeagram 2,Informational,65,50,"0.00,0.00,0.00,1.00,0.00,0.00,0.00,0.00,0.00,0.00,0.00,0.00",28,0.50,0.03,"AI Overview, Reviews, Image pack, Video, Video carousel, People also ask, Related searches, Things to know"
en4tr,Informational,49,50,"0.18,0.18,0.18,0.18,0.45,0.18,0.36,0.36,1.00,0.63,0.63,1.00",5,0.00,0.73,"Sitelinks, AI Overview, Image, Image pack, Video, People also ask, Related searches"
eneagram 8w7,Informational,61,50,"0.00,0.00,0.00,0.00,0.00,1.00,0.00,0.00,0.00,0.00,0.00,0.00",15,0.55,0.01,"Sitelinks, AI Overview, Video, Video carousel, People also ask, Discussions and forums, Related searches, Things to know"
eneagrama 6,Informational,52,50,"0.26,0.35,1.00,0.04,0.00,0.35,0.07,0.00,0.00,0.00,0.00,0.00",2,0.00,0.33,"AI Overview, Reviews, Image pack, Video, Video carousel, Short videos, People also ask, Related searches, Ads middle"
enegram type 5,Informational,62,50,"0.00,0.00,0.00,0.00,0.00,0.00,0.00,0.00,1.00,0.00,0.00,0.00",28,0.35,0.03,"Sitelinks, AI Overview, Video, Video carousel, People also ask, Related searches"
enfj 1w2,Informational,45,50,"0.79,0.79,0.56,1.00,0.21,0.56,0.21,0.33,0.21,0.79,0.21,0.21",2,0.00,0.33,"Sitelinks, AI Overview, Image pack, Video, People also ask, Related searches"
enfj a rare,Informational,44,50,"0.78,0.14,1.00,0.50,0.50,0.14,0.14,0.14,0.14,0.14,0.14,0.14",28,0.00,0.33,"Sitelinks, AI Overview, Image pack, Video, People also ask, Related searches"
enfj and isfj,Informational,43,50,"0.18,0.09,0.09,0.00,0.62,0.09,0.26,0.62,1.00,0.82,0.82,0.62",9,0.00,0.33,"Sitelinks, AI Overview, Reviews, Video, People also ask, Related searches"
enfj man,Informational,41,50,"1.00,0.29,0.35,0.21,0.29,0.50,0.50,0.50,0.35,0.29,0.35,0.50",20,0.00,0.33,"Sitelinks, AI Overview, Image pack, Video, Video carousel, People also ask, Related searches"
enfj t career,Commercial,44,50,"0.11,0.11,0.64,0.11,0.11,1.00,0.11,0.00,0.11,0.00,0.00,0.11",27,0.00,0.33,"Sitelinks, AI Overview, Video, People also ask, Discussions and forums, Related searches"
enfj-a characters,Informational,40,50,"0.00,0.27,0.00,1.00,0.00,1.00,0.27,0.81,0.37,0.63,1.00,0.63",15,0.00,0.33,"Sitelinks, AI Overview, Video, People also ask, Related searches"
enfj适合的伴侣,Informational,33,50,"0.00,0.00,0.00,0.00,0.00,1.00,1.00,1.00,0.00,0.00,0.00,0.00",21,0.00,0.33,"Sitelinks, AI Overview, Video, People also ask, Related searches"
enfp 3w2,Informational,43,50,"0.09,0.09,0.09,0.09,0.09,0.09,1.00,0.19,0.52,0.33,0.23,0.09",2,0.00,0.33,"Sitelinks, AI Overview, Video, People also ask, Discussions and forums, Related searches"
enfp 3w4,Informational,45,50,"1.00,0.11,0.11,0.11,0.11,0.11,0.11,0.11,0.11,0.11,0.11,0.11",7,0.00,0.33,"Sitelinks, AI Overview, Image pack, Video, People also ask, Discussions and forums, Related searches"
enfp 9w8,Informational,44,50,"0.44,0.63,0.17,0.17,0.17,0.17,0.44,0.27,0.44,1.00,1.00,1.00",8,0.00,0.33,"Sitelinks, AI Overview, Image pack, Video, People also ask"
enfp and esfp,Informational,38,50,"0.28,0.35,0.50,0.78,1.00,0.21,0.35,0.35,0.13,0.06,0.06,1.00",14,0.00,0.33,"Sitelinks, AI Overview, Image pack, Video, Video carousel, People also ask"
enfp and infj friendship,Informational,41,50,"1.00,0.17,0.17,0.17,1.00,0.17,0.62,0.45,0.17,0.45,0.36,0.17",5,0.00,0.33,"Sitelinks, AI Overview, Video, Video carousel, People also ask, Related searches"
enfp and infj in bed,Informational,38,50,"1.00,0.62,1.00,0.82,0.26,0.18,0.18,0.18,0.18,0.18,0.18,0.18",7,0.00,0.33,"Sitelinks, AI Overview, Reviews, Image pack, Video, Video carousel, People also ask, Related searches"
enfp and infj relationship,Informational,41,50,"1.00,0.52,0.52,0.52,0.43,0.52,0.74,0.52,0.52,0.22,0.43,0.43",16,0.00,0.33,"Sitelinks, AI Overview, Image pack, Video, Video carousel, People also ask, Related searches"
enfp champion,Informational,41,50,"0.64,0.45,0.45,0.64,0.64,0.64,0.45,0.45,1.00,0.17,0.17,0.17",30,0.00,0.01,"Sitelinks, AI Overview, Reviews, Video, People also ask, Related searches"
enfp enneagram type,Informational,59,50,"0.18,0.18,0.18,0.18,0.18,1.00,1.00,0.18,1.00,0.18,1.00,0.18",22,0.33,0.05,"Sitelinks, AI Overview, Image pack, Video, Video carousel, People also ask, Discussions and forums, Related searches"
enfp entj,Informational,44,50,"0.64,0.64,0.64,0.64,0.82,0.45,0.18,0.45,0.18,0.18,1.00,0.18",9,0.00,0.33,"Sitelinks, AI Overview, Reviews, Image pack, Video, Video carousel, People also ask, Related searches, Things to know"
enfp meyers briggs,Informational,47,50,"0.00,0.35,1.00,0.26,0.26,0.04,0.04,0.00,0.04,0.04,0.00,0.00",34,0.09,0.05,"AI Overview, Image pack, Video, Video carousel, People also ask, Knowledge panel, Related searches"
enfp personalidad,Informational,48,50,"0.05,0.05,0.05,0.05,0.05,1.00,0.05,0.05,0.05,0.05,0.05,0.05",29,0.00,0.33,"AI Overview, Video, People also ask, Related searches"
enfp relationships compatibility,Informational,42,50,"1.00,1.00,0.70,0.70,1.00,1.00,0.70,0.70,1.00,0.56,0.70,0.28",10,0.00,0.33,"Sitelinks, AI Overview, Image pack, Video, Video carousel, People also ask, Discussions and forums, Related searches"
enfp t compatibility,Informational,44,50,"1.00,0.81,0.63,0.63,0.63,0.00,0.63,0.09,0.18,0.00,0.27,0.36",22,0.00,0.33,"Sitelinks, AI Overview, Image pack, Video, People also ask, Discussions and forums, Related searches"
enfp the champion,Informational,40,50,"0.63,0.44,0.44,0.63,0.63,0.63,0.44,0.44,1.00,0.17,0.17,0.17",21,0.00,0.01,"Sitelinks, AI Overview, Image, Video, Video carousel, People also ask, Discussions and forums, Related searches"
enfp-a meaning,Informational,41,50,"0.35,0.29,0.00,0.00,0.00,0.79,0.00,0.64,1.00,0.50,0.79,0.79",33,0.00,0.02,"Sitelinks, AI Overview, Video, Video carousel, People also ask, Related searches"
enfp-t relationships,Informational,44,50,"0.00,0.00,0.00,0.00,0.00,1.00,0.00,0.11,0.00,0.53,0.42,0.53",27,0.00,0.33,"Sitelinks, AI Overview, Video, Video carousel, People also ask, Related searches"
enfpt jobs,Commercial,44,50,"0.00,0.00,0.00,0.00,0.00,0.65,0.00,0.65,0.00,0.00,1.00,0.07",27,0.44,0.02,"Sitelinks, AI Overview, Video, Short videos, People also ask, Discussions and forums, Related searches"
enfpとは,Informational,36,50,"0.00,0.78,0.00,0.00,0.00,0.78,1.00,1.00,1.00,0.78,1.00,1.00",16,0.00,0.33,"Sitelinks, AI Overview, Video, People also ask, Related searches"
enmeagram 6,Informational,59,50,"0.13,0.00,0.00,0.00,0.00,0.00,0.00,0.00,0.00,0.00,0.00,1.00",22,0.24,0.03,"Sitelinks, AI Overview, Reviews, Video, Video carousel, People also ask, Discussions and forums, Related searches, Things to know"
ennagram 4w5,Informational,51,50,"0.00,0.00,0.00,0.04,1.00,0.00,0.00,0.00,0.00,0.00,0.00,0.00",20,0.35,0.03,"Sitelinks, AI Overview, Image, Image pack, Video, Video carousel, Short videos, People also ask, Related searches, Things to know"
ennagram type 7,Informational,62,50,"0.00,0.00,0.00,0.00,0.00,0.00,0.00,0.00,1.00,0.00,0.00,0.00",17,0.38,0.04,"AI Overview, Image pack, Video, People also ask, Related searches"
enne suffix meaning,Informational,45,50,"0.00,0.00,1.00,0.04,0.04,0.04,0.04,0.04,0.04,0.04,0.04,0.04",17,0.00,0.33,"AI Overview, Video, People also ask, Related searches"
enne zahard,Informational,47,50,"1.00,0.19,0.31,0.31,0.31,0.06,0.06,0.06,0.06,0.06,0.06,0.06",21,0.00,0.33,"Sitelinks, Image, Image pack, Video, People also ask, Related searches"
ennea 7,Informational,62,50,"0.00,0.00,0.00,1.00,0.00,0.00,0.00,0.00,0.00,0.00,0.00,0.00",17,0.33,0.04,"AI Overview, Video, Video carousel, People also ask, Related searches"
enneageam 5,Informational,47,50,"0.01,0.00,0.00,0.00,0.00,0.00,0.00,0.00,1.00,0.00,0.00,0.00",29,0.23,0.04,"Sitelinks, AI Overview, Video, People also ask, Discussions and forums, Related searches"
enneagram 1 9,Informational,70,50,"0.18,0.18,1.00,0.18,0.18,1.00,0.18,0.18,1.00,0.18,0.64,0.64",30,0.53,0.22,"Sitelinks, Image pack, Video, Video carousel, People also ask, Related searches"
enneagram 1 and 4 relationship,Informational,61,50,"0.56,1.00,0.56,0.71,1.00,0.71,1.00,0.41,0.71,0.71,0.71,0.56",1,0.00,0.33,"Sitelinks, AI Overview, Video, Video carousel, People also ask, Discussions and forums, Related searches"
enneagram 1 and 6 relationship,Informational,56,50,"0.56,0.56,0.71,1.00,0.71,0.56,0.71,0.71,1.00,1.00,0.56,0.71",4,0.00,0.33,"Sitelinks, AI Overview, Video, People also ask, Related searches"
enneagram 1 and 8 relationship,Informational,56,50,"1.00,0.73,0.27,1.00,0.73,1.00,0.27,0.73,1.00,0.73,1.00,1.00",4,0.00,0.33,"Sitelinks, AI Overview, Video, Video carousel, Short videos, People also ask, Discussions and forums, Related searches"
enneagram 1 celebrities,Informational,54,50,"0.18,0.25,0.25,0.43,0.25,0.43,0.36,0.43,1.00,0.36,0.43,0.18",12,0.00,0.33,"Sitelinks, AI Overview, Image pack, Video, People also ask, Related searches"
enneagram 2 and 5 relationship,Informational,59,50,"0.75,0.75,1.00,0.75,0.54,0.43,0.75,0.54,0.54,0.21,0.21,0.21",1,0.00,0.33,"Sitelinks, Image pack, Video, Video carousel, People also ask, Discussions and forums, Related searches"
enneagram 2 and 7 relationship,Informational,56,50,"0.11,0.65,1.00,0.11,0.23,0.23,0.29,0.17,0.23,0.23,0.23,0.29",6,0.00,0.33,"Sitelinks, AI Overview, Image pack, Video, Video carousel, People also ask, Related searches"
enneagram 2 in stress and growth,Informational,65,50,"0.18,0.18,0.18,0.18,0.18,0.36,1.00,0.81,1.00,0.63,0.45,0.18",12,0.00,0.33,"Sitelinks, AI Overview, Image pack, Video, Video carousel, People also ask, Related searches"
enneagram 2 wing,Informational,69,50,"1.00,1.00,1.00,1.00,0.71,1.00,0.57,0.43,0.71,0.71,0.71,1.00",22,0.00,0.01,"Sitelinks, AI Overview, Image pack, Video, Video carousel, Short videos, People also ask, Discussions and forums, Related searches"
enneagram 2w3 description,Informational,48,50,"0.21,0.44,0.21,0.21,0.79,0.44,0.44,0.21,1.00,0.33,1.00,0.79",20,0.00,0.03,"Sitelinks, AI Overview, Reviews, Image pack, Video, Video carousel, People also ask, Discussions and forums, Related searches"
enneagram 3 and 4 relationship,Informational,56,50,"0.42,0.58,0.70,1.00,0.27,0.42,0.70,0.70,0.58,0.27,0.42,0.58",2,0.00,0.33,"Sitelinks, AI Overview, Video, Video carousel, People also ask, Discussions and forums, Related searches"
enneagram 3 and 7 relationship,Informational,58,50,"0.55,0.79,1.00,0.55,0.45,0.55,0.55,0.55,0.55,0.45,0.45,0.55",6,0.00,0.33,"Sitelinks, AI Overview, Video, People also ask, Discussions and forums, Related searches"
enneagram 3 and 9 relationship,Informational,56,50,"1.00,0.75,1.00,0.75,0.54,0.75,0.54,0.21,0.54,0.54,0.75,0.54",3,0.00,0.01,"Sitelinks, AI Overview, Video, Video carousel, Short videos, People also ask, Related searches"
enneagram 3 celebrities,Informational,56,50,"0.28,0.11,0.23,0.40,0.40,0.17,0.40,0.28,1.00,0.40,0.28,0.17",12,0.00,0.33,"Sitelinks, AI Overview, Video, People also ask, Related searches"
enneagram 3 characteristics,Informational,64,50,"0.11,0.11,0.11,0.11,1.00,0.11,0.65,0.11,0.65,0.11,0.11,0.11",22,0.00,0.33,"Sitelinks, AI Overview, Image pack, Video, People also ask, Related searches, Ads bottom, Ads middle"
enneagram 4 and 5 relationship,Informational,59,50,"1.00,1.00,0.42,0.70,1.00,0.58,0.58,0.58,0.58,0.58,0.42,0.58",7,0.00,0.01,"Sitelinks, AI Overview, Video, Video carousel, People also ask, Discussions and forums, Related searches"
enneagram 4 and 8,Informational,60,50,"0.64,0.64,0.64,0.45,0.45,0.64,0.17,0.17,1.00,0.17,0.17,0.27",6,0.00,0.33,"Sitelinks, Video, Video carousel, People also ask, Discussions and forums, Related searches"
enneagram 4 childhood wound,Informational,47,50,"0.56,0.70,0.70,0.70,0.70,0.70,0.70,1.00,0.70,0.56,0.56,1.00",11,0.00,0.33,"Sitelinks, AI Overview, Image, People also ask, Discussions and forums, Related searches"
enneagram 4 famous people,Informational,55,50,"0.28,0.14,0.28,0.50,0.35,0.28,0.35,0.28,1.00,0.35,0.35,0.21",13,0.00,0.33,"Sitelinks, AI Overview, Image, Image pack, Video, People also ask, Related searches"
enneagram 4 vs 9,Informational,56,50,"0.63,0.36,0.36,0.45,0.45,0.45,0.27,0.18,0.45,0.18,1.00,0.36",11,0.00,0.01,"Sitelinks, AI Overview, Video, Related searches"
enneagram 5 careers,Commercial,52,50,"1.00,0.70,0.27,0.70,0.58,0.27,0.58,0.58,0.70,0.27,1.00,0.27",18,0.00,0.33,"Sitelinks, AI Overview, Video, People also ask, Related searches"
enneagram 5 memes,Informational,48,50,"0.67,0.67,0.33,0.67,0.33,1.00,0.33,0.00,0.00,0.33,0.00,0.00",23,0.00,0.33,"Sitelinks, Image, Image pack, Video, People also ask, Related searches"
enneagram 5 wing,Informational,62,50,"0.71,0.57,0.71,1.00,0.57,0.43,0.71,0.29,0.57,0.43,0.71,1.00",24,0.00,0.33,"Sitelinks, AI Overview, Video, Video carousel, People also ask, Related searches"
enneagram 541,Informational,47,50,"0.18,0.18,0.18,0.18,0.18,0.18,0.18,0.18,0.18,1.00,1.00,1.00",8,0.00,0.33,"Sitelinks, AI Overview, Image pack, Video, Video carousel, People also ask, Related searches"
enneagram 6 compatibility,Informational,56,50,"1.00,0.70,1.00,0.56,0.70,0.70,1.00,0.70,0.70,0.56,0.70,0.28",18,0.00,0.33,"Sitelinks, AI Overview, Image pack, Video, People also ask, Discussions and forums, Related searches"
enneagram 6 famous people,Informational,62,50,"0.21,0.14,0.21,0.64,0.14,0.35,0.50,0.50,1.00,0.28,0.50,0.50",19,0.00,0.33,"Sitelinks, AI Overview, Image, Image pack, Video, People also ask, Related searches"
enneagram 6 type,Informational,62,50,"0.00,0.15,0.00,0.00,0.00,0.00,0.10,0.25,1.00,0.00,0.65,0.00",23,0.36,0.02,"Sitelinks, AI Overview, Image pack, Video, People also ask, Related searches"
enneagram 7 and 9 relationship,Informational,57,50,"1.00,0.56,0.76,1.00,0.56,0.56,0.44,0.44,0.32,0.76,0.76,0.44",6,0.00,0.02,"Sitelinks, AI Overview, Video, Video carousel, Short videos, People also ask, Discussions and forums, Related searches"
enneagram 7 celebrities,Informational,55,50,"0.56,0.21,0.32,1.00,0.56,0.56,1.00,1.00,1.00,0.76,0.32,0.21",12,0.00,0.33,"Sitelinks, AI Overview, Image pack, Video, People also ask, Related searches"
enneagram 8 and 2 relationship,Informational,55,50,"1.00,0.73,1.00,0.73,1.00,0.73,0.58,1.00,0.73,0.58,0.58,0.58",9,0.00,0.33,"Sitelinks, AI Overview, Video, People also ask, Discussions and forums, Related searches"
enneagram 8 and 4,Informational,58,50,"0.64,0.81,0.64,0.45,0.64,0.64,0.17,0.17,1.00,0.17,0.17,0.17",7,0.00,0.33,"Sitelinks, AI Overview, Video, Video carousel, People also ask, Discussions and forums, Related searches"
enneagram 8 childhood wound,Informational,47,50,"0.71,0.43,0.71,1.00,0.57,0.71,1.00,0.71,0.71,0.57,1.00,0.71",12,0.00,0.33,"Sitelinks, AI Overview, Image, Video, People also ask, Discussions and forums, Related searches"
enneagram 8 memes,Informational,47,50,"0.74,0.74,0.74,1.00,0.74,0.74,0.74,0.52,0.30,0.22,0.22,0.22",23,0.00,0.33,"Sitelinks, Image, Image pack, Video, People also ask, Related searches"
enneagram 8 traits,Informational,61,50,"0.18,0.18,0.18,0.18,0.18,1.00,0.18,0.18,0.18,1.00,1.00,0.18",29,0.24,0.03,"AI Overview, Image pack, Video, People also ask, Discussions and forums, Related searches"
enneagram 9 and 3 relationship,Informational,58,50,"0.14,0.50,1.00,0.78,0.28,0.21,0.50,0.21,0.50,0.14,0.14,0.28",4,0.00,0.33,"Sitelinks, AI Overview, Image pack, Video, Video carousel, People also ask, Related searches"
enneagram 9 childhood wound,Informational,48,50,"0.57,0.71,1.00,1.00,0.57,0.71,0.57,0.57,0.71,0.71,0.57,0.71",16,0.00,0.33,"Sitelinks, AI Overview, Image, People also ask, Related searches"
enneagram 9 famous people,Informational,59,50,"0.17,0.11,0.29,0.52,0.23,0.29,0.29,0.23,1.00,0.11,0.05,0.29",11,0.00,0.33,"Sitelinks, AI Overview, Image, Video, People also ask, Related searches"
enneagram 9 personality,Informational,65,50,"0.17,0.27,0.17,0.36,0.36,0.64,0.64,0.36,0.64,0.64,1.00,0.36",21,0.56,0.20,"AI Overview, Reviews, Image pack, Video, Video carousel, People also ask, Related searches"
enneagram a christian perspective,"Informational, Transactional",49,50,"0.41,0.23,0.52,0.52,0.29,0.29,0.17,0.29,1.00,0.64,0.23,0.41",29,0.29,0.87,"Sitelinks, Video, Video carousel, People also ask, Knowledge panel, Related searches"
enneagram and love,Informational,56,50,"0.22,0.22,0.33,0.22,0.78,0.78,0.56,0.56,0.56,0.56,1.00,0.78",5,0.00,0.01,"Sitelinks, AI Overview, Video, Video carousel, Related searches"
enneagram book the road back to you,Commercial,41,50,"0.17,0.17,0.17,0.17,0.17,1.00,0.17,0.17,1.00,1.00,1.00,1.00",14,0.34,0.91,"Sitelinks, Video, Video carousel, People also ask, Related searches, Popular products"
enneagram books for beginners,Commercial,49,50,"0.28,0.35,1.00,1.00,0.28,0.14,0.21,0.21,0.14,0.14,0.14,0.14",18,0.00,0.57,"Sitelinks, Video, Video carousel, People also ask, Discussions and forums, Related searches, Popular products"
enneagram centers,Informational,57,50,"0.64,0.64,0.36,1.00,0.27,0.17,0.36,0.45,1.00,0.45,0.45,0.36",21,0.00,0.02,"Sitelinks, AI Overview, Reviews, Image pack, Video, Video carousel, People also ask, Related searches"
enneagram chart with arrows,Informational,63,50,"0.17,0.17,1.00,1.00,0.17,1.00,1.00,0.17,0.17,0.17,0.45,0.17",12,0.00,0.51,"Sitelinks, Image, Image pack, Video, Video carousel, People also ask, Related searches"
enneagram countertypes,Informational,53,50,"0.83,1.00,1.00,1.00,0.83,0.83,0.39,0.83,1.00,1.00,1.00,1.00",0,0.00,0.33,"Sitelinks, AI Overview, Video, Video carousel, Related searches"
enneagram eclectic energy,Informational,45,50,"0.05,0.05,0.05,0.00,0.00,0.00,0.00,0.00,0.00,0.05,1.00,0.17",4,0.84,0.12,"Sitelinks, Reviews, Video, People also ask, Related searches"
enneagram for teams,Informational,51,50,"0.71,0.71,0.57,0.42,0.42,0.42,0.42,1.00,1.00,0.71,0.57,0.57",7,7.47,0.31,"Sitelinks, AI Overview, Image pack, Video, People also ask, Related searches, Ads top, Ads bottom"
enneagram graphic,Informational,63,50,"1.00,0.55,0.79,1.00,0.55,0.55,0.45,0.21,0.00,0.45,0.79,0.79",31,0.64,0.56,"Sitelinks, Image, Image pack, Video, Related searches"
enneagram institute com,Navigational,61,50,"0.33,0.33,0.44,1.00,0.55,0.55,0.44,0.33,0.44,0.55,0.33,0.22",31,1.00,0.31,"Sitelinks, Reviews, Video, People also ask, Related searches"
enneagram integration,Informational,56,50,"0.62,1.00,0.62,0.62,0.45,0.45,0.26,0.26,0.26,0.17,0.36,0.17",4,0.86,0.05,"Sitelinks, AI Overview, Video, People also ask, Discussions and forums, Related searches"
enneagram pdf,Informational,52,50,"0.62,0.62,0.82,0.62,0.62,0.44,0.44,0.18,0.18,0.18,1.00,0.18",8,0.00,0.01,"Reviews, Related searches"
enneagram personality test pdf,Informational,57,50,"0.29,1.00,0.71,1.00,1.00,1.00,1.00,0.71,1.00,1.00,0.71,0.29",9,3.46,0.06,"AI Overview, Reviews, Image pack, Related searches"
enneagram prison project,Navigational,56,50,"0.53,0.65,0.41,0.29,0.53,0.29,0.41,0.11,0.11,0.11,0.11,1.00",28,0.00,0.33,"Reviews, Video, People also ask, Knowledge panel"
enneagram quick test,Commercial,61,50,"0.00,0.00,0.51,0.00,0.42,0.00,0.05,0.00,0.51,1.00,0.00,0.09",19,1.61,0.65,"Sitelinks, Reviews, Video, Video carousel, Related searches"
enneagram self preservation,Informational,51,50,"0.41,0.29,0.41,0.41,0.41,0.29,0.41,0.11,0.24,0.11,0.65,1.00",13,0.00,0.33,"Sitelinks, AI Overview, Video, Video carousel, People also ask, Related searches"
enneagram sexual variant,Informational,47,50,"0.29,0.71,0.43,1.00,1.00,0.43,1.00,1.00,0.71,0.29,1.00,0.43",13,0.00,0.05,"Sitelinks, AI Overview, Reviews, Image pack, Video, Video carousel, People also ask, Discussions and forums, Related searches"
enneagram short test,Commercial,62,50,"0.00,0.81,0.28,0.53,0.00,0.00,0.23,0.23,0.65,1.00,0.00,0.00",16,0.96,0.62,"Sitelinks, Video, Related searches, Ads bottom"
enneagram social 7,Informational,62,50,"0.18,0.09,0.18,0.27,1.00,0.36,0.36,0.45,0.45,0.36,0.63,0.63",10,0.00,0.33,"Sitelinks, AI Overview, Video, People also ask, Related searches"
enneagram summaries,Informational,66,50,"0.19,0.03,0.03,0.07,0.19,0.11,0.65,0.15,0.19,0.00,0.19,1.00",28,0.06,0.20,"Sitelinks, Image pack, Video, Video carousel, People also ask, Related searches, Ads top, Ads bottom"
enneagram suzanne stabile,Informational,44,50,"0.00,0.00,0.20,0.40,0.40,0.40,0.40,0.40,0.20,1.00,0.40,0.00",32,0.90,0.24,"Sitelinks, Image pack, Video, Video carousel, People also ask, Related searches"
enneagram teacher,Informational,52,50,"0.14,0.14,1.00,0.21,0.64,0.28,0.21,0.21,0.35,0.28,0.35,0.14",21,0.00,0.03,"Sitelinks, AI Overview, Video, Video carousel, People also ask, Related searches"
enneagram test type 1,Informational,67,50,"0.75,0.50,1.00,0.75,1.00,1.00,0.50,0.17,0.17,0.17,0.17,0.17",28,0.42,0.12,"AI Overview, Reviews, Image pack, Video, People also ask, Related searches"
enneagram test type 6,Informational,63,50,"0.60,0.60,0.40,1.00,0.60,0.40,0.40,0.40,0.20,0.20,0.20,0.20",24,0.39,0.07,"Sitelinks, AI Overview, Image pack, Video, Video carousel, People also ask, Related searches"
enneagram the achiever,Informational,61,50,"0.64,0.21,0.28,0.64,0.50,0.28,0.28,0.21,0.14,1.00,0.07,0.07",26,0.38,0.04,"Sitelinks, Image pack, Video, People also ask, Related searches"
enneagram the helper,Informational,60,50,"0.62,0.07,0.48,0.48,0.62,0.48,0.34,0.21,0.00,0.76,0.76,1.00",20,0.26,0.03,"AI Overview, Image pack, Video, People also ask, Related searches"
enneagram typ 4,Informational,62,50,"1.00,0.00,0.00,0.00,0.00,0.00,0.00,0.00,0.00,0.00,0.01,0.00",21,0.41,0.03,"Sitelinks, AI Overview, Reviews, Image pack, Video, Video carousel, People also ask, Related searches"
enneagram type 2 careers,"Informational, Commercial",53,50,"0.73,0.53,0.53,0.73,0.73,1.00,0.40,0.20,0.20,0.20,0.20,0.20",13,0.00,0.02,"Sitelinks, AI Overview, Video, Video carousel, People also ask, Discussions and forums, Related searches"
enneagram type 2w3,Informational,64,50,"0.11,0.11,0.11,0.64,0.17,0.29,0.17,0.17,1.00,0.11,0.11,0.11",19,0.00,0.01,"Sitelinks, AI Overview, Reviews, Video, People also ask, Discussions and forums, Related searches"
enneagram type 3 celebrities,Informational,52,50,"0.24,0.09,0.09,0.43,0.43,0.19,0.14,0.53,1.00,0.24,0.33,0.19",11,0.00,0.33,"Sitelinks, AI Overview, Video, People also ask, Related searches"
enneagram type 4 characteristics,Informational,61,50,"0.17,0.17,1.00,0.27,0.17,0.17,0.17,0.17,0.63,0.17,1.00,1.00",20,0.00,0.33,"AI Overview, Reviews, Image pack, Video, Video carousel, People also ask, Related searches"
enneagram type 4 characters,Informational,56,50,"0.27,0.17,1.00,0.45,0.36,0.17,0.27,0.36,0.64,0.45,0.81,1.00",7,0.00,0.33,"Sitelinks, AI Overview, Reviews, Image, Image pack, Video, Video carousel, People also ask, Related searches"
enneagram type 4w3,Informational,60,50,"0.11,0.11,1.00,0.11,0.64,0.11,0.29,0.11,0.11,0.11,0.64,0.64",18,0.00,0.33,"Sitelinks, AI Overview, Video, Video carousel, People also ask, Discussions and forums, Related searches"
enneagram type 5 careers,Commercial,53,50,"1.00,1.00,1.00,0.71,0.71,0.71,1.00,0.57,1.00,0.71,0.71,0.29",16,0.00,0.01,"Sitelinks, AI Overview, Video, Video carousel, People also ask, Related searches"
enneagram type 6 celebrities,Informational,54,50,"0.50,0.13,0.13,0.50,0.63,0.13,0.35,0.21,1.00,0.35,0.13,0.21",18,0.00,0.33,"Sitelinks, AI Overview, Image, Image pack, Video, People also ask, Related searches"
enneagram type 7 celebrities,Informational,62,50,"0.13,0.13,0.28,0.35,0.13,0.13,0.13,0.78,1.00,0.35,0.28,0.21",13,0.00,0.33,"Sitelinks, AI Overview, Image, Video, People also ask, Related searches"
enneagram types 1,Informational,70,50,"0.00,0.00,0.00,1.00,0.00,0.00,0.00,0.15,0.00,0.00,0.00,0.00",25,0.39,0.05,"AI Overview, Reviews, Video, People also ask, Related searches"
enneagram types and wings,Informational,62,50,"1.00,0.71,1.00,1.00,0.71,1.00,0.71,0.71,0.29,0.29,0.29,0.29",14,1.15,0.06,"Sitelinks, AI Overview, Reviews, Image, Video, Video carousel, Related searches, Ads middle"
enneagram wing meaning,Informational,62,50,"0.45,0.36,0.45,0.36,0.45,0.18,1.00,0.64,0.64,0.45,0.27,0.45",18,0.00,0.01,"Sitelinks, AI Overview, Reviews, Video, Video carousel, People also ask, Related searches"
enneagram work,Informational,63,50,"0.56,0.56,0.76,0.76,1.00,0.56,0.56,0.44,0.21,0.21,0.21,0.21",17,1.98,0.13,"Sitelinks, AI Overview, Image pack, Video, Video carousel, People also ask, Related searches"
enneagtam 5,Informational,55,50,"0.00,1.00,0.00,0.00,0.00,0.00,0.00,0.00,0.00,0.00,0.00,0.00",24,0.34,0.02,"Sitelinks, AI Overview, Video, Video carousel, People also ask, Related searches"
enneargram type 7,Informational,62,50,"0.00,0.00,0.00,0.00,0.00,0.00,0.00,0.00,1.00,0.00,0.00,0.00",19,0.38,0.04,"AI Overview, Video, Video carousel, Short videos, People also ask, Related searches"
ennegaram 4,Informational,49,50,"0.00,0.00,0.00,0.00,0.00,0.00,1.00,0.00,0.00,0.00,0.00,0.00",24,0.36,0.02,"Sitelinks, AI Overview, Reviews, Video, Video carousel, People also ask, Discussions and forums, Related searches, Things to know"
ennegram 6w5,Informational,58,50,"0.12,0.04,0.12,0.08,0.00,0.27,0.19,0.04,0.00,1.00,0.19,0.27",21,0.88,0.01,"Sitelinks, AI Overview, Image pack, Video, Video carousel, People also ask, Related searches, Things to know"
ennegram 7w8,Informational,59,50,"0.03,0.00,0.00,1.00,0.06,0.00,0.00,0.00,0.00,0.00,0.00,0.03",27,0.42,0.02,"Sitelinks, AI Overview, Image pack, Video, Video carousel, People also ask, Related searches"
ennegram coaching,Informational,48,50,"0.47,0.21,1.00,0.79,0.63,0.21,0.00,0.00,0.11,0.26,0.26,0.79",3,2.03,0.07,"Sitelinks, AI Overview, Video, Video carousel, People also ask, Discussions and forums, Related searches"
ennegram diagram,Informational,70,50,"0.04,0.13,0.22,1.00,0.22,0.78,0.78,0.78,0.48,0.00,0.00,0.04",33,0.54,0.82,"Sitelinks, Image, Image pack, Video, Video carousel, People also ask, Related searches, Ads middle"
ennegram history,Informational,55,50,"0.57,0.71,0.71,0.57,1.00,1.00,1.00,0.42,0.28,0.14,1.00,1.00",30,0.11,0.01,"Sitelinks, AI Overview, Reviews, Image pack, Video, People also ask, Related searches"
ennegram one,Informational,68,50,"0.48,0.35,0.35,0.22,0.35,0.48,0.04,0.04,1.00,0.00,0.35,0.65",23,0.35,0.05,"Sitelinks, Reviews, Image pack, Video, People also ask, Related searches, Things to know"
ennegram six,Informational,60,50,"0.25,0.36,0.43,1.00,0.61,0.61,0.61,0.61,0.25,0.00,0.07,0.07",26,0.28,0.04,"Sitelinks, AI Overview, Image pack, Video, People also ask, Related searches, Things to know"
ennegream 4,"Informational, Commercial",49,50,"0.00,0.00,0.01,0.00,0.00,0.00,0.00,0.00,1.00,0.00,0.00,0.00",22,0.41,0.05,"Sitelinks, AI Overview, Reviews, Image pack, Video, Video carousel, People also ask, Discussions and forums, Related searches, Things to know"
ennegream 5,Informational,47,50,"0.00,0.00,0.00,0.00,0.00,0.05,0.00,0.00,1.00,0.00,0.00,0.00",29,0.23,0.04,"Sitelinks, AI Overview, Video, Video carousel, People also ask, Discussions and forums, Related searches"
ennéagramme,Informational,53,50,"1.00,1.00,0.13,0.13,0.13,0.13,0.13,0.13,0.13,0.13,0.13,0.13",31,0.85,0.18,"AI Overview, Reviews, Image pack, Video, People also ask"
entj a jobs,Commercial,47,50,"0.11,0.11,0.11,0.65,1.00,0.11,0.11,0.00,0.11,0.00,0.11,0.00",23,0.00,0.01,"Sitelinks, AI Overview, Video, Video carousel, People also ask, Jobs, Discussions and forums, Related searches"
entj a personality rarity,Informational,47,50,"0.23,0.82,0.11,0.11,0.11,1.00,0.11,0.11,0.11,0.11,0.11,0.11",26,0.00,0.33,"Sitelinks, AI Overview, Reviews, Image pack, Video, Video carousel, People also ask, Related searches"
entj and infj in bed,Informational,36,50,"0.70,0.28,0.70,0.70,0.56,0.70,0.56,0.42,0.56,0.70,0.70,1.00",4,0.00,0.33,"Sitelinks, AI Overview, Image pack, People also ask, Related searches"
entj and intj relationship,Informational,40,50,"0.80,1.00,0.60,0.60,0.60,0.60,0.60,0.40,0.20,0.20,0.20,0.20",7,0.00,0.33,"Sitelinks, AI Overview, Image pack, Video, Video carousel, People also ask, Related searches"
entj dating,Informational,42,50,"1.00,0.79,0.79,0.79,0.79,0.56,0.56,0.79,0.21,0.21,0.44,0.21",29,0.00,0.01,"Sitelinks, AI Overview, Video, Video carousel, People also ask, Related searches"
entj dating entj,Informational,43,50,"1.00,1.00,1.00,1.00,1.00,0.71,0.71,1.00,0.28,0.28,0.28,0.28",9,0.00,0.01,"Sitelinks, Video, People also ask, Discussions and forums, Related searches"
entj females,Informational,40,50,"0.44,0.44,0.55,0.44,0.44,0.55,0.44,0.44,0.44,0.55,0.55,1.00",21,0.00,0.33,"Sitelinks, AI Overview, Image pack, Video, Video carousel, People also ask, Related searches"
entj gf,Informational,36,50,"0.35,0.63,1.00,0.50,0.50,0.28,0.35,0.13,0.13,0.13,0.13,0.13",21,0.00,0.33,"Sitelinks, AI Overview, Image pack, Video, Video carousel, People also ask, Discussions and forums, Related searches"
entj girlfriend,Informational,43,50,"0.45,1.00,1.00,0.64,0.64,0.36,0.45,0.17,0.17,0.17,0.17,0.17",13,0.00,0.33,"Sitelinks, AI Overview, Image pack, Video, Video carousel, People also ask, Discussions and forums, Related searches"
entj in relationships,Informational,43,50,"0.10,0.21,0.21,1.00,0.21,0.79,0.56,0.21,0.79,1.00,0.56,0.79",20,0.00,0.33,"Sitelinks, AI Overview, Video, People also ask, Related searches"
entj infp relationship,Informational,41,50,"0.44,0.44,0.62,0.62,0.44,1.00,0.44,0.44,0.18,0.35,0.35,0.18",8,0.00,0.33,"Sitelinks, AI Overview, Image pack, Video, Video carousel, People also ask, Related searches"
entj love language,Informational,37,50,"0.79,0.79,0.79,1.00,1.00,0.79,0.21,0.56,0.21,0.21,1.00,0.33",23,0.00,0.33,"Featured snippet, Sitelinks, Image pack, Video, People also ask, Discussions and forums, Related searches"
entj personality type compatibility,Informational,45,50,"1.00,0.11,0.64,0.11,0.11,0.11,0.11,0.11,0.29,0.23,0.23,0.17",15,0.00,0.33,"Sitelinks, AI Overview, Image pack, Video, People also ask, Related searches"
entj t careers,Commercial,35,50,"0.63,0.45,0.63,1.00,1.00,0.00,0.81,0.00,0.63,0.00,0.00,0.09",23,0.00,0.01,"Sitelinks, AI Overview, Video, Short videos, People also ask, Discussions and forums, Related searches"
entj types,Informational,47,50,"0.44,0.33,1.00,0.56,0.44,0.44,0.44,0.33,1.00,0.56,0.56,0.56",19,0.00,0.01,"Sitelinks, AI Overview, Image pack, Video, Video carousel, People also ask, Related searches"
entj-,Informational,45,50,"0.00,0.00,0.00,0.00,0.00,1.00,0.00,0.00,0.00,0.00,0.00,0.00",19,0.00,0.33,"Sitelinks, AI Overview, Reviews, Video, Video carousel, People also ask, Related searches, Things to know"
entj-a careers,"Informational, Commercial",39,50,"0.41,0.05,0.00,0.53,0.41,0.11,0.05,0.41,0.83,1.00,0.00,0.00",18,0.00,0.33,"Sitelinks, AI Overview, Video, People also ask, Jobs, Discussions and forums, Related searches"
entj-a characters,Informational,41,50,"0.55,0.00,0.00,0.00,0.00,0.79,0.79,0.79,1.00,0.79,1.00,1.00",24,0.00,0.33,"Sitelinks, AI Overview, Video, People also ask, Related searches"
entj-a jobs,Commercial,36,50,"0.00,0.00,0.00,0.14,0.04,0.80,0.00,0.09,0.52,0.09,1.00,0.09",24,0.00,0.01,"Sitelinks, AI Overview, Video, Video carousel, People also ask, Jobs, Discussions and forums, Related searches"
entj性格,Informational,36,50,"0.00,0.00,0.00,0.00,0.00,0.64,1.00,0.82,1.00,0.64,1.00,1.00",33,0.00,0.33,"AI Overview, Video, People also ask"
entj是什么,Informational,35,50,"0.00,0.63,0.00,0.00,0.00,0.63,0.81,0.81,0.00,0.63,1.00,1.00",33,0.00,0.33,"AI Overview, Video, People also ask, Related searches"
entp a and infp t,Informational,43,50,"0.41,0.64,1.00,0.41,0.11,0.11,0.11,0.00,0.11,0.11,0.11,0.11",7,0.00,0.33,"Sitelinks, AI Overview, Reviews, Image pack, Video, People also ask, Related searches"
entp enneagrams,Informational,58,50,"0.03,0.00,0.00,0.19,1.00,0.00,0.80,0.03,0.03,0.03,0.53,0.00",7,0.35,0.02,"Sitelinks, AI Overview, Image pack, Video, Video carousel, People also ask, Related searches"
entp entj,Informational,43,50,"1.00,0.78,0.55,0.78,0.78,0.22,0.22,0.22,0.22,0.22,0.22,0.33",11,0.00,0.01,"Sitelinks, AI Overview, Image pack, Video, People also ask, Related searches"
entp intp,Informational,37,50,"0.79,0.79,0.56,0.79,0.79,0.79,1.00,0.79,0.21,0.21,0.21,0.21",15,0.00,0.33,"Sitelinks, AI Overview, Image pack, Video, Video carousel, People also ask, Related searches"
entp male,Informational,40,50,"1.00,1.00,1.00,1.00,0.70,1.00,1.00,0.58,0.27,0.58,0.70,0.70",12,0.00,0.33,"Sitelinks, AI Overview, Video, Video carousel, People also ask, Things to know"
entp personalidad,Informational,41,50,"0.05,1.00,0.05,0.05,0.05,0.05,0.05,0.05,0.05,0.05,0.05,0.05",32,0.00,0.02,"AI Overview, Image pack, Video, People also ask, Discussions and forums, Related searches"
entp strengths,Informational,41,50,"0.17,0.11,0.11,0.11,1.00,0.11,0.11,0.11,0.11,0.11,0.11,1.00",30,0.00,0.33,"Sitelinks, AI Overview, Reviews, Image pack, Video, People also ask, Related searches"
entp t meaning,Informational,44,50,"0.78,0.78,1.00,0.64,0.78,0.00,0.64,0.00,0.07,0.00,0.00,0.00",34,0.00,0.01,"Featured snippet, Sitelinks, Reviews, Video, Video carousel, People also ask, Related searches"
entp the debater,Informational,44,50,"0.17,0.17,0.17,0.17,0.17,0.17,0.17,0.17,1.00,1.00,1.00,0.17",28,0.00,0.33,"Sitelinks, AI Overview, Image pack, Video, Video carousel, People also ask, Related searches"
entp types,Informational,45,50,"0.17,0.27,1.00,1.00,0.27,0.44,0.44,0.44,0.44,0.63,0.44,0.63",31,0.00,0.01,"Sitelinks, AI Overview, Reviews, Video, People also ask, Related searches"
entp vs infp,Informational,43,50,"0.76,0.44,0.56,0.56,0.76,0.21,0.21,0.32,0.76,0.76,1.00,0.56",8,0.00,0.33,"Sitelinks, AI Overview, Image pack, Video, Short videos, People also ask, Related searches"
entp 是 什么,Informational,44,50,"0.63,0.63,0.18,0.63,0.18,1.00,0.18,0.18,1.00,0.18,0.18,1.00",24,0.00,0.33,"AI Overview, Image pack, Video, People also ask, Related searches"
entp-a characters,Informational,39,50,"0.55,0.33,0.00,0.00,0.33,0.79,0.79,0.79,0.79,1.00,1.00,1.00",18,0.00,0.33,"Sitelinks, AI Overview, Video, Video carousel, People also ask, Related searches"
esfj female,Informational,38,50,"0.63,0.63,0.63,0.63,0.63,0.45,0.45,0.36,1.00,0.27,0.27,0.18",28,0.00,0.33,"Sitelinks, AI Overview, Video, Video carousel, People also ask, Related searches"
esfj male,Informational,40,50,"0.45,0.81,0.45,0.36,0.45,1.00,0.81,0.36,0.36,0.27,0.17,0.17",12,0.00,0.33,"Sitelinks, AI Overview, Image, Image pack, Video, Video carousel, People also ask, Related searches"
esfj personality type careers,Commercial,36,50,"0.18,0.18,0.18,1.00,1.00,1.00,0.36,0.18,0.18,0.18,0.18,0.18",23,0.00,0.33,"Sitelinks, AI Overview, Video, People also ask, Discussions and forums, Related searches"
esfj relationships,Informational,41,50,"0.45,1.00,0.45,0.26,1.00,0.17,0.17,0.17,0.17,0.26,0.36,0.17",10,0.00,0.33,"Sitelinks, AI Overview, Video, Video carousel, People also ask, Discussions and forums, Related searches"
esfj vs estj,Informational,42,50,"0.00,0.17,0.33,0.44,0.44,0.44,0.61,0.44,1.00,0.83,0.61,1.00",1,0.00,0.33,"Sitelinks, AI Overview, Image pack, Video, Video carousel, People also ask, Related searches"
esfj-t meaning,Informational,43,50,"0.66,0.00,1.00,0.00,0.43,0.32,0.00,0.19,0.00,0.19,0.00,0.19",34,0.00,0.01,"Sitelinks, AI Overview, Video, People also ask, Related searches"
esfp 2w3,Informational,40,50,"1.00,0.79,0.79,1.00,0.56,0.56,1.00,0.56,0.79,0.21,0.21,0.33",4,0.00,0.33,"Sitelinks, AI Overview, People also ask, Related searches"
esfp fictional characters,Informational,30,50,"0.45,0.17,0.45,0.64,1.00,0.45,0.45,0.17,0.45,0.36,0.36,0.17",4,0.00,0.33,"Sitelinks, AI Overview, Image, Video, People also ask, Discussions and forums, Related searches"
esfp relationships,Informational,40,50,"1.00,1.00,0.56,0.76,0.76,0.21,0.21,0.32,0.21,0.56,0.21,0.21",13,0.00,0.33,"Sitelinks, AI Overview, Image pack, Video, Video carousel, People also ask, Discussions and forums, Related searches"
esfp-t careers,Commercial,36,50,"0.35,0.00,0.35,1.00,0.28,0.14,0.00,0.35,0.49,0.49,0.35,0.49",22,0.00,0.01,"Sitelinks, AI Overview, Video, People also ask, Related searches"
essee 5,Commercial,47,50,"0.38,0.38,1.00,0.38,0.50,0.25,0.38,0.50,0.50,0.38,0.25,0.13",2,0.27,0.94,"Sitelinks, Image, Image pack, Video, Related searches"
estj a meaning,Informational,36,50,"0.45,0.45,0.45,1.00,0.62,0.62,0.45,0.36,0.36,0.36,0.26,0.17",30,0.00,0.02,"Sitelinks, AI Overview, Video, Video carousel, People also ask, Related searches"
estj character,Informational,43,50,"0.03,0.03,0.03,0.03,0.03,0.00,0.00,0.00,0.00,0.00,1.00,0.00",24,0.00,0.33,"AI Overview, Video, Video carousel, People also ask, Discussions and forums, Related searches"
estj personality type female,Informational,43,50,"0.28,0.57,0.71,0.71,0.57,0.42,0.57,0.57,1.00,1.00,0.57,0.57",29,0.00,0.01,"Sitelinks, AI Overview, Image pack, Video, People also ask, Discussions and forums, Related searches"
estj stack,Informational,38,50,"0.49,0.49,0.64,0.49,0.49,0.13,0.13,1.00,0.13,0.13,0.13,0.13",20,0.00,0.33,"Sitelinks, AI Overview, Image, Image pack, Video, People also ask, Related searches"
estj vs intj,Informational,41,50,"0.71,1.00,0.43,0.43,0.71,1.00,0.57,1.00,0.57,1.00,0.71,1.00",6,0.00,0.33,"Sitelinks, AI Overview, Reviews, Image pack, Video, Video carousel, People also ask, Related searches"
estp x entj,Informational,43,50,"0.05,0.05,0.05,0.05,0.05,1.00,0.05,0.05,0.05,0.05,0.05,0.05",7,0.00,0.33,"Sitelinks, AI Overview, Video, Video carousel, People also ask, Related searches"
facts about infp,Informational,35,50,"0.64,0.64,0.45,0.81,1.00,0.81,0.45,0.27,0.36,0.27,0.64,0.17",23,0.00,0.33,"Sitelinks, AI Overview, Reviews, Video, Video carousel, People also ask, Related searches"
famous intp fictional characters,Informational,30,50,"0.27,0.41,0.27,1.00,0.56,1.00,1.00,0.41,1.00,1.00,0.71,1.00",11,0.00,0.33,"Sitelinks, AI Overview, Image, Video, People also ask, Related searches"
famous people with entj personality,Informational,41,50,"0.11,0.11,0.11,1.00,0.64,0.11,0.11,0.11,0.29,0.64,0.29,0.11",14,0.00,0.33,"Sitelinks, AI Overview, Reviews, Image pack, Video, People also ask, Related searches"
female enneagram 8,Informational,55,50,"0.79,0.14,0.79,0.14,0.14,0.14,0.14,1.00,0.21,0.14,0.14,0.14",12,0.00,0.33,"Sitelinks, AI Overview, Video, Video carousel, People also ask, Discussions and forums, Related searches"
female esfj,Informational,38,50,"1.00,1.00,1.00,1.00,1.00,1.00,0.71,0.28,0.28,0.28,0.28,0.28",21,0.00,0.33,"Sitelinks, AI Overview, Image pack, Video, Video carousel, People also ask, Related searches"
four wing 3,Informational,45,50,"0.71,1.00,1.00,1.00,0.56,0.71,0.41,1.00,1.00,0.27,0.27,0.27",16,0.00,0.17,"Sitelinks, AI Overview, Video, People also ask, Discussions and forums, Related searches"
free insights discovery test,Informational,35,50,"0.63,0.45,0.45,0.63,0.45,0.36,0.27,0.27,0.45,1.00,0.36,0.36",0,1.20,0.58,"Sitelinks, AI Overview, Video, People also ask, Discussions and forums, Related searches"
free results enneagram test,Informational,59,50,"0.14,0.14,0.14,0.14,0.14,0.78,0.14,1.00,1.00,0.64,0.50,0.64",30,0.60,0.78,"Sitelinks, AI Overview, Video, People also ask"
google personality test,Informational,34,50,"0.00,0.00,0.00,1.00,0.57,0.00,0.00,0.00,0.00,0.00,0.00,0.00",29,0.51,0.34,"Sitelinks, Reviews, Video, Video carousel, People also ask, Related searches"
got personality test,Informational,52,50,"0.21,0.28,0.35,0.21,0.14,0.14,0.14,0.35,0.78,1.00,0.35,0.35",12,0.04,0.05,"Sitelinks, Reviews, Video, Discussions and forums, Related searches"
harry potter archetypes,Informational,48,50,"0.17,0.17,0.17,1.00,1.00,0.17,1.00,0.17,1.00,0.17,0.17,0.17",9,0.00,0.33,"Sitelinks, AI Overview, Image, Image pack, Video, People also ask, Related searches"
helper personality type,Informational,48,50,"1.00,0.17,0.17,0.17,0.17,1.00,0.17,0.17,1.00,0.17,0.17,0.17",14,0.71,0.04,"Sitelinks, AI Overview, Image pack, Video, People also ask, Related searches"
how can you observe personality,Informational,34,50,"1.00,0.79,0.79,0.79,0.55,1.00,0.21,0.21,0.21,0.21,0.21,0.21",31,0.00,0.33,"AI Overview, Video, People also ask, Related searches"
how rare is esfp t,Informational,45,50,"0.41,0.82,0.41,0.11,0.11,1.00,0.11,0.00,0.11,0.11,0.11,0.11",24,0.00,0.33,"Sitelinks, AI Overview, Reviews, Image pack, Video, People also ask, Related searches"
how to know your enneagram,Informational,71,50,"0.18,0.18,0.18,0.18,0.18,1.00,0.18,0.18,0.18,1.00,1.00,1.00",8,0.54,0.54,"Sitelinks, AI Overview, Reviews, Video, People also ask, Discussions and forums, Related searches, Ads bottom"
i can see your mbti,"Informational, Transactional",36,50,"0.13,0.75,0.13,0.13,0.13,0.13,0.13,1.00,0.13,0.13,0.13,0.13",22,0.00,0.33,"Image, Video, Video carousel, Knowledge panel"
i've mbti,Informational,45,50,"0.81,1.00,0.63,0.09,0.81,0.45,0.36,0.63,0.45,0.18,0.18,0.81",10,0.00,0.33,"Sitelinks, AI Overview, Video, People also ask, Related searches"
individualist personality type,Informational,45,50,"1.00,0.55,0.55,0.79,0.45,0.55,0.79,0.79,0.55,0.55,0.79,0.00",22,1.01,0.04,"Sitelinks, AI Overview, Image pack, Video, People also ask, Discussions and forums, Related searches"
infj 4w5 characters,Informational,44,50,"0.11,0.29,0.11,0.23,0.23,0.41,0.29,0.23,0.11,0.23,0.11,1.00",31,0.00,0.33,"Sitelinks, Image pack, Video, People also ask, Discussions and forums, Related searches"
infj or infp test,Informational,40,50,"0.78,0.78,0.78,1.00,0.78,0.55,0.55,0.55,0.55,0.44,0.33,0.44",1,0.33,0.07,"Sitelinks, Video, Video carousel, Related searches"
influence personality type,Informational,40,50,"0.33,0.33,0.78,0.55,0.78,0.78,0.44,1.00,0.44,0.55,0.44,0.22",12,0.00,0.03,"Sitelinks, AI Overview, Reviews, Video, People also ask, Related searches"
infp artists,Informational,33,50,"1.00,0.78,0.78,0.78,0.22,0.22,0.78,0.22,0.22,0.33,0.33,0.22",15,0.00,0.33,"Sitelinks, AI Overview, Image pack, Video, People also ask, Related searches"
infp enneagram 9,Informational,59,50,"0.28,0.14,0.28,0.28,0.21,0.35,0.78,1.00,0.50,0.21,0.35,0.28",4,0.00,0.33,"Sitelinks, AI Overview, Image pack, Video, Video carousel, People also ask, Related searches"
infp entj compatibility,Informational,41,50,"0.44,0.21,1.00,0.21,0.21,0.21,0.21,0.33,0.56,0.44,1.00,0.21",7,0.00,0.33,"Sitelinks, AI Overview, Image pack, Video, People also ask, Related searches"
infp entj relationship,Informational,41,50,"0.44,0.44,0.44,0.62,0.44,1.00,0.44,0.44,0.26,0.18,0.18,0.18",5,0.00,0.33,"Sitelinks, AI Overview, Image pack, Video, Video carousel, Short videos, People also ask, Related searches"
infp entp compatibility,Informational,43,50,"1.00,1.00,0.64,0.27,0.36,0.17,0.45,0.17,0.27,0.45,0.64,0.36",12,0.00,0.33,"Sitelinks, AI Overview, Reviews, Image pack, Video, Video carousel, People also ask, Related searches"
infp hogwarts house,Informational,44,50,"0.52,0.52,0.74,1.00,0.74,0.43,0.52,0.74,0.74,0.43,0.22,0.30",21,0.00,0.33,"Sitelinks, AI Overview, Video, People also ask, Related searches"
infp letters meaning,Informational,44,50,"0.05,0.05,0.05,0.05,0.05,0.05,0.05,1.00,0.05,0.05,0.05,0.05",25,0.00,0.33,"Sitelinks, AI Overview, Video, People also ask, Related searches"
infp males,Informational,38,50,"0.36,0.36,0.45,0.64,0.27,1.00,0.45,0.36,0.45,0.64,0.82,0.64",24,0.06,0.01,"Sitelinks, AI Overview, Image pack, Video, Video carousel, People also ask, Related searches"
infp or infj test,Informational,42,50,"1.00,1.00,1.00,1.00,1.00,1.00,0.71,0.56,0.41,0.41,0.56,0.27",5,0.33,0.07,"Sitelinks, Video, Video carousel, Related searches"
infp personajes,Informational,37,50,"0.05,1.00,0.05,0.05,0.05,0.05,0.05,0.05,0.05,0.05,0.05,0.05",34,0.00,0.33,"Sitelinks, Image pack, Video, Video carousel, People also ask, Related searches"
infp personalidad,Informational,39,50,"0.65,0.65,0.29,0.11,0.11,0.11,0.18,0.11,0.65,0.11,0.11,1.00",34,0.93,0.03,"AI Overview, Image pack, Video, People also ask, Discussions and forums, Related searches"
infp personality type compatibility,Informational,38,50,"0.63,0.63,0.81,0.44,0.17,0.17,0.37,0.17,0.27,1.00,0.44,0.44",20,0.00,0.01,"Sitelinks, AI Overview, Image pack, Video, People also ask, Related searches"
infp relationship,Informational,39,50,"0.44,0.56,0.56,0.56,0.56,0.76,0.44,0.44,0.21,1.00,0.32,0.00",13,0.00,0.33,"Sitelinks, AI Overview, Video, People also ask, Related searches"
infp socionics,Informational,44,50,"0.81,0.63,0.63,0.63,0.63,0.44,0.63,0.37,0.63,0.17,0.37,1.00",2,0.00,0.33,"Sitelinks, AI Overview, Image pack, Video, Video carousel, People also ask, Related searches"
infp t entj,Informational,43,50,"0.14,0.78,0.14,1.00,0.14,0.28,1.00,0.28,0.14,0.00,0.14,0.00",9,0.00,0.00,"Sitelinks, Reviews, Video, Video carousel, People also ask, Related searches"
infp t introvert or extrovert,Informational,44,50,"0.11,0.23,1.00,0.00,1.00,0.11,0.11,0.00,0.11,0.11,0.11,0.11",15,0.00,0.33,"Sitelinks, AI Overview, Video, Video carousel, People also ask"
infp-a characters,Informational,37,50,"0.33,0.55,0.00,1.00,1.00,1.00,0.79,0.55,1.00,0.79,0.79,1.00",31,0.00,0.33,"Sitelinks, AI Overview, Video, People also ask, Related searches"
intj a architect,Informational,34,50,"0.17,1.00,0.81,0.64,0.17,0.00,0.17,0.00,0.17,0.17,0.17,0.17",26,0.00,0.33,"Sitelinks, Video, Video carousel, People also ask, Related searches"
intj and romance,Informational,32,50,"0.71,1.00,1.00,1.00,1.00,1.00,0.71,0.71,1.00,0.71,0.71,0.27",17,0.00,0.01,"Sitelinks, AI Overview, Video, Video carousel, People also ask, Discussions and forums, Related searches"
intj briggs meyer,Informational,38,50,"0.00,1.00,0.00,0.00,0.00,0.00,0.00,0.00,0.35,0.00,0.00,0.00",31,0.15,0.07,"Sitelinks, AI Overview, Image pack, Video, People also ask, Knowledge panel, Related searches"
intj enneagram types,Informational,59,50,"0.36,0.45,0.27,0.18,0.27,0.63,1.00,0.45,0.63,0.18,0.18,0.18",14,0.00,0.01,"Sitelinks, AI Overview, Video, People also ask, Knowledge panel, Related searches"
intj esfp,Informational,38,50,"1.00,0.64,0.64,0.64,0.18,0.18,0.18,0.27,0.18,0.36,0.18,0.18",10,0.00,0.33,"Sitelinks, AI Overview, Image pack, Video, Video carousel, Short videos, People also ask, Related searches"
intj t jobs,Commercial,31,50,"0.18,0.18,0.18,1.00,1.00,0.18,0.18,0.18,0.18,1.00,0.63,0.18",26,0.00,0.01,"Sitelinks, AI Overview, Video, Video carousel, People also ask, Related searches"
intj t vs intj a,"Informational, Commercial",32,50,"1.00,0.81,0.81,1.00,0.81,0.27,0.81,0.18,0.27,0.27,0.27,0.27",24,0.00,0.33,"Sitelinks, AI Overview, Image pack, Video, Video carousel, People also ask, Related searches"
intj 個性,Informational,33,50,"0.55,0.78,1.00,0.78,0.78,0.55,0.55,0.22,0.22,0.22,0.22,0.22",24,0.00,0.33,"AI Overview, Image pack, Video, Video carousel, People also ask, Related searches"
intj 女,Informational,28,50,"0.04,0.04,1.00,0.04,0.04,0.04,0.04,0.04,0.04,0.04,0.04,0.04",27,0.00,0.33,"Sitelinks, AI Overview, Image pack, Video, Video carousel, People also ask, Related searches"
intj-a characters,Informational,34,50,"0.00,0.17,0.44,0.37,0.44,0.81,0.27,0.63,1.00,1.00,0.63,0.63",25,0.00,0.33,"Sitelinks, AI Overview, Video, Video carousel, Short videos, People also ask, Related searches"
intp 4w3,Informational,44,50,"0.13,0.40,0.33,0.33,0.27,0.27,1.00,0.33,0.60,0.40,1.00,0.60",4,0.00,0.33,"Sitelinks, AI Overview, Image pack, Video, People also ask, Related searches"
intp 6w7,Informational,38,50,"0.25,0.75,1.00,0.75,0.50,0.75,0.50,0.50,0.75,0.50,0.50,0.75",5,0.00,0.33,"Sitelinks, AI Overview, Image pack, Video, People also ask, Discussions and forums, Related searches"
intp architect,Informational,32,50,"0.11,0.11,0.11,0.11,0.65,0.11,0.11,0.11,1.00,0.11,0.11,0.65",11,0.00,0.01,"Sitelinks, AI Overview, Video, People also ask, Related searches"
intp personalidad,Informational,39,50,"0.49,0.49,0.00,1.00,0.35,0.07,0.07,0.00,0.00,0.00,0.07,0.00",29,0.22,0.02,"Sitelinks, AI Overview, Image pack, Video, Video carousel, People also ask, Related searches"
intp personality people,Informational,41,50,"0.18,0.18,0.18,0.18,1.00,1.00,0.18,0.18,1.00,0.18,0.18,0.18",21,0.00,0.33,"Sitelinks, AI Overview, Video, People also ask, Related searches"
intp personality type celebrities,Informational,37,50,"1.00,0.43,1.00,1.00,0.71,0.71,0.29,0.57,0.71,0.71,0.43,0.43",18,0.00,0.33,"Sitelinks, AI Overview, Video, Short videos, People also ask, Related searches"
intp stands for,Informational,33,50,"0.00,1.00,0.29,0.40,0.40,0.17,0.11,0.52,0.00,0.40,0.05,0.11",28,0.00,0.01,"Sitelinks, AI Overview, Video, People also ask, Related searches"
intp strengths,Informational,35,50,"0.17,0.17,0.17,1.00,1.00,0.17,0.17,0.17,0.17,0.17,0.17,0.17",20,0.00,0.01,"Sitelinks, AI Overview, Image pack, Video, Video carousel, People also ask, Discussions and forums, Related searches"
intp t celebrities,Informational,32,50,"0.49,0.49,0.49,1.00,1.00,0.14,0.49,0.07,0.00,0.00,0.07,0.00",25,0.00,0.33,"Sitelinks, AI Overview, Image, Video, People also ask, Related searches"
intp vs isfj,"Informational, Commercial",37,50,"0.71,0.71,0.29,0.29,0.43,0.71,0.71,0.71,0.71,0.57,0.57,1.00",4,0.00,0.33,"Sitelinks, AI Overview, Image, Video, Video carousel, People also ask, Related searches"
intp-t vs intp-a,"Informational, Commercial",32,50,"0.00,0.35,0.00,0.50,0.06,0.00,0.00,0.78,1.00,0.78,0.78,0.50",28,0.00,0.01,"Sitelinks, AI Overview, Video, People also ask, Related searches"
intp性格,Informational,31,50,"1.00,0.07,0.00,0.00,0.00,0.79,0.65,0.65,0.00,0.79,0.79,0.79",21,0.00,0.33,"AI Overview, Video, Video carousel, People also ask, Discussions and forums, Related searches"
intp是什麼,Informational,27,50,"0.00,0.00,0.00,0.00,0.00,0.78,1.00,1.00,0.78,0.26,0.48,0.48",28,0.00,0.33,"AI Overview, Video, Video carousel, People also ask, Related searches"
intp适合的伴侣,Informational,27,50,"1.00,1.00,1.00,0.12,0.27,0.27,0.27,0.27,0.27,0.27,0.27,0.27",17,0.00,0.33,"Sitelinks, AI Overview, Video, People also ask, Related searches"
intuition mbti,Informational,36,50,"0.37,0.37,0.44,0.63,1.00,0.44,0.63,0.37,0.44,0.44,0.37,0.27",24,0.00,0.33,"Sitelinks, AI Overview, Image pack, Video, Video carousel, People also ask, Related searches"
is enfj a good personality,Informational,44,50,"0.18,0.18,0.18,0.18,0.18,0.18,0.18,0.18,1.00,1.00,0.18,1.00",28,0.00,0.01,"Sitelinks, AI Overview, Reviews, Video, Video carousel, People also ask, Related searches"
is the 16 personalities test accurate,Informational,43,50,"0.17,0.17,0.17,1.00,1.00,0.17,0.17,0.17,0.27,0.17,1.00,1.00",24,0.00,0.33,"Sitelinks, AI Overview, Reviews, Video, Video carousel, People also ask, Related searches"
isfj 1w9,Informational,42,50,"0.27,0.18,0.63,0.18,0.18,0.63,0.63,1.00,0.63,0.36,0.45,0.27",3,0.00,0.33,"Sitelinks, AI Overview, Image pack, Video, People also ask, Related searches"
isfj and entj compatibility,Informational,41,50,"1.00,0.17,0.17,0.17,0.27,0.27,0.45,0.45,0.45,0.81,0.27,0.36",9,0.00,0.33,"Sitelinks, AI Overview, Image pack, Video, People also ask, Discussions and forums, Related searches"
isfj description,Informational,43,50,"0.11,0.64,0.11,1.00,1.00,0.11,0.11,0.11,0.11,0.11,0.11,0.64",28,0.00,0.33,"Sitelinks, AI Overview, Reviews, Video, People also ask, Related searches"
isfj female,Informational,36,50,"0.71,0.43,1.00,1.00,0.71,0.71,1.00,0.71,1.00,1.00,0.43,0.43",22,0.00,0.33,"Sitelinks, AI Overview, Image pack, Video, Video carousel, People also ask, Related searches"
isfj hobbies,Informational,36,50,"1.00,1.00,1.00,0.79,0.79,0.33,0.21,0.21,0.56,0.33,0.79,0.79",10,0.00,0.33,"Sitelinks, AI Overview, Image pack, Video, People also ask, Discussions and forums, Related searches"
isfj infj,Informational,40,50,"0.79,0.56,0.79,0.56,0.44,0.21,0.79,1.00,0.33,0.21,0.21,0.56",23,0.00,0.33,"Sitelinks, AI Overview, Reviews, Image pack, Video, Short videos, People also ask, Related searches"
isfj love language,Informational,45,50,"1.00,0.64,0.27,0.45,0.36,1.00,0.27,0.64,0.18,0.36,0.45,0.18",8,0.00,0.33,"Sitelinks, AI Overview, Video, Video carousel, People also ask, Related searches"
isfj mean,Informational,43,50,"1.00,1.00,0.50,0.00,0.00,0.00,0.00,0.00,0.00,0.00,0.00,0.50",32,0.00,0.01,"Sitelinks, AI Overview, Image pack, Video, Video carousel, Short videos, People also ask, Related searches"
isfj vs intp,Informational,37,50,"0.36,0.27,0.45,0.64,0.45,0.36,0.36,0.45,1.00,0.45,0.64,0.45",2,0.00,0.33,"Sitelinks, AI Overview, Image, Image pack, Video, Video carousel, People also ask, Related searches"
isfjt personality,Informational,45,50,"0.00,0.00,0.00,0.00,0.00,1.00,0.00,0.00,0.00,0.00,0.00,0.00",30,0.12,0.01,"Sitelinks, AI Overview, Image, Image pack, Video, Video carousel, People also ask, Discussions and forums, Related searches"
isfp personality test,Informational,42,50,"0.71,0.71,0.71,0.71,0.71,0.71,0.71,0.56,1.00,1.00,0.27,1.00",29,0.27,0.34,"AI Overview, Reviews, Video, Video carousel, People also ask, Related searches"
isnj personality,Informational,43,50,"0.00,0.00,0.00,0.00,0.00,1.00,0.00,1.00,0.00,0.00,0.00,0.00",26,0.12,0.01,"Sitelinks, AI Overview, Video, Video carousel, People also ask, Related searches"
istj personality test,Informational,40,50,"0.45,0.27,0.27,0.45,0.36,1.00,0.64,0.18,0.27,0.36,0.36,0.45",33,0.57,0.27,"Sitelinks, AI Overview, Image pack, Video, Video carousel, People also ask, Discussions and forums, Related searches"
it mbti,Informational,45,50,"0.09,0.09,0.09,0.09,0.09,0.66,1.00,0.66,0.09,0.09,0.09,0.09",19,0.00,0.33,"Sitelinks, Image pack, Video, People also ask, Related searches"
itnj meaning,Informational,39,50,"0.18,0.18,0.18,1.00,1.00,0.18,0.18,0.18,1.00,1.00,0.18,0.18",27,0.00,0.33,"Sitelinks, AI Overview, Video, Video carousel, People also ask, Related searches"
jake mbti,Informational,45,50,"0.11,0.64,1.00,0.11,0.11,0.11,0.11,0.11,0.64,0.11,0.11,1.00",27,0.00,0.33,"Sitelinks, AI Overview, Image pack, Video, People also ask, Related searches"
jmbt,"Informational, Transactional",45,50,"0.11,0.11,0.11,0.11,0.11,0.11,1.00,0.82,0.64,0.11,0.11,0.11",20,0.00,0.02,"Reviews, Video, People also ask, Knowledge panel, Related searches"
jobs for enneagram type 9,"Informational, Commercial",52,50,"1.00,1.00,1.00,1.00,1.00,1.00,1.00,0.71,1.00,0.71,0.29,0.43",16,0.03,0.04,"Sitelinks, AI Overview, Video, People also ask, Discussions and forums, Related searches"
jobs for esfj personality types,Commercial,44,50,"0.18,0.18,0.18,1.00,1.00,1.00,0.18,0.18,0.18,0.18,0.18,0.18",22,0.00,0.33,"AI Overview, Reviews, Video, People also ask, Related searches"
jobs for infp t,"Informational, Commercial",30,50,"1.00,0.18,0.18,1.00,0.18,0.63,0.18,0.18,1.00,0.81,0.63,0.18",32,0.00,0.03,"Sitelinks, AI Overview, Video, People also ask, Discussions and forums, Related searches"
jobs for intp personality types,"Informational, Commercial",34,50,"0.63,0.36,0.45,0.63,0.09,0.45,0.09,0.09,1.00,0.63,1.00,0.27",23,2.04,0.03,"Sitelinks, AI Overview, Reviews, Video, People also ask, Related searches"
mbti 64 種,Informational,45,50,"0.41,1.00,0.11,0.41,0.41,0.11,0.11,1.00,0.11,0.00,0.11,0.00",21,0.00,0.00,"AI Overview, Video, People also ask, Related searches"
mbti 64型人格測試,Informational,45,50,"1.00,0.23,0.11,0.11,0.11,0.11,0.11,0.11,0.11,0.11,0.11,0.11",19,0.00,0.14,"Sitelinks, AI Overview, Video, Related searches"
mbti form m,Informational,35,50,"1.00,0.17,1.00,0.17,0.17,0.17,0.17,0.17,0.27,0.17,0.27,0.27",10,0.00,0.02,"AI Overview, Reviews, Image pack, Video, People also ask, Related searches"
mbti functions quiz,Commercial,36,50,"1.00,0.18,1.00,0.18,0.18,0.81,0.63,0.63,0.63,0.63,0.63,0.18",13,0.21,0.07,"Sitelinks, Video, Related searches"
mbti guess,Informational,38,50,"0.14,0.14,1.00,0.50,0.64,0.78,0.35,0.28,0.14,0.14,0.14,0.14",21,0.00,0.33,"Reviews, Image pack, Video, Video carousel, Related searches"
mbti icons,Informational,45,50,"0.11,0.64,1.00,0.64,0.11,0.11,0.00,0.11,0.11,0.11,0.00,0.11",19,0.00,0.33,"Sitelinks, Image, Image pack, Video, People also ask, Related searches"
mbti in management,Informational,45,50,"0.82,0.23,0.11,0.11,0.11,1.00,0.11,0.11,0.11,0.11,0.11,0.11",15,0.00,0.02,"AI Overview, Reviews, Image pack, Video, Video carousel, People also ask, Related searches"
mbti in one word,Informational,45,50,"0.14,0.14,0.14,0.14,0.14,0.14,0.14,1.00,0.14,0.78,0.78,0.78",7,0.00,0.33,"Sitelinks, AI Overview, Image, Image pack, Video, Video carousel, People also ask, Related searches"
mbti j meaning,Informational,39,50,"0.14,1.00,0.14,0.78,0.14,0.14,0.14,0.14,0.78,0.14,0.14,0.14",28,0.00,0.33,"Sitelinks, AI Overview, Video, Video carousel, People also ask, Related searches"
mbti korea test,Informational,32,50,"0.64,0.18,1.00,0.18,0.18,0.00,0.64,0.45,0.64,0.64,0.00,0.64",15,0.35,0.33,"Sitelinks, AI Overview, Reviews, Video, People also ask, Related searches"
mbti meaning of each letter,Informational,45,50,"0.09,0.09,0.09,0.09,0.09,0.09,0.09,0.09,1.00,0.52,0.09,0.09",29,0.00,0.33,"Sitelinks, AI Overview, Image pack, Video, Video carousel, People also ask, Related searches"
mbti pdf,Informational,45,50,"0.64,0.18,1.00,0.18,0.18,0.18,0.64,0.82,0.64,0.64,0.45,0.45",18,0.00,0.01,Related searches
mbti pdf test,Informational,33,50,"0.77,0.77,0.77,0.55,0.55,1.00,0.55,0.22,0.22,0.22,0.22,0.22",22,0.00,0.02,"Video, People also ask, Related searches"
mbti plush,Informational,45,50,"0.78,0.78,1.00,0.22,0.44,1.00,0.22,0.22,0.22,0.22,0.22,0.22",22,0.00,1.00,"Sitelinks, Image, Image pack, Video, Video carousel, People also ask, Related searches, Popular products"
mbti population,Informational,45,50,"0.82,1.00,0.62,0.62,0.44,0.18,0.18,0.18,0.18,0.18,0.18,0.18",25,0.00,0.33,"Sitelinks, AI Overview, Image pack, Video, People also ask, Related searches"
mbti test pdf,Informational,45,50,"1.00,1.00,1.00,1.00,0.71,0.71,0.71,0.29,0.29,0.29,0.29,0.29",18,0.00,0.02,"Image pack, Related searches"
mbti test printable,Informational,33,50,"0.29,0.29,0.29,1.00,1.00,0.00,0.00,0.71,0.00,1.00,0.00,0.29",14,0.00,0.02,"Image pack, Video, Related searches"
mbti types in one word,Informational,45,50,"0.14,0.14,0.14,0.14,0.14,0.14,0.14,1.00,0.78,0.14,0.78,0.78",7,0.00,0.33,"Sitelinks, Image pack, Video, Video carousel, People also ask, Related searches"
mbti چیست,Informational,34,50,"0.61,0.61,0.82,1.00,0.61,0.43,0.61,0.25,0.18,0.18,0.18,0.00",17,0.00,0.00,"AI Overview, Reviews, Image, Image pack, Video, Video carousel, Related searches"
mbti 测试 免费,Informational,33,50,"1.00,0.35,0.35,0.50,0.00,0.21,0.14,0.35,0.00,0.00,1.00,0.07",22,0.82,0.27,"Video, Related searches"
mbti 유형별 특징,Informational,34,50,"0.70,1.00,1.00,0.70,1.00,1.00,0.70,0.70,0.28,0.28,0.28,0.28",15,0.00,0.33,"AI Overview, Image pack, Video, People also ask, Related searches"
mbti 테스트 간단,Informational,33,50,"0.08,0.08,1.00,0.62,0.62,0.62,0.08,0.08,0.08,0.08,0.08,0.08",9,0.00,0.03,"Image pack, Video, Video carousel, Related searches"
mbti主人公,Informational,32,50,"0.00,0.00,0.00,0.00,0.00,1.00,1.00,1.00,0.00,0.64,0.64,0.64",32,0.00,0.33,"AI Overview, Video, People also ask, Related searches"
mbti稀有人格,Informational,45,50,"0.23,0.11,0.11,0.11,1.00,0.11,0.52,0.11,0.11,0.11,0.11,0.11",22,0.00,0.33,"Video, People also ask, Related searches"
meaning of intj,Informational,40,50,"0.15,0.00,0.46,0.00,1.00,0.23,0.23,0.23,0.38,0.00,0.23,0.38",29,0.37,0.02,"Sitelinks, AI Overview, Reviews, Video, Video carousel, People also ask, Related searches"
mediator personality careers,Commercial,38,50,"0.18,0.18,0.18,1.00,1.00,1.00,0.18,0.18,0.18,0.18,0.18,0.18",34,0.00,0.33,"Sitelinks, AI Overview, Reviews, Video, People also ask, Discussions and forums, Related searches"
mira mbti,Informational,45,50,"0.10,0.17,1.00,0.05,0.05,0.05,0.05,0.05,0.05,0.05,0.05,0.07",17,0.00,0.33,"Sitelinks, Image pack, Video, People also ask, Related searches"
most common 16 personality types,Informational,39,50,"0.18,1.00,0.18,0.63,1.00,0.18,0.00,0.18,0.81,0.00,0.63,0.63",33,0.00,0.33,"Sitelinks, AI Overview, Reviews, Video, People also ask, Discussions and forums, Related searches"
most common disc personality type,Informational,36,50,"0.71,1.00,1.00,0.71,1.00,0.71,0.71,0.71,1.00,0.56,0.71,1.00",14,0.00,0.04,"AI Overview, Reviews, Image pack, Video, People also ask, Discussions and forums, Related searches"
most common mbti personality,Informational,39,50,"0.18,0.18,1.00,0.18,1.00,0.18,0.18,0.18,0.18,1.00,0.18,0.18",30,0.00,0.33,"Featured snippet, Sitelinks, Reviews, Video, People also ask, Related searches"
most common myers briggs personality,Informational,40,50,"0.18,0.18,1.00,0.18,1.00,0.18,0.18,0.18,0.18,1.00,0.18,0.18",25,0.00,0.33,"Sitelinks, AI Overview, Reviews, Video, People also ask"
most compatible with infp,Informational,35,50,"1.00,1.00,1.00,0.71,0.29,0.41,0.41,0.71,0.29,0.29,0.59,0.59",20,0.00,0.33,"Sitelinks, AI Overview, Image pack, Video, People also ask, Related searches"
most emotional mbti,Informational,38,50,"0.71,0.71,1.00,0.71,0.57,0.71,0.71,0.71,0.43,0.43,0.43,0.29",7,0.00,0.33,"Sitelinks, AI Overview, Image pack, Video, Video carousel, People also ask, Related searches"
most unique mbti,Informational,45,50,"0.05,0.05,0.05,0.05,0.05,0.05,0.05,1.00,0.05,0.05,0.05,0.05",27,0.00,0.33,"Sitelinks, AI Overview, Video, Video carousel, People also ask, Related searches"
myer briggs compatibility test,Informational,38,50,"0.00,0.00,0.00,0.00,1.00,1.00,0.81,0.63,0.63,0.63,0.63,0.63",21,0.00,0.01,"AI Overview, Image pack, Video, Related searches"
myer briggs test printable,Informational,36,50,"0.29,0.29,0.29,1.00,1.00,1.00,0.71,0.71,1.00,1.00,1.00,0.29",12,0.91,0.03,"Image pack, Video, Related searches"
myers briggs course,Informational,39,50,"0.62,0.62,0.62,0.45,0.17,0.62,0.62,0.36,0.45,0.17,0.17,1.00",9,2.91,0.25,"Sitelinks, AI Overview, Video, Video carousel, People also ask, Related searches"
myers briggs personality test print,Informational,36,50,"0.82,0.82,0.62,1.00,0.00,0.62,0.00,0.00,0.00,0.44,0.62,0.62",17,0.00,0.02,"Reviews, Video, Related searches"
myers briggs printable test,Informational,39,50,"0.22,0.22,0.22,1.00,0.78,0.44,0.44,0.56,0.44,0.78,0.44,0.22",19,0.91,0.03,"Image pack, Video, Related searches"
myers briggs rare personality types,Informational,58,50,"0.44,0.17,0.17,0.17,1.00,1.00,1.00,0.17,0.17,0.17,0.17,0.17",20,0.00,0.02,"Sitelinks, AI Overview, Image, Image pack, Video, People also ask, Discussions and forums, Related searches"
myers briggs rarest personality types,Informational,58,50,"0.44,0.17,0.17,0.17,1.00,1.00,1.00,0.17,0.17,0.17,0.17,0.17",23,0.00,0.02,"Sitelinks, AI Overview, Image, Image pack, Video, People also ask, Related searches"
myers briggs s and n,Informational,42,50,"1.00,0.76,0.44,0.76,0.76,1.00,0.56,0.32,0.44,0.32,0.44,0.32",19,0.00,0.33,"Sitelinks, AI Overview, Image pack, Video, Video carousel, People also ask, Related searches"
myers briggs test pdf,Informational,52,50,"0.78,0.78,0.78,1.00,0.55,0.78,0.55,0.22,0.22,0.22,0.22,0.22",15,0.00,0.02,"AI Overview, Related searches"
myers briggs test printable,Informational,36,50,"0.18,0.18,0.18,1.00,0.64,0.64,0.36,0.45,0.36,0.64,0.36,0.18",19,0.00,0.03,"AI Overview, Reviews, Image pack, Video, People also ask, Related searches"
myers briggs trainer,Informational,37,50,"0.58,0.58,0.58,0.42,0.17,0.58,0.58,0.33,0.42,0.17,0.17,1.00",10,2.91,0.25,"AI Overview, Video, Video carousel, People also ask"
myers briggs type indicator test pdf,Informational,33,50,"1.00,1.00,1.00,1.00,0.71,0.71,0.71,0.29,0.29,0.29,0.29,0.29",14,0.00,0.02,Related searches
myers briggs type indicator test printable,Informational,38,50,"0.29,0.29,0.29,1.00,1.00,1.00,0.71,0.71,1.00,1.00,1.00,0.29",21,0.91,0.03,"Video, Related searches"
myers brigs intj,"Informational, Commercial",43,50,"0.00,0.00,0.00,0.00,0.00,0.00,1.00,0.00,0.28,0.00,0.81,0.00",28,0.20,0.04,"AI Overview, Reviews, Image, Image pack, Video, People also ask, Related searches, Things to know"
myers-briggs personality test pdf,Informational,52,50,"0.42,0.00,0.00,0.04,0.00,0.00,0.00,0.33,0.42,0.33,0.42,1.00",19,1.05,0.08,"AI Overview, Reviews, People also ask, Related searches"
n enne,Informational,42,50,"0.50,0.50,0.35,0.50,0.64,1.00,0.29,0.00,0.00,0.00,0.00,0.00",21,0.00,0.00,"Image, Video, People also ask, Related searches"
origins of enneagram,Informational,55,50,"0.25,0.42,0.58,0.33,1.00,0.42,0.42,0.33,0.42,0.58,0.42,0.58",26,0.03,0.03,"Sitelinks, AI Overview, Reviews, Image pack, Video, Video carousel, People also ask, Discussions and forums, Related searches"
origins of the enneagram,Informational,54,50,"0.00,0.60,0.40,0.60,0.60,0.40,0.40,0.13,0.33,1.00,0.33,0.33",27,0.03,0.03,"Sitelinks, AI Overview, Reviews, Video, Video carousel, People also ask, Related searches, Ads bottom"
p vs j personality,"Informational, Commercial",30,50,"1.00,1.00,0.09,0.09,0.09,0.09,0.14,0.14,0.09,0.09,0.19,0.09",25,0.00,0.33,"Sitelinks, AI Overview, Image pack, Video, Video carousel, People also ask, Discussions and forums, Related searches"
pbd mbti,"Informational, Navigational",35,50,"1.00,0.00,1.00,0.04,0.00,0.00,0.00,0.04,0.00,0.00,0.00,0.00",30,0.00,0.33,"Sitelinks, People also ask, Related searches"
peacemaker personality,Informational,43,50,"0.11,0.11,0.11,1.00,0.64,0.64,0.64,0.11,0.11,0.11,0.11,0.11",16,0.00,0.03,"Sitelinks, AI Overview, Reviews, Video, People also ask, Discussions and forums, Related searches"
pearl mbti,Informational,45,50,"0.50,0.50,0.50,0.35,0.13,0.13,0.13,0.13,1.00,0.13,0.13,0.78",7,0.00,0.33,"Sitelinks, People also ask, Related searches"
people who are esfp,Informational,38,50,"0.63,0.63,0.45,0.81,1.00,0.18,0.45,0.36,0.36,0.27,0.36,0.27",30,0.00,0.33,"Sitelinks, AI Overview, Image pack, Video, Video carousel, People also ask, Related searches"
people with intp personality,Informational,40,50,"0.18,0.18,0.18,0.18,1.00,1.00,0.36,0.18,1.00,0.18,0.45,0.27",28,0.00,0.33,"Sitelinks, AI Overview, Image, Video, People also ask, Related searches"
personality 3,Informational,55,50,"0.35,1.00,0.44,0.62,0.35,0.26,0.09,0.35,0.26,0.62,0.26,0.35",28,0.00,0.01,"Sitelinks, AI Overview, Reviews, Video, Video carousel, People also ask, Discussions and forums, Related searches, Ads bottom, Ads middle"
personality assessment system,Commercial,38,50,"1.00,1.00,0.17,0.17,1.00,0.17,0.17,0.17,1.00,0.17,0.17,0.17",24,0.00,0.02,"Sitelinks, AI Overview, Reviews, Video, People also ask, Related searches"
personality dtabase,Navigational,43,50,"0.00,0.00,0.00,0.11,0.00,0.29,0.17,0.64,0.29,0.64,0.82,1.00",23,1.36,0.33,"Sitelinks, Image, Related searches"
personality quiz apps,Informational,34,50,"0.63,0.63,0.44,0.63,0.81,1.00,0.44,0.63,0.17,0.17,0.17,0.17",31,0.75,0.20,"AI Overview, Reviews, Video, People also ask, Related searches"
personality test myers briggs printable,Informational,38,50,"1.00,1.00,0.75,1.00,0.00,1.00,0.00,0.00,0.00,0.54,0.75,0.75",20,0.00,0.02,"Reviews, Video, People also ask, Related searches"
personality tier meaning,Informational,38,50,"0.21,0.44,0.21,1.00,0.21,0.21,0.21,0.21,0.21,0.21,0.21,0.21",15,0.00,0.33,"Sitelinks, AI Overview, Video, Video carousel, People also ask, Related searches"
personality type 6,Informational,50,50,"0.00,0.15,0.33,0.21,0.27,0.27,0.15,0.15,0.21,1.00,0.44,0.33",24,0.44,0.05,"Sitelinks, AI Overview, Image pack, Video, Video carousel, People also ask, Related searches"
personality type database,Informational,36,50,"0.83,0.50,0.83,0.83,0.50,1.00,0.83,0.50,0.17,0.17,0.17,0.17",22,0.00,0.33,"Sitelinks, Reviews, Image pack, Video, People also ask, Related searches"
personality type isfj,Informational,42,50,"0.00,0.00,1.00,0.00,0.00,1.00,0.00,0.00,0.00,0.00,0.00,0.00",28,0.14,0.03,"Sitelinks, AI Overview, Video, Short videos, People also ask, Discussions and forums, Related searches, Things to know"
personality type test printable,Informational,37,50,"1.00,1.00,0.64,0.17,0.08,0.08,0.27,0.08,0.36,0.17,0.17,0.17",27,1.61,0.04,Related searches
personality types a b c d test,Informational,45,50,"0.75,0.00,0.00,1.00,1.00,0.75,0.38,0.25,0.00,0.00,0.00,0.00",17,0.49,0.40,"Sitelinks, AI Overview, Reviews, Video, Video carousel, Related searches, Ads top, Ads bottom"
personality types percentage,Informational,52,50,"0.36,0.61,0.61,0.25,1.00,0.43,0.36,0.43,0.43,0.36,0.43,0.61",32,0.00,0.33,"Sitelinks, AI Overview, Reviews, Image pack, Video, People also ask, Related searches"
personality types percentages,Informational,52,50,"0.40,0.28,0.40,0.16,0.40,0.53,0.53,0.28,1.00,0.40,0.53,0.28",25,0.00,0.01,"Sitelinks, AI Overview, Image pack, Video, People also ask, Related searches"
personality types test printable,Informational,33,50,"1.00,0.64,1.00,0.14,0.07,0.07,0.07,0.07,0.35,0.50,0.14,0.21",26,1.61,0.04,"Sitelinks, Image pack, Video, Related searches"
personalitydb,Navigational,43,50,"0.36,0.82,1.00,0.00,0.64,0.00,0.45,0.00,1.00,0.45,0.00,0.00",30,0.00,0.33,"Sitelinks, Reviews, Video, People also ask, Related searches"
personaltiy database,Navigational,33,50,"0.00,0.14,0.25,0.00,0.00,0.00,0.34,0.52,0.00,0.18,1.00,0.41",22,0.73,0.33,"Sitelinks, Video, Related searches"
pewdiepie mbti,Informational,45,50,"0.62,0.82,1.00,0.62,0.44,0.44,0.62,0.18,0.18,0.18,0.18,0.18",21,0.00,0.33,"Sitelinks, AI Overview, Video, People also ask, Related searches"
printable mbti test,Informational,38,50,"0.22,0.22,0.22,0.78,1.00,0.78,0.44,0.56,0.44,0.78,0.44,0.22",21,0.91,0.03,"Reviews, Video, Related searches"
protagonist enfj t celebrities,Informational,44,50,"1.00,0.11,0.41,0.11,0.11,0.11,0.11,0.00,0.11,0.11,0.11,0.11",18,0.00,0.33,"Sitelinks, AI Overview, Video, People also ask, Related searches"
psychology facts personality,Informational,35,50,"1.00,1.00,0.71,1.00,0.71,0.71,1.00,0.28,0.28,0.28,0.28,0.28",17,0.00,0.33,"AI Overview, Video, Video carousel, People also ask, Related searches"
quadrants of personality,Informational,37,50,"0.64,0.17,0.64,0.64,0.64,0.45,0.45,0.00,0.17,1.00,0.17,0.17",7,0.00,0.01,"AI Overview, Reviews, Image pack, Video, People also ask, Related searches"
quiz who am i,Informational,32,50,"0.00,0.00,0.02,0.02,0.00,0.00,1.00,0.00,0.04,0.02,0.02,0.00",31,0.46,0.25,"AI Overview, Reviews, Video, Video carousel, People also ask, Related searches"
quizzes to know yourself better,Commercial,35,50,"0.80,0.52,1.00,0.33,0.00,0.00,0.00,0.00,0.00,0.00,0.00,0.00",34,0.52,0.53,"Sitelinks, Reviews, Video, Related searches"
rare myers briggs types,Informational,45,50,"0.63,0.63,0.63,0.38,0.63,0.63,0.13,0.13,0.13,0.63,0.75,1.00",25,0.00,0.02,"Sitelinks, AI Overview, Image, Video, Video carousel, Short videos, People also ask, Related searches"
rarest 16 personality types,Informational,58,50,"0.63,1.00,0.63,0.00,0.78,0.13,0.28,0.28,0.00,0.35,0.50,0.50",31,0.00,0.33,"Sitelinks, AI Overview, Image, Image pack, Video, People also ask, Related searches"
rarest disc profile,Informational,25,50,"0.14,0.34,0.28,1.00,0.48,0.48,0.14,0.21,0.14,0.14,0.14,0.14",11,0.00,0.33,"Sitelinks, AI Overview, Image pack, Video, People also ask, Discussions and forums, Related searches"
rose mbti,Informational,45,50,"0.57,0.14,1.00,0.00,0.29,0.14,0.29,0.29,0.00,0.00,0.29,0.00",7,0.00,0.33,"Image, Image pack, Video, Video carousel, People also ask, Related searches"
rtype 3,Informational,48,50,"0.00,0.00,0.00,0.00,0.00,0.00,0.00,1.00,0.00,0.00,0.00,0.00",22,0.00,0.10,"Sitelinks, AI Overview, Reviews, Video, Video carousel, People also ask, Related searches, Things to know"
san mbti,Informational,45,50,"0.11,0.11,0.64,0.64,0.11,0.11,0.11,0.11,0.11,0.11,0.11,1.00",13,0.00,0.33,"Sitelinks, AI Overview, Image, Image pack, Video, Video carousel, People also ask, Related searches"
scream mbti,Informational,45,50,"0.12,0.12,0.12,0.12,0.12,1.00,0.12,0.12,0.12,0.12,1.00,0.12",21,0.00,0.33,"Sitelinks, AI Overview, Image pack, Video, People also ask, Related searches"
self preservation enneagram,Informational,52,50,"0.41,0.18,0.18,0.24,0.11,0.11,0.11,0.11,0.24,0.11,1.00,0.65",12,0.00,0.33,"Sitelinks, AI Overview, Video, Video carousel, People also ask, Related searches"
sensors mbti,Informational,45,50,"0.19,0.09,0.14,0.19,0.23,0.23,0.23,0.14,1.00,0.33,0.19,0.42",15,0.00,0.33,"Sitelinks, AI Overview, Image pack, Video, Video carousel, People also ask, Related searches"
sexual 1 enneagram,Informational,51,50,"0.00,1.00,0.00,0.00,0.15,0.07,0.35,0.15,0.00,0.11,0.15,0.26",6,0.76,0.46,"Sitelinks, AI Overview, Reviews, Video, People also ask, Related searches"
sexual 2,Informational,30,50,"0.71,1.00,0.00,0.14,0.43,0.00,0.57,0.29,0.71,1.00,0.00,1.00",11,0.00,0.00,"Sitelinks, Image pack, Video, Video carousel, People also ask, Related searches"
sexual 3 enneagram,Informational,49,50,"0.18,0.43,0.61,0.61,0.00,0.36,0.61,0.82,0.43,0.61,1.00,0.43",0,0.00,0.33,"Sitelinks, AI Overview, Video, Video carousel, Short videos, People also ask, Related searches"
sixteen test,Informational,33,50,"1.00,1.00,1.00,0.18,0.18,0.18,0.18,0.18,0.18,0.18,1.00,0.18",28,0.54,0.05,"Sitelinks, Reviews, Video, People also ask, Related searches"
social 3 enneagram,Informational,51,50,"0.35,0.35,0.28,0.28,0.13,0.28,0.35,0.13,0.78,0.35,1.00,0.78",8,0.00,0.33,"Sitelinks, AI Overview, Video, People also ask, Related searches"
social personality meaning,Informational,33,50,"0.17,0.64,0.64,0.64,0.64,1.00,0.64,0.17,0.17,0.17,0.17,0.17",31,0.00,0.33,"Sitelinks, AI Overview, Video, People also ask, Related searches"
social six,Informational,37,50,"0.63,0.81,0.63,0.44,0.44,0.44,0.44,0.17,0.44,0.17,1.00,0.37",23,0.00,0.01,"Sitelinks, AI Overview, Image pack, Video, Video carousel, People also ask, Related searches"
sp 4 enneagram,Informational,49,50,"0.29,0.11,0.11,0.11,0.17,0.11,0.29,0.52,0.41,0.23,1.00,0.64",12,0.00,0.33,"Sitelinks, AI Overview, Image pack, Video, People also ask, Discussions and forums, Related searches"
spiritual personality test,Informational,44,50,"0.28,0.28,0.56,1.00,0.42,0.70,0.56,0.56,0.70,0.70,0.28,0.56",22,0.83,0.21,"Reviews, Video, Video carousel, People also ask, Related searches"
strengths of isfj,Informational,38,50,"0.17,0.17,0.17,1.00,1.00,1.00,0.17,0.17,1.00,0.17,0.17,0.17",27,0.00,0.33,"Sitelinks, Reviews, Video, Video carousel, Related searches"
sua alnst mbti,Informational,45,50,"1.00,0.11,0.11,0.11,0.11,0.11,0.11,0.11,0.11,0.11,0.11,0.11",23,0.00,0.33,"Sitelinks, Image, Image pack, Video, People also ask, Related searches"
suffix enne,Informational,45,50,"0.05,0.05,1.00,0.05,0.05,0.05,0.05,0.05,0.05,0.00,0.05,0.05",18,0.00,0.33,"AI Overview, Video, People also ask, Related searches"
sx4 typology,Informational,47,50,"0.11,0.11,0.11,0.11,0.11,0.11,0.11,0.17,0.11,1.00,0.64,0.82",2,0.00,0.01,"Sitelinks, AI Overview, Video, Video carousel, People also ask, Related searches"
temperament types test,Informational,39,50,"1.00,1.00,0.71,1.00,0.71,1.00,1.00,0.59,0.29,0.29,0.29,0.29",19,0.56,0.48,"AI Overview, Reviews, Video, People also ask, Related searches"
test commander,Informational,30,50,"0.35,0.78,0.35,0.78,1.00,0.21,0.14,0.64,0.14,0.14,0.14,0.14",1,0.00,0.33,"Sitelinks, Reviews, Image pack, Video, Related searches"
test de las 16 personalidades,Informational,43,50,"1.00,0.74,1.00,1.00,0.52,0.52,0.22,0.22,0.22,0.22,0.22,0.22",31,0.26,0.29,"Reviews, Video, Video carousel, People also ask, Related searches, Ads top"
test infp,Informational,44,50,"0.10,0.00,0.00,0.00,0.06,0.00,0.00,0.00,0.00,1.00,0.00,0.00",24,0.30,0.54,"Sitelinks, Reviews, Video, Video carousel, People also ask, Related searches"
test mbti español,Informational,45,50,"0.00,0.14,0.43,1.00,0.00,0.00,0.23,0.09,0.66,0.52,0.00,0.82",24,0.55,0.29,"Reviews, Image pack, Video, Video carousel, People also ask, Related searches"
the 9 enneagram types,Informational,72,50,"1.00,0.17,0.17,0.17,1.00,0.17,0.17,0.17,1.00,0.17,0.17,0.17",28,0.40,0.21,"AI Overview, Video, Video carousel, People also ask, Related searches"
the consul personality,Informational,33,50,"0.11,0.11,0.11,1.00,1.00,0.11,0.11,0.11,0.11,0.11,0.11,0.11",19,0.00,0.02,"AI Overview, Reviews, Image pack, Video, Video carousel, People also ask, Related searches"
the enneagram books,Informational,59,50,"0.81,0.63,0.81,0.09,0.00,0.00,0.63,0.63,0.00,1.00,1.00,0.09",16,0.48,0.94,"Sitelinks, AI Overview, Video, People also ask, Related searches"
the good place mbti,Informational,30,50,"1.00,1.00,0.79,0.79,0.79,0.55,0.21,0.21,0.21,0.21,0.21,0.45",11,0.00,0.33,"Sitelinks, AI Overview, Reviews, Image, Video, People also ask, Related searches"
the road back to you pdf,Informational,24,50,"1.00,0.17,0.17,0.17,1.00,1.00,0.17,0.17,0.17,0.17,0.17,0.17",9,0.00,0.03,"Knowledge panel, Related searches"
the rookie mbti,Informational,30,50,"1.00,0.17,1.00,0.45,0.17,0.17,0.17,0.17,0.17,0.17,0.17,0.17",12,0.00,0.33,"Sitelinks, Video, People also ask, Related searches"
the wisdom of the enneagram test,Informational,60,50,"0.82,0.64,0.64,0.45,0.45,0.45,0.18,0.18,1.00,0.18,0.18,0.18",14,1.10,0.50,"Sitelinks, AI Overview, Reviews, Video, People also ask, Related searches"
tipos de personalidades 4,Informational,49,50,"1.00,0.27,0.56,1.00,1.00,1.00,1.00,0.71,1.00,0.71,0.56,0.71",9,0.00,0.01,"AI Overview, Image, Video, Video carousel, Short videos, People also ask, Related searches"
top enneagram books,"Informational, Commercial",55,50,"0.35,0.35,1.00,0.79,0.35,0.21,0.14,0.21,0.14,0.14,0.14,0.14",0,0.00,0.67,"Sitelinks, AI Overview, Video, People also ask, Related searches"
traits of harry potter,Informational,48,50,"0.49,0.49,0.28,0.36,0.36,0.49,1.00,0.28,0.13,0.06,0.21,0.28",21,0.00,0.33,"Sitelinks, AI Overview, Image pack, Video, Video carousel, People also ask, Related searches"
triad enneagram,Informational,62,50,"0.12,0.06,0.09,0.06,0.09,0.00,0.06,0.00,0.09,0.21,1.00,0.43",0,0.00,0.33,"Sitelinks, AI Overview, Video, People also ask, Related searches"
type 6 wing 5,Informational,48,50,"0.45,0.62,0.62,0.62,0.45,0.62,0.62,0.62,0.62,0.17,0.17,1.00",24,0.00,0.33,"Sitelinks, AI Overview, Image pack, Video, People also ask, Discussions and forums, Related searches, Things to know"
type 8 enneagram celebrities,Informational,54,50,"0.45,0.36,0.36,1.00,0.62,0.26,0.45,0.26,0.45,0.26,0.17,0.36",13,0.00,0.33,"Sitelinks, AI Overview, Image pack, Video, People also ask, Related searches"
type 8 ennegram,Informational,60,50,"0.20,0.07,0.27,0.33,0.27,0.47,0.67,0.27,0.33,0.00,1.00,0.47",19,0.41,0.03,"Sitelinks, AI Overview, Reviews, Image pack, Video, People also ask, Related searches"
type 9 enneagram celebrities,Informational,55,50,"0.64,0.18,0.27,1.00,0.64,0.45,0.45,0.36,0.64,0.27,0.36,0.18",16,0.00,0.33,"Sitelinks, AI Overview, Image, Video, People also ask, Related searches"
type c personality type,Informational,37,50,"0.23,0.14,1.00,0.23,0.19,0.00,0.00,0.09,0.19,0.09,0.33,0.80",31,0.23,0.01,"Sitelinks, AI Overview, Reviews, Image pack, Video, Video carousel, People also ask, Related searches"
type j personality,Informational,43,50,"1.00,0.21,1.00,0.00,0.00,0.78,0.21,0.50,0.00,0.07,1.00,0.07",23,0.92,0.01,"Sitelinks, AI Overview, Image, Image pack, Video, Video carousel, People also ask, Discussions and forums, Related searches"
type4me,Informational,61,50,"0.05,0.05,0.05,0.05,0.05,0.05,0.05,0.05,0.05,0.05,1.00,0.28",3,2.08,0.04,"Reviews, Video, Related searches"
types of infj,Informational,59,50,"0.60,0.33,0.13,0.13,0.33,0.33,1.00,0.13,0.13,0.40,1.00,0.13",19,0.00,0.01,"Sitelinks, AI Overview, Video, People also ask, Related searches, Ads bottom"
unhealthy enneagram 6,Informational,56,50,"0.70,0.58,0.70,1.00,0.58,0.70,0.70,0.27,1.00,1.00,0.58,0.70",12,0.00,0.01,"Sitelinks, AI Overview, Video, Video carousel, People also ask, Discussions and forums, Related searches"
unhealthy enneagram 7,Informational,59,50,"1.00,0.36,0.64,0.45,0.64,0.64,0.64,0.36,0.17,0.27,0.64,0.45",14,0.00,0.01,"Sitelinks, AI Overview, Video, Video carousel, People also ask, Discussions and forums, Related searches"
unhealthy estj,Informational,36,50,"0.71,0.57,1.00,0.71,0.57,0.71,1.00,0.43,0.71,0.43,0.57,0.71",14,0.00,0.33,"Sitelinks, AI Overview, Image pack, Video, Video carousel, People also ask, Related searches"
vernon mbti,Informational,45,50,"0.41,0.53,0.41,0.11,0.11,0.11,0.11,0.11,1.00,0.11,0.11,0.11",12,0.00,0.33,"Sitelinks, AI Overview, Image pack, Video, People also ask, Related searches"
what are intjs like,Informational,37,50,"1.00,0.29,0.57,1.00,1.00,0.29,0.29,0.29,0.29,0.29,0.29,0.29",27,0.00,0.02,"Sitelinks, AI Overview, Image pack, Video, Video carousel, People also ask, Related searches"
what does enfp,Informational,47,50,"0.17,0.17,1.00,0.45,0.64,0.64,0.64,0.17,0.17,0.17,0.17,0.17",24,0.00,0.33,"Sitelinks, AI Overview, Reviews, Video, People also ask, Related searches"
what does enfp-t stand for,Informational,48,50,"0.08,0.00,0.00,0.00,0.00,0.64,0.00,0.64,1.00,0.81,0.81,1.00",26,0.00,0.01,"Sitelinks, AI Overview, Video, Video carousel, People also ask, Related searches"
what does infp t stand for,Informational,34,50,"0.81,0.62,0.81,1.00,1.00,0.26,1.00,0.17,0.00,0.07,0.07,0.17",32,0.00,0.01,"Sitelinks, AI Overview, Reviews, Video, Video carousel, People also ask, Related searches"
what does mbti stand for in texting,Informational,38,50,"1.00,0.64,0.64,0.64,0.45,0.45,0.45,0.27,0.27,0.27,0.18,0.18",11,0.00,0.33,"Sitelinks, AI Overview, Video, People also ask, Related searches"
what is enfp in dating,Informational,39,50,"0.64,1.00,0.64,0.11,0.11,0.17,0.11,0.11,0.11,0.11,0.11,0.11",12,0.00,0.33,"Sitelinks, AI Overview, Video, Video carousel, People also ask, Related searches"
what it's like to be a 3 enneagram,Informational,63,50,"1.00,1.00,0.18,0.45,0.45,0.45,0.00,0.27,0.18,0.18,0.18,0.18",20,0.00,0.33,"Featured snippet, Sitelinks, Video, Video carousel, People also ask, Discussions and forums, Related searches"
what your type says about you,Informational,36,50,"1.00,1.00,0.71,0.71,1.00,0.56,0.56,1.00,1.00,0.71,0.56,0.41",13,0.00,0.33,"Sitelinks, AI Overview, Video, Video carousel, People also ask, Discussions and forums, Related searches"
whats enfp-t,Informational,48,50,"0.00,0.00,0.00,0.00,0.00,0.03,0.00,0.18,1.00,0.00,0.00,0.00",27,0.00,0.00,"Sitelinks, AI Overview, Reviews, Video, Video carousel, People also ask, Related searches"
which chakra is blocked quiz,Informational,30,50,"0.56,0.78,0.78,1.00,0.56,0.56,0.56,0.44,0.56,0.22,0.78,0.78",22,0.06,0.17,"Sitelinks, Reviews, Video, People also ask, Related searches"
which enneagram is the rarest,Informational,53,50,"0.11,0.11,0.11,1.00,0.11,0.23,0.11,0.11,0.53,0.11,0.11,0.11",7,0.00,0.33,"Sitelinks, AI Overview, Image pack, Video, People also ask, Related searches"
which mbti is most likely to be adhd,Informational,43,50,"0.00,0.00,0.82,0.23,1.00,0.11,1.00,0.23,0.11,0.11,0.11,0.11",26,0.00,0.33,"Sitelinks, AI Overview, Video, People also ask, Related searches"
wing 2,Commercial,38,50,"0.00,0.11,0.35,0.11,0.18,0.00,0.26,0.53,0.00,1.00,0.00,0.00",6,0.00,0.04,"Reviews, Image pack, Video, Related searches, Popular products"
winter mbti,Informational,45,50,"1.00,0.27,0.27,0.27,0.27,0.27,0.27,0.27,0.27,0.27,0.27,0.27",10,0.00,0.33,"Sitelinks, AI Overview, Image, Image pack, Video, People also ask, Related searches"
your personality type is logician intp t,Informational,43,50,"1.00,0.11,0.11,0.11,0.11,1.00,0.11,0.11,0.11,0.11,0.11,0.11",33,0.00,0.33,"Sitelinks, AI Overview, Reviews, Video, Video carousel, People also ask"
تایپ intj,Informational,32,50,"0.21,0.50,1.00,0.78,0.50,0.50,0.35,0.28,0.13,0.13,0.13,0.13",11,0.00,0.33,"Sitelinks, AI Overview, Reviews, Image pack, Video, Video carousel, Knowledge panel, Related searches"
تایپ intp,Informational,30,50,"1.00,0.82,1.00,1.00,0.43,0.43,0.43,0.25,0.18,0.18,0.07,0.07",0,0.00,0.00,"Sitelinks, AI Overview, Reviews, Image pack, Video, Video carousel, Related searches"
تایپ شخصیت چیست,Informational,32,50,"0.78,0.55,1.00,1.00,1.00,0.55,0.44,0.33,0.22,0.22,0.00,0.00",2,0.00,0.00,"Sitelinks, AI Overview, Reviews, Image pack, Video, Related searches"
主人公人格,Informational,31,50,"1.00,1.00,0.63,0.81,0.44,0.37,0.17,0.17,0.08,0.17,0.08,0.08",29,0.00,0.33,"AI Overview, Video, People also ask, Related searches"
小蝴蝶 mbti,Informational,45,50,"0.06,0.00,0.00,0.00,0.06,0.64,0.64,1.00,0.00,0.35,0.64,0.64",15,0.00,0.33,"Sitelinks, AI Overview, Video, People also ask, Related searches"
指揮官 mbti,Informational,29,50,"0.00,0.64,0.00,0.00,0.00,1.00,0.81,0.64,0.64,0.81,0.64,0.64",24,0.00,0.33,"AI Overview, Video, Video carousel, People also ask, Related searches"
管理 者 mbti,Informational,45,50,"0.41,0.41,0.11,1.00,0.23,0.11,0.11,0.11,0.11,0.11,0.11,0.11",33,0.00,0.33,"AI Overview, Image pack, Video, People also ask, Related searches"
성향테스트,Informational,28,50,"0.00,0.64,0.00,0.00,0.00,0.49,0.49,0.64,0.49,1.00,0.79,0.49",26,0.00,0.02,"Video, People also ask, Related searches"
1 ennegram,Informational,65,40,"0.00,0.00,0.00,0.00,0.00,0.00,0.00,0.00,1.00,0.00,0.00,0.00",25,0.43,0.03,"AI Overview, Reviews, Video, People also ask, Knowledge panel, Related searches"
16 personalities career test,Commercial,39,40,"0.11,0.11,0.11,0.11,0.11,0.11,0.11,0.11,0.82,1.00,0.11,0.11",31,0.45,0.37,"Sitelinks, Reviews, Video, Related searches, Ads middle"
16pf test online,Commercial,30,40,"0.17,0.27,0.27,0.45,1.00,0.81,0.64,0.45,0.17,0.17,0.17,0.08",27,0.87,0.25,"Reviews, Video, People also ask, Related searches"
1w2 personality,Informational,46,40,"0.17,0.17,0.17,0.17,1.00,1.00,0.17,0.17,0.17,0.17,0.17,0.17",16,0.00,0.02,"Sitelinks, AI Overview, Reviews, Video, Video carousel, People also ask, Related searches"
2 http www humanmetrics com cgi win jtypes2 asp,"Informational, Transactional",45,40,"0.27,0.27,0.27,0.42,0.70,0.70,0.70,0.27,0.58,1.00,0.70,1.00",26,1.32,0.37,"Sitelinks, Reviews, People also ask, Related searches"
2w 5w 6 4w,Informational,56,40,"0.27,0.00,0.18,0.18,1.00,0.18,1.00,0.27,1.00,0.00,0.00,0.00",16,0.00,0.33,"Sitelinks, AI Overview, Video, People also ask, Related searches"
2w3p,Informational,48,40,"0.11,0.11,0.11,1.00,0.11,0.52,0.11,0.11,0.11,0.11,0.11,0.11",3,0.00,0.33,"Sitelinks, AI Overview, Image, Image pack, Video, Related searches"
2w9,Informational,61,40,"0.11,0.11,0.11,0.11,0.11,0.11,0.11,0.11,1.00,0.11,0.64,0.11",24,0.00,0.33,"Sitelinks, AI Overview, Reviews, Video, People also ask, Related searches"
3w4 characters,Informational,46,40,"0.18,0.18,0.18,0.45,0.36,0.27,0.18,0.18,0.63,0.27,1.00,0.27",8,0.00,0.33,"Sitelinks, Image, Image pack, Video, People also ask, Related searches"
4 types of,Informational,35,40,"1.00,0.44,0.56,0.56,0.78,0.22,0.22,0.56,0.44,0.22,0.22,0.22",30,0.00,0.33,"Sitelinks, AI Overview, Reviews, Image pack, Video, Video carousel, People also ask, Related searches"
4w3 mbti,Informational,50,40,"1.00,1.00,1.00,0.18,0.18,0.18,0.18,0.18,0.18,0.18,0.18,0.18",5,0.00,0.33,"Sitelinks, AI Overview, Image pack, Video, People also ask, Related searches"
4號人格,Informational,49,40,"0.18,0.36,0.18,0.18,0.63,0.18,1.00,0.81,0.18,0.00,0.18,0.18",13,0.00,0.33,"AI Overview, Video, People also ask, Related searches"
5 personalities test,Informational,39,40,"0.33,0.44,0.56,0.78,0.78,0.33,1.00,0.33,0.00,0.11,0.11,0.11",30,0.86,0.37,"AI Overview, Reviews, Image pack, Video, People also ask, Related searches"
5 w 6,Informational,56,40,"0.00,0.00,0.00,0.00,1.00,1.00,0.00,0.00,0.00,0.00,0.00,0.00",20,0.00,0.01,"Sitelinks, AI Overview, Image, Image pack, Video, Video carousel, People also ask, Related searches"
5w6 meaning,Informational,56,40,"0.09,0.09,0.09,0.30,0.09,0.22,0.09,0.09,0.09,1.00,0.09,0.09",20,0.00,0.33,"Sitelinks, AI Overview, Video, Video carousel, People also ask, Related searches"
6 on the enneagram,Informational,65,40,"0.13,0.13,0.13,1.00,0.79,0.13,0.13,0.13,0.13,0.13,0.13,0.13",18,0.07,0.07,"Sitelinks, AI Overview, Image pack, Video, People also ask, Related searches"
7 enneagram type,Informational,62,40,"0.18,0.18,0.18,0.18,0.18,0.18,1.00,0.18,0.18,0.18,1.00,0.18",16,0.41,0.08,"AI Overview, Video, Video carousel, People also ask, Related searches"
7 male personality types test,Informational,42,40,"1.00,0.70,0.70,1.00,0.58,0.70,0.58,0.27,0.42,0.27,0.27,0.27",33,0.52,0.34,"AI Overview, Image pack, Video, People also ask, Related searches"
7 w 8,Informational,50,40,"0.00,0.00,0.00,0.00,1.00,1.00,0.00,0.00,0.00,0.00,0.00,0.00",15,0.00,0.33,"Sitelinks, AI Overview, Video, People also ask, Related searches"
7w8 characters,"Informational, Transactional",61,40,"0.27,0.27,0.41,0.27,0.27,0.41,0.27,0.71,1.00,0.27,0.41,0.27",8,0.00,0.33,"Sitelinks, Image pack, Video, People also ask, Related searches"
8 on enneagram,Informational,58,40,"0.00,0.00,0.00,0.00,0.00,0.00,0.00,0.00,0.00,1.00,0.00,0.00",14,0.39,0.07,"AI Overview, Reviews, Image pack, Video, Video carousel, People also ask, Related searches"
8 personality,Informational,48,40,"1.00,0.83,1.00,0.61,0.83,0.61,0.39,0.39,0.61,0.61,0.83,0.17",22,0.40,0.09,"AI Overview, Image pack, Video, Video carousel, People also ask, Related searches"
8w7 characters,Informational,42,40,"0.27,0.71,0.27,1.00,0.71,0.71,1.00,0.27,0.27,0.41,0.41,0.56",6,0.00,0.33,"Sitelinks, Image pack, Video, People also ask, Related searches"
9 enneagram meaning,Informational,61,40,"0.18,0.18,0.18,0.18,0.18,1.00,0.18,0.18,1.00,0.18,0.18,0.18",23,0.13,0.08,"Sitelinks, AI Overview, Video, Video carousel, People also ask, Discussions and forums, Related searches"
9 enneagram types descriptions,Informational,61,40,"0.00,0.35,0.35,0.64,0.07,0.21,0.14,0.07,1.00,0.35,0.35,0.07",31,0.31,0.07,"Sitelinks, AI Overview, Image pack, Video, Related searches"
9 w 8,Informational,46,40,"0.18,0.18,0.18,0.18,1.00,1.00,0.18,0.18,0.18,0.18,0.18,0.18",21,0.00,0.33,"Sitelinks, AI Overview, Video, Video carousel, People also ask, Related searches"
9 w8,Informational,46,40,"0.00,0.00,0.00,0.00,1.00,1.00,0.00,0.00,0.00,0.00,0.00,0.00",23,0.00,0.33,"Sitelinks, AI Overview, Image, Image pack, Video, Video carousel, People also ask, Discussions and forums, Related searches"
9w8 description,Informational,41,40,"1.00,0.14,0.14,0.14,0.14,0.14,0.14,0.14,0.14,0.14,0.14,0.14",21,0.00,0.33,"Sitelinks, AI Overview, Image pack, Video, Video carousel, People also ask, Related searches"
9w8c4,Informational,46,40,"1.00,1.00,0.80,0.40,1.00,1.00,0.40,0.40,1.00,0.40,0.40,0.40",0,6.38,1.00,"Sitelinks, Image, Image pack, Related searches"
actually i was the real one mbti,Informational,33,40,"0.61,0.61,0.36,0.18,0.18,1.00,0.18,0.18,0.18,0.18,0.18,0.18",21,0.00,0.33,"AI Overview, Image pack, Video, People also ask, Related searches"
all enneagrams,Informational,68,40,"1.00,0.17,1.00,0.17,0.17,0.17,0.17,0.17,1.00,1.00,0.36,1.00",31,0.00,0.01,"Sitelinks, Image pack, Video, Video carousel, Short videos, People also ask, Related searches"
analytical driver amiable expressive test,Informational,31,40,"0.44,0.11,0.22,0.44,0.33,0.44,1.00,0.33,0.55,0.55,0.77,0.77",14,1.07,0.18,"AI Overview, Video, People also ask, Related searches, Ads bottom"
are 2 and 9 compatibility,Informational,57,40,"1.00,0.48,0.48,0.48,0.48,0.48,0.48,0.48,0.48,0.48,0.48,0.48",10,0.00,0.33,"Sitelinks, AI Overview, Video, People also ask, Discussions and forums, Related searches"
are intj rare,Informational,37,40,"0.27,0.27,0.27,1.00,1.00,0.27,0.17,0.08,0.36,0.36,0.27,0.45",29,0.00,0.00,"Sitelinks, AI Overview, Video, People also ask, Discussions and forums, Related searches"
best career for infp,Commercial,33,40,"0.00,0.00,0.03,0.03,0.02,0.00,0.00,0.00,0.00,1.00,0.00,0.00",25,0.52,0.02,"Sitelinks, AI Overview, Video, People also ask, Related searches"
best careers for esfj,Commercial,34,40,"0.18,1.00,0.18,1.00,0.27,0.18,0.18,0.18,0.18,0.18,0.18,0.18",23,0.00,0.01,"Sitelinks, AI Overview, Video, People also ask, Discussions and forums, Related searches"
best careers for esfp,Commercial,33,40,"1.00,0.18,0.18,0.18,1.00,0.18,0.18,0.18,0.18,0.18,0.18,0.18",20,0.00,0.01,"Sitelinks, AI Overview, Video, People also ask, Discussions and forums, Related searches"
best jobs for disc high d and i,Commercial,31,40,"1.00,0.70,0.70,1.00,1.00,0.28,0.28,0.28,0.28,0.28,0.70,0.56",12,4.55,0.06,"Sitelinks, AI Overview, Video, People also ask, Discussions and forums, Related searches"
best jobs for enfp personality type,Commercial,44,40,"0.00,0.00,0.05,0.02,0.00,0.00,0.00,0.00,0.00,0.02,1.00,0.02",23,0.40,0.02,"Sitelinks, AI Overview, Video, People also ask, Related searches"
best jobs for esfp,Commercial,35,40,"1.00,0.17,0.17,0.17,1.00,0.17,0.17,0.17,0.17,0.17,0.17,0.17",20,0.00,0.01,"Sitelinks, AI Overview, Video, People also ask, Related searches"
best jobs for intjs,Commercial,28,40,"0.00,0.00,0.55,0.44,0.55,0.55,0.44,0.44,0.00,0.78,1.00,0.78",25,0.43,0.02,"Sitelinks, AI Overview, Video, People also ask, Related searches"
best mbti types,"Informational, Commercial",45,40,"0.00,0.00,0.06,0.00,0.03,0.00,0.03,0.00,0.28,1.00,0.06,0.00",24,1.03,0.01,"Sitelinks, AI Overview, Image pack, Video, Video carousel, People also ask, Related searches"
bet mbti,Informational,45,40,"0.41,0.11,0.11,1.00,0.11,0.11,0.23,0.11,0.11,0.11,0.11,0.00",18,0.00,0.33,"Reviews, Video, People also ask, Related searches"
bg3 mbti,Informational,31,40,"0.62,0.45,1.00,0.45,0.17,0.17,0.17,0.45,0.36,0.17,0.17,0.17",17,0.00,0.33,"Sitelinks, AI Overview, Image, Image pack, Video, Related searches"
boo mbti,"Informational, Transactional",45,40,"0.17,1.00,1.00,0.17,0.17,0.17,0.17,0.17,0.17,0.17,0.17,0.17",9,0.00,0.33,"Sitelinks, Image, Image pack, Video, Video carousel, People also ask, Related searches"
book personality types,Informational,41,40,"0.57,0.57,0.71,0.71,0.57,0.57,0.71,1.00,0.28,0.00,0.14,0.14",13,0.45,0.90,"Sitelinks, AI Overview, Image pack, Video, Video carousel, People also ask, Related searches, Popular products"
brene brown enneagram,Informational,52,40,"1.00,1.00,1.00,0.58,0.83,0.83,1.00,0.83,0.83,0.42,0.58,0.42",5,0.00,0.33,"Sitelinks, AI Overview, Image, Video, Video carousel, People also ask, Related searches"
bridge personality test,Informational,34,40,"0.17,0.17,0.17,0.17,1.00,1.00,0.17,0.17,0.17,0.17,0.17,0.17",5,2.30,0.11,"AI Overview, Image pack, Video, People also ask, Related searches"
briggs myers test pdf,Informational,33,40,"1.00,1.00,1.00,0.71,0.71,0.71,0.71,0.29,0.29,0.29,0.29,0.29",20,0.00,0.01,"AI Overview, Reviews, People also ask, Related searches"
brooklyn 99 enneagram,Informational,54,40,"1.00,0.17,0.17,0.17,0.17,0.17,0.17,0.17,0.17,0.17,0.17,0.17",15,0.00,0.33,"Sitelinks, Image, Video, Related searches"
c mbti,Informational,45,40,"0.36,0.81,1.00,1.00,0.18,0.81,0.00,0.00,0.18,0.18,0.18,0.00",28,0.00,0.00,"AI Overview, Reviews, Video, Video carousel, People also ask, Related searches"
career campaigner,Commercial,29,40,"1.00,0.18,0.18,1.00,1.00,0.18,0.18,0.18,0.18,0.18,0.18,0.18",9,0.00,0.33,"Video, People also ask, Related searches"
career for mediator personality,Commercial,31,40,"0.17,0.17,0.17,1.00,1.00,0.17,0.17,0.17,0.17,0.17,0.17,0.17",33,0.00,0.33,"Sitelinks, AI Overview, Reviews, Video, Video carousel, People also ask, Related searches"
career personality types,"Informational, Commercial",36,40,"0.71,0.71,0.57,1.00,1.00,0.57,0.43,0.57,0.14,0.57,0.29,0.29",33,0.96,0.15,"AI Overview, Reviews, Image pack, Video, People also ask, Discussions and forums, Related searches"
careers for campaigners,Commercial,27,40,"1.00,0.18,0.18,1.00,1.00,0.18,0.18,0.18,0.18,0.18,0.18,0.18",26,0.00,0.33,"Sitelinks, AI Overview, Reviews, Video, People also ask, Jobs, Discussions and forums, Related searches"
careers for enfp a,"Informational, Commercial",44,40,"0.14,0.50,0.14,0.14,1.00,0.64,0.14,0.00,0.14,0.14,0.14,0.00",16,0.00,0.01,"Sitelinks, AI Overview, Video, Video carousel, People also ask, Discussions and forums, Related searches"
careers for entp personality types,Commercial,40,40,"0.14,0.14,1.00,0.35,0.35,0.35,0.14,0.14,0.14,0.14,0.14,0.14",21,0.00,0.02,"Sitelinks, AI Overview, Video, People also ask, Related searches"
careers for estj,Commercial,35,40,"0.00,1.00,0.09,0.19,0.00,0.04,0.52,0.00,0.00,0.00,0.19,0.00",20,1.16,0.01,"Sitelinks, AI Overview, Video, People also ask, Related searches"
celebrities with esfp personality,Informational,36,40,"0.18,0.18,0.18,0.45,1.00,0.27,0.27,0.18,0.36,0.45,0.18,0.18",19,0.00,0.33,"AI Overview, Reviews, Image, Image pack, Video, People also ask, Related searches"
chakra alignment test,Informational,33,40,"1.00,0.71,1.00,0.71,0.29,0.29,0.29,0.29,0.29,0.29,0.29,0.29",19,0.36,0.16,"Sitelinks, Video, People also ask, Related searches"
character personality type,Informational,40,40,"0.27,0.07,0.27,0.20,0.27,0.27,0.07,0.33,0.13,0.07,1.00,0.80",27,0.35,0.33,"Image pack, Video, People also ask, Related searches"
characters mbti types,Informational,38,40,"0.44,0.44,0.44,0.17,0.44,0.00,0.00,0.44,1.00,0.17,0.17,0.17",34,0.00,0.33,"Sitelinks, Image pack, Video, People also ask, Related searches"
consul esfj,Informational,36,40,"1.00,0.17,0.17,0.17,1.00,0.17,0.17,0.17,0.17,0.17,0.17,0.17",30,0.00,0.01,"Image, Image pack, Video, Video carousel, People also ask, Related searches"
consul esfj a,Informational,37,40,"1.00,0.18,0.18,0.18,1.00,0.18,0.18,0.18,0.18,0.18,0.18,0.18",32,0.00,0.01,"AI Overview, Reviews, Video, Video carousel, People also ask, Related searches"
consul personality careers,Commercial,34,40,"0.18,0.18,0.18,1.00,1.00,0.18,0.18,0.18,0.18,0.18,0.18,0.18",25,0.00,0.33,"AI Overview, Video, People also ask, Related searches"
core fear,Informational,56,40,"0.00,0.33,0.44,0.56,0.56,0.33,0.10,0.33,0.33,1.00,0.56,0.56",14,0.00,0.01,"Sitelinks, AI Overview, Image, Video, People also ask, Related searches"
csm mbti,Informational,45,40,"0.18,0.18,0.18,0.18,0.18,1.00,1.00,0.18,0.18,0.18,0.18,0.18",21,0.00,0.33,"Sitelinks, Image, Image pack, Video, Related searches"
d on disc profile,Informational,33,40,"1.00,1.00,1.00,0.71,1.00,0.29,0.29,0.29,0.29,0.29,0.29,0.29",15,0.39,0.12,"AI Overview, Video, Video carousel, People also ask, Related searches"
dan siegel enneagram,Informational,45,40,"0.71,0.71,0.71,0.43,0.57,1.00,0.43,0.43,0.57,0.71,0.57,0.43",11,0.00,0.11,"Sitelinks, AI Overview, Video, Video carousel, People also ask, Knowledge panel, Related searches"
defender personality careers,"Informational, Commercial",35,40,"0.18,0.18,0.18,1.00,1.00,0.18,0.18,0.18,0.18,0.18,0.18,0.18",30,0.00,0.33,"Sitelinks, AI Overview, Video, People also ask, Discussions and forums, Related searches"
di personality disc,Informational,38,40,"0.71,0.29,0.57,0.71,0.57,0.43,0.71,0.43,0.71,1.00,0.29,0.71",21,0.48,0.17,"Sitelinks, AI Overview, Image pack, Video, Video carousel, People also ask, Related searches"
disc d personality type careers,Commercial,35,40,"0.57,0.57,0.71,1.00,1.00,1.00,0.42,0.28,0.28,0.42,0.28,0.42",8,0.00,0.02,"AI Overview, Video, People also ask, Discussions and forums, Related searches"
disc personality c type,Informational,36,40,"0.18,0.18,0.36,0.45,0.27,0.09,0.09,0.09,1.00,0.18,0.27,0.18",19,0.52,0.11,"AI Overview, Image, Image pack, Video, People also ask, Related searches"
disc personality types careers,Commercial,36,40,"1.00,1.00,1.00,1.00,1.00,1.00,1.00,1.00,1.00,1.00,1.00,1.00",9,0.00,0.08,"AI Overview, Video, Video carousel, People also ask, Related searches"
disc profil typer,Informational,30,40,"0.82,1.00,0.11,0.11,0.05,0.11,0.00,0.11,0.23,0.17,0.23,0.17",18,0.00,0.33,"Sitelinks, AI Overview, Reviews, Image pack, Video, Video carousel, People also ask, Related searches"
disc type s,Informational,33,40,"0.70,0.58,0.70,0.70,0.58,0.58,1.00,0.12,0.27,0.27,0.27,0.42",26,0.23,0.08,"AI Overview, Video, Video carousel, People also ask, Related searches"
distribution of personality types,Informational,41,40,"0.71,1.00,0.71,0.27,0.27,0.27,0.27,0.27,0.27,0.27,0.27,0.27",27,0.00,0.03,"Sitelinks, AI Overview, Image pack, Video, People also ask, Related searches"
dk mbti,Informational,45,40,"0.45,0.62,0.17,0.17,0.17,0.17,0.17,0.17,1.00,0.17,0.17,0.17",9,0.00,0.33,"Sitelinks, AI Overview, Image pack, Video, People also ask, Related searches"
e7 subtypes,Informational,47,40,"0.18,0.36,1.00,0.64,0.18,0.18,0.18,0.18,0.18,0.27,0.27,0.36",12,0.00,0.33,"Sitelinks, AI Overview, Video, Video carousel, Related searches"
eanneagram 1,Informational,69,40,"0.00,0.00,0.00,0.00,0.00,0.00,0.00,1.00,0.00,0.00,0.00,0.00",23,0.38,0.03,"Sitelinks, AI Overview, Reviews, Image pack, Video, People also ask, Related searches, Things to know"
eanneagram 8,Informational,61,40,"1.00,0.00,0.00,0.00,0.00,0.00,0.00,0.00,0.00,0.00,0.00,0.00",20,0.39,0.07,"AI Overview, Reviews, Image pack, Video, Video carousel, People also ask, Related searches, Things to know"
eclectic energies chakra test,Navigational,35,40,"1.00,0.67,0.67,0.33,0.33,0.00,0.00,0.00,0.00,0.00,0.00,0.00",20,0.00,0.33,"Sitelinks, Reviews, Video, Related searches"
eclecticenergies chakra test,"Navigational, Transactional",35,40,"1.00,1.00,0.57,0.71,0.57,0.29,0.29,0.29,0.29,0.29,0.29,0.29",27,0.00,0.33,"Sitelinks, AI Overview, People also ask, Discussions and forums, Related searches"
eclecticenergies chakras chakra test,"Navigational, Transactional",35,40,"1.00,1.00,0.57,0.71,0.57,0.29,0.29,0.29,0.29,0.29,0.29,0.29",22,0.00,0.33,"Video, Related searches"
ekko mbti,Informational,45,40,"0.44,0.35,0.44,0.44,0.44,0.44,0.44,0.18,0.26,0.35,0.18,1.00",6,0.00,0.33,"Sitelinks, AI Overview, Image pack, Video, People also ask, Related searches"
eleven mbti,Informational,45,40,"0.14,0.14,0.14,0.14,0.14,0.14,0.50,1.00,0.79,0.14,0.14,0.14",6,0.00,0.33,"AI Overview, Image, Image pack, Video, People also ask, Related searches"
ena mbti,"Informational, Navigational",45,40,"1.00,0.18,0.18,0.18,0.18,0.18,0.18,0.18,0.18,0.18,0.18,1.00",7,0.00,0.33,"Video, People also ask, Related searches"
eneagram type 1,"Informational, Commercial",69,40,"0.03,0.00,0.03,0.03,0.10,0.05,0.03,0.03,0.00,1.00,0.00,0.00",26,0.39,0.05,"AI Overview, Reviews, Image pack, Video, Video carousel, People also ask, Related searches, Things to know"
eneagram type 2,Informational,65,40,"0.00,0.00,0.11,0.00,0.00,0.00,0.00,0.00,0.00,1.00,0.00,0.00",31,0.43,0.03,"Sitelinks, Reviews, Image pack, Video, Video carousel, People also ask, Related searches"
eneagram type 7,Informational,62,40,"0.00,0.00,0.00,0.00,0.02,0.02,1.00,0.00,0.00,0.00,0.00,0.00",18,0.38,0.04,"AI Overview, Image pack, Video, Video carousel, People also ask, Related searches"
eneagrama 4,Informational,50,40,"1.00,1.00,0.55,0.77,0.33,0.22,0.22,0.22,0.22,0.22,0.22,0.22",9,1.02,0.06,"AI Overview, Reviews, Video, Video carousel, People also ask, Related searches"
eneagrama 5,Informational,48,40,"1.00,1.00,0.29,0.29,0.29,0.29,0.29,0.29,0.29,0.29,0.29,0.29",7,0.00,0.02,"AI Overview, Image pack, Video, Video carousel, People also ask, Related searches"
eneagrama 7,Informational,48,40,"1.00,1.00,0.18,0.18,0.18,0.18,0.18,0.18,0.18,0.18,0.18,0.18",5,0.00,0.08,"AI Overview, Image pack, Video, Video carousel, People also ask"
eneagramas,Informational,48,40,"0.08,0.42,0.17,0.50,1.00,0.00,0.08,0.42,0.75,0.08,0.33,0.75",17,0.81,0.29,"AI Overview, Reviews, Image pack, Video, Video carousel, People also ask, Related searches"
eneatipo 6,Informational,62,40,"1.00,1.00,0.17,0.17,0.17,0.17,0.17,0.17,0.17,0.17,0.17,0.17",0,0.00,0.33,"AI Overview, Reviews, Image pack, Video, Video carousel, Short videos, People also ask, Related searches"
eneeagram 2,Informational,65,40,"0.00,0.00,0.00,0.00,0.00,0.00,0.00,1.00,0.00,0.00,0.00,0.00",26,0.68,0.02,"Sitelinks, AI Overview, Reviews, Image pack, Video, People also ask, Related searches, Things to know"
enenagram 7,Informational,62,40,"0.00,0.00,0.00,0.00,0.00,0.00,0.00,0.00,0.00,0.00,0.00,0.00",20,0.50,0.06,"AI Overview, Image pack, Video, Video carousel, People also ask, Ads bottom, Ads middle"
energy personality types,Informational,44,40,"1.00,0.57,0.43,0.43,0.43,0.43,0.71,0.29,0.29,0.29,0.29,0.29",18,0.00,0.33,"Sitelinks, AI Overview, Video, People also ask, Related searches"
energy types personality,Informational,49,40,"1.00,0.58,0.42,0.42,0.42,0.42,0.70,0.27,0.27,0.27,0.27,0.27",6,0.00,0.33,"Sitelinks, AI Overview, Video, People also ask, Discussions and forums, Related searches"
enfj 3w4,Informational,47,40,"0.27,0.17,0.17,0.44,0.17,0.17,0.63,0.17,0.37,1.00,0.17,0.37",8,0.00,0.33,"Sitelinks, AI Overview, Image pack, Video, People also ask, Related searches"
enfj 9w1,Informational,44,40,"0.27,0.27,0.27,0.27,0.27,0.27,1.00,0.71,0.71,0.71,1.00,1.00",4,0.00,0.33,"Sitelinks, AI Overview, Image pack, Video, People also ask, Related searches"
enfj a celebrities,Informational,44,40,"0.18,0.18,0.18,1.00,0.81,0.00,0.63,0.09,0.63,0.00,0.45,0.00",30,0.00,0.33,"Sitelinks, AI Overview, Video, Short videos, People also ask, Related searches"
enfj enfp compatibility,Informational,44,40,"0.29,0.71,0.57,0.57,0.71,1.00,0.71,0.29,0.71,0.43,0.43,0.57",18,0.00,0.33,"Featured snippet, Sitelinks, Image pack, Video, Video carousel, People also ask, Related searches"
enfj job,Commercial,44,40,"0.00,0.10,0.00,0.00,0.00,0.00,0.00,0.00,0.00,0.00,1.00,0.00",18,0.99,0.01,"Sitelinks, AI Overview, Image pack, Video, People also ask, Discussions and forums, Related searches"
enfj women percentage,Informational,44,40,"1.00,0.14,0.28,0.28,1.00,0.14,0.14,0.14,0.14,0.14,0.14,0.14",27,0.00,0.33,"Sitelinks, AI Overview, Image pack, Video, People also ask, Related searches"
enfj-a celebrities,Informational,38,40,"0.11,0.22,0.22,0.78,0.11,1.00,0.11,0.44,0.44,0.78,0.78,0.56",19,0.00,0.33,"Sitelinks, AI Overview, Video, People also ask"
enfj是什么,Informational,38,40,"0.00,0.00,0.00,0.00,0.00,0.78,1.00,0.78,0.00,0.64,0.64,0.78",34,0.00,0.33,"AI Overview, Video, People also ask, Related searches"
enfp a and infj t,Informational,44,40,"0.18,0.36,0.18,1.00,0.18,0.36,0.63,0.36,0.18,0.18,0.18,0.18",15,0.00,0.33,"Sitelinks, AI Overview, Reviews, Video, People also ask, Related searches"
enfp a personality type careers,Commercial,44,40,"0.36,1.00,0.18,0.18,0.82,0.82,0.18,0.18,0.18,0.18,0.18,0.18",25,0.00,0.02,"Sitelinks, AI Overview, Video, Video carousel, People also ask, Related searches"
enfp a vs enfp t,"Informational, Commercial",40,40,"0.18,0.27,0.18,0.64,0.64,0.27,0.64,0.09,0.18,0.00,0.09,1.00",28,0.00,0.01,"Sitelinks, AI Overview, Image pack, Video, Video carousel, People also ask, Discussions and forums, Related searches"
enfp and enfp,Informational,44,40,"0.11,0.11,0.11,0.11,0.11,0.11,0.11,0.11,0.29,0.11,1.00,0.11",34,0.00,0.33,"Sitelinks, AI Overview, Video, People also ask, Discussions and forums, Related searches"
enfp and enfp compatibility,Informational,44,40,"0.18,0.18,0.18,0.18,0.27,0.18,0.27,0.36,1.00,0.18,0.63,0.45",32,0.00,0.33,"Sitelinks, AI Overview, Video, People also ask, Discussions and forums, Related searches"
enfp and estj,Informational,42,40,"0.44,0.21,1.00,0.44,0.56,0.21,0.21,0.21,0.79,0.56,1.00,0.44",6,0.00,0.33,"Sitelinks, AI Overview, Image pack, Video, Video carousel, People also ask, Related searches"
enfp and estp,Informational,41,40,"0.57,0.57,0.29,1.00,0.57,0.29,0.57,1.00,0.71,0.57,0.71,0.43",5,0.00,0.33,"Sitelinks, AI Overview, Reviews, Image pack, Video, Video carousel, People also ask, Related searches"
enfp as leaders,Informational,41,40,"0.64,0.45,0.36,0.45,1.00,0.27,0.36,0.17,0.17,0.17,0.17,0.17",21,0.00,0.33,"Sitelinks, AI Overview, Image pack, Video, People also ask, Discussions and forums, Related searches"
enfp bf,Informational,40,40,"0.42,1.00,1.00,0.73,0.73,0.73,0.27,0.27,0.27,0.27,0.27,0.27",24,0.00,0.33,"Sitelinks, AI Overview, Image pack, Video, Video carousel, People also ask, Discussions and forums, Related searches"
enfp boyfriend,Informational,39,40,"1.00,1.00,1.00,0.71,0.71,0.71,0.29,0.29,0.29,0.29,0.29,0.29",9,0.00,0.33,"Sitelinks, AI Overview, Video, Video carousel, People also ask, Related searches"
enfp isfp,Informational,40,40,"0.27,0.27,0.41,0.56,1.00,0.27,0.27,0.41,0.71,0.56,0.27,0.56",5,0.00,0.33,"Sitelinks, AI Overview, Image pack, Video, People also ask, Related searches"
enfp leadership,Informational,41,40,"0.78,0.56,0.44,0.56,1.00,1.00,0.56,0.22,0.22,0.22,0.22,0.22",17,0.00,0.33,"Sitelinks, AI Overview, Image pack, Video, People also ask, Related searches"
enfp personality database,Navigational,37,40,"0.73,0.73,1.00,1.00,1.00,0.27,0.27,0.27,0.27,0.27,0.27,0.27",19,0.00,0.33,"Sitelinks, Video, People also ask, Related searches"
enfp personality type jobs,Commercial,41,40,"0.36,0.27,0.27,0.45,0.45,1.00,0.45,0.18,0.18,0.00,0.09,0.63",25,0.30,0.05,"Sitelinks, AI Overview, Video, People also ask, Related searches"
enfp personality type test,"Informational, Transactional",50,40,"0.18,0.27,0.27,0.81,0.18,0.36,0.18,0.18,0.18,1.00,0.81,0.63",22,0.48,0.64,"Sitelinks, Video, Video carousel, People also ask, Related searches"
enfp stand for,Informational,46,40,"0.44,0.44,0.55,0.44,0.55,0.55,0.78,0.55,0.22,0.11,1.00,0.11",34,0.00,0.33,"Sitelinks, AI Overview, Reviews, Image pack, Video, Video carousel, People also ask, Related searches"
enfp subtypes,Informational,48,40,"0.57,0.43,0.43,0.71,0.29,0.29,0.43,1.00,0.57,0.71,0.29,0.29",7,0.00,0.01,"Sitelinks, AI Overview, Video, Video carousel, People also ask, Related searches"
enfp t career paths,Commercial,44,40,"0.09,0.09,0.09,1.00,1.00,0.00,0.18,0.09,1.00,0.18,0.18,0.18",26,0.00,0.33,"Sitelinks, AI Overview, Video, Video carousel, People also ask, Related searches"
enfp t matches,Informational,44,40,"0.11,1.00,0.23,0.11,0.23,0.11,0.11,0.00,0.11,0.11,0.11,0.11",29,0.00,0.33,"Sitelinks, AI Overview, Image pack, Video, People also ask, Related searches"
enfp t personalidad,Informational,48,40,"0.23,0.00,0.23,1.00,0.23,0.11,0.11,0.00,0.11,0.11,0.11,0.11",33,0.00,0.33,"AI Overview, Reviews, Video, Video carousel, People also ask, Discussions and forums, Related searches"
enfp-t jobs,"Informational, Commercial",36,40,"0.00,0.00,0.41,0.29,0.65,0.29,0.05,0.53,0.29,0.00,0.00,1.00",26,0.00,0.01,"Sitelinks, AI Overview, Video, People also ask, Related searches"
enfp是什麼,Informational,48,40,"0.00,0.00,0.00,0.00,0.00,0.81,0.81,1.00,0.00,0.36,1.00,1.00",32,0.00,0.33,"AI Overview, Video, Video carousel, People also ask, Related searches"
engram type 4,Informational,55,40,"0.00,0.00,0.00,0.00,0.00,0.00,0.00,0.00,0.00,0.00,0.00,0.00",24,0.53,0.04,"Sitelinks, AI Overview, Video, Video carousel, People also ask, Related searches"
eniagram 9,Informational,61,40,"0.00,0.00,0.00,0.00,0.00,0.00,0.00,0.00,1.00,0.00,0.00,0.00",25,0.26,0.07,"Sitelinks, AI Overview, Video, People also ask, Related searches"
ennagram type 1,Informational,69,40,"0.00,0.00,0.02,0.00,0.00,1.00,0.00,0.02,0.00,0.00,0.00,0.00",22,0.90,0.03,"Sitelinks, AI Overview, Image pack, Video, Video carousel, People also ask, Related searches, Things to know"
enne definition,Informational,46,40,"0.09,0.09,1.00,0.09,0.09,0.09,0.09,0.09,0.09,0.09,0.09,0.09",22,0.00,0.33,"AI Overview, Reviews, Video, People also ask, Related searches"
enneagram 1 and 2 relationship,Informational,52,40,"0.27,0.42,0.42,0.27,0.58,0.73,0.73,0.42,1.00,0.58,0.73,0.58",3,0.00,0.33,"Sitelinks, AI Overview, Video, Video carousel, People also ask, Discussions and forums, Related searches"
enneagram 1 and 5 relationship,Informational,57,40,"1.00,1.00,1.00,0.59,0.59,0.38,0.79,0.38,0.38,0.79,0.38,0.38",6,0.00,0.33,"Sitelinks, AI Overview, Video, People also ask, Discussions and forums, Related searches"
enneagram 1 careers,"Informational, Commercial",54,40,"0.79,0.79,0.55,1.00,0.79,0.21,0.21,0.21,0.21,0.21,0.21,0.21",17,0.00,0.01,"Sitelinks, AI Overview, Video, Video carousel, People also ask, Discussions and forums, Related searches"
enneagram 1 childhood wound,Informational,47,40,"0.79,0.58,0.58,0.79,1.00,0.58,0.58,0.58,0.58,0.79,0.79,0.37",16,0.00,0.33,"Sitelinks, AI Overview, Image, People also ask, Discussions and forums, Related searches"
enneagram 1 famous people,Informational,54,40,"0.00,0.18,0.18,0.45,0.36,0.00,0.45,0.63,1.00,0.27,0.27,0.18",9,0.00,0.33,"Sitelinks, AI Overview, Image, Image pack, Video, People also ask, Related searches"
enneagram 2 and 3 relationship,Informational,62,40,"0.42,1.00,0.58,0.73,0.58,0.42,0.42,0.58,0.42,0.42,0.42,0.73",4,0.00,0.33,"Sitelinks, AI Overview, Image pack, Video, Video carousel, People also ask, Discussions and forums, Related searches"
enneagram 2 careers,Commercial,54,40,"0.73,0.73,0.55,1.00,0.55,0.27,0.27,0.27,0.27,0.45,0.27,0.27",15,0.00,0.33,"Sitelinks, AI Overview, Reviews, Video, People also ask, Discussions and forums, Related searches"
enneagram 2 compatibility,Informational,56,40,"0.83,0.83,1.00,0.58,0.83,1.00,1.00,0.83,1.00,0.58,0.42,0.42",8,0.00,0.33,"Sitelinks, AI Overview, Image pack, Video, People also ask, Related searches"
enneagram 2 vs 4,Commercial,65,40,"0.67,0.22,0.22,0.44,0.22,0.67,0.44,0.56,1.00,0.44,0.67,1.00",6,0.00,0.33,"Sitelinks, AI Overview, Video, People also ask, Discussions and forums, Related searches"
enneagram 3 and 5 relationship,Informational,59,40,"0.70,0.70,1.00,0.28,0.56,0.70,0.42,0.42,0.42,0.42,0.28,0.70",4,0.00,0.33,"Sitelinks, AI Overview, Video, People also ask, Discussions and forums, Related searches"
enneagram 3 and 6 relationship,Informational,57,40,"1.00,0.58,0.27,0.27,0.27,0.58,0.42,0.42,0.42,0.73,0.42,1.00",6,0.00,0.33,"Sitelinks, AI Overview, Video, People also ask, Discussions and forums, Related searches"
enneagram 3 traits,Informational,63,40,"0.18,0.18,0.18,0.18,0.18,0.18,0.18,0.18,0.18,1.00,1.00,0.18",24,0.00,0.33,"Sitelinks, AI Overview, Image pack, Video, People also ask, Related searches"
enneagram 4 and 9,Informational,57,40,"0.17,0.17,0.17,0.27,0.27,0.44,0.37,0.27,0.17,0.17,1.00,0.17",9,0.00,0.33,"Sitelinks, AI Overview, Video, Video carousel, People also ask, Related searches"
enneagram 4 healthy,Informational,58,40,"1.00,1.00,1.00,1.00,0.28,0.28,0.28,0.28,0.28,0.28,0.28,0.28",14,0.00,0.33,"Sitelinks, AI Overview, Video, People also ask, Discussions and forums, Related searches"
enneagram 4 in stress and growth,Informational,61,40,"0.18,0.18,1.00,0.18,0.18,0.18,0.45,0.18,0.18,0.27,1.00,0.45",20,0.00,0.33,"Sitelinks, AI Overview, Image pack, Video carousel, People also ask, Related searches"
enneagram 4 jobs,Commercial,58,40,"0.58,0.42,0.73,0.73,0.73,0.58,0.58,0.27,1.00,0.27,0.27,0.42",11,0.00,0.02,"Sitelinks, AI Overview, Video, Video carousel, People also ask, Discussions and forums, Related searches"
enneagram 4 memes,Informational,47,40,"0.17,1.00,1.00,0.17,0.17,0.17,0.25,0.25,0.17,0.17,0.17,0.17",23,0.00,0.33,"Sitelinks, Image, Image pack, Video, People also ask, Related searches"
enneagram 4 traits,Informational,57,40,"0.18,0.18,0.18,0.18,1.00,0.18,0.18,0.18,0.18,1.00,0.18,0.18",16,0.00,0.01,"Sitelinks, AI Overview, Image pack, Video, People also ask, Related searches"
enneagram 4 vs 5,Informational,56,40,"0.57,1.00,0.71,0.71,0.57,0.71,0.43,0.29,0.71,0.29,1.00,0.71",11,0.00,0.01,"Sitelinks, AI Overview, Reviews, Video, Video carousel, People also ask, Related searches"
enneagram 4 vs 6,"Informational, Commercial",63,40,"0.00,1.00,0.00,0.00,1.00,0.00,0.50,0.00,0.50,0.50,1.00,0.50",0,0.00,0.33,"Sitelinks, AI Overview, Video, Video carousel, People also ask, Related searches"
enneagram 4 with 5 wing,Informational,62,40,"0.26,0.35,1.00,0.22,0.22,0.04,0.13,0.13,0.04,0.78,0.13,0.00",20,0.33,0.01,"Sitelinks, AI Overview, Image, Video, Video carousel, People also ask, Discussions and forums, Related searches"
enneagram 4w2,Informational,60,40,"1.00,0.17,0.17,0.17,1.00,0.17,0.17,0.17,0.17,0.17,0.17,0.17",29,0.00,0.01,"Sitelinks, AI Overview, Image pack, Video, Video carousel, People also ask, Related searches"
enneagram 4w3 vs 4w5,"Informational, Commercial",54,40,"0.29,0.29,0.29,0.71,0.43,1.00,0.57,0.71,1.00,0.43,0.43,0.43",14,0.00,0.33,"Sitelinks, AI Overview, Video, Video carousel, People also ask, Related searches"
enneagram 4w5 vs 5w4,Informational,57,40,"0.18,0.27,0.45,0.36,0.18,0.18,0.18,0.18,0.27,0.36,1.00,0.18",16,0.00,0.33,"Sitelinks, AI Overview, Reviews, Image pack, Video, Video carousel, People also ask, Related searches"
enneagram 5 and 6 relationship,Informational,56,40,"1.00,0.42,0.56,0.56,0.42,0.56,0.42,0.42,0.70,0.28,0.42,0.70",8,0.00,0.33,"Sitelinks, AI Overview, Image pack, Video, Video carousel, People also ask, Discussions and forums, Related searches"
enneagram 5 and 7 relationship,Informational,58,40,"0.27,0.71,1.00,0.56,0.56,0.56,0.56,0.41,0.56,0.27,0.71,0.71",3,0.00,0.33,"Sitelinks, AI Overview, Video, Video carousel, People also ask, Discussions and forums, Related searches"
enneagram 5 and 8 relationship,Informational,55,40,"0.56,0.71,0.71,0.71,0.56,0.27,1.00,0.71,0.71,0.27,0.41,0.27",0,0.00,0.33,"Sitelinks, AI Overview, Image pack, Video, Video carousel, People also ask, Discussions and forums, Related searches"
enneagram 5 childhood wound,Informational,45,40,"1.00,1.00,1.00,1.00,1.00,1.00,1.00,1.00,1.00,1.00,1.00,1.00",13,0.00,0.33,"Sitelinks, AI Overview, Image, Video, People also ask, Discussions and forums, Related searches"
enneagram 5 compatibility,Informational,53,40,"1.00,0.28,0.70,0.56,0.70,0.70,1.00,0.56,0.42,0.42,0.28,0.28",23,0.00,0.33,"Sitelinks, AI Overview, Image pack, Video, Short videos, People also ask, Discussions and forums, Related searches"
enneagram 5 famous people,Informational,62,40,"0.09,0.00,0.27,0.81,0.27,0.27,0.27,0.45,1.00,0.27,0.09,0.36",20,0.00,0.33,"Sitelinks, AI Overview, Image, Image pack, Video, People also ask, Related searches"
enneagram 5 personality,Informational,66,40,"1.00,1.00,1.00,1.00,1.00,1.00,1.00,1.00,1.00,1.00,1.00,1.00",21,0.00,0.12,"AI Overview, Image pack, Video, Video carousel, People also ask, Discussions and forums, Related searches"
enneagram 6 and 7 relationship,Informational,57,40,"0.42,0.58,0.73,1.00,0.73,0.58,0.27,0.42,0.27,0.42,0.73,0.42",3,0.00,0.01,"Sitelinks, AI Overview, Video, Video carousel, Short videos, People also ask, Related searches"
enneagram 6 childhood wound,Informational,47,40,"0.79,1.00,1.00,0.79,1.00,0.59,0.59,0.59,1.00,0.79,1.00,0.38",16,0.00,0.33,"Sitelinks, AI Overview, Image, Video, People also ask, Discussions and forums, Related searches"
enneagram 6 fear,Informational,59,40,"0.18,0.18,1.00,1.00,0.18,0.18,0.18,0.18,0.18,0.18,0.18,0.18",15,0.00,0.33,"Sitelinks, AI Overview, Video, Video carousel, People also ask, Discussions and forums, Related searches"
enneagram 6 w7,Informational,60,40,"0.00,0.00,0.37,0.53,0.63,1.00,0.05,0.05,0.00,0.00,0.00,0.00",14,0.54,0.01,"Sitelinks, AI Overview, Image pack, Video, Video carousel, People also ask, Discussions and forums, Related searches"
enneagram 7 and 8 relationship,Informational,57,40,"0.83,0.83,0.83,1.00,0.83,1.00,0.61,0.61,0.61,0.83,0.61,0.61",3,0.00,0.33,"Sitelinks, AI Overview, Video, Video carousel, People also ask, Discussions and forums, Related searches"
enneagram 7 careers,Commercial,54,40,"1.00,1.00,1.00,1.00,0.27,0.27,0.27,0.42,0.27,0.42,0.27,0.27",11,0.00,0.02,"Sitelinks, AI Overview, Video, People also ask, Discussions and forums, Related searches"
enneagram 7 characteristics,Informational,66,40,"0.18,0.18,0.18,1.00,0.18,0.18,0.18,0.18,1.00,0.18,0.18,0.18",15,0.00,0.01,"AI Overview, Image pack, Video, Video carousel, People also ask, Related searches"
enneagram 8 and 3 relationship,Informational,52,40,"0.27,0.17,0.64,0.17,0.27,0.27,1.00,0.17,0.17,0.17,0.36,0.27",6,0.00,0.33,"Sitelinks, AI Overview, Video, Video carousel, Short videos, People also ask, Discussions and forums, Related searches"
enneagram 8 and 4 relationship,Informational,60,40,"0.27,0.27,0.56,1.00,0.56,0.56,0.71,0.41,0.27,0.41,0.41,0.41",1,0.00,0.33,"Sitelinks, AI Overview, Video, Video carousel, People also ask, Discussions and forums, Related searches"
enneagram 8 personality,Informational,61,40,"0.80,0.80,1.00,1.00,1.00,1.00,0.80,0.80,0.40,0.40,0.40,0.40",23,0.62,0.13,"Sitelinks, AI Overview, Reviews, Video, People also ask, Discussions and forums, Related searches"
enneagram 8 stress and growth,Informational,61,40,"0.18,0.18,0.18,0.36,0.18,0.45,0.45,0.45,0.18,0.45,1.00,0.63",8,0.00,0.02,"Sitelinks, AI Overview, Reviews, Image, Image pack, Video, Video carousel, People also ask, Discussions and forums, Related searches"
enneagram 8 unhealthy,Informational,57,40,"0.61,0.83,0.39,1.00,1.00,0.83,1.00,0.39,1.00,0.61,0.83,1.00",13,0.00,0.01,"Sitelinks, AI Overview, Video, Video carousel, People also ask, Discussions and forums, Related searches"
enneagram 9 and 6 relationship,Informational,56,40,"0.33,0.44,0.44,0.33,0.78,0.22,1.00,0.78,0.78,0.22,0.22,0.22",3,0.00,0.33,"Sitelinks, AI Overview, Video, Video carousel, People also ask, Discussions and forums, Related searches"
enneagram 9 in stress and growth,Informational,61,40,"0.22,0.22,0.22,0.33,0.22,0.44,0.55,0.55,0.55,0.22,1.00,0.33",13,0.00,0.33,"Sitelinks, AI Overview, Reviews, Image pack, Video, Video carousel, People also ask, Discussions and forums, Related searches"
enneagram 9 memes,Informational,53,40,"0.50,0.70,0.50,1.00,1.00,0.50,0.70,0.70,0.70,0.70,0.50,0.70",23,0.00,0.33,"Sitelinks, Image, Image pack, Video, Related searches"
enneagram and christians,Informational,46,40,"0.57,0.43,0.57,1.00,1.00,0.71,0.71,0.43,0.71,0.00,0.71,0.29",20,0.44,0.08,"Sitelinks, AI Overview, Video, People also ask, Knowledge panel, Related searches"
enneagram and leadership,Informational,52,40,"0.18,0.18,0.45,0.63,0.45,0.27,0.09,0.18,0.18,0.45,1.00,0.63",8,1.58,0.12,"Sitelinks, AI Overview, Reviews, People also ask, Related searches"
enneagram and myers-briggs,Informational,59,40,"0.00,0.00,0.00,0.00,0.00,0.00,0.00,1.00,0.00,0.00,0.00,0.00",16,0.68,0.17,"Sitelinks, AI Overview, Video, Video carousel, People also ask, Related searches"
enneagram ashton,Commercial,56,40,"0.50,0.50,0.00,0.00,1.00,0.00,0.00,0.00,0.00,0.00,1.00,0.00",5,0.00,0.03,"Sitelinks, Image, Image pack, Video, People also ask, Related searches"
enneagram childhood messages,Informational,51,40,"1.00,0.17,0.17,0.17,0.17,0.17,0.17,0.17,0.17,0.17,0.17,0.17",0,0.00,0.33,"Sitelinks, Image pack, Video, Related searches"
enneagram childhood wound,Informational,49,40,"0.80,0.60,0.80,0.80,0.80,0.80,1.00,1.00,0.60,0.00,0.60,0.80",12,0.00,0.33,"Sitelinks, AI Overview, Image, Video, Related searches"
enneagram consultant,Informational,48,40,"1.00,0.18,0.18,0.18,0.18,0.18,0.18,0.18,0.18,0.18,0.18,0.18",3,0.00,0.26,"Sitelinks, Video, Video carousel, People also ask, Knowledge panel, Ads bottom"
enneagram fixations,Informational,56,40,"0.22,0.33,0.22,0.56,0.33,0.33,0.56,1.00,0.22,0.33,1.00,0.22",12,0.00,0.33,"Sitelinks, AI Overview, Reviews, Video, Video carousel, Related searches"
enneagram for business,Informational,53,40,"0.27,0.45,0.36,0.27,0.36,0.18,0.18,0.18,0.18,0.09,1.00,0.18",15,4.12,0.08,"Image pack, Video, Video carousel, People also ask, Related searches"
enneagram for kids,Informational,59,40,"0.50,0.00,0.50,0.00,0.00,0.50,1.00,1.00,0.00,0.00,0.00,0.00",6,0.00,0.00,"Sitelinks, AI Overview, Video, Video carousel, People also ask, Related searches"
enneagram for teens,Informational,56,40,"0.50,0.00,0.50,1.00,0.50,0.50,1.00,0.50,0.50,0.50,0.50,0.50",1,0.86,0.83,"AI Overview, Video, Video carousel, People also ask, Discussions and forums, Related searches, Ads bottom"
enneagram from a christian perspective,Informational,49,40,"0.36,0.00,0.63,0.45,0.45,0.36,0.45,0.27,0.00,0.45,1.00,1.00",8,0.19,0.62,"Sitelinks, AI Overview, Video, Video carousel, Related searches"
enneagram fruit personality test,Informational,48,40,"1.00,1.00,1.00,1.00,1.00,1.00,1.00,1.00,1.00,1.00,1.00,1.00",8,0.00,0.05,"AI Overview, Image pack, Video, People also ask, Related searches"
enneagram groups,Informational,61,40,"0.35,0.28,0.14,0.14,0.14,0.14,0.14,1.00,0.14,0.14,0.14,0.14",6,0.00,0.02,"Featured snippet, Sitelinks, Image pack, Video, Video carousel, People also ask, Related searches"
enneagram head heart gut,Informational,61,40,"0.11,0.11,0.65,1.00,0.11,0.11,0.11,0.11,0.11,0.11,0.11,0.65",11,0.00,0.33,"Sitelinks, AI Overview, Video, Discussions and forums, Related searches"
enneagram heart triad,Informational,53,40,"0.11,0.11,0.11,0.17,0.11,0.11,0.11,0.11,0.64,0.11,0.64,1.00",4,0.00,0.01,"Sitelinks, AI Overview, Image pack, Video, Short videos, People also ask, Related searches"
enneagram holy ideas,Informational,46,40,"0.27,0.71,0.27,1.00,1.00,0.27,0.71,0.41,0.71,0.41,0.71,0.56",15,0.06,0.10,"Sitelinks, Image, Video, Video carousel, Knowledge panel, Related searches"
enneagram hudson riso,Informational,46,40,"1.00,1.00,0.00,0.00,0.00,0.00,0.00,0.00,0.00,0.00,0.00,0.00",32,1.00,0.50,"Sitelinks, Video, Video carousel"
enneagram iconoclast,Informational,53,40,"1.00,1.00,0.41,0.29,0.29,0.29,0.29,0.29,0.29,0.29,0.29,0.29",20,0.00,0.33,"Sitelinks, AI Overview, Image pack, Video, Video carousel, People also ask, Related searches"
enneagram infp,Informational,59,40,"0.80,1.00,1.00,1.00,1.00,1.00,0.80,0.60,0.60,0.40,1.00,1.00",5,0.80,0.14,"Sitelinks, AI Overview, Image pack, Video, People also ask, Related searches"
enneagram instinct test,Informational,63,40,"0.27,0.27,0.27,0.17,0.27,0.45,0.27,0.27,0.17,1.00,0.36,0.17",25,0.66,0.25,"Sitelinks, Reviews, Video, Discussions and forums, Related searches"
enneagram login,"Navigational, Transactional",59,40,"1.00,0.80,0.80,1.00,0.60,0.60,0.60,0.60,0.80,0.60,0.60,0.60",20,0.00,0.10,"Reviews, Related searches"
enneagram meme,Informational,50,40,"0.57,0.57,1.00,0.57,1.00,0.57,0.71,0.57,0.71,0.14,0.71,0.29",23,0.00,0.33,"Sitelinks, Image, Image pack, Video, Video carousel, People also ask, Related searches"
enneagram minnesota,Navigational,52,40,"0.11,0.11,0.11,0.11,1.00,0.11,0.11,0.11,0.11,0.11,0.11,0.11",14,0.00,0.02,"Sitelinks, Video, People also ask, Related searches"
enneagram practitioner,Informational,50,40,"0.44,1.00,0.56,0.78,0.78,0.33,0.33,0.22,0.22,0.22,0.22,0.22",29,0.00,0.06,"AI Overview, Video, Video carousel, People also ask, Discussions and forums, Related searches"
enneagram professional,Informational,64,40,"0.50,1.00,1.00,1.00,1.00,0.00,0.00,0.00,0.00,0.00,0.00,0.00",31,0.70,0.05,"AI Overview, Video, Video carousel, People also ask, Discussions and forums, Related searches"
enneagram rare,Informational,55,40,"0.71,1.00,0.57,1.00,1.00,0.29,0.29,0.29,0.29,0.29,0.29,0.29",18,0.00,0.01,"Sitelinks, AI Overview, Video, People also ask, Related searches"
enneagram rarest,Informational,53,40,"0.71,1.00,1.00,1.00,1.00,0.29,0.29,0.29,0.29,0.29,0.29,0.29",15,0.00,0.01,"Sitelinks, AI Overview, Image pack, Video, People also ask, Related searches"
enneagram rarity,Informational,53,40,"0.56,0.78,1.00,0.78,0.78,0.22,0.22,0.22,0.22,0.22,0.22,0.22",20,0.00,0.33,"Sitelinks, AI Overview, Image pack, Video, People also ask"
enneagram relationship,Informational,59,40,"0.60,0.80,1.00,1.00,0.80,0.60,1.00,1.00,0.40,0.00,0.20,0.00",12,0.00,0.06,"AI Overview, Image pack, Video, Video carousel, People also ask, Discussions and forums, Related searches, Ads bottom"
enneagram subtypes descriptions,Informational,44,40,"0.11,0.11,0.11,1.00,0.11,0.11,0.11,0.23,0.11,0.11,0.11,0.11",20,0.00,0.03,"Sitelinks, Reviews, Video, Video carousel, Related searches"
enneagram teachers,Informational,54,40,"0.14,0.14,0.21,0.50,1.00,0.35,0.21,0.14,0.21,0.28,0.35,0.14",20,0.00,0.03,"AI Overview, Video, Video carousel, People also ask, Related searches"
enneagram team building activities,Informational,49,40,"0.73,0.73,0.42,1.00,0.42,0.27,0.27,0.27,0.73,0.42,0.42,0.42",1,0.00,0.10,"Sitelinks, AI Overview, Video, Video carousel, Discussions and forums, Related searches"
enneagram test type 4,Informational,62,40,"0.67,0.50,0.67,0.67,0.17,1.00,0.17,0.17,0.17,0.17,0.17,0.17",23,0.42,0.13,"Sitelinks, AI Overview, Image pack, Video, Video carousel, People also ask, Related searches"
enneagram the loyalist,Informational,58,40,"0.83,0.42,1.00,1.00,1.00,1.00,1.00,1.00,0.42,0.17,0.42,0.17",17,0.63,0.04,"AI Overview, Reviews, Image pack, Video, Video carousel, People also ask, Related searches"
enneagram the peacemaker,Informational,59,40,"0.00,0.00,0.05,0.05,0.11,0.05,0.11,0.05,1.00,0.00,0.05,0.05",12,0.46,0.08,"Sitelinks, AI Overview, Image pack, Video, Video carousel, People also ask, Related searches"
enneagram the reformer,Informational,56,40,"0.36,0.36,0.45,0.81,0.45,0.36,1.00,0.27,0.17,0.08,0.17,0.08",11,0.63,0.03,"Sitelinks, Image pack, Video, People also ask, Related searches"
enneagram training certification,Informational,51,40,"0.41,0.41,1.00,1.00,0.41,0.27,0.27,0.41,0.56,0.41,0.41,0.27",16,2.37,0.24,"AI Overview, Reviews, Video, People also ask, Discussions and forums, Related searches"
enneagram triads explained,Informational,62,40,"0.09,0.09,0.09,0.09,0.09,0.09,0.09,0.09,0.09,0.09,1.00,0.53",15,0.00,0.01,"Sitelinks, AI Overview, Image pack, Video, Video carousel, People also ask, Related searches"
enneagram twos,Informational,54,40,"1.00,0.18,0.39,0.00,0.04,0.04,0.18,0.18,0.29,0.00,0.21,0.39",30,0.82,0.02,"AI Overview, Image pack, Video, People also ask, Related searches"
enneagram type 2 famous people,Informational,65,40,"0.21,0.21,0.21,0.76,0.44,0.32,0.21,0.32,1.00,0.32,0.32,0.21",15,0.00,0.33,"Sitelinks, AI Overview, Image, Video, People also ask, Related searches"
enneagram type 3 description,Informational,67,40,"0.18,0.18,0.18,1.00,1.00,0.18,0.18,0.18,0.18,0.18,0.18,0.18",25,0.00,0.03,"Sitelinks, AI Overview, Reviews, Image pack, Video, People also ask, Related searches"
enneagram type 3w2,Informational,64,40,"0.18,0.18,1.00,0.18,0.18,0.27,0.18,0.18,0.18,0.18,0.18,0.18",25,0.00,0.33,"Sitelinks, AI Overview, Image, Image pack, Video, Video carousel, People also ask, Related searches, Ads middle"
enneagram type 4 jobs,"Informational, Commercial",53,40,"0.56,0.78,0.56,0.22,0.22,0.22,0.22,0.22,0.22,0.78,1.00,0.22",11,0.00,0.01,"Sitelinks, AI Overview, Video, Video carousel, People also ask, Discussions and forums, Related searches"
enneagram type 5 characters,Informational,62,40,"0.18,0.18,1.00,0.45,0.36,0.27,0.18,0.18,0.27,0.18,0.27,0.36",13,0.00,0.33,"Sitelinks, AI Overview, Image, Image pack, Video, Video carousel, People also ask, Related searches"
enneagram type 5w6,Informational,62,40,"0.18,0.18,0.18,0.18,0.62,0.44,0.62,0.18,1.00,0.18,0.18,0.18",20,0.00,0.02,"Sitelinks, AI Overview, Image, Image pack, Video, Short videos, People also ask, Discussions and forums, Related searches"
enneagram type 6 characters,Informational,54,40,"0.18,0.36,1.00,0.45,0.36,0.18,0.18,0.27,0.36,0.27,0.27,0.36",19,0.00,0.33,"Sitelinks, Image, Image pack, Video, Video carousel, People also ask, Related searches"
enneagram type 6 famous people,Informational,62,40,"0.18,0.18,0.18,0.63,0.45,0.18,0.27,0.45,1.00,0.27,0.18,0.18",13,0.00,0.33,"Sitelinks, AI Overview, Video, People also ask, Related searches"
enneagram type 7 careers,"Informational, Commercial",53,40,"0.78,0.56,0.56,1.00,0.56,0.56,0.22,0.22,0.22,0.22,0.33,0.22",10,0.00,0.33,"Sitelinks, AI Overview, Reviews, Video, People also ask, Related searches"
enneagram type 7 wing 8,Informational,65,40,"1.00,0.71,0.71,0.71,0.57,0.29,0.29,0.29,0.29,0.29,0.29,0.29",15,0.00,0.33,"Sitelinks, AI Overview, Video, People also ask, Related searches"
enneagram type 8 famous people,Informational,61,40,"0.28,0.14,0.21,0.35,0.28,0.14,0.21,0.14,1.00,0.21,0.14,0.14",13,0.00,0.33,"Sitelinks, AI Overview, Image, Video, People also ask, Related searches"
enneagram type 8 wing 9,Informational,58,40,"0.11,0.11,0.11,0.11,0.11,0.11,0.11,0.11,1.00,0.11,0.64,0.11",16,0.00,0.33,"AI Overview, Image pack, Video, People also ask, Related searches"
enneagram type 9 celebrities,Informational,56,40,"0.45,0.27,0.27,0.73,1.00,0.27,0.73,0.45,1.00,0.73,0.73,0.45",17,0.00,0.33,"Sitelinks, AI Overview, Image, Image pack, Video, People also ask, Related searches"
enneagram type 9 wing 8,Informational,63,40,"0.17,0.17,0.17,0.17,0.17,0.17,0.17,0.17,1.00,0.17,1.00,0.27",15,0.00,0.33,"Sitelinks, AI Overview, Image pack, Video, Video carousel, People also ask, Related searches"
enneagram type eight,Informational,58,40,"0.32,0.21,0.32,0.43,0.11,0.75,0.54,0.21,1.00,0.43,0.54,0.11",17,0.29,0.02,"AI Overview, Reviews, Image pack, Video, Video carousel, People also ask, Related searches, Ads bottom"
enneagram type seven,Informational,61,40,"0.73,0.00,1.00,0.12,0.00,0.00,0.00,0.00,0.27,0.27,0.12,0.00",17,0.60,0.04,"Sitelinks, AI Overview, Image pack, Video, People also ask, Related searches"
enneagram types 8,Informational,57,40,"0.11,0.16,0.02,0.00,0.00,0.00,0.00,0.00,0.05,0.82,0.00,1.00",19,0.29,0.02,"AI Overview, Video, Video carousel, People also ask, Related searches"
enneagram types at work,Informational,57,40,"0.37,0.58,0.79,1.00,1.00,1.00,1.00,0.79,0.79,0.58,0.58,0.37",14,0.00,0.03,"Sitelinks, AI Overview, Reviews, Video, Video carousel, Related searches"
enneagram types core motivations,Informational,57,40,"1.00,1.00,0.17,0.17,0.17,0.17,0.17,0.17,0.17,0.17,0.17,0.17",9,0.00,0.33,"Sitelinks, AI Overview, Image pack, Video, Related searches, Ads top"
enneagram variant,Informational,63,40,"0.18,1.00,1.00,0.18,0.18,0.18,0.18,0.18,0.18,0.18,1.00,0.18",18,0.00,0.02,"Sitelinks, AI Overview, Reviews, Image pack, Video, People also ask, Related searches"
enneagramme,Informational,55,40,"1.00,0.41,0.07,0.07,0.07,0.07,0.07,0.07,0.00,0.07,0.03,0.07",22,0.83,0.26,"AI Overview, Reviews, Image pack, Video, Video carousel, People also ask, Related searches, Ads bottom"
enneagream 4,Informational,55,40,"0.00,1.00,0.00,0.00,0.00,0.00,0.00,0.00,0.00,0.00,0.00,0.00",20,0.40,0.05,"Sitelinks, AI Overview, Video, Short videos, People also ask, Discussions and forums, Related searches"
enneagream 8,Informational,61,40,"1.00,0.00,0.00,0.00,0.00,0.00,0.00,0.00,0.00,0.00,0.00,0.00",20,0.39,0.07,"AI Overview, Reviews, Image pack, Video, Video carousel, People also ask, Related searches, Things to know"
enneargram 2,Informational,55,40,"0.00,0.00,0.00,0.00,0.00,0.00,0.00,0.00,0.00,0.00,0.00,0.00",26,0.53,0.04,"AI Overview, Image pack, Video, Video carousel, People also ask, Related searches, Things to know"
enneatype 7,Informational,62,40,"0.60,1.00,0.40,0.40,0.40,0.40,0.40,0.40,0.40,0.40,0.40,0.40",16,0.00,0.31,"Sitelinks, AI Overview, Video, Video carousel, People also ask, Related searches"
ennegram 6w7,Informational,59,40,"0.28,0.14,0.34,0.21,0.28,0.21,0.28,1.00,0.07,0.00,0.00,0.14",14,0.28,0.02,"Sitelinks, AI Overview, Image pack, Video, Video carousel, People also ask, Related searches"
ennegram 9w1,Informational,61,40,"0.67,1.00,0.67,0.33,1.00,1.00,0.67,0.33,0.00,0.33,0.00,0.00",24,0.73,0.01,"Sitelinks, AI Overview, Image pack, Video, People also ask, Related searches"
ennegram subtype,Informational,47,40,"0.00,0.00,0.00,0.00,0.00,0.00,0.00,0.00,0.00,0.00,1.00,0.00",18,1.03,0.02,"Sitelinks, AI Overview, Reviews, Image pack, Video, Related searches"
ennegram triads,Informational,62,40,"1.00,0.08,0.08,0.00,0.00,0.08,0.00,0.77,0.00,0.00,0.23,0.38",3,2.16,0.33,"Sitelinks, AI Overview, Video, Video carousel, Short videos, People also ask, Related searches, Ads bottom, Ads middle"
ennegream 3,Informational,63,40,"0.00,0.00,0.00,0.02,0.00,0.00,0.00,0.00,1.00,0.00,0.00,0.00",22,0.32,0.03,"Sitelinks, AI Overview, Reviews, Video, Video carousel, People also ask, Related searches, Things to know"
enngram 6,Informational,50,40,"0.00,0.00,0.00,0.00,0.00,0.00,0.00,0.00,0.00,0.00,0.00,0.00",19,0.44,0.04,"Sitelinks, AI Overview, Video, Video carousel, People also ask, Related searches, Ads bottom"
enniagram type 2,Informational,59,40,"0.00,0.00,0.00,0.00,0.00,0.00,0.00,1.00,0.00,0.00,0.00,0.00",25,0.72,0.03,"Sitelinks, AI Overview, Video, Video carousel, People also ask, Related searches"
entj a and infj a compatibility,Informational,44,40,"1.00,0.14,0.14,0.28,0.14,0.78,0.14,0.14,0.14,0.14,0.14,0.14",7,0.00,0.33,"Sitelinks, AI Overview, Video, People also ask, Related searches"
entj a compatibility,Informational,43,40,"1.00,0.71,1.00,0.71,1.00,0.00,0.28,0.14,0.00,0.14,0.14,0.14",15,0.00,0.01,"Sitelinks, AI Overview, Image pack, Video, People also ask, Related searches"
entj a rare,Informational,47,40,"0.44,0.44,1.00,0.77,0.22,0.22,0.22,0.22,0.22,0.22,0.22,0.22",20,0.00,0.33,"Sitelinks, AI Overview, Video, Video carousel, People also ask, Related searches"
entj and infp in bed,Informational,38,40,"0.70,0.56,0.56,0.28,0.28,0.70,0.70,0.42,1.00,0.56,0.70,0.56",7,0.00,0.33,"Sitelinks, AI Overview, Image pack, People also ask, Related searches"
entj and isfj compatibility,Informational,41,40,"0.37,0.17,0.17,0.17,0.17,0.17,0.27,0.17,0.44,0.44,1.00,0.44",15,0.00,0.33,"Sitelinks, AI Overview, Image pack, Video, People also ask, Related searches"
entj bf,Informational,39,40,"1.00,1.00,0.71,0.71,0.27,0.27,0.27,0.27,0.27,0.27,0.27,0.27",16,0.00,0.33,"Sitelinks, Video, Video carousel, People also ask, Discussions and forums"
entj boyfriend,Informational,38,40,"1.00,1.00,0.70,0.70,0.42,0.28,0.28,0.28,0.28,0.28,0.28,0.28",13,0.00,0.33,"Sitelinks, AI Overview, Video, Video carousel, People also ask, Discussions and forums, Related searches"
entj hobbies,Informational,40,40,"1.00,1.00,0.59,1.00,0.59,1.00,0.59,1.00,1.00,0.59,0.38,1.00",11,0.00,0.33,"Sitelinks, AI Overview, Image pack, Video, People also ask, Discussions and forums, Related searches"
entj in bed,Informational,43,40,"1.00,1.00,1.00,0.50,0.50,0.75,0.50,0.50,0.50,0.75,0.50,0.75",12,0.00,0.33,"Sitelinks, AI Overview, Video, People also ask, Related searches"
entj isfp,Informational,39,40,"1.00,0.17,0.17,0.17,0.17,0.17,0.27,0.17,0.17,0.17,0.17,0.17",4,0.00,0.33,"Sitelinks, AI Overview, Image pack, Video, Video carousel, People also ask, Related searches"
entj man,Informational,42,40,"0.28,0.42,0.57,0.42,0.42,1.00,1.00,0.42,0.71,1.00,0.71,1.00",14,0.00,0.33,"Sitelinks, AI Overview, Image pack, Video, Video carousel, People also ask, Related searches"
entj personality characters,Informational,42,40,"1.00,0.09,0.09,0.14,0.09,0.09,0.09,0.09,0.14,0.14,0.23,0.19",25,0.00,0.33,"Sitelinks, AI Overview, Image, Image pack, Video, Short videos, People also ask, Related searches"
entj 남자,Informational,33,40,"0.71,1.00,1.00,0.71,1.00,1.00,0.27,0.27,0.27,0.27,0.27,0.27",14,0.00,0.33,"AI Overview, Image pack, Video, Video carousel, People also ask, Related searches"
entj-t careers,Commercial,36,40,"0.00,0.00,0.12,0.00,0.00,1.00,0.58,0.73,0.73,1.00,0.73,1.00",23,0.00,0.33,"Sitelinks, AI Overview, Video, People also ask, Discussions and forums, Related searches"
entp a characters,Informational,39,40,"0.78,0.78,0.78,0.78,0.78,0.00,1.00,0.00,0.22,0.00,0.22,0.22",29,0.00,0.33,"Sitelinks, Image, Video, Video carousel, People also ask, Related searches"
entp a personality type,Informational,44,40,"1.00,1.00,0.00,0.00,0.79,0.00,0.00,0.00,0.00,0.00,0.00,0.00",30,0.26,0.05,"Sitelinks, AI Overview, Reviews, Video, People also ask, Related searches"
entp enneagram types,Informational,44,40,"0.42,0.28,0.57,0.71,0.42,0.42,0.71,0.71,1.00,0.42,0.71,0.28",7,0.00,0.02,"Sitelinks, AI Overview, Image pack, Video, Video carousel, People also ask, Related searches"
entp hobbies,Informational,39,40,"1.00,1.00,0.70,0.56,0.28,0.70,0.28,0.28,0.70,0.28,0.28,0.28",7,0.00,0.33,"Sitelinks, AI Overview, Image pack, Video, Video carousel, People also ask, Related searches"
entp man,Informational,38,40,"0.77,0.33,0.55,0.33,0.33,0.44,0.33,0.55,1.00,0.33,0.55,0.55",13,0.00,0.33,"Sitelinks, AI Overview, Video, Video carousel, People also ask, Related searches, Things to know"
entp personality type careers,Commercial,40,40,"0.14,0.14,1.00,0.35,0.35,0.35,0.14,0.14,0.14,0.14,0.14,0.14",22,0.00,0.02,"Sitelinks, AI Overview, Video, Video carousel, People also ask, Related searches"
entp-t meaning,"Informational, Commercial",41,40,"0.21,0.06,0.06,0.14,0.00,1.00,0.00,0.35,0.50,0.50,0.50,0.50",29,0.00,0.01,"Sitelinks, AI Overview, Reviews, Video, Video carousel, People also ask, Related searches"
entp是什么,Informational,33,40,"0.26,0.26,0.00,0.00,0.00,1.00,0.07,0.07,0.00,0.07,0.07,0.42",27,0.00,0.33,"AI Overview, Video, People also ask, Related searches"
esfj best jobs,Commercial,34,40,"0.18,1.00,0.18,1.00,0.18,0.18,0.18,0.18,0.18,0.18,0.18,0.18",24,0.00,0.01,"Sitelinks, AI Overview, Video, People also ask, Discussions and forums, Related searches"
esfj careers to avoid,Commercial,38,40,"0.45,0.18,0.27,0.36,1.00,0.18,0.18,0.18,0.18,0.27,0.18,0.18",4,0.00,0.33,"Sitelinks, AI Overview, Video, People also ask"
esfj fictional characters,Informational,35,40,"0.79,0.21,0.21,0.33,1.00,0.55,0.45,0.21,0.45,0.33,0.21,0.33",5,0.00,0.33,"Sitelinks, AI Overview, Video, Video carousel, People also ask, Related searches"
esfj in relationships,Informational,41,40,"0.45,0.63,0.45,0.18,1.00,0.18,0.18,0.18,0.18,0.18,0.18,0.18",14,0.00,0.33,"Sitelinks, AI Overview, Video, People also ask, Related searches"
esfj jobs to avoid,"Informational, Commercial",32,40,"0.45,0.17,0.17,0.26,1.00,0.36,0.17,0.17,0.17,0.45,0.17,0.17",8,0.00,0.33,"Sitelinks, AI Overview, Video, People also ask, Related searches"
esfj women,Informational,37,40,"0.39,0.61,0.61,0.83,0.39,1.00,0.83,0.39,0.39,0.83,0.83,0.39",13,0.00,0.33,"Sitelinks, AI Overview, Image pack, Video, Video carousel, People also ask, Related searches"
esfp best jobs,Commercial,35,40,"1.00,0.18,0.18,0.18,1.00,0.18,0.18,0.18,0.18,0.18,0.18,0.18",18,0.00,0.33,"Sitelinks, AI Overview, Video, People also ask, Discussions and forums, Related searches"
esfp character,Informational,40,40,"0.00,1.00,0.00,0.09,0.13,0.00,0.00,0.03,0.06,0.00,0.00,0.00",17,0.00,0.33,"Sitelinks, Image pack, Video, Video carousel, People also ask, Discussions and forums, Related searches"
esfp compatibility chart,Informational,40,40,"0.27,0.42,0.58,1.00,0.27,0.58,1.00,0.42,0.42,0.42,0.27,0.27",21,0.00,0.33,"Featured snippet, Sitelinks, Image pack, Video, People also ask, Related searches"
esfp in relationships,Informational,39,40,"0.56,1.00,0.56,0.79,0.79,0.21,0.21,0.21,0.21,0.21,0.21,0.21",12,0.00,0.33,"Sitelinks, AI Overview, Image pack, Video, People also ask, Related searches"
esfp love language,Informational,34,40,"0.17,1.00,0.17,0.17,0.17,0.17,0.17,0.17,0.17,0.17,0.17,0.17",11,0.00,0.33,"Sitelinks, AI Overview, Image pack, Video, People also ask, Discussions and forums, Related searches"
esfp men,Informational,37,40,"0.27,0.45,1.00,0.45,0.18,0.27,0.36,0.36,0.27,0.27,0.45,0.27",13,0.00,0.33,"Sitelinks, AI Overview, Image pack, Video, Video carousel, People also ask, Related searches"
esfp personality careers,Commercial,41,40,"0.18,1.00,0.18,0.18,1.00,0.18,0.18,0.18,0.18,0.18,0.18,0.18",18,0.00,0.33,"Sitelinks, AI Overview, Video, People also ask, Related searches"
estj a personagens,Informational,43,40,"1.00,0.23,0.11,0.23,0.11,0.11,0.11,0.82,0.11,0.00,0.00,0.00",27,0.00,0.00,"AI Overview, Video, Video carousel, People also ask, Discussions and forums, Related searches"
estj art,Informational,37,40,"1.00,0.64,0.27,0.18,0.27,0.36,0.36,0.36,0.18,0.18,0.18,0.18",21,0.00,0.33,"Sitelinks, Image, Image pack, Video, People also ask, Related searches"
estj female,Informational,37,40,"0.71,0.71,0.71,0.71,0.56,0.71,1.00,0.56,0.56,0.27,0.27,0.41",29,0.00,0.33,"Sitelinks, AI Overview, Image pack, Video, Video carousel, People also ask, Related searches"
estj性格,Informational,33,40,"1.00,0.79,0.10,0.10,0.00,0.79,0.79,0.55,0.00,0.21,0.21,0.21",30,0.00,0.33,"AI Overview, Video, People also ask, Related searches"
famous people with esfj,Informational,35,40,"0.00,0.00,0.03,1.00,0.00,0.00,0.00,0.28,0.00,0.21,0.00,0.00",27,0.00,0.33,"Sitelinks, AI Overview, Reviews, Video, People also ask, Related searches"
famous type 2 enneagram,Informational,56,40,"0.27,0.18,0.27,1.00,0.36,0.27,0.18,0.18,0.36,0.27,0.27,0.18",17,0.00,0.33,"AI Overview, Image, Image pack, Video, People also ask, Related searches"
famous type 4 enneagram,Informational,56,40,"0.18,0.27,0.18,1.00,0.36,0.27,0.36,0.18,0.36,0.27,0.18,0.18",11,0.00,0.33,"Sitelinks, AI Overview, Image, Image pack, Video, People also ask, Related searches"
feminine suffix enne,Informational,45,40,"0.00,0.00,1.00,0.06,0.06,0.00,0.06,0.00,0.06,0.06,0.06,0.06",10,0.00,0.33,"AI Overview, Reviews, People also ask, Related searches"
four self,Informational,37,40,"0.18,0.63,0.18,1.00,0.18,0.18,0.18,0.18,0.18,0.18,0.18,0.18",13,0.00,0.33,"Sitelinks, Image pack, Video, Video carousel, People also ask, Related searches"
free character strengths test,Navigational,32,40,"0.80,0.40,0.80,1.00,0.80,1.00,1.00,0.80,0.60,0.40,0.60,0.60",34,0.85,0.65,"Reviews, Video, Related searches"
free enneagram tritype test,Informational,57,40,"0.27,0.27,0.27,0.18,0.27,0.18,0.18,0.18,0.18,1.00,0.45,0.45",15,0.40,0.40,"Sitelinks, AI Overview, Reviews, Video, Discussions and forums, Related searches"
friendly and entertaining personality,Informational,34,40,"0.11,0.11,1.00,0.52,0.11,0.11,0.11,0.00,0.11,0.00,0.11,0.11",13,0.00,0.33,"Sitelinks, AI Overview, Video, People also ask, Related searches"
fun psychology tests,Informational,35,40,"0.00,0.71,1.00,0.59,1.00,0.59,0.71,1.00,0.00,0.12,0.12,0.12",33,0.82,0.16,"Sitelinks, Video, Video carousel, Discussions and forums"
good jobs for esfj,Commercial,33,40,"0.17,1.00,0.17,1.00,0.17,0.17,0.17,0.17,0.17,0.17,0.17,0.17",24,0.00,0.01,"Sitelinks, AI Overview, Video, People also ask, Related searches"
healthy enneagram 4,Informational,56,40,"1.00,1.00,0.78,0.78,0.33,0.33,0.22,0.22,0.22,0.22,0.22,0.22",17,0.00,0.01,"Sitelinks, AI Overview, Video, People also ask, Discussions and forums, Related searches"
helen palmer note,Informational,44,40,"1.00,1.00,0.18,0.18,0.18,0.18,0.18,0.18,0.18,0.18,0.18,0.18",24,0.00,0.33,"Sitelinks, AI Overview, Image, Video, Video carousel, People also ask, Related searches"
high i disc,Informational,28,40,"0.44,0.44,1.00,1.00,0.44,0.22,0.22,0.33,0.22,0.33,1.00,0.22",5,0.63,0.19,"Sitelinks, Image pack, Video, Video carousel, People also ask, Related searches"
highest paying enfp careers,Commercial,35,40,"0.73,0.73,0.73,1.00,1.00,0.27,0.27,0.27,0.27,0.27,0.27,0.27",20,0.00,0.33,"Sitelinks, AI Overview, Video, People also ask"
how rare is enfp t personality type,Informational,48,40,"0.11,0.41,0.11,0.11,0.11,1.00,0.11,0.00,0.11,0.11,0.11,0.11",29,0.00,0.33,"Sitelinks, AI Overview, Video, People also ask, Related searches"
how rare is intp t personality,Informational,46,40,"0.23,1.00,0.11,0.11,0.11,0.41,0.11,0.00,0.11,0.11,0.11,0.11",31,0.00,0.33,"Sitelinks, AI Overview, Video, People also ask, Related searches"
how rare is the infp t personality type,Informational,44,40,"0.14,0.14,1.00,0.14,0.14,0.78,0.14,0.00,0.14,0.14,0.14,0.14",34,0.00,0.33,"Sitelinks, AI Overview, Video, Video carousel, People also ask, Related searches"
i type personality,Informational,34,40,"0.21,0.29,0.35,0.35,0.14,0.14,0.06,0.14,0.06,0.35,0.50,1.00",18,0.56,0.06,"AI Overview, Video, Video carousel, People also ask, Related searches"
iconoclast enneagram,Informational,53,40,"1.00,1.00,0.29,0.29,0.29,0.43,0.29,0.43,0.29,0.29,0.29,0.43",16,0.00,0.33,"Sitelinks, AI Overview, Video, Video carousel, People also ask, Discussions and forums, Related searches"
ieq9 assessment,Navigational,40,40,"0.17,0.17,1.00,1.00,0.17,0.17,0.17,0.17,0.17,0.17,0.17,0.17",2,6.62,0.38,"Sitelinks, Image pack, Video, People also ask, Related searches, Ads top, Ads bottom"
in psychology the term personality refers to,Informational,34,40,"0.64,0.27,0.45,0.27,0.18,0.36,1.00,0.18,0.18,0.18,0.18,0.18",20,0.00,0.33,"Sitelinks, AI Overview, Video, People also ask, Related searches"
infj enneagram 4,Informational,56,40,"1.00,1.00,1.00,1.00,0.58,1.00,1.00,0.83,0.83,0.42,1.00,1.00",13,0.00,0.01,"Sitelinks, AI Overview, Image, Video, People also ask, Discussions and forums, Related searches"
infj iq,Informational,40,40,"1.00,1.00,1.00,0.33,0.33,0.67,0.33,0.33,0.33,0.33,0.33,0.33",20,0.00,0.33,"Sitelinks, AI Overview, Image pack, Video, Video carousel, People also ask, Related searches"
influencing and expressive personality meaning,Informational,37,40,"0.17,0.17,1.00,0.17,1.00,0.17,0.17,0.17,0.17,0.17,0.17,0.17",17,0.00,0.33,"AI Overview, Video, Video carousel, People also ask, Related searches"
influential personality type,Informational,43,40,"0.50,0.50,1.00,1.00,0.50,0.75,0.50,0.50,0.75,0.50,0.50,0.50",9,0.00,0.03,"AI Overview, Video, Video carousel, People also ask, Related searches"
infp a or infp t,"Informational, Commercial",44,40,"0.13,0.13,0.50,1.00,0.13,0.13,0.13,0.00,0.13,0.13,0.13,0.13",19,0.00,0.33,"Sitelinks, AI Overview, Video, Video carousel, People also ask, Related searches"
infp avatar,Informational,32,40,"0.11,0.11,0.64,1.00,0.11,0.11,0.11,0.11,0.11,0.11,0.11,0.11",19,0.00,0.33,"Sitelinks, AI Overview, Image pack, Video, Video carousel, People also ask, Related searches"
infp examples,Informational,44,40,"0.29,0.43,0.29,0.57,1.00,1.00,0.29,0.71,0.71,1.00,1.00,0.71",28,0.00,0.33,"Sitelinks, AI Overview, Image pack, Video, People also ask, Related searches"
infp negative traits,Informational,36,40,"0.27,1.00,0.45,0.45,0.27,0.27,0.18,0.18,0.18,0.18,0.18,0.27",21,0.00,0.33,"Sitelinks, AI Overview, Video, Video carousel, People also ask, Related searches"
infp personality careers,Commercial,35,40,"0.26,0.81,0.26,0.62,0.45,0.45,0.45,0.17,0.00,1.00,0.07,0.17",33,0.39,0.02,"Sitelinks, AI Overview, Video, People also ask, Related searches"
infp t 4w3,Informational,59,40,"0.11,1.00,0.41,0.11,0.11,0.52,0.11,0.00,0.00,0.00,0.11,0.00",5,0.00,0.33,"Sitelinks, AI Overview, Video, People also ask, Related searches"
infp t famous people,Informational,44,40,"0.11,0.11,0.11,1.00,0.64,0.11,0.64,0.00,0.00,0.00,0.05,0.00",24,0.00,0.01,"Sitelinks, AI Overview, Image, Video, Video carousel, People also ask, Related searches"
infp t job types,Commercial,44,40,"1.00,0.23,0.11,0.11,0.11,0.11,0.11,0.11,0.11,0.11,0.11,0.11",33,0.00,0.01,"Sitelinks, AI Overview, Video, People also ask, Related searches"
infp t quotes,Informational,44,40,"0.82,0.11,0.11,0.23,0.11,1.00,0.11,0.00,0.11,0.11,0.11,0.11",16,0.00,0.33,"Sitelinks, Image, Image pack, Video, Video carousel, Related searches"
infp-t personality celebrities,Informational,36,40,"0.20,0.00,0.00,0.06,0.00,0.80,0.00,1.00,0.14,0.49,0.66,0.29",21,0.00,0.33,"Sitelinks, AI Overview, Video, Video carousel, People also ask, Related searches"
inside job mbti,Commercial,45,40,"0.09,0.09,1.00,0.09,0.13,0.09,0.09,0.09,0.09,0.09,0.09,0.09",15,0.00,0.33,"Sitelinks, AI Overview, Image pack, Video, People also ask, Related searches"
insights reformer personality,Informational,59,40,"0.11,0.11,1.00,0.11,0.11,0.23,0.11,0.11,0.11,0.11,0.11,0.11",0,0.00,0.33,"AI Overview, Reviews, Video, Video carousel, People also ask, Related searches, Ads bottom, Ads middle"
integrative enneagram solutions,Navigational,49,40,"0.71,1.00,1.00,1.00,1.00,0.27,0.27,0.27,0.27,0.27,0.27,0.27",13,3.16,0.31,"Sitelinks, Reviews, Video, People also ask, Knowledge panel, Related searches, Ads top, Ads bottom"
intg personality,Informational,43,40,"0.00,0.00,0.00,0.00,0.00,0.00,1.00,0.00,0.00,0.00,0.00,0.00",26,0.33,0.05,"AI Overview, Reviews, Image, Image pack, Video, Video carousel, People also ask, Related searches"
intj 4w3,Informational,42,40,"0.27,0.27,0.27,0.56,0.71,0.41,0.41,0.27,1.00,1.00,0.71,0.71",6,0.00,0.33,"Sitelinks, AI Overview, Image pack, Video, People also ask, Related searches"
intj actors,Informational,31,40,"1.00,0.56,0.56,0.28,0.28,0.56,0.28,1.00,1.00,0.70,0.70,0.56",9,0.00,0.33,"Sitelinks, AI Overview, Image pack, Video, Video carousel, People also ask, Related searches"
intj at work,Informational,32,40,"1.00,0.71,1.00,0.71,1.00,0.27,0.27,0.27,0.27,0.27,0.27,0.27",16,0.00,0.33,"Sitelinks, AI Overview, Video, Video carousel, People also ask, Related searches"
intj charcters,Informational,37,40,"0.00,0.00,0.00,0.00,0.70,1.00,0.00,0.00,0.00,0.00,0.00,0.00",5,0.00,0.33,"Sitelinks, Image, Image pack, Video, Video carousel, People also ask, Related searches"
intj female celebrities,Informational,30,40,"1.00,0.60,0.40,0.80,0.80,0.60,0.40,0.80,0.80,0.60,0.40,1.00",11,0.00,0.33,"Sitelinks, AI Overview, Image pack, Video, People also ask, Related searches"
intj girl,Informational,32,40,"1.00,0.56,0.56,0.56,0.56,0.11,0.22,1.00,0.78,0.00,0.22,0.22",23,0.00,0.00,"Sitelinks, AI Overview, Image, Image pack, Video, Video carousel, People also ask, Discussions and forums, Related searches"
intj personality type jobs,Commercial,35,40,"0.18,0.18,0.18,1.00,0.18,0.18,1.00,0.18,0.18,0.18,0.18,0.36",19,0.00,0.05,"Sitelinks, AI Overview, Video, People also ask, Related searches"
intj popular people,Informational,37,40,"1.00,1.00,1.00,1.00,1.00,1.00,1.00,1.00,1.00,0.00,0.00,0.00",28,0.00,0.33,"Sitelinks, AI Overview, Video, People also ask, Related searches"
intj t vs a,Informational,43,40,"0.18,1.00,1.00,0.18,0.18,0.18,0.18,0.18,0.18,0.36,0.18,0.18",25,0.00,0.01,"Sitelinks, AI Overview, Image pack, Video, Video carousel, People also ask, Related searches"
intj workplace,Informational,32,40,"1.00,0.70,1.00,0.70,1.00,0.28,0.28,0.28,0.28,0.28,0.28,0.28",16,0.00,0.33,"Sitelinks, Video, Video carousel, People also ask, Related searches"
intj zodiac signs,Informational,36,40,"1.00,0.56,0.00,0.70,0.56,0.28,0.28,0.28,0.00,0.28,0.28,0.28",16,0.00,0.33,"Sitelinks, AI Overview, Image pack, Video, People also ask, Related searches"
intj 个性,Informational,32,40,"0.71,1.00,0.14,1.00,1.00,0.71,0.71,0.29,0.29,0.29,0.29,0.29",32,0.00,0.33,"AI Overview, Video, People also ask, Related searches"
intjmeaning,Informational,39,40,"0.00,0.00,1.00,0.00,0.00,0.00,0.00,0.00,0.00,0.00,0.00,0.00",30,0.31,0.02,"Sitelinks, AI Overview, Image, Image pack, Video, People also ask, Related searches"
intj是什麼,Informational,29,40,"0.00,0.00,0.00,0.00,0.00,0.80,0.80,0.80,0.00,0.80,0.67,1.00",34,0.00,0.33,"AI Overview, Video, Video carousel, People also ask, Related searches"
intp v intj,Informational,34,40,"0.11,0.03,0.00,1.00,0.80,0.00,0.00,0.00,0.00,0.00,0.00,0.00",17,0.07,0.01,"Sitelinks, AI Overview, Image pack, Video, Video carousel, People also ask, Related searches"
intp 男性,Informational,30,40,"1.00,1.00,1.00,1.00,1.00,1.00,1.00,1.00,1.00,0.00,1.00,1.00",19,0.00,0.33,"Sitelinks, AI Overview, Video, People also ask, Discussions and forums, Related searches"
intp-a characters,Informational,35,40,"0.00,0.00,0.00,0.81,0.37,0.63,0.37,0.44,0.63,0.63,0.81,1.00",28,0.00,0.00,"Sitelinks, Video, People also ask, Carousel, Discussions and forums, Related searches"
intuition personality type,Informational,43,40,"0.70,0.58,0.70,1.00,1.00,1.00,0.27,0.27,0.27,0.27,0.27,0.27",26,0.00,0.33,"Sitelinks, AI Overview, Image pack, Video, People also ask, Discussions and forums, Related searches"
is 4 and 8 compatible,Informational,60,40,"0.36,0.18,1.00,0.18,1.00,0.18,0.18,0.18,0.18,0.18,0.18,0.18",18,0.00,0.33,"Sitelinks, AI Overview, Reviews, Video, Video carousel, People also ask, Related searches"
is entj t rare,Informational,43,40,"1.00,0.28,0.13,0.13,0.63,0.13,0.13,0.00,0.13,0.13,0.13,0.13",20,0.00,0.33,"Sitelinks, AI Overview, Video, Video carousel, People also ask, Discussions and forums, Related searches"
is entp a rare,Informational,44,40,"0.18,0.36,0.18,1.00,0.18,0.18,0.18,0.00,0.18,0.18,0.18,0.18",24,0.00,0.33,"Sitelinks, AI Overview, Video, Video carousel, People also ask, Related searches"
is infp t personality rare,Informational,44,40,"1.00,0.18,0.36,1.00,0.18,0.63,0.18,0.18,0.18,0.18,0.18,0.18",34,0.00,0.33,"Sitelinks, AI Overview, Video, Video carousel, People also ask, Related searches"
is intj t rare,Informational,43,40,"0.14,0.78,1.00,0.14,0.14,0.28,0.14,0.00,0.14,0.14,0.14,0.14",32,0.00,0.33,"Sitelinks, AI Overview, Video, Video carousel, People also ask, Discussions and forums, Related searches"
is the enneagram demonic,Informational,43,40,"0.18,0.18,0.18,0.18,1.00,1.00,0.18,0.18,0.18,0.18,0.18,0.18",11,0.00,0.01,"Sitelinks, AI Overview, Video, Video carousel, People also ask, Discussions and forums, Related searches"
isfj a isfj t 分別,Informational,45,40,"0.18,0.36,0.18,1.00,0.82,0.64,0.18,0.18,0.18,0.18,0.18,0.18",24,0.00,0.33,"AI Overview, Image pack, Video, People also ask, Related searches"
isfj animal,Informational,45,40,"1.00,0.17,0.17,0.17,1.00,1.00,0.17,0.17,0.17,0.17,0.17,0.17",28,0.00,0.33,"Sitelinks, AI Overview, Video, People also ask, Related searches"
isfj women,Informational,35,40,"0.42,0.73,0.73,0.73,0.42,0.73,0.58,0.58,0.42,0.12,1.00,0.58",16,0.00,0.33,"Sitelinks, AI Overview, Image pack, Video, People also ask, Related searches"
istj test,Informational,34,40,"1.00,1.00,1.00,1.00,1.00,1.00,0.50,0.50,0.00,0.00,0.00,0.50",32,0.66,0.52,"Reviews, Video, Video carousel, People also ask, Related searches"
j vs p mbti test,"Informational, Commercial",30,40,"0.18,0.18,1.00,0.18,0.18,0.18,0.00,0.18,0.18,0.18,0.18,0.00",21,0.00,0.33,"Sitelinks, AI Overview, Video, Video carousel, Related searches"
jobs enfp,Commercial,44,40,"0.00,0.00,0.00,0.02,0.00,0.00,0.00,0.00,0.00,1.00,0.00,0.00",23,0.44,0.02,"Sitelinks, AI Overview, Video, Video carousel, Short videos, People also ask, Related searches"
jobs for esfj,Commercial,38,40,"0.18,0.18,0.18,0.36,1.00,0.18,0.18,0.18,0.18,0.45,0.45,0.18",22,0.00,0.02,"Sitelinks, AI Overview, People also ask, Related searches"
jobs for esfp personality,Commercial,39,40,"0.18,1.00,0.18,0.18,1.00,0.18,0.18,0.18,0.18,0.18,0.18,0.18",20,0.00,0.33,"Sitelinks, AI Overview, Video, People also ask, Discussions and forums, Related searches"
jobs for intj personality types,Commercial,34,40,"0.55,0.55,0.78,0.44,0.11,0.22,0.44,0.22,1.00,0.22,0.22,0.55",21,0.18,0.05,"Sitelinks, AI Overview, Video, People also ask, Related searches"
jobs for intjs,"Informational, Commercial",29,40,"0.28,0.17,0.28,0.33,0.06,1.00,0.44,0.17,0.44,0.44,0.33,0.28",28,0.50,0.01,"Sitelinks, Video, People also ask"
jobs for type 2 enneagram,"Informational, Commercial",50,40,"1.00,0.71,0.71,0.71,1.00,0.71,0.56,0.27,0.27,0.27,0.27,0.27",13,0.00,0.02,"Sitelinks, AI Overview, Video, People also ask, Discussions and forums, Related searches"
kinesthetic isfj,Informational,45,40,"0.13,0.13,0.50,0.13,0.63,1.00,0.13,0.00,0.13,0.13,0.13,0.13",22,0.00,0.33,"Featured snippet, Sitelinks, Image pack, People also ask, Discussions and forums, Related searches"
levi's mbti,Informational,45,40,"0.63,0.63,0.44,0.44,0.63,0.17,0.00,0.17,0.17,0.17,0.17,1.00",11,0.00,0.33,"Sitelinks, AI Overview, Video, People also ask, Related searches"
life path 9 and 6 compatibility,"Informational, Commercial",57,40,"0.57,0.57,0.43,0.43,0.57,0.43,0.57,0.29,0.71,0.71,0.71,1.00",27,0.00,0.33,"Sitelinks, AI Overview, Video, Video carousel, People also ask, Discussions and forums, Related searches"
mbs personality test,Informational,45,40,"0.79,0.59,1.00,1.00,1.00,0.38,1.00,0.79,0.38,0.38,0.38,0.38",0,1.50,0.14,"Video, People also ask, Related searches"
mbti 64 人格,Informational,45,40,"1.00,0.63,0.81,1.00,0.18,0.18,0.18,0.18,0.18,0.18,0.18,0.18",18,0.00,0.14,"Sitelinks, AI Overview, Image pack, Video, People also ask, Related searches"
mbti 64測試,Informational,45,40,"0.00,0.64,1.00,0.41,0.23,0.00,0.11,0.11,0.11,0.11,0.11,0.11",16,0.00,0.33,"Sitelinks, Video, People also ask, Related searches"
mbti alternative,Informational,39,40,"0.80,0.80,1.00,0.60,0.80,1.00,1.00,0.80,1.00,0.40,0.40,0.40",25,1.48,0.08,"Sitelinks, AI Overview, Image pack, Video, People also ask, Related searches"
mbti alternatives,Informational,39,40,"0.57,0.57,0.71,1.00,0.57,0.71,0.71,0.57,0.71,0.29,0.29,0.29",24,1.19,0.07,"Sitelinks, AI Overview, Image pack, Video, People also ask, Related searches"
mbti application,Informational,37,40,"0.71,1.00,1.00,1.00,1.00,1.00,0.27,0.27,0.27,0.27,0.27,0.27",30,0.46,0.05,"AI Overview, Reviews, Video, Video carousel, People also ask, Related searches"
mbti as instruments,Informational,45,40,"0.18,0.18,0.18,0.18,1.00,0.18,1.00,0.18,0.18,0.18,0.18,0.18",10,0.00,0.33,"Sitelinks, AI Overview, Image pack, Video, Related searches"
mbti book,Informational,45,40,"0.00,0.00,0.05,1.00,0.64,0.29,0.52,0.41,0.00,0.00,0.00,0.05",15,0.28,0.72,"Sitelinks, AI Overview, Video, Video carousel, People also ask, Related searches"
mbti by gender,Informational,45,40,"1.00,0.71,0.71,1.00,1.00,0.71,0.29,0.29,0.29,0.29,0.29,0.29",26,0.00,0.33,"Sitelinks, Image pack, Video, People also ask, Related searches"
mbti distribution percentages,Informational,45,40,"0.07,0.07,0.50,1.00,0.28,0.00,0.00,0.07,0.00,0.00,0.00",29,0.00,0.00,"Sitelinks, AI Overview, Video, People also ask, Related searches"
mbti for kids,Informational,35,40,"1.00,0.28,0.56,1.00,0.56,0.70,0.42,0.70,0.70,0.14,0.56,0.28",7,0.00,0.00,"Sitelinks, Video, People also ask, Related searches"
mbti form q,Informational,45,40,"0.40,0.40,0.40,0.40,0.40,1.00,1.00,0.80,1.00,0.60,1.00,1.00",28,1.06,0.11,"AI Overview, Reviews, Image pack, Video, People also ask, Related searches"
mbti gender,Informational,45,40,"1.00,0.70,0.70,1.00,1.00,0.70,0.28,0.28,0.28,0.28,0.28,0.28",6,0.00,0.33,"Sitelinks, AI Overview, Image pack, Video, People also ask, Related searches"
mbti graphics,Informational,45,40,"0.18,0.18,1.00,1.00,0.18,0.18,0.18,0.18,0.18,0.18,0.18,1.00",25,0.00,0.33,"Sitelinks, Image, Image pack, Video, Video carousel, People also ask, Related searches"
mbti iq ranking,Informational,37,40,"0.63,0.63,0.63,1.00,0.63,0.17,0.17,0.17,0.17,0.17,0.17,0.27",19,0.00,0.33,"Sitelinks, AI Overview, Reviews, Image pack, Video, Video carousel, People also ask, Related searches"
mbti korea,Informational,32,40,"0.63,1.00,1.00,0.00,0.13,0.13,0.13,0.13,0.13,0.13,0.13,0.38",24,0.00,0.33,"Sitelinks, AI Overview, Reviews, Image pack, Video, People also ask, Related searches"
mbti meaning tiktok,Informational,45,40,"0.11,0.11,0.63,0.11,0.11,0.11,0.11,0.11,0.11,0.11,1.00,0.11",29,0.00,0.33,"AI Overview, Video, Video carousel, Short videos, People also ask, Related searches"
mbti printable test,Informational,36,40,"0.29,0.29,0.29,1.00,1.00,0.29,0.57,0.71,0.57,1.00,0.57,0.29",21,0.00,0.03,"Sitelinks, Reviews, Image pack, Video, Related searches"
mbti rarest types,Informational,45,40,"0.56,1.00,0.67,0.22,0.22,0.22,0.67,0.67,0.67,0.22,0.44,0.22",33,0.00,0.33,"Sitelinks, AI Overview, Image, Image pack, Video, Video carousel, Short videos, People also ask, Related searches"
mbti test 免费,Informational,45,40,"0.11,0.11,0.64,1.00,0.11,0.41,0.52,0.11,0.11,0.00,0.00,0.00",22,0.39,0.22,"AI Overview, Video, Related searches"
mbti type characters,Informational,38,40,"0.56,1.00,0.67,0.56,0.56,0.44,0.67,0.44,0.44,0.00,0.11,0.67",27,0.00,0.33,"Sitelinks, Image pack, Video, People also ask, Related searches"
mbti type chart,Informational,44,40,"0.13,0.13,0.79,1.00,0.13,0.13,0.13,0.13,0.13,0.13,0.13,0.13",34,0.00,0.01,"Reviews, Image pack, Video, People also ask, Related searches"
mbti คืออะไร,Informational,45,40,"0.77,0.55,0.22,0.22,0.77,0.44,0.11,0.11,0.33,0.44,1.00,0.44",23,0.00,0.02,"AI Overview, Reviews, Video, Video carousel, People also ask, Related searches"
mbti มี กี่ แบบ,Informational,45,40,"0.22,0.77,0.77,1.00,0.22,0.77,0.77,0.77,0.22,0.22,0.22,0.22",26,0.00,0.05,"AI Overview, Video, People also ask, Related searches"
mbti แต่ละ ตัว ความ หมาย,Informational,45,40,"0.78,0.14,1.00,0.14,0.14,0.14,0.28,0.14,0.14,0.00,0.00,0.14",20,0.00,0.33,"AI Overview, Image, Image pack, Video, Video carousel, People also ask, Related searches"
mbti 中文 測試,"Informational, Transactional",33,40,"1.00,1.00,0.58,0.70,1.00,0.70,0.27,0.27,0.27,0.27,0.27,0.27",29,0.00,0.11,"Video, Related searches"
mbti 字母 代表,Informational,45,40,"0.45,0.17,0.17,0.17,0.17,1.00,1.00,0.64,0.36,0.36,0.17,0.17",31,0.00,0.33,"AI Overview, Reviews, Image pack, Video, People also ask, Related searches"
mbti 意味,Informational,45,40,"0.11,0.11,0.11,0.11,0.11,0.11,0.11,0.11,0.11,1.00,0.11,0.11",12,0.00,0.33,"AI Overview, Image pack, Video, People also ask, Related searches"
mbti 新測驗,Informational,45,40,"0.11,0.00,0.82,1.00,0.00,0.23,0.00,0.11,0.11,0.11,0.00,0.11",29,0.00,0.36,"Sitelinks, AI Overview, Video, Related searches"
mbti 성격유형 설명,Informational,32,40,"1.00,0.50,0.00,0.00,0.00,0.50,0.35,0.35,0.00,0.29,0.35,0.14",21,0.00,0.33,"AI Overview, Video, People also ask, Related searches"
mbtidatabase,Navigational,43,40,"0.00,1.00,0.00,0.00,0.00,0.50,0.75,0.00,0.50,0.00,0.00,0.50",33,0.00,0.33,"Sitelinks, Video, Related searches"
mbti字母含义,Informational,45,40,"1.00,0.00,0.00,0.00,0.08,0.63,0.81,0.63,0.37,0.37,0.17,0.17",32,0.00,0.33,"AI Overview, Reviews, Video, People also ask, Related searches"
meyer briggs intj,Informational,44,40,"0.00,0.28,0.28,0.06,0.05,0.00,0.00,0.01,0.28,0.01,0.01,1.00",29,0.15,0.07,"Sitelinks, AI Overview, Image, Image pack, Video, People also ask, Knowledge panel, Related searches"
most compatible enneagram types,Informational,58,40,"0.25,0.75,1.00,0.75,0.50,0.25,0.25,0.25,0.25,0.25,0.25,0.25",22,0.00,0.33,"Sitelinks, AI Overview, Image pack, Video, People also ask, Discussions and forums, Related searches"
most liked mbti,Informational,38,40,"0.14,0.14,1.00,0.14,0.21,0.35,0.14,0.21,0.14,0.14,0.29,0.14",10,0.00,0.33,"Sitelinks, AI Overview, Video, Video carousel, People also ask, Related searches"
mulank 3 and mulank 9 compatibility,Informational,57,40,"0.52,0.11,0.11,0.00,0.41,0.11,1.00,0.11,0.11,0.11,0.11,0.11",16,0.00,0.33,"AI Overview, Image, Image pack, Video, Video carousel, People also ask, Discussions and forums, Related searches"
mulank 5 and 9 compatibility,Informational,57,40,"0.00,1.00,0.11,0.23,0.11,0.11,0.11,0.41,0.11,0.11,0.11,0.11",12,0.00,0.33,"Sitelinks, AI Overview, Video, Video carousel, Short videos, People also ask, Discussions and forums, Related searches"
mulank 8 and 4 compatibility,Informational,60,40,"0.11,0.64,0.00,0.11,1.00,0.11,0.00,0.11,0.11,0.11,0.11,0.11",20,0.00,0.33,"Sitelinks, AI Overview, Image pack, Video, Video carousel, Short videos, People also ask, Discussions and forums, Related searches"
mydei mbti,Informational,45,40,"0.08,0.08,0.80,0.08,0.08,0.42,0.08,0.08,0.08,0.08,0.08,1.00",7,0.00,0.33,"Sitelinks, Image, Image pack, Video, People also ask, Related searches"
myers briggs form m,Informational,41,40,"1.00,0.17,1.00,0.17,0.17,0.17,0.17,0.17,0.17,0.17,0.17,0.17",14,0.00,0.02,"AI Overview, Reviews, Image pack, Video, People also ask, Related searches"
myers briggs personality type enfj,Informational,44,40,"0.17,0.64,0.45,0.17,1.00,0.17,0.17,0.17,0.17,0.17,1.00,0.17",27,0.54,0.18,"AI Overview, Reviews, Image, Image pack, Video, Video carousel, People also ask, Related searches"
myers briggs personality types percentage,Informational,52,40,"0.55,0.44,1.00,0.44,0.55,0.22,0.77,0.22,0.33,0.44,0.44,0.55",30,0.00,0.33,"Sitelinks, AI Overview, Image pack, Video, People also ask, Related searches"
myers briggs test for kids,Informational,37,40,"0.57,0.57,0.29,1.00,0.43,0.43,0.43,0.29,0.57,0.29,0.43,0.43",10,0.00,0.00,"Sitelinks, Video, People also ask, Related searches"
myers briggs type indicator form m,Informational,38,40,"1.00,0.17,1.00,0.17,0.17,0.17,0.17,0.17,0.17,0.17,0.17,0.17",22,0.00,0.02,"Sitelinks, AI Overview, Reviews, Video, Video carousel, People also ask, Related searches"
myerstest,Navigational,33,40,"0.80,0.80,1.00,0.80,1.00,0.80,1.00,0.59,0.59,0.59,0.59,0.59",26,0.82,0.33,"People also ask, Related searches"
mу type,Informational,45,40,"0.17,0.17,0.17,1.00,0.17,0.17,0.00,0.00,0.00,0.00,0.17,0.17",33,0.00,0.33,"AI Overview, Reviews, Video, Video carousel, People also ask, Related searches"
number 4 personality,Informational,61,40,"0.45,0.45,1.00,0.36,0.45,0.27,0.09,0.18,0.36,0.36,0.36,0.45",32,0.00,0.33,"AI Overview, Image pack, Video, People also ask, Related searches"
number 6 personality,Informational,62,40,"0.80,0.60,1.00,1.00,0.80,0.60,1.00,0.40,1.00,0.60,0.20,0.80",33,0.00,0.01,"AI Overview, Video, Video carousel, People also ask, Discussions and forums, Related searches"
number 9 enneagram,Informational,68,40,"0.11,0.11,0.11,1.00,0.65,0.11,0.11,0.11,0.11,0.11,0.11,0.11",20,0.45,0.11,"AI Overview, Image pack, Video, People also ask, Related searches"
nurturer personality type,Informational,37,40,"1.00,1.00,1.00,1.00,1.00,1.00,1.00,1.00,1.00,1.00,1.00,1.00",9,0.00,0.02,"AI Overview, Image pack, Video, People also ask, Related searches, Things to know"
origin of the enneagram,Informational,54,40,"0.00,0.42,0.58,0.58,1.00,0.42,0.83,0.33,0.00,0.08,0.08,0.17",18,0.03,0.03,"Sitelinks, AI Overview, Video, People also ask, Related searches"
ororon mbti,Informational,45,40,"1.00,0.11,0.11,0.11,0.11,0.11,0.11,0.11,0.11,0.11,0.11,0.11",21,0.00,0.33,"Image, Image pack, Video, Video carousel, People also ask, Related searches"
perfectionist enneagram,Informational,53,40,"0.44,0.55,0.55,0.44,0.55,0.44,0.44,0.44,0.22,1.00,0.11,0.11",8,0.48,0.04,"Sitelinks, AI Overview, Image pack, Video, Video carousel, People also ask, Related searches"
perosnality database,Navigational,43,40,"0.00,0.00,0.41,0.52,0.52,0.05,0.23,0.00,0.11,0.05,0.00,1.00",23,1.36,0.33,"Sitelinks, Related searches"
personal profile analysis test,Informational,37,40,"0.27,0.27,0.27,0.36,1.00,0.27,0.36,0.27,0.27,0.18,0.18,0.36",11,1.30,0.29,"Sitelinks, AI Overview, Reviews, Video, Video carousel, People also ask, Related searches"
personality 9,Informational,52,40,"0.00,0.71,0.27,0.41,0.56,0.41,0.71,0.27,0.71,1.00,0.56,0.56",18,0.63,0.22,"AI Overview, Reviews, Image pack, Video, Video carousel, People also ask, Related searches"
personality 9 enneagram,Informational,62,40,"1.00,0.22,0.00,0.33,0.33,0.22,0.77,0.11,0.22,0.00,0.11,0.11",24,0.81,0.33,"Sitelinks, Image pack, Video, People also ask, Related searches"
personality archetype test,"Informational, Commercial",37,40,"0.43,0.00,1.00,0.21,0.11,0.32,0.43,0.32,0.11,1.00,0.00,0.54",33,0.87,0.54,"Sitelinks, Reviews, Video, People also ask, Related searches, Things to know"
personality database infp,"Informational, Transactional",33,40,"0.60,0.40,1.00,0.20,0.20,0.20,0.20,0.20,0.20,0.20,0.20,0.20",17,0.00,0.33,"Video, People also ask, Related searches"
personality enfp test,"Informational, Commercial",48,40,"0.00,0.00,0.00,0.00,0.00,0.00,0.00,1.00,0.00,0.00,0.00,0.00",29,0.47,0.54,"Sitelinks, AI Overview, Reviews, Video, Video carousel, People also ask, Discussions and forums, Related searches"
personality entp t,Informational,44,40,"0.13,0.13,0.13,0.28,1.00,0.13,0.13,0.00,0.13,0.13,0.13,0.13",24,0.00,0.33,"Sitelinks, AI Overview, Reviews, Video, Video carousel, People also ask, Related searches"
personality index types,Informational,52,40,"0.57,0.57,0.57,0.57,0.29,0.57,0.43,0.43,0.29,0.57,1.00,1.00",20,0.00,0.02,"Sitelinks, AI Overview, Reviews, Video, People also ask, Related searches"
personality insights test,Informational,38,40,"0.12,0.12,0.71,1.00,0.71,1.00,0.59,0.59,0.59,0.59,0.71,0.71",32,1.45,0.49,"Sitelinks, AI Overview, Reviews, Video, Related searches"
personality psychological facts,Informational,35,40,"1.00,1.00,0.67,1.00,0.67,0.67,1.00,0.22,0.22,0.22,0.22,0.22",23,0.00,0.33,"Sitelinks, AI Overview, Video, Video carousel, People also ask, Related searches"
personality traits of architects,Informational,31,40,"1.00,0.13,0.13,0.13,1.00,0.13,0.13,0.13,0.13,0.13,0.13,0.13",21,0.00,0.01,"Sitelinks, AI Overview, Reviews, Video, People also ask, Discussions and forums, Related searches"
personality type 7,Informational,56,40,"0.00,0.26,0.45,0.36,0.45,1.00,0.45,0.62,0.62,0.07,0.45,0.17",22,0.47,0.07,"Sitelinks, AI Overview, Video, People also ask, Related searches"
personality type abcd test,"Informational, Commercial",43,40,"1.00,0.07,0.07,0.21,0.14,0.35,0.14,0.35,0.14,0.21,0.64,0.21",25,0.44,0.48,"Sitelinks, AI Overview, Video, Related searches, Ads middle"
personality type acronyms,Informational,42,40,"0.00,1.00,0.26,0.36,1.00,0.26,0.00,0.00,0.00,0.45,0.62,0.00",28,0.15,0.14,"Sitelinks, AI Overview, Video, People also ask, Related searches"
personality type challenger,Informational,56,40,"0.64,0.28,0.14,1.00,0.14,0.14,0.14,0.14,0.14,0.14,0.14,0.14",17,0.00,0.14,"AI Overview, Reviews, Image pack, Video, People also ask, Discussions and forums, Related searches"
personality type entj a,Informational,47,40,"0.28,0.14,0.64,0.14,1.00,0.50,0.14,0.00,0.00,0.14,0.14,0.14",21,0.00,0.02,"AI Overview, Reviews, Video, Video carousel, People also ask, Related searches"
personality type isfj t,Informational,45,40,"0.23,0.11,0.64,1.00,0.23,0.11,0.11,0.00,0.11,0.11,0.11,0.11",30,0.00,0.01,"Sitelinks, AI Overview, Image pack, Video, People also ask"
personality type test enfj,Informational,45,40,"0.18,0.63,0.45,0.18,1.00,0.18,0.18,0.18,0.18,0.18,1.00,0.18",30,0.54,0.18,"Sitelinks, AI Overview, Reviews, Video, People also ask, Related searches, Ads top, Ads bottom"
personality types entj,Informational,43,40,"0.00,0.00,1.00,0.00,0.00,0.00,0.00,0.00,0.00,0.00,0.00,0.00",30,0.33,0.07,"AI Overview, Reviews, Image pack, Video, People also ask, Related searches"
personlighedstyper,Informational,45,40,"0.63,1.00,0.18,0.18,0.18,0.18,0.18,0.09,0.18,0.18,0.18,0.18",12,0.00,0.33,"AI Overview, Image pack, People also ask, Related searches, Things to know"
precise and deliberate personality meaning,Informational,33,40,"1.00,0.18,0.18,0.18,1.00,0.18,0.18,0.18,0.18,0.18,0.18,0.18",3,0.00,0.33,"AI Overview, Video, People also ask, Related searches"
protagonist celebrities,Informational,27,40,"0.18,0.18,0.18,1.00,1.00,0.18,0.18,0.18,0.18,0.18,0.18,0.18",16,0.00,0.33,"Sitelinks, AI Overview, Video, People also ask, Related searches"
protagonist enfj t careers,"Informational, Commercial",40,40,"0.11,1.00,1.00,0.23,0.11,0.00,0.11,0.00,0.11,0.00,0.11,0.00",17,0.00,0.01,"Sitelinks, AI Overview, Video, People also ask, Discussions and forums, Related searches"
protagonist jobs,Commercial,30,40,"1.00,0.18,0.18,1.00,1.00,0.18,0.18,0.18,0.18,0.18,0.18,0.18",6,0.00,0.33,"Video, Jobs, Related searches"
que es eneagrama,Informational,44,40,"0.28,0.70,0.28,1.00,0.56,0.70,0.28,0.28,0.28,0.28,1.00,0.28",18,0.74,0.10,"Sitelinks, AI Overview, Reviews, Image pack, Video, Video carousel, People also ask, Related searches"
quiz what's your type,Informational,38,40,"0.00,0.00,0.00,0.00,0.00,0.00,0.00,0.00,0.00,0.00,0.00,0.00",27,0.13,0.01,"Video, Related searches"
rare myers briggs personality types,Informational,43,40,"0.52,0.22,0.43,0.43,0.00,0.43,1.00,0.09,0.74,1.00,0.09,0.09",24,0.00,0.02,"Sitelinks, AI Overview, Image, Video, Video carousel, People also ask, Related searches"
rareness of personality types,Informational,58,40,"0.78,0.56,1.00,0.78,0.44,0.56,0.22,0.22,0.22,0.22,0.22,0.22",24,0.00,0.01,"Sitelinks, AI Overview, Image, Image pack, Video, People also ask, Related searches"
rarity of personality types,Informational,58,40,"0.79,1.00,0.79,0.79,0.00,0.55,0.21,0.21,0.21,0.21,0.21,0.21",25,0.00,0.01,"Sitelinks, AI Overview, Image, Image pack, Video, Video carousel, People also ask, Discussions and forums, Related searches"
reformer enneagram,"Informational, Commercial",59,40,"0.06,0.00,0.29,0.29,1.00,0.35,0.29,0.14,0.06,0.06,0.64,0.21",7,0.32,0.06,"Sitelinks, AI Overview, Reviews, Image pack, Video, People also ask, Related searches, Things to know"
s in disc personality,Informational,37,40,"0.21,0.21,0.13,0.13,1.00,0.28,0.13,0.06,0.64,0.06,0.06,0.06",20,0.34,0.14,"AI Overview, Video, Video carousel, People also ask, Related searches"
s or n mbti,Informational,37,40,"0.18,1.00,0.18,0.18,0.18,0.36,0.18,0.18,0.18,0.18,0.64,0.36",20,0.00,0.33,"Sitelinks, AI Overview, Image pack, Video, People also ask, Related searches"
sd disc personality,Informational,34,40,"0.18,0.18,1.00,1.00,0.45,0.18,0.18,0.18,0.27,0.27,0.18,0.18",16,0.00,0.14,"Sitelinks, AI Overview, Image pack, Video, People also ask, Related searches"
self discovery personality test,Informational,39,40,"0.14,0.78,1.00,0.28,0.21,0.28,0.21,0.14,0.14,0.14,0.14,0.14",12,0.00,0.13,"Sitelinks, AI Overview, Reviews, Video, Discussions and forums, Related searches"
self preservation 4 enneagram,Informational,48,40,"0.57,0.29,0.57,0.43,0.29,0.29,0.57,0.57,0.43,0.43,1.00,0.71",1,0.00,0.33,"Sitelinks, AI Overview, Video, Video carousel, People also ask, Discussions and forums, Related searches"
sensing mbti,Informational,38,40,"0.04,0.04,0.04,0.66,1.00,0.00,0.00,0.14,0.00,0.00,0.00,0.33",10,0.00,0.33,"Sitelinks, AI Overview, Image pack, Video, Video carousel, People also ask, Related searches"
sexual variant enneagram,Informational,54,40,"0.80,1.00,1.00,0.40,1.00,0.40,1.00,0.40,0.60,0.40,0.40,0.40",10,0.00,0.33,"Sitelinks, AI Overview, Video, People also ask"
social enneagram 4,Informational,61,40,"0.44,0.33,1.00,0.22,0.33,0.33,0.55,0.33,0.22,0.33,1.00,1.00",17,0.00,0.33,"Sitelinks, AI Overview, Image pack, Video, Video carousel, Short videos, People also ask, Related searches"
stable and concerned personality meaning,Informational,35,40,"0.18,0.18,1.00,0.18,1.00,0.18,0.18,0.18,0.18,0.18,0.18,0.18",12,0.00,0.33,"Sitelinks, AI Overview, Reviews, Video, People also ask, Related searches"
suzanne stabile age,Informational,26,40,"1.00,0.78,0.14,0.14,0.14,0.14,0.14,0.14,0.14,0.14,0.14,0.14",21,0.00,0.33,"AI Overview, Reviews, Video, People also ask, Related searches"
tdi mbti,Informational,45,40,"0.18,0.18,1.00,0.18,0.18,1.00,0.18,0.18,0.18,0.18,0.18,0.18",11,0.00,0.33,"Sitelinks, Image pack, Video, Video carousel, People also ask, Related searches"
temperament and character inventory test online free,Informational,35,40,"0.17,0.17,0.27,1.00,0.17,1.00,0.17,0.17,0.17,0.17,0.17,1.00",28,1.10,0.47,"AI Overview, Related searches"
test infj or infp,Informational,41,40,"1.00,1.00,1.00,0.00,1.00,0.71,0.71,0.27,0.27,0.27,0.27,0.27",4,0.33,0.07,"Sitelinks, Video, Video carousel, People also ask, Related searches, Ads top, Ads bottom"
test myers briggs pdf,Informational,52,40,"1.00,1.00,1.00,0.71,0.71,0.57,0.71,0.28,0.28,0.28,0.28,0.28",16,0.00,0.02,Related searches
the carl jung psychology test,Informational,34,40,"0.14,0.14,0.14,0.14,0.14,0.14,0.14,1.00,0.14,0.14,0.14,0.14",20,0.45,0.50,"Sitelinks, AI Overview, Video, Video carousel, People also ask, Knowledge panel, Discussions and forums, Related searches"
the chosen mbti,Informational,45,40,"0.18,1.00,0.18,0.18,0.27,0.18,0.18,0.18,0.18,0.18,0.18,0.18",1,0.00,0.33,"Sitelinks, Video, People also ask, Related searches"
the enneagram guide to waking up,Informational,48,40,"1.00,0.64,0.11,0.11,0.11,0.23,0.17,0.11,0.11,0.11,0.11,0.11",12,0.43,0.92,"Sitelinks, Video, Video carousel, People also ask, Knowledge panel, Related searches"
the enneagram institute riso hudson enneagram type indicator,"Informational, Navigational",45,40,"0.23,0.52,0.23,0.11,0.11,1.00,0.11,0.11,0.11,0.11,0.11,0.00",32,0.00,0.00,"Sitelinks, AI Overview, Reviews, Video, Related searches"
the helper personality type,"Informational, Commercial",48,40,"0.17,0.17,0.17,1.00,0.17,1.00,0.17,0.17,0.17,0.17,0.17,0.17",11,0.67,0.14,"Sitelinks, AI Overview, Video, Video carousel, People also ask, Related searches, Things to know"
the middle mbti,Informational,45,40,"1.00,0.28,0.71,0.57,0.57,0.71,0.71,0.57,0.71,0.28,0.42,0.28",7,0.00,0.33,"Sitelinks, Image pack, Video, People also ask, Related searches"
the reformer personality type,Informational,59,40,"0.18,0.18,0.18,0.18,0.18,0.18,0.18,0.45,0.45,0.36,0.64,1.00",18,0.95,0.08,"Sitelinks, AI Overview, Reviews, Video, Video carousel, People also ask, Discussions and forums, Related searches"
the road back to you enneagram,Informational,56,40,"0.18,0.18,0.18,0.18,0.18,0.18,1.00,0.18,0.18,0.18,1.00,0.18",18,0.59,0.88,"Sitelinks, Reviews, Video, Video carousel, People also ask, Knowledge panel, Related searches"
the road back to you summary,Informational,25,40,"1.00,0.36,0.45,0.36,0.26,0.36,0.17,0.17,0.17,0.17,0.17,0.17",6,0.00,0.01,"AI Overview, Reviews, Video, People also ask, Related searches"
the typefinder personality test,Informational,36,40,"0.53,0.09,0.09,0.09,1.00,0.09,0.09,0.09,0.09,0.09,0.09,0.09",21,0.59,0.13,"Reviews, Video, People also ask, Related searches, Ads bottom"
tipe one,"Informational, Transactional",69,40,"0.28,0.78,0.00,1.00,0.14,0.14,0.14,0.14,0.00,0.14,0.14,0.14",23,0.00,0.33,"Sitelinks, AI Overview, Reviews, Image, Image pack, Video, Video carousel, Related searches"
tipos de personalidade,Informational,33,40,"1.00,0.64,0.45,0.45,0.17,0.17,0.17,0.17,0.17,0.17,0.17,0.17",23,0.00,0.08,"AI Overview, Image, Image pack, Video, Video carousel, People also ask, Related searches"
true colors personality test online,Informational,33,40,"0.54,0.54,0.54,0.75,1.00,0.43,0.21,0.21,0.21,0.21,0.32,0.21",29,0.94,0.28,"Sitelinks, Reviews, Video, Related searches"
ttp www humanmetrics com cgi win jtypes2 asp,"Navigational, Transactional",45,40,"0.28,0.28,0.28,0.42,0.71,0.71,0.71,0.28,0.57,1.00,0.71,1.00",25,1.22,0.32,"Sitelinks, Reviews, Related searches, Ads top, Ads bottom"
typ5,Informational,47,40,"1.00,0.82,0.18,0.18,0.18,0.18,0.36,0.18,0.18,0.18,0.18,0.18",29,0.00,0.33,"AI Overview, Video, Video carousel, People also ask, Related searches"
type 1 ennegram,Informational,67,40,"0.22,0.22,0.44,1.00,0.44,1.00,0.78,0.44,0.56,0.00,0.44,0.78",22,0.69,0.02,"AI Overview, Image pack, Video, Video carousel, People also ask, Related searches"
type 1 reformer personality,Informational,59,40,"0.14,0.14,0.78,0.28,1.00,0.14,0.14,0.14,0.14,0.14,0.14,0.14",16,0.00,0.08,"Sitelinks, AI Overview, Reviews, Image pack, Video, Video carousel, People also ask, Related searches"
type 2 enneagrams,Informational,65,40,"1.00,0.00,0.00,0.00,0.00,0.00,0.00,0.00,0.00,0.00,0.00,0.00",26,0.00,0.00,"AI Overview, Reviews, Image pack, Video, People also ask, Related searches, Ads top, Ads middle"
type 2 ennegram,Informational,63,40,"0.00,0.00,1.00,0.00,0.00,0.00,0.00,0.00,0.00,0.00,0.00,0.00",25,1.16,0.02,"AI Overview, Image pack, Video, Video carousel, People also ask, Related searches, Things to know"
type 2 wing 1,Informational,42,40,"0.71,1.00,0.71,0.43,0.43,0.57,0.43,0.43,0.29,0.29,0.29,0.29",17,0.00,0.01,"Sitelinks, Image pack, Video, Video carousel, People also ask, Related searches"
type 5 to ku,Informational,62,40,"0.11,0.11,1.00,0.11,0.11,0.64,0.11,0.11,0.11,0.11,0.11,0.11",13,0.00,0.33,"Sitelinks, Image, Image pack, Video, People also ask, Related searches"
type 6 loyalist enneagram,Informational,57,40,"0.18,0.18,0.18,1.00,1.00,0.18,0.18,0.18,0.18,0.18,0.18,0.18",18,0.00,0.07,"Sitelinks, AI Overview, Reviews, Image pack, Video, People also ask, Discussions and forums, Related searches"
type 7 ennagram,Informational,62,40,"0.00,0.00,0.00,0.00,0.00,0.00,1.00,0.00,0.00,0.00,0.00,0.00",22,0.41,0.03,"AI Overview, Image pack, Video, People also ask, Related searches"
type 7 enneagram careers,Commercial,52,40,"0.71,0.71,0.71,1.00,0.71,0.71,0.29,0.29,0.29,0.29,0.29,0.29",10,0.00,0.33,"Sitelinks, AI Overview, Video, People also ask, Discussions and forums, Related searches"
type 7 enneagram celebrities,Informational,52,40,"0.17,0.26,0.26,1.00,1.00,0.17,0.17,0.17,0.62,0.26,0.17,0.17",10,0.00,0.33,"AI Overview, Video, People also ask, Related searches"
unhealthy 7 enneagram,Informational,60,40,"1.00,0.41,0.41,0.41,0.41,0.41,0.27,0.41,0.41,0.41,0.41,0.41",17,0.00,0.33,"Sitelinks, AI Overview, Video, Video carousel, People also ask, Discussions and forums, Related searches"
unhealthy 8 enneagram,Informational,55,40,"0.56,0.71,0.71,0.71,1.00,0.71,0.56,0.56,0.41,0.41,0.71,0.27",13,0.00,0.01,"Sitelinks, AI Overview, Image pack, Video, People also ask, Discussions and forums, Related searches"
unhealthy enneagram 5,Informational,58,40,"0.33,1.00,1.00,0.33,0.33,0.33,1.00,0.33,0.67,0.33,0.33,0.33",16,0.00,0.33,"Sitelinks, AI Overview, Image pack, Video, People also ask, Discussions and forums, Related searches"
v mbti,Informational,45,40,"0.18,1.00,1.00,0.18,0.18,0.18,0.18,0.18,0.18,0.18,1.00,1.00",14,0.00,0.33,"Sitelinks, AI Overview, Image pack, Video, Video carousel, People also ask, Related searches"
various theory of personality,Informational,36,40,"0.18,0.18,0.18,0.18,0.18,0.18,1.00,0.18,0.18,0.18,0.18,1.00",32,0.00,0.33,"Sitelinks, AI Overview, Reviews, Video, Video carousel, People also ask, Related searches"
what are the 9 enneagram personality types,Informational,61,40,"0.23,0.11,1.00,0.11,0.11,0.11,0.11,0.11,0.11,0.11,0.11,0.11",30,0.27,0.37,"Sitelinks, AI Overview, Reviews, Video, People also ask, Related searches, Ads bottom"
what does 4w5 mean,Informational,41,40,"1.00,0.40,0.11,0.11,0.11,0.29,0.11,0.11,0.11,0.11,0.29,0.11",23,0.59,0.08,"Sitelinks, AI Overview, Video, People also ask, Related searches"
what does intp a mean,Informational,43,40,"0.28,0.28,0.56,1.00,0.28,0.56,0.28,0.00,0.28,0.28,0.28,0.28",34,0.00,0.01,"Sitelinks, AI Overview, Video, People also ask, Related searches"
what does the t in enfp t mean,Informational,48,40,"0.81,0.18,1.00,0.63,0.36,0.18,0.18,0.18,0.18,0.18,0.18,0.18",24,0.00,0.02,"Sitelinks, AI Overview, Video, Video carousel, People also ask, Related searches"
what infp personality,Informational,44,40,"0.00,0.00,0.00,0.04,0.00,0.00,0.00,0.00,0.00,1.00,0.00,0.00",33,0.46,0.08,"Sitelinks, AI Overview, Image pack, Video, People also ask, Related searches"
what intp,Informational,37,40,"1.00,0.55,0.79,0.45,0.79,0.55,0.45,0.33,0.00,0.33,0.00,0.00",32,0.00,0.33,"Sitelinks, AI Overview, Image pack, Video, People also ask, Related searches"
what is a 1 enneagram,Informational,65,40,"0.17,1.00,1.00,0.17,0.17,0.17,0.17,0.17,0.17,0.17,0.17,0.17",23,0.00,0.03,"AI Overview, Reviews, Image pack, Video, Video carousel, People also ask, Related searches"
what is a 9 enneagram,Informational,68,40,"0.17,0.17,0.17,1.00,0.17,0.17,0.17,0.17,1.00,0.17,0.17,0.17",16,0.37,0.13,"Sitelinks, AI Overview, Image pack, Video, Video carousel, People also ask, Related searches"
what is an intj t,Informational,43,40,"0.48,1.00,0.48,0.48,0.48,0.48,0.48,0.00,0.48,0.48,0.48,0.48",29,0.00,0.04,"Sitelinks, AI Overview, Video, Video carousel, People also ask, Related searches"
what my type quiz,Informational,36,40,"0.14,0.06,1.00,0.03,0.00,0.00,0.42,0.00,0.00,0.03,0.00,0.06",29,0.65,0.04,"Video, Video carousel, Related searches"
what personality type is the challenger,Informational,56,40,"0.28,1.00,0.14,0.64,0.14,0.14,0.28,0.14,0.14,0.14,0.14,0.14",6,0.00,0.33,"Sitelinks, AI Overview, Reviews, Video, People also ask, Related searches"
what type personality am i abcd,Informational,40,40,"1.00,0.18,0.18,0.18,0.18,0.18,0.18,0.18,0.18,0.18,0.18,0.18",5,0.38,0.66,"Sitelinks, AI Overview, Video, Video carousel, People also ask, Related searches, Ads bottom"
what's the best personality type,Commercial,42,40,"0.18,0.18,0.18,0.18,1.00,0.18,0.09,0.18,0.18,0.18,0.18,1.00",17,1.35,0.03,"Sitelinks, AI Overview, Image pack, Video, Video carousel, People also ask, Related searches"
whats my type wuiz,Informational,33,40,"0.36,0.27,0.63,1.00,0.00,0.18,0.63,0.27,0.36,0.00,0.09,0.00",15,0.38,0.05,"Video, Related searches"
who is my type,Informational,35,40,"0.17,0.17,0.17,0.17,0.17,0.17,0.17,0.17,1.00,0.17,0.17,1.00",28,0.00,0.33,"Sitelinks, AI Overview, Video, Related searches"
who is your type,Informational,38,40,"0.17,0.17,0.17,0.17,0.17,0.17,0.17,0.17,1.00,0.17,0.17,1.00",26,0.00,0.33,"Sitelinks, AI Overview, Video, Video carousel, People also ask, Related searches"
win or lose mbti,Informational,45,40,"0.47,0.47,0.47,0.47,1.00,0.47,0.47,0.47,0.47,0.47,0.47,0.47",14,0.00,0.33,"Reviews, Image pack, Video, People also ask, Related searches"
wing 8,Informational,42,40,"0.36,0.27,0.27,0.36,0.36,0.36,0.45,0.36,0.36,0.36,0.45,1.00",22,5.08,0.15,"Sitelinks, AI Overview, Image pack, Video, Video carousel, People also ask, Related searches, Ads bottom"
wing enneagram,Informational,61,40,"0.43,0.43,0.31,0.03,0.31,0.03,0.17,0.09,0.00,0.00,0.00,1.00",16,0.83,0.02,"Sitelinks, AI Overview, Video, Video carousel, People also ask, Related searches"
xnxp personality type test,Informational,32,40,"0.56,0.44,0.56,0.22,0.56,0.33,0.00,1.00,1.00,0.22,0.22,0.22",11,0.00,0.01,"Sitelinks, AI Overview, Video, Video carousel, Short videos, People also ask, Discussions and forums, Related searches"
your type test,Informational,40,40,"0.27,0.27,0.27,0.36,0.18,0.27,0.18,0.18,0.18,0.18,1.00,0.18",26,0.00,0.01,"Video, Related searches"
yourself first personality test,Informational,36,40,"0.44,1.00,0.83,0.28,0.28,0.17,0.28,0.17,0.17,0.17,0.17,0.17",23,1.04,0.41,"Sitelinks, AI Overview, Reviews, Video, Video carousel, People also ask, Related searches"
九 型 人格 4 号,Informational,61,40,"1.00,1.00,1.00,1.00,1.00,1.00,1.00,1.00,1.00,1.00,1.00,1.00",4,0.00,0.33,"AI Overview, Video, Video carousel, People also ask, Related searches"
建築師人格,Informational,29,40,"0.00,0.00,0.75,1.00,0.75,1.00,0.54,0.75,0.43,0.00,0.00,0.21",28,0.00,0.33,"AI Overview, Video, People also ask, Related searches"
指揮 官,Informational,25,40,"0.00,0.00,0.45,0.18,1.00,0.45,0.18,0.00,0.18,0.18,0.18,0.18",19,0.00,0.33,"AI Overview, Image pack, Video, Video carousel, People also ask, Related searches"
新mbti,Informational,45,40,"0.05,0.05,0.05,0.05,0.05,0.11,0.00,1.00,0.11,0.11,0.11,0.64",27,0.88,0.16,"Video, People also ask, Related searches"
邁爾斯-布里格斯類型指標,"Informational, Transactional",45,40,"0.11,0.11,1.00,0.11,0.82,0.11,0.00,0.00,0.11,0.00,0.00,0.00",18,0.00,0.19,"AI Overview, Video, People also ask, Knowledge panel, Related searches"
黄子弘 凡 mbti,Informational,45,40,"1.00,1.00,1.00,1.00,0.00,1.00,1.00,1.00,1.00,0.00,1.00,1.00",20,0.00,0.33,"Featured snippet, Video, People also ask"
이서진 mbti,Informational,45,40,"0.11,0.11,0.11,0.11,0.11,0.11,0.11,0.83,0.11,0.11,1.00,0.65",15,0.00,0.33,"AI Overview, Image pack, Video, Video carousel, Related searches"
64 mbti test,Informational,45,30,"1.00,0.00,0.77,0.11,0.22,0.22,0.22,0.22,0.22,0.22,0.22,0.22",0,1.25,0.14,"Sitelinks, Reviews, Video, People also ask, Related searches"
am i intj,Informational,40,30,"0.22,0.33,0.33,0.22,0.00,0.33,1.00,0.22,0.44,0.44,0.44,0.56",19,0.83,0.23,"Sitelinks, AI Overview, Reviews, Video, People also ask, Related searches"
careers for enfp personality,Commercial,38,30,"0.60,0.00,0.20,1.00,1.00,0.60,0.20,0.00,1.00,0.80,1.00,1.00",24,0.83,0.02,"Sitelinks, AI Overview, Video, People also ask, Related searches"
christian enneagram,Informational,49,30,"0.18,0.18,0.18,0.18,1.00,0.18,0.18,0.18,0.18,0.18,0.27,0.18",12,0.84,0.29,"Sitelinks, AI Overview, Video, Video carousel, Related searches"
david daniels enneagram,Navigational,55,30,"1.00,1.00,1.00,1.00,1.00,1.00,1.00,1.00,1.00,1.00,1.00,1.00",22,2.15,0.24,"Sitelinks, Reviews, Image pack, Video, Video carousel, People also ask, Related searches"
driver driver personality test,Informational,34,30,"0.18,1.00,0.18,0.18,0.18,0.18,0.18,0.18,0.18,0.18,0.18,0.18",16,1.36,0.15,"AI Overview, Video, Video carousel, People also ask"
driver expressive amiable analytical test,Informational,30,30,"0.59,0.39,0.59,1.00,0.59,0.59,0.39,0.39,0.80,0.39,0.20,0.39",10,1.07,0.18,"AI Overview, Reviews, Video, Related searches, Ads bottom"
enigma test,Informational,46,30,"0.80,0.60,1.00,0.40,0.40,0.40,0.40,0.40,0.40,0.40,0.40,0.40",15,0.78,0.40,"Reviews, Video, People also ask, Related searches"
ennagram type 2,Informational,56,30,"1.00,0.00,0.00,0.00,0.00,0.00,0.00,0.00,0.00,0.00,0.00,0.00",26,0.71,0.04,"Sitelinks, AI Overview, Video, Short videos, People also ask, Related searches"
enne espanol,Informational,48,30,"0.00,0.00,0.00,0.00,1.00,0.00,0.00,0.00,0.00,0.00,0.00,0.00",32,2.30,0.33,"AI Overview, Video, People also ask, Related searches"
enneagram 4 test,Informational,65,30,"1.00,1.00,1.00,1.00,1.00,1.00,1.00,1.00,1.00,1.00,1.00,1.00",33,0.54,0.29,"Sitelinks, AI Overview, Video, Video carousel, People also ask, Related searches"
enneagram career test,Commercial,60,30,"0.48,0.48,0.48,0.74,0.74,1.00,0.48,0.74,0.48,0.48,0.74,0.48",33,1.04,0.71,"Sitelinks, AI Overview, Reviews, Video, People also ask, Related searches, Ads bottom"
enneagram certification program,Informational,52,30,"0.47,0.47,1.00,0.47,0.47,0.47,0.47,0.47,0.47,0.47,0.47,0.47",25,1.67,0.35,"AI Overview, Video, Knowledge panel, Discussions and forums, Related searches, Ads bottom, Ads middle"
enneagram coach near me,Transactional,47,30,"0.36,0.36,0.18,0.18,0.18,0.18,1.00,0.18,0.18,0.18,0.18,0.18",15,2.65,0.33,"AI Overview, Reviews, Video, People also ask, Local pack, Related searches"
enneagram for work,Informational,55,30,"0.74,0.74,0.74,0.74,0.74,1.00,1.00,0.47,0.47,0.47,0.47,0.47",18,2.51,0.45,"Video, Video carousel, People also ask, Related searches, Ads top, Ads bottom"
enneagram infj,Informational,59,30,"0.79,0.79,0.58,0.37,0.37,0.58,0.37,0.37,0.37,0.37,1.00,0.37",19,1.43,0.08,"Sitelinks, AI Overview, Image pack, Video, People also ask, Related searches"
enneagram printable test,Commercial,57,30,"0.00,0.00,0.28,0.71,0.14,1.00,0.71,0.42,0.28,0.28,1.00,0.28",22,1.34,0.21,"Sitelinks, Reviews, Video, Related searches"
enneagram riso hudson,Informational,45,30,"0.00,0.00,0.00,0.00,0.00,0.00,0.00,1.00,0.00,0.00,0.00,0.00",21,0.99,0.12,"Sitelinks, AI Overview, Reviews, Video, Video carousel, People also ask, Related searches"
enneagram spirituality,Informational,46,30,"0.40,0.80,0.80,0.40,0.40,0.40,1.00,0.40,0.40,0.40,0.60,0.40",11,0.87,0.55,"Sitelinks, AI Overview, Reviews, Video, Video carousel, People also ask, Related searches"
enneagram star,Informational,56,30,"1.00,0.17,0.17,0.17,0.17,0.17,0.17,0.17,0.17,0.17,0.17,0.17",26,1.15,0.03,"Sitelinks, Image, Image pack, Video, Video carousel, People also ask, Related searches"
enneagram team building,Informational,57,30,"0.60,0.40,0.40,0.40,0.40,0.40,0.40,0.80,1.00,0.80,0.60,0.40",0,2.10,0.25,"AI Overview, Video, Video carousel, Related searches"
enneagram test for couples,Informational,60,30,"1.00,1.00,1.00,1.00,1.00,1.00,1.00,1.00,1.00,1.00,1.00,1.00",9,1.78,0.45,"AI Overview, Video, People also ask, Related searches"
enneagram training for therapists,Informational,55,30,"0.18,0.18,0.27,0.18,0.18,0.36,0.36,0.27,0.18,0.18,1.00,0.36",8,1.96,0.17,"AI Overview, Reviews, Video, Discussions and forums, Related searches"
ennegram 9w8,Informational,46,30,"0.49,0.00,0.14,0.06,0.06,0.06,0.06,1.00,0.00,0.00,0.00,0.00",22,0.89,0.01,"Sitelinks, AI Overview, Image pack, Video, Video carousel, People also ask, Discussions and forums, Related searches"
how do you know your enneagram wing,Informational,53,30,"0.40,0.40,0.40,0.40,1.00,0.80,1.00,0.40,1.00,0.80,0.40,1.00",8,1.01,0.33,"Sitelinks, AI Overview, Video, People also ask, Related searches"
how to know your enneagram wing,Informational,53,30,"0.38,0.38,0.38,0.38,1.00,0.59,0.59,0.38,0.79,0.59,0.38,0.59",12,0.79,0.33,"Sitelinks, AI Overview, Reviews, Video, Video carousel, People also ask"
ieq9 enneagram assessment,Informational,45,30,"0.18,0.18,0.18,0.18,0.18,1.00,0.18,0.18,0.18,0.18,0.18,0.18",26,1.65,0.50,"Sitelinks, AI Overview, Reviews, Video, Related searches"
indicator tests,Informational,33,30,"0.11,0.11,0.11,0.06,0.40,0.06,0.00,1.00,0.00,0.00,0.06,0.06",16,0.99,1.00,"Sitelinks, Video, Video carousel, Related searches"
insights discovery test online,Informational,32,30,"1.00,0.57,0.28,0.57,0.71,0.42,0.28,0.42,0.28,0.42,0.42,0.28",10,1.17,0.57,"Sitelinks, AI Overview, Video, People also ask, Related searches"
ivq test,Informational,46,30,"0.17,0.17,1.00,0.17,0.17,0.17,0.17,0.17,0.17,0.17,0.17,0.17",21,1.28,0.22,"Sitelinks, AI Overview, Reviews, Video, People also ask, Related searches"
mbti counselor,Informational,39,30,"0.17,0.17,0.17,0.17,0.17,0.17,0.17,0.17,1.00,0.17,0.17,0.17",11,5.24,0.04,"Sitelinks, AI Overview, Image pack, Video, Video carousel, People also ask, Discussions and forums, Related searches"
mbti ii,Informational,41,30,"0.48,0.48,0.74,1.00,0.48,0.48,0.48,0.48,0.48,0.48,0.48,0.48",6,1.44,0.33,"AI Overview, Reviews, Image pack, Video, People also ask, Related searches"
mbti step ii,Informational,36,30,"1.00,1.00,1.00,1.00,1.00,1.00,1.00,1.00,1.00,1.00,1.00,1.00",6,1.44,0.08,"AI Overview, Reviews, Image pack, Video, Video carousel, People also ask, Related searches"
mbti test best,Informational,44,30,"1.00,0.00,0.65,0.00,0.00,0.00,0.00,0.00,0.23,0.00,0.11,0.05",32,1.55,0.20,"Sitelinks, AI Overview, Video, Video carousel, People also ask, Discussions and forums, Related searches"
myers briggs español,"Informational, Transactional",37,30,"1.00,1.00,1.00,1.00,1.00,1.00,1.00,1.00,1.00,1.00,1.00,1.00",26,1.39,0.11,"Video, Video carousel, People also ask, Knowledge panel, Related searches, Ads bottom"
myers briggs step ii,Informational,38,30,"1.00,1.00,1.00,1.00,1.00,1.00,1.00,1.00,1.00,1.00,1.00,1.00",10,1.44,0.08,"Sitelinks, AI Overview, Video, Video carousel, People also ask, Related searches"
occupational personality questionnaire assessment,Informational,33,30,"1.00,0.50,0.50,0.75,0.50,0.50,0.75,0.50,0.50,0.50,0.50,0.50",17,4.16,0.16,"AI Overview, Reviews, Video, Video carousel, People also ask, Discussions and forums, Related searches"
personailty database,Navigational,43,30,"0.00,0.00,0.79,0.13,0.00,0.28,1.00,0.64,0.00,0.00,0.00,0.00",27,1.36,0.33,"Sitelinks, Top stories, Related searches"
personality employment test,Informational,34,30,"0.50,0.25,1.00,1.00,0.25,0.75,0.75,0.75,0.75,0.75,0.50,0.50",29,8.32,0.26,"Sitelinks, AI Overview, Reviews, Video, Video carousel, People also ask, Related searches"
personality test narcissistic antisocial histrionic,Informational,38,30,"0.09,1.00,0.09,0.09,0.09,0.09,0.09,0.09,0.09,0.09,0.09,0.09",33,0.76,0.10,"Video, Related searches"
personality test spiritual,Informational,41,30,"1.00,1.00,1.00,1.00,1.00,1.00,1.00,1.00,1.00,1.00,1.00,1.00",27,0.83,0.21,"AI Overview, Video, People also ask, Related searches"
personalitydatabse,Navigational,43,30,"0.03,0.00,0.00,0.00,0.00,1.00,0.00,0.00,0.00,0.00,0.00,0.00",31,1.36,0.33,"Sitelinks, Related searches"
rarest personality type test,Informational,58,30,"1.00,1.00,1.00,1.00,1.00,1.00,1.00,1.00,1.00,1.00,1.00,1.00",26,2.72,0.51,"Sitelinks, AI Overview, Image pack, Video, Video carousel, People also ask, Related searches"
rheti free test,Informational,41,30,"1.00,1.00,1.00,1.00,1.00,1.00,1.00,1.00,1.00,1.00,1.00,1.00",18,1.13,0.83,"Sitelinks, Video, Related searches, Ads bottom"
rheti personality test,Informational,44,30,"0.18,1.00,0.18,0.18,0.18,0.18,0.18,0.18,0.18,0.18,0.18,0.18",31,1.41,0.14,"Sitelinks, Reviews, Video, People also ask, Discussions and forums, Related searches"
step 2 mbti,Informational,33,30,"1.00,1.00,1.00,1.00,1.00,1.00,1.00,1.00,1.00,1.00,1.00,1.00",4,1.44,0.08,"AI Overview, Video, Video carousel, People also ask, Related searches"
suzanne stabile enneagram test free,Informational,43,30,"0.11,0.11,0.11,0.11,0.11,1.00,0.11,0.11,0.11,0.11,0.11,0.11",10,1.20,0.64,"Sitelinks, Reviews, Video, Video carousel, People also ask, Related searches"
test de eneagrama,Navigational,54,30,"0.17,1.00,0.37,0.17,0.17,0.17,0.17,0.17,0.17,0.17,0.17,0.17",29,0.74,0.43,"Sitelinks, Video, Video carousel, People also ask, Related searches"
teste de personalidade mbti,Informational,36,30,"0.20,0.20,0.40,1.00,0.40,0.20,0.20,0.20,0.20,0.20,0.20,0.20",22,0.81,0.46,"Image pack, Video, Video carousel, People also ask, Related searches"
typology central jung personality test,Informational,39,30,"0.17,0.17,0.17,1.00,0.17,0.17,0.17,0.17,0.17,0.17,0.17,0.17",16,1.11,0.20,"Sitelinks, Reviews, Video, People also ask, Related searches"
what is the ennegram,Informational,66,30,"1.00,0.00,1.00,0.40,0.00,0.00,0.20,0.00,0.00,0.00,0.00,0.00",25,0.73,0.23,"Sitelinks, AI Overview, Video, Video carousel, People also ask, Related searches"
에니어그램 테스트,Informational,47,30,"0.06,0.13,0.00,0.00,0.00,0.78,1.00,0.35,0.06,0.00,0.21,0.35",26,0.98,0.46,"Sitelinks, Reviews, Video, People also ask, Related searches"
