Keyword,Intent,Volume,Trend,Keyword Difficulty,CPC (USD),Competitive Density,SERP Features
悪口 診断,Navigational,201000,"0.00,0.00,0.00,0.00,0.00,0.00,0.00,0.01,0.01,0.01,1.00,0.37",26,0.40,0.33,"Sitelinks, Video, Related searches"
mbti診断 無料,Informational,90500,"0.55,1.00,0.81,1.00,0.67,0.55,0.55,0.45,0.55,0.55,0.67,0.67",33,0.31,0.49,"AI Overview, Video, People also ask, Related searches"
心理 検査,Informational,40500,"0.04,0.05,0.06,0.05,0.37,0.45,0.45,0.67,0.67,0.45,0.25,1.00",13,0.32,0.00,"AI Overview, Image, Video, Related searches"
mbti とは,Informational,33100,"0.67,0.67,0.67,0.67,0.55,0.55,0.55,0.45,0.55,0.55,1.00,0.67",22,0.34,0.19,"AI Overview, Video, People also ask, Related searches"
性格,Informational,33100,"0.45,1.00,0.82,0.55,0.55,0.55,0.55,0.45,0.45,0.67,0.67,0.45",34,0.41,0.02,"AI Overview, Reviews, Video, Video carousel, People also ask, Related searches"
性格キャラクターテスト,Informational,27100,"0.00,0.00,0.00,0.00,0.00,0.00,0.00,0.00,0.00,0.00,0.00,1.00",21,0.36,0.00,"AI Overview, Video, Related searches"
暇つぶし 診断,Commercial,22200,"0.67,0.67,0.67,0.67,0.55,0.82,0.82,0.82,0.82,0.55,1.00,1.00",34,0.13,0.04,"Video, Related searches"
診断 面白い,Commercial,22200,"0.55,0.45,0.55,0.67,0.55,0.55,0.55,0.55,0.55,0.45,1.00,0.82",31,0.19,0.03,"Video, People also ask, Related searches"
nbti,Informational,18100,"1.00,0.82,0.82,0.82,0.67,0.67,0.67,0.67,0.67,0.82,0.82,0.82",34,0.21,0.19,"AI Overview, Image, Image pack, Video, People also ask, Related searches"
心理 機能 診断,Informational,18100,"1.00,0.67,0.55,0.55,0.55,0.45,0.45,0.45,0.45,0.37,0.45,0.55",13,0.32,0.08,"Video, Related searches"
雰囲気 診断,Informational,18100,"0.25,1.00,0.16,0.11,0.06,0.03,0.02,0.01,0.01,0.01,0.02,0.01",20,0.41,0.01,"Image pack, Video, Related searches"
mbti 割合,Informational,12100,"0.82,1.00,1.00,0.82,0.82,0.82,0.67,0.55,0.67,0.82,1.00,0.67",20,0.00,0.33,"Sitelinks, AI Overview, Image pack, People also ask, Related searches"
mbti診断 無料 安全,Informational,12100,"1.00,1.00,1.00,0.82,0.55,0.55,0.55,0.55,0.55,0.36,0.45,0.36",30,0.28,0.34,"AI Overview, Reviews, Video, People also ask, Related searches, Ads bottom"
mbti診断 無料 おすすめ,Informational,9900,"0.55,1.00,1.00,0.67,0.45,0.45,0.45,0.36,0.67,0.55,0.55,0.45",30,0.29,0.44,"AI Overview, Reviews, Video, People also ask, Related searches"
16 タイプ,Informational,8100,"0.36,0.45,1.00,1.00,0.55,0.67,0.67,0.55,0.55,0.67,0.67,0.55",34,0.38,0.11,"AI Overview, Reviews, Image pack, Video, People also ask, Related searches"
mbti 無料,Informational,8100,"0.24,0.30,0.30,0.30,0.24,0.30,0.30,0.55,0.55,0.45,1.00,0.55",31,0.34,0.53,"Reviews, Video, People also ask, Related searches"
エゴグラム 診断,Informational,8100,"0.82,0.67,0.67,1.00,0.82,0.67,0.55,0.55,0.55,1.00,0.82,0.82",19,0.35,0.11,"Sitelinks, AI Overview, Image, Video, People also ask, Related searches"
ペルソナ 診断,Commercial,8100,"1.00,0.82,0.67,0.55,0.55,0.45,0.45,0.55,0.55,0.36,0.55,0.67",20,0.20,0.04,"Sitelinks, Image pack, People also ask, Related searches"
性格悪い診断,Commercial,8100,"0.04,0.04,0.05,0.06,0.05,0.04,0.04,0.04,0.04,0.03,1.00,0.55",23,0.11,0.03,"Video, Related searches"
infp 診断,Informational,6600,"0.81,0.81,0.81,1.00,0.81,0.81,0.67,0.67,0.81,0.81,0.81,0.81",28,0.21,0.36,"Sitelinks, AI Overview, Image pack, Video, Video carousel, People also ask, Related searches"
mbit,Informational,6600,"1.00,1.00,1.00,1.00,0.81,0.81,0.81,0.67,0.81,0.81,0.81,0.81",32,0.37,0.20,"Sitelinks, AI Overview, Reviews, Image pack, Video, People also ask, Related searches"
mbti 特徴,Informational,6600,"1.00,1.00,1.00,0.81,0.81,0.81,0.67,0.67,0.81,0.81,0.81,0.44",26,0.35,0.33,"Image pack, Video, People also ask, Related searches"
mbti 解説,Informational,6600,"0.82,0.82,1.00,1.00,1.00,1.00,1.00,0.82,1.00,1.00,1.00,1.00",27,0.43,0.01,"AI Overview, Image pack, Video, Video carousel, People also ask, Related searches"
mbti診断 どれがいい,Informational,6600,"0.45,0.67,0.67,0.30,0.24,0.24,0.20,0.30,0.24,0.55,1.00,0.67",34,0.39,0.26,"Sitelinks, AI Overview, Video, People also ask, Related searches"
ビジネス人格診断,Informational,6600,"0.00,0.00,0.00,0.00,0.00,1.00,0.37,0.16,0.04,0.02,0.04,0.01",16,0.30,0.08,"AI Overview, Related searches"
ビッグ ファイブ 診断,Informational,6600,"0.81,0.67,0.67,1.00,0.81,0.54,0.54,0.54,0.81,0.67,0.81,0.67",22,0.29,0.33,"AI Overview, Reviews, Image pack, Video, People also ask, Related searches, Ads middle"
動物 性格 診断,Informational,6600,"0.13,0.13,1.00,0.20,0.13,0.20,0.20,0.11,0.11,0.11,0.13,0.13",26,0.56,0.01,"Reviews, Video, Related searches"
性格 占い,Commercial,6600,"1.00,1.00,1.00,1.00,1.00,1.00,1.00,0.82,0.82,0.82,0.82,0.82",26,0.06,0.16,"Video, Related searches"
性格 診断 動物,Commercial,6600,"0.13,0.13,1.00,0.20,0.13,0.20,0.20,0.11,0.11,0.11,0.13,0.13",22,0.56,0.01,"Video, Related searches"
big 5,Informational,5400,"0.82,0.82,1.00,0.82,0.82,0.82,0.82,0.67,0.82,0.82,1.00,0.67",28,0.29,0.15,"Sitelinks, AI Overview, Reviews, Video carousel, People also ask, Knowledge panel, Related searches"
mbti 簡単,Informational,5400,"0.82,1.00,0.82,0.67,0.67,0.67,0.67,0.55,0.67,0.67,0.82,0.67",32,0.17,0.14,"Image pack, Video, People also ask, Related searches"
心理 テスト 当たる,Informational,5400,"0.44,0.55,0.55,1.00,0.55,0.44,0.55,0.44,0.44,0.44,0.36,0.36",22,0.38,0.02,"Sitelinks, AI Overview, Reviews, Video, People also ask, Related searches"
性格 の 悪さ 診断,Informational,5400,"0.02,0.03,0.03,0.03,0.02,0.02,0.02,0.02,0.02,0.02,1.00,0.20",15,0.06,0.08,"AI Overview, Video, Related searches"
性格 悪さ 診断,Commercial,5400,"0.02,0.03,0.03,0.03,0.02,0.02,0.02,0.02,0.02,0.02,1.00,0.20",16,0.06,0.08,"Video, Related searches"
診断 テスト 恋愛 無料,Commercial,5400,"0.00,0.00,1.00,0.09,0.04,0.03,0.01,0.01,0.01,0.01,0.01,0.00",32,0.27,0.05,"Reviews, Video, Related searches"
診断 テスト 無料 恋愛,Commercial,5400,"0.00,0.00,1.00,0.09,0.04,0.03,0.01,0.01,0.01,0.01,0.01,0.00",34,0.27,0.05,"Video, Related searches"
mbti アルファベット 意味,Informational,4400,"0.67,0.67,0.67,0.81,0.81,0.81,0.81,0.81,0.81,1.00,1.00,1.00",31,0.00,0.33,"AI Overview, Video, Related searches"
あいえすてぃーじぇー,Informational,4400,"0.67,0.67,0.67,0.55,0.44,1.00,0.55,0.44,0.55,0.55,0.67,0.67",27,0.38,0.33,"AI Overview, Video, People also ask, Related searches"
mbti 测试,Informational,3600,"0.82,0.82,0.66,0.66,0.66,0.82,0.82,0.66,0.66,1.00,0.66,0.66",34,0.42,0.19,"Reviews, Video, People also ask, Related searches"
mbti 簡単 診断,Informational,3600,"1.00,0.81,0.67,0.67,0.54,0.54,0.67,0.54,0.67,0.81,0.81,0.81",33,0.19,0.18,"Image pack, Video, People also ask, Related searches"
mbti 違い,Informational,3600,"0.82,0.82,0.82,0.82,0.82,0.66,0.66,0.66,0.82,0.82,1.00,0.82",16,0.00,0.33,"Sitelinks, AI Overview, Image pack, Video, People also ask, Related searches"
性格 悪い 診断,Informational,3600,"0.35,0.67,0.67,0.81,1.00,0.81,0.67,0.67,0.67,0.67,0.54,0.16",17,0.14,0.03,"Video, Related searches"
性格 種類,Informational,3600,"0.82,0.82,0.82,1.00,0.82,0.66,0.82,0.82,0.82,1.00,0.82,0.82",31,0.75,0.33,"Sitelinks, Reviews, Image pack, Video, People also ask, Related searches"
性格の悪さ診断,Commercial,3600,"0.02,0.03,0.03,0.03,0.02,0.02,0.02,0.02,0.02,0.02,1.00,0.20",16,0.06,0.08,"Video, Related searches"
mbti 説明,Informational,2900,"0.81,1.00,0.81,0.81,0.81,0.81,0.81,0.81,1.00,1.00,0.67,0.53",17,0.76,0.01,"Image pack, Video, Related searches"
トモコレ 性格 診断,Informational,2900,"0.11,0.11,0.13,0.09,0.07,0.05,0.13,0.13,0.20,1.00,0.45,0.20",28,0.00,0.33,"Sitelinks, Image pack, Video, Related searches"
性格 と は,Informational,2900,"0.66,0.55,0.66,0.66,0.55,0.66,0.82,0.66,0.66,1.00,0.66,0.66",24,0.12,0.33,"AI Overview, Image pack, Video, People also ask, Related searches"
性格の悪さテスト,Informational,2900,"0.02,0.00,0.00,0.00,0.01,0.20,0.36,0.03,0.01,0.01,0.01,1.00",19,0.07,0.00,"Video, People also ask, Related searches"
性格診断 mbti おすすめ,Informational,2900,"0.00,0.00,0.00,0.00,0.07,0.82,0.67,0.55,0.67,1.00,1.00,0.45",27,0.12,0.30,"Video, People also ask, Related searches"
自分 の 性格,Informational,2900,"0.54,0.44,0.54,0.54,0.44,0.44,0.54,0.44,0.44,1.00,0.54,0.44",33,0.32,0.16,"Sitelinks, AI Overview, Video, People also ask, Related searches"
mbti p,Informational,2400,"1.00,1.00,1.00,0.79,0.79,0.79,0.79,0.79,0.79,1.00,1.00,1.00",34,0.00,0.33,"Sitelinks, AI Overview, Video, People also ask, Related searches"
ビック ファイブ 診断,Commercial,2400,"1.00,0.67,0.67,0.67,0.53,0.44,0.53,0.44,0.81,0.53,0.53,0.36",15,0.35,0.30,"Reviews, Video, Related searches"
占い 面白い,Informational,2400,"0.83,0.66,1.00,1.00,0.83,0.83,0.83,0.66,0.66,0.55,0.66,0.83",22,0.19,0.02,"Video, Related searches"
性格 検査,Informational,2400,"0.67,0.53,1.00,0.67,0.53,0.44,0.53,0.44,0.53,0.81,0.67,0.81",28,0.81,0.30,"Sitelinks, AI Overview, Image pack, Video, People also ask, Related searches, Ads top, Ads bottom"
性格 診断 infp,Informational,2400,"0.81,1.00,0.81,0.67,0.53,0.53,0.53,0.53,0.67,0.81,0.81,0.67",33,0.35,0.29,"AI Overview, Reviews, Image pack, Video, People also ask, Related searches, Ads bottom, Ads middle"
性格 診断 流行り,Informational,2400,"0.00,0.01,1.00,0.05,0.05,0.09,0.06,0.03,0.03,0.02,0.03,0.02",30,0.33,0.09,"Sitelinks, AI Overview, Image pack, Video, People also ask, Related searches"
辛口 性格 診断,Informational,2400,"0.83,0.83,1.00,0.83,1.00,0.66,0.55,0.83,0.66,0.55,1.00,0.83",14,0.36,0.02,"Image pack, Video, Related searches"
面白い ほど 当たる 性格 診断,Informational,2400,"0.66,0.83,1.00,0.83,0.66,0.83,0.83,0.66,0.83,0.55,1.00,0.66",20,0.09,0.10,"Sitelinks, Video, People also ask, Related searches"
mbti i,Informational,1900,"1.00,1.00,1.00,0.79,0.67,0.67,0.67,0.67,0.67,0.79,0.79,0.79",30,0.68,0.01,"AI Overview, Video, People also ask, Related searches"
mvpi,Commercial,1900,"0.79,0.79,0.79,1.00,0.79,0.79,0.79,0.67,0.79,0.79,1.00,0.79",21,0.15,0.26,"Video, People also ask, Related searches, Ads top, Ads bottom"
nl 診断,Informational,1900,"1.00,1.00,1.00,1.00,1.00,1.00,1.00,1.00,1.00,0.84,0.84,1.00",17,0.00,0.33,"People also ask, Related searches"
トライ タイプ,Informational,1900,"1.00,1.00,0.84,1.00,1.00,0.84,1.00,0.68,1.00,0.84,0.84,0.68",8,0.46,0.02,"Sitelinks, Image pack, Related searches"
動物 診断 性格,Informational,1900,"0.55,0.55,1.00,0.66,0.45,0.83,0.83,0.66,0.55,0.83,0.66,0.66",30,0.56,0.01,"Video, Related searches, Ads top, Ads bottom"
名前 性格 診断,Informational,1900,"1.00,0.79,0.79,1.00,0.79,0.79,0.67,0.67,0.67,0.67,0.79,0.67",22,0.18,0.01,"Sitelinks, Video, Related searches"
名前 診断 性格,Informational,1900,"1.00,0.79,0.79,1.00,0.79,0.79,0.67,0.67,0.67,0.67,0.79,0.67",25,0.22,0.01,"Sitelinks, Video, People also ask, Related searches"
基本 性格,Informational,1900,"0.00,0.00,1.00,0.09,0.03,0.01,0.00,0.00,0.00,0.00,0.00,0.00",33,0.00,0.04,"AI Overview, Video, People also ask, Related searches"
夜 の 性格 診断,Informational,1900,"0.04,0.02,0.02,0.11,0.20,0.82,0.82,0.66,0.55,0.55,1.00,0.82",28,0.47,0.33,"Image pack, Video, People also ask, Related searches"
性格 診断 生年 月 日,Informational,1900,"1.00,0.66,0.83,1.00,0.55,0.66,0.55,0.45,0.55,0.45,0.55,0.45",24,0.04,0.16,"Sitelinks, Reviews, Video, People also ask, Related searches"
性格 診断 相性,Informational,1900,"0.79,1.00,1.00,0.79,0.67,0.54,0.67,0.54,0.54,0.54,0.67,0.42",13,0.29,0.02,"Sitelinks, Image pack, Video, People also ask, Related searches"
深層 心理 テスト,Informational,1900,"0.79,0.79,0.67,0.79,1.00,0.79,0.79,0.67,0.67,0.67,0.67,0.67",18,0.02,0.10,"Reviews, Video, People also ask, Related searches"
自分 診断,Informational,1900,"0.66,0.66,1.00,0.66,0.66,0.66,0.83,0.66,0.66,0.55,0.66,0.55",33,0.22,0.37,"Reviews, Video, People also ask, Related searches"
診断 メーカー 人気,Navigational,1900,"0.54,0.67,0.79,0.79,0.79,1.00,1.00,0.79,0.79,0.67,0.79,0.54",28,0.29,0.02,Related searches
診断 メーカー 性格,Navigational,1900,"0.83,0.83,0.83,0.83,0.55,0.55,0.66,0.66,0.66,0.66,1.00,1.00",25,0.08,0.06,"Video, People also ask, Related searches"
診断 流行り,Informational,1900,"0.04,0.09,1.00,0.44,0.35,0.44,0.44,0.35,0.30,0.30,0.67,0.81",27,0.25,0.06,"AI Overview, Video, People also ask, Related searches"
big five,Informational,1600,"0.67,0.54,0.67,0.79,0.79,0.79,0.79,0.54,0.54,0.79,1.00,1.00",30,0.58,0.20,"Sitelinks, AI Overview, Reviews, Video carousel, People also ask, Knowledge panel, Related searches"
mbti 相性 診断,Informational,1600,"0.79,1.00,0.79,0.54,0.42,0.54,0.54,0.54,0.67,0.67,0.79,0.67",16,0.43,0.01,"Sitelinks, Image pack, Video, People also ask, Related searches"
mbti簡単,Informational,1600,"0.84,1.00,0.84,0.68,0.68,0.68,0.68,0.53,0.53,0.53,0.68,0.53",25,0.09,0.09,"Video, People also ask, Related searches"
キャラクター 性格 診断,Informational,1600,"0.54,0.67,1.00,0.67,0.54,0.54,0.67,0.54,0.42,0.54,0.54,0.54",27,0.00,0.01,"Image pack, Video, Related searches"
ビッグ 5,Informational,1600,"0.84,0.84,1.00,0.84,0.84,0.84,0.84,0.53,0.53,0.68,0.84,0.68",32,0.36,0.16,"Sitelinks, AI Overview, Image, Video, People also ask, Knowledge panel, Related searches"
性格 キャラ 診断,Informational,1600,"0.54,0.67,1.00,0.67,0.54,0.54,0.67,0.54,0.42,0.54,0.54,0.54",27,0.00,0.01,"Video, People also ask, Related searches"
辛口 性格 診断 生年 月 日,Informational,1600,"1.00,1.00,1.00,0.84,0.84,0.53,0.53,0.46,0.46,0.46,0.46,0.38",12,0.04,0.13,Related searches
長所 診断,Informational,1600,"0.67,0.42,1.00,1.00,1.00,0.79,0.79,0.54,0.42,0.54,0.37,0.37",28,0.36,0.39,"Video, Related searches, Ads top, Ads bottom"
imtp,Informational,1300,"1.00,1.00,1.00,0.77,1.00,0.77,0.77,0.77,0.77,0.77,1.00,0.77",28,0.68,0.04,"AI Overview, Image pack, Video, People also ask, Related searches"
mbti 簡易診断,Commercial,1300,"1.00,1.00,1.00,0.81,0.62,0.62,0.81,0.62,0.62,0.81,0.81,0.81",33,0.25,0.18,"Reviews, Video, People also ask, Related searches"
mbti 質問,Informational,1300,"1.00,1.00,1.00,0.81,0.81,0.81,0.62,0.55,0.81,0.81,0.81,0.81",21,0.44,0.01,"Sitelinks, Image pack, Video, Video carousel, People also ask, Related searches"
mypersonality,Commercial,1300,"0.62,1.00,1.00,0.81,0.81,1.00,0.81,0.81,0.81,0.81,0.81,0.62",25,0.27,0.21,"Sitelinks, People also ask, Related searches"
トライ タイプ 診断,Informational,1300,"1.00,1.00,0.81,0.81,1.00,0.81,0.81,0.62,0.62,0.62,0.55,0.45",9,0.22,0.06,"Sitelinks, Image pack, Video, Related searches"
ドラクエ 3 性格 診断,Informational,1300,"0.68,1.00,0.84,0.84,1.00,0.84,0.68,0.68,0.46,0.38,0.53,0.68",22,0.00,0.33,"Sitelinks, Image, Video, Video carousel, Related searches"
マイパーソナリティ,Informational,1300,"0.37,1.00,1.00,0.67,0.67,0.67,0.42,0.42,0.42,0.42,0.42,0.37",22,0.27,0.28,"Sitelinks, Video, People also ask, Related searches"
就活 性格 診断,Informational,1300,"0.81,0.62,0.81,0.81,0.55,0.55,0.62,1.00,0.81,1.00,0.81,1.00",22,1.24,0.60,"Sitelinks, AI Overview, Video, People also ask, Related searches"
怖い ほど 当たる 性格 診断,Informational,1300,"0.66,1.00,1.00,0.66,0.11,0.09,0.11,0.17,0.09,0.13,0.17,0.20",16,0.13,0.17,"Image pack, Video, People also ask, Related searches"
性格 診断 ハニホー,Navigational,1300,"1.00,0.81,0.81,1.00,1.00,0.81,0.55,0.37,0.37,0.45,0.62,0.55",22,0.00,0.01,"Sitelinks, People also ask, Related searches"
性格 診断 冒険 家,Informational,1300,"0.81,0.81,0.81,0.62,0.55,0.55,0.62,0.55,0.81,0.81,1.00,0.81",27,0.37,0.04,"Sitelinks, AI Overview, Image pack, Video, Video carousel, People also ask, Related searches"
性格 診断 就活,Informational,1300,"0.81,0.62,0.81,0.81,0.55,0.55,0.62,1.00,0.81,1.00,0.81,1.00",15,1.24,0.60,"Sitelinks, AI Overview, Video, Video carousel, People also ask, Related searches"
性格 診断 辛口,Informational,1300,"1.00,1.00,1.00,0.68,0.84,0.68,0.53,0.46,0.38,0.46,0.53,0.46",16,0.18,0.01,"Image pack, Video, People also ask, Related searches"
性格 診断 適性 検査,Informational,1300,"0.84,0.68,1.00,0.68,0.53,0.53,0.53,0.68,0.84,0.84,0.84,0.84",23,1.00,0.47,"Sitelinks, AI Overview, Video, Video carousel, People also ask, Related searches, Ads top, Ads bottom"
性格 診断 面白い,Informational,1300,"0.53,0.68,0.84,0.68,0.53,0.68,0.53,0.53,0.68,0.53,1.00,1.00",23,0.21,0.03,"Video, Related searches"
性格 適性 検査,Informational,1300,"1.00,0.81,1.00,0.81,0.62,0.55,0.62,0.62,1.00,0.81,0.81,1.00",20,1.16,0.42,"Sitelinks, Video, People also ask, Related searches, Ads top, Ads middle"
色々 診断,Informational,1300,"0.62,0.62,0.62,1.00,0.81,1.00,1.00,0.81,0.81,0.62,0.81,0.81",33,0.26,0.05,"Video, Related searches"
適性 検査 性格 診断,Informational,1300,"0.84,0.68,1.00,0.68,0.53,0.53,0.53,0.68,0.84,0.84,0.84,0.84",19,1.00,0.47,"Sitelinks, AI Overview, Video, People also ask, Related searches, Ads bottom"
面白い 性格 診断,Informational,1300,"0.53,0.68,0.84,0.68,0.53,0.68,0.53,0.53,0.68,0.53,1.00,1.00",22,0.21,0.03,"Sitelinks, AI Overview, Video, Related searches"
big5 診断,Informational,1000,"0.53,0.46,0.53,0.84,0.68,0.53,0.46,0.46,0.53,0.53,1.00,0.68",22,0.29,0.48,"Image pack, Video, People also ask, Related searches, Ads top, Ads bottom"
isfp 診断,Informational,1000,"0.77,1.00,1.00,0.77,0.68,0.77,0.77,0.77,0.77,0.77,1.00,0.77",33,0.19,0.41,"Image pack, Video, Video carousel, People also ask, Related searches"
mbti a,Informational,1000,"1.00,1.00,1.00,0.77,0.77,0.77,0.77,0.68,0.77,1.00,1.00,0.77",32,0.54,0.01,"Sitelinks, AI Overview, Reviews, Image pack, Video, People also ask, Related searches"
mbti wiki,Informational,1000,"0.45,0.45,0.45,0.55,0.62,0.62,0.62,1.00,0.81,0.62,0.62,0.55",27,0.00,0.00,"People also ask, Related searches"
mbti 診断 割合,Informational,1000,"1.00,1.00,1.00,1.00,0.68,0.68,0.68,0.55,0.55,0.55,0.68,0.55",18,0.00,0.33,"Sitelinks, AI Overview, Image pack, People also ask, Related searches"
mbti 診断 無料,Informational,1000,"0.55,0.81,0.55,0.62,0.55,0.55,1.00,0.81,1.00,0.62,0.55,0.55",30,0.14,0.33,"Video, People also ask, Related searches, Ads top, Ads middle"
オーラ 別 性格 診断,Informational,1000,"0.62,0.62,0.62,0.62,0.62,0.81,0.62,0.45,0.62,0.62,1.00,1.00",29,0.57,0.33,"Sitelinks, Image pack, Video, Related searches"
ディグラム 性格 診断,Navigational,1000,"0.01,0.01,0.01,0.00,0.00,0.00,0.00,1.00,0.16,0.06,0.05,0.03",23,0.41,0.22,"Sitelinks, Reviews, Video, People also ask, Related searches"
ビッグ ファイブ 診断 無料,Informational,1000,"0.68,0.77,0.77,1.00,0.77,0.55,0.77,0.68,1.00,0.68,1.00,0.68",22,0.25,0.49,Related searches
人間 嫌い 診断,Informational,1000,"0.62,0.81,0.62,0.55,0.45,0.55,0.37,1.00,0.62,0.55,0.55,0.55",22,0.18,0.02,Related searches
当たる 診断,Informational,1000,"0.25,0.25,0.42,0.67,0.54,0.67,0.67,0.67,0.67,0.54,1.00,1.00",29,0.16,0.13,"Video, Related searches"
心理 テスト 性格 4 択,Informational,1000,"0.77,1.00,1.00,1.00,0.68,0.68,0.68,0.68,0.55,0.55,0.68,0.55",20,0.00,0.33,"Sitelinks, Video, Related searches"
心理 テスト 深層 心理,Informational,1000,"1.00,0.77,0.77,0.77,0.77,0.68,0.55,0.68,0.68,0.68,0.68,0.55",21,0.33,0.03,"AI Overview, Reviews, Video, People also ask, Related searches"
心理 テスト 簡単,Informational,1000,"0.77,0.77,1.00,1.00,0.77,0.68,0.68,0.68,0.68,0.55,0.68,0.68",19,0.34,0.01,"Sitelinks, Video, Video carousel, Related searches"
心理 診断,Informational,1000,"0.77,0.77,1.00,1.00,1.00,1.00,1.00,1.00,0.77,0.68,0.77,1.00",30,0.28,0.07,"Video, Video carousel, Related searches"
心理テスト性格の悪さ,Informational,1000,"1.00,0.77,0.77,0.77,0.77,0.77,0.77,0.77,0.77,0.77,0.77,0.77",17,0.00,0.00,"Sitelinks, Video, People also ask, Related searches"
性格 診断 建築 家,Informational,1000,"1.00,1.00,0.88,0.88,0.88,0.88,0.88,0.72,0.88,0.88,0.88,0.88",22,0.48,0.02,"Featured snippet, Sitelinks, Video, Video carousel, People also ask, Related searches"
簡単mbti診断,Informational,1000,"1.00,1.00,0.77,0.77,0.55,0.55,0.55,0.55,0.55,0.68,0.77,0.68",28,0.10,0.20,"Video, People also ask, Related searches"
自分 が 本当に したい こと を 知る 診断,Informational,1000,"0.77,1.00,1.00,0.77,0.77,0.68,0.68,0.68,0.55,0.55,0.45,0.37",24,0.49,0.60,"Sitelinks, AI Overview, Video, People also ask, Related searches"
自己 中 診断,Informational,1000,"0.62,0.62,0.81,1.00,0.81,0.81,0.81,0.62,0.62,0.55,0.62,0.62",19,0.13,0.06,"Video, People also ask, Related searches"
診断 テスト 大人 向け,Informational,1000,"0.55,0.55,0.62,0.81,1.00,0.81,0.62,0.55,0.55,0.45,0.62,0.55",26,0.13,0.02,"Sitelinks, Video, People also ask, Related searches"
診断 人気,Informational,1000,"0.55,0.55,0.77,1.00,0.77,0.77,0.77,0.77,0.68,0.55,1.00,1.00",27,0.26,0.05,"Sitelinks, AI Overview, People also ask, Related searches"
診断 当たる,Informational,1000,"0.25,0.25,0.42,0.67,0.54,0.67,0.67,0.67,0.67,0.54,1.00,0.67",26,0.16,0.13,"Video, People also ask, Related searches"
診断 能力,Informational,1000,"0.53,1.00,0.68,0.68,0.68,0.68,0.53,0.46,0.46,0.46,0.46,0.46",17,0.37,0.07,"Video, Related searches"
imbt,Informational,880,"1.00,1.00,0.88,0.88,0.88,0.88,0.88,0.72,0.88,0.88,1.00,0.88",19,0.56,0.09,"Reviews, Image pack, Video, People also ask, Knowledge panel, Related searches"
mbti わかりやすく,Informational,880,"0.45,0.45,0.55,0.55,0.68,0.77,0.77,0.77,0.68,0.77,1.00,0.77",25,0.00,0.00,"Sitelinks, AI Overview, Video, People also ask, Related searches"
spi 性格 検査 無料,Informational,880,"0.88,0.88,1.00,1.00,0.88,0.72,0.72,0.72,1.00,1.00,0.88,0.88",19,0.80,0.58,"Sitelinks, AI Overview, Video, People also ask, Related searches"
ジョジョ 性格 診断,Informational,880,"0.20,0.13,0.06,0.07,0.20,1.00,0.55,0.25,0.66,0.34,0.25,0.13",13,0.00,0.33,"Sitelinks, Reviews, Video, People also ask, Related searches"
ビッグファイブ理論,Informational,880,"0.67,0.42,0.42,0.54,0.42,0.37,0.42,0.30,0.25,0.37,1.00,0.54",27,0.39,0.16,"Sitelinks, AI Overview, Video, People also ask, Related searches"
ポケモン 性格 診断,Informational,880,"0.72,0.88,1.00,0.88,1.00,0.72,0.59,0.72,0.88,1.00,1.00,0.59",15,0.00,0.33,"Video, Video carousel, Related searches"
メンタル 強 さ 診断,Informational,880,"0.88,0.88,1.00,1.00,0.88,1.00,0.72,0.88,1.00,0.88,0.72,0.88",14,0.00,0.01,"Video, People also ask, Related searches"
人 嫌い 診断,Informational,880,"0.59,0.59,0.72,0.88,1.00,0.72,0.88,1.00,1.00,0.88,1.00,0.88",21,0.15,0.03,"Video, People also ask, Related searches"
勉強 法 診断,Informational,880,"0.72,0.88,1.00,1.00,1.00,0.88,0.72,0.72,0.59,0.39,0.48,0.48",21,0.33,0.30,"Sitelinks, Video, People also ask, Related searches"
念 能力 性格 診断,Informational,880,"0.25,0.25,0.30,0.30,0.37,0.37,0.37,0.25,0.42,0.37,0.79,1.00",15,0.00,0.33,"AI Overview, Image pack, Video, Related searches"
思想 診断,Informational,880,"1.00,0.68,0.68,1.00,0.68,0.55,0.68,0.68,0.68,0.55,0.68,0.55",25,0.00,0.33,Related searches
性格 占い 無料,Informational,880,"0.72,0.88,0.88,0.72,0.88,1.00,0.88,0.72,1.00,0.88,1.00,0.88",16,0.07,0.19,"Sitelinks, Video, Related searches"
性格 心理 テスト,Informational,880,"1.00,0.82,0.82,1.00,0.82,0.82,1.00,0.82,1.00,1.00,1.00,1.00",34,0.10,0.02,"Sitelinks, Video, People also ask, Related searches"
性格 診断 誕生 日,Informational,880,"0.72,0.72,0.72,0.72,0.72,0.88,1.00,0.88,0.88,0.88,0.88,0.88",26,0.05,0.08,"Sitelinks, Reviews, Video, Related searches"
自分 を 知る 方法,Informational,880,"1.00,1.00,1.00,1.00,1.00,1.00,1.00,0.82,0.67,0.82,1.00,0.82",22,0.44,0.36,"Sitelinks, AI Overview, Video, Video carousel, People also ask, Related searches"
診断 一覧,Informational,880,"0.68,0.55,0.68,0.68,0.68,0.68,0.68,0.68,0.77,0.45,1.00,0.77",25,0.31,0.02,"AI Overview, Video, People also ask, Related searches"
誕生 日 性格 診断,Informational,880,"0.72,0.72,0.72,0.72,0.72,0.88,1.00,0.88,0.88,0.88,0.88,0.88",27,0.05,0.08,"Sitelinks, Reviews, Image, Video, Related searches"
面白い 診断 テスト,Informational,880,"0.20,0.30,0.42,0.67,0.37,0.42,0.54,0.54,0.54,0.42,1.00,0.79",30,0.21,0.02,"Sitelinks, Video, People also ask, Related searches"
ai 性格 診断,Informational,720,"0.07,0.11,0.17,0.13,0.07,1.00,0.66,0.25,0.25,0.17,0.20,0.17",22,0.46,0.11,"AI Overview, Video, People also ask, Related searches"
istp 診断,Informational,720,"1.00,1.00,1.00,1.00,0.82,1.00,1.00,0.67,0.82,0.67,0.67,0.67",28,0.14,0.36,"Image, People also ask, Related searches"
mbti 分け 方,Informational,720,"0.82,0.82,0.82,1.00,0.82,0.67,0.67,0.67,0.67,0.82,0.82,0.82",26,0.62,0.01,"Image pack, Video, People also ask, Related searches"
mbti 簡単に,Informational,720,"1.00,1.00,1.00,0.82,1.00,1.00,1.00,1.00,0.82,0.82,0.82,1.00",34,0.18,0.03,"AI Overview, Video, Video carousel, People also ask, Related searches"
mbti 簡易,Informational,720,"1.00,1.00,1.00,1.00,0.82,0.82,1.00,0.54,0.82,1.00,1.00,0.82",22,0.33,0.08,"Image pack, Video, Related searches"
mbti診断 解説,Informational,720,"1.00,0.88,0.72,0.72,0.88,0.88,0.88,0.88,0.59,0.59,0.48,0.48",18,0.00,0.01,"Video, People also ask, Related searches"
yg 性格 検査 120 問 無料,Informational,720,"1.00,1.00,1.00,1.00,0.82,0.67,0.67,0.55,0.67,0.55,0.55,0.67",10,0.52,0.30,"Sitelinks, People also ask, Related searches"
サンリオ 性格 診断,"Informational, Navigational",720,"0.11,0.13,1.00,0.13,0.11,0.09,0.07,0.07,0.07,0.09,0.09,0.07",31,0.00,0.33,"Sitelinks, Image pack, Video, People also ask, Related searches"
テスト 心理 学,Informational,720,"1.00,0.82,1.00,1.00,1.00,0.82,1.00,0.82,0.82,1.00,0.82,0.82",17,0.39,0.08,"AI Overview, Video, Video carousel, People also ask, Related searches"
ヒソカ 性格 診断,Informational,720,"0.82,1.00,0.82,0.67,0.82,1.00,0.82,0.55,0.67,0.55,0.82,1.00",33,0.00,0.33,"Image, Image pack, Video, People also ask"
ビジネス 性格 診断,Informational,720,"0.02,0.02,0.01,0.02,0.02,1.00,0.67,0.24,0.11,0.09,0.09,0.06",29,0.72,0.15,"Image pack, Video, People also ask, Ads top, Ads bottom"
ビジネス 診断,Informational,720,"0.01,0.01,0.02,0.02,0.02,1.00,0.67,0.36,0.11,0.07,0.13,0.06",22,0.62,0.16,"Video, People also ask, Related searches"
人 の 特徴,Informational,720,"0.72,0.48,0.72,0.72,0.88,0.72,0.72,0.72,0.72,0.88,1.00,0.88",21,0.00,0.33,"Sitelinks, AI Overview, Image pack, Video, People also ask, Related searches"
他 己 診断,Navigational,720,"0.02,0.02,0.03,0.03,0.02,0.11,1.00,0.30,0.20,0.13,0.36,0.55",30,0.83,0.03,"Sitelinks, Video, People also ask, Related searches"
個性 診断,Informational,720,"0.68,0.55,1.00,0.55,0.55,0.68,0.55,0.45,0.37,0.37,0.45,0.37",24,0.31,0.11,"Image pack, Video, People also ask, Related searches"
女嫌い 診断,Informational,720,"0.82,0.82,0.82,0.67,0.82,0.67,0.67,1.00,0.82,0.82,0.67,0.67",17,0.00,0.00,Related searches
心理 学 テスト,Informational,720,"1.00,0.82,1.00,1.00,1.00,0.82,1.00,0.82,0.82,1.00,0.82,0.82",28,0.31,0.05,"Sitelinks, Video, Video carousel, People also ask, Related searches"
心理 診断 テスト,Informational,720,"1.00,0.82,1.00,1.00,0.82,0.82,1.00,1.00,1.00,0.82,1.00,1.00",32,0.19,0.07,"Sitelinks, Video, Video carousel, Related searches"
性格 クズ 診断,Informational,720,"0.81,0.81,1.00,0.81,0.54,0.66,0.54,0.29,0.02,0.02,0.02,0.08",16,0.00,0.33,"Video, People also ask, Related searches"
性格 免許 証 診断,Navigational,720,"0.45,1.00,0.68,0.45,0.68,0.45,0.55,0.45,0.68,0.45,0.55,0.68",27,0.68,0.01,"Sitelinks, Related searches"
性格 診断 エンターテイナー,Informational,720,"1.00,1.00,1.00,0.82,0.67,0.82,0.67,0.67,0.67,0.67,0.82,0.67",20,0.45,0.03,"Sitelinks, AI Overview, Image pack, Video, Video carousel, People also ask, Related searches"
性格 診断 仲介 者,Informational,720,"1.00,1.00,1.00,0.82,0.67,0.82,0.82,0.67,0.82,0.82,1.00,1.00",27,0.17,0.01,"Sitelinks, AI Overview, Video, People also ask, Related searches"
性格 診断 免許 証,Navigational,720,"0.55,1.00,0.77,0.55,0.68,0.45,0.45,0.37,0.45,0.37,0.37,0.45",29,0.00,0.33,"Video, Related searches"
性格 診断 名前,Informational,720,"0.82,0.82,1.00,0.82,1.00,0.82,0.82,1.00,1.00,0.82,1.00,0.82",20,0.00,0.03,"Sitelinks, Video, Related searches"
性格 診断 提唱 者,Informational,720,"1.00,1.00,1.00,0.82,0.67,0.67,0.67,0.55,0.67,0.82,0.67,0.67",18,0.20,0.03,"Sitelinks, AI Overview, Image pack, Video, People also ask, Related searches"
性格タイプ tinder,Informational,720,"0.00,0.01,0.16,0.77,0.77,1.00,1.00,0.77,0.77,0.77,1.00,0.20",26,0.12,0.10,"Sitelinks, Video, People also ask, Related searches"
流行り 占い,Informational,720,"0.16,0.16,1.00,0.37,0.25,0.25,0.25,0.16,0.16,0.16,0.25,0.20",25,0.15,0.06,"AI Overview, Video, People also ask, Related searches"
犬 の 性格 診断,Informational,720,"0.25,0.25,1.00,0.30,0.30,0.25,0.20,0.20,0.20,0.20,0.25,0.20",14,0.00,0.33,"Reviews, Video, People also ask, Related searches"
犬 性格 診断,Informational,720,"0.25,0.25,1.00,0.30,0.30,0.25,0.20,0.20,0.20,0.20,0.25,0.20",13,0.00,0.33,"Video, Video carousel, Related searches"
生き づらい 診断,Informational,720,"0.72,1.00,0.88,0.88,0.72,0.72,0.72,0.59,0.72,0.59,0.59,0.48",14,0.14,0.29,"Image, Video, People also ask, Related searches"
自分 の 性格 が わからない,Informational,720,"1.00,0.82,1.00,1.00,0.82,0.67,0.82,0.67,0.67,0.82,0.67,0.82",25,0.18,0.33,"Sitelinks, AI Overview, Video, People also ask, Related searches"
自分 の 長所 診断,Informational,720,"1.00,0.88,1.00,1.00,0.88,0.88,0.88,0.59,0.48,0.59,0.32,0.39",24,0.33,0.47,"Video, Related searches"
自分 は おかしい のか 診断,Informational,720,"0.88,0.88,1.00,1.00,0.72,0.72,0.72,0.59,0.59,0.59,0.48,0.39",22,0.10,0.19,"AI Overview, People also ask, Related searches"
自分 を 知る,Informational,720,"1.00,1.00,1.00,0.82,1.00,1.00,1.00,0.82,0.82,1.00,0.82,0.82",12,0.59,0.22,"AI Overview, Video, Video carousel, People also ask, Related searches"
自分に価値がない 診断,Informational,720,"0.48,0.72,0.72,0.72,1.00,0.88,0.72,0.59,0.59,0.88,0.72,0.88",30,0.25,0.10,"Video, People also ask, Related searches"
血液 型 診断 性格,Informational,720,"0.82,0.82,0.55,0.44,1.00,0.82,1.00,1.00,1.00,0.67,1.00,1.00",23,0.00,0.00,"Sitelinks, AI Overview, Video, Video carousel, People also ask, Related searches"
診断 ビジネス,Informational,720,"0.01,0.01,0.02,0.02,0.02,1.00,0.67,0.36,0.11,0.07,0.13,0.06",22,0.62,0.16,"Image pack, Video, People also ask, Related searches"
診断 メーカー 性格 の 悪さ,Navigational,720,"1.00,1.00,0.82,1.00,0.82,0.82,1.00,0.67,0.55,0.44,0.36,0.55",23,0.00,0.01,"Video, People also ask, Related searches"
診断 心理 テスト,Informational,720,"1.00,0.82,1.00,1.00,0.82,0.82,1.00,1.00,1.00,0.82,1.00,1.00",32,0.19,0.07,"Sitelinks, Video, Video carousel, Related searches"
鬼 滅 の 刃 性格 診断,Informational,720,"0.66,1.00,0.55,0.34,0.17,0.17,0.09,0.06,0.06,0.06,0.07,0.06",16,0.00,0.33,"Video, People also ask, Related searches"
16 性格 診断 キャラ,Informational,590,"0.82,1.00,1.00,0.82,0.67,0.82,0.82,0.67,0.82,0.67,0.54,0.67",19,0.00,0.33,"Sitelinks, Image, Image pack, Video, People also ask, Related searches"
b求める人 診断,Informational,590,"0.00,0.00,0.00,0.00,0.00,0.00,0.00,0.00,0.00,0.00,0.00,1.00",22,0.31,0.01,"Video, People also ask, Related searches"
isfp 性格 診断,Informational,590,"0.72,1.00,1.00,0.72,0.32,0.32,0.32,0.26,0.39,0.32,0.32,0.26",31,0.18,0.35,"Sitelinks, AI Overview, Image pack, Video, People also ask, Related searches"
mbti アイデンティティ,Informational,590,"1.00,1.00,1.00,1.00,0.82,0.67,0.54,0.54,0.54,0.67,0.67,0.67",29,0.00,0.01,"Sitelinks, AI Overview, Image pack, Video, People also ask, Related searches"
mbti ペルソナ,Informational,590,"1.00,1.00,0.82,0.67,0.55,0.44,0.44,0.36,0.36,0.44,0.36,0.36",13,0.31,0.02,"Sitelinks, AI Overview, Image pack, Video, People also ask, Related searches"
spi 性格 診断,Informational,590,"0.67,0.55,0.67,0.67,0.67,0.55,0.55,0.55,1.00,0.67,0.67,1.00",27,0.89,0.24,"Sitelinks, AI Overview, Video, People also ask, Related searches"
tbs 占い,"Informational, Transactional",590,"0.82,0.82,0.82,0.82,0.82,0.82,1.00,0.67,0.67,0.82,0.67,0.67",27,0.00,0.33,"Video, Related searches"
い 人,Informational,590,"1.00,1.00,0.82,1.00,0.82,0.82,0.82,0.67,0.82,0.82,0.82,0.67",12,0.00,0.33,"AI Overview, Image pack, Video, People also ask, Related searches"
よく 当たる 性格 診断 250 パターン,Informational,590,"0.67,0.82,1.00,0.82,0.67,0.82,0.67,0.82,0.54,0.67,0.82,0.67",31,0.12,0.16,"Video, People also ask, Related searches, Ads top, Ads bottom"
コミュニケーション 能力 診断,Informational,590,"1.00,0.72,0.88,0.88,0.72,0.59,0.48,0.39,0.39,0.48,0.39,0.39",25,0.62,0.12,"Video, People also ask, Related searches"
ハンター ハンター 性格 診断,Informational,590,"1.00,1.00,0.82,0.82,0.82,0.82,0.82,0.67,0.82,0.67,1.00,1.00",14,0.00,0.33,"Sitelinks, Reviews, Image pack, Video, Related searches"
ビック 5,Informational,590,"0.82,0.82,1.00,1.00,1.00,1.00,0.82,0.67,0.82,0.82,1.00,1.00",32,0.24,0.22,"Sitelinks, Video, Video carousel, People also ask, Knowledge panel, Related searches, Ads top"
ペルソナ mbti,Informational,590,"1.00,1.00,0.82,0.82,0.82,0.67,0.67,0.67,0.82,0.67,0.67,0.82",12,0.33,0.02,"Sitelinks, Image pack, Video, Related searches"
仕事 性格 診断,Informational,590,"0.81,0.81,1.00,1.00,0.81,1.00,1.00,0.81,0.81,0.81,0.66,0.81",34,1.27,0.70,"Video, People also ask, Related searches"
何 型 診断,Informational,590,"0.72,0.59,0.48,0.59,0.48,0.48,0.59,0.48,1.00,0.48,0.48,0.59",19,0.16,0.04,"Video, People also ask, Related searches"
偉人 診断,Informational,590,"0.37,0.25,0.30,0.37,1.00,0.68,0.55,0.45,0.37,0.45,0.55,0.45",14,0.00,0.33,Related searches
勉強 診断,Informational,590,"0.48,0.48,0.59,0.72,0.72,0.88,1.00,0.72,0.59,0.39,0.48,0.48",20,0.37,0.09,"Sitelinks, Video, People also ask, Related searches"
占い 性格 診断,Informational,590,"0.81,1.00,1.00,1.00,1.00,1.00,1.00,0.81,0.81,0.81,0.81,0.66",24,0.06,0.29,"Sitelinks, Video, Related searches"
性格 特徴,Informational,590,"0.09,0.07,0.09,0.09,0.09,0.42,1.00,0.25,0.20,0.25,0.13,0.11",22,0.00,0.02,"Sitelinks, AI Overview, Reviews, Image pack, Video, People also ask, Related searches"
性格 相性 診断,Informational,590,"0.30,0.24,0.20,1.00,0.30,0.30,0.30,0.37,0.37,0.37,0.45,0.45",18,0.19,0.02,"Video, Related searches"
性格 診断 spi,Informational,590,"0.67,0.55,0.67,0.67,0.67,0.55,0.55,0.55,1.00,0.67,0.67,1.00",29,1.21,0.32,"Sitelinks, AI Overview, Video, People also ask, Related searches, Ads top, Ads bottom"
性格 診断 仕事,Commercial,590,"0.81,0.81,1.00,1.00,0.81,1.00,1.00,0.81,0.81,0.81,0.66,0.81",29,1.27,0.70,"Video, People also ask, Related searches"
性格 診断 占い,Informational,590,"0.81,1.00,1.00,1.00,1.00,1.00,1.00,0.81,0.81,0.81,0.81,0.66",27,0.06,0.29,"Sitelinks, Image pack, Video, People also ask, Related searches"
性格悪さ診断,Informational,590,"0.02,0.03,0.03,0.03,0.02,0.02,0.02,0.02,0.02,0.02,1.00,0.24",17,0.06,0.08,"Video, People also ask, Related searches"
感じやすいか 診断,Informational,590,"0.55,0.01,0.30,0.67,1.00,0.55,0.82,0.67,0.82,1.00,1.00,0.67",15,0.00,0.00,"People also ask, Related searches"
日本 mbti 割合,Informational,590,"0.82,1.00,0.82,0.67,0.55,0.67,0.55,0.44,0.55,0.67,0.67,0.55",22,0.00,0.33,"Sitelinks, AI Overview, People also ask, Related searches"
猫 の 性格 診断,Informational,590,"0.45,0.45,1.00,0.37,0.37,0.30,0.30,0.24,0.24,0.24,0.30,0.30",16,0.00,0.33,"Video, People also ask, Related searches"
猫 性格 診断,Informational,590,"0.45,0.45,1.00,0.37,0.37,0.30,0.30,0.24,0.24,0.24,0.30,0.30",17,0.00,0.33,"Image pack, Video carousel, People also ask, Related searches"
生年 月 日 性格 診断,Informational,590,"0.44,0.67,0.55,0.44,0.67,1.00,0.82,1.00,0.44,0.44,0.55,0.55",22,0.11,0.08,"Sitelinks, Video, Related searches"
自分 に 合う 異性 の タイプ 診断,Informational,590,"0.48,0.48,0.48,0.72,0.72,0.72,0.88,0.72,0.88,0.72,1.00,1.00",23,0.24,0.08,"Video, Related searches"
自分 性格 悪い 診断,Informational,590,"0.59,0.59,0.59,0.59,0.72,0.72,0.72,0.59,0.59,0.59,1.00,0.59",16,0.08,0.23,"Sitelinks, Video, People also ask, Related searches"
自己 嫌悪 診断,Informational,590,"0.67,0.67,0.67,0.67,0.30,0.30,0.44,0.55,0.67,0.82,1.00,1.00",14,0.12,0.06,"Video, People also ask, Related searches"
色 性格 診断,Informational,590,"0.82,0.82,0.82,0.82,0.82,1.00,0.82,1.00,1.00,1.00,1.00,0.82",21,0.00,0.01,"Image pack, Video, People also ask, Related searches"
辛口 診断,Informational,590,"0.72,0.48,0.72,0.59,0.59,0.48,0.48,0.59,0.39,0.39,1.00,0.88",14,0.22,0.01,"People also ask, Related searches"
適性 検査 性格,Informational,590,"0.82,0.82,0.82,0.82,0.67,0.67,0.82,1.00,0.82,0.67,0.82,0.67",24,1.70,0.16,"Sitelinks, AI Overview, Video, Video carousel, People also ask, Related searches"
高校 診断,Informational,590,"1.00,0.67,0.82,0.67,0.82,0.67,0.82,0.82,0.67,0.67,0.67,0.67",26,0.42,0.08,"Video, People also ask, Related searches"
16 種類 性格 診断,Informational,480,"0.81,1.00,0.81,0.54,0.66,0.81,0.54,0.24,0.54,0.66,1.00,0.66",26,0.30,0.18,"Image pack, Video, Video carousel, People also ask, Related searches"
16 診断 相性,Informational,480,"1.00,1.00,1.00,0.81,0.66,0.66,0.66,0.44,0.54,0.66,0.66,0.54",14,0.00,0.01,"Sitelinks, Image pack, People also ask, Related searches"
lbti,Informational,480,"0.54,0.54,0.67,1.00,0.67,0.67,0.67,0.54,0.54,0.54,0.67,0.54",26,0.59,0.10,"AI Overview, Reviews, Image pack, Video, People also ask, Related searches"
mbti 占い,Informational,480,"1.00,0.81,0.81,0.81,0.66,0.81,0.81,0.54,0.44,0.54,0.81,0.66",30,0.16,0.14,"Sitelinks, Image pack, Video, People also ask, Related searches"
あなた の 性格 タイプ,Informational,480,"0.82,0.82,0.67,0.67,0.44,1.00,0.67,0.54,0.44,0.54,0.44,0.54",33,0.12,0.33,"Video, Video carousel, People also ask, Related searches"
エニアグラム 性格 診断,Informational,480,"1.00,0.82,0.82,0.82,0.67,0.67,0.67,0.67,0.44,0.44,0.44,0.36",30,0.37,0.16,"Sitelinks, Reviews, Image pack, Video, People also ask, Related searches"
カリスマ 性 診断,Informational,480,"0.82,0.67,0.67,0.67,0.54,0.54,0.67,0.67,1.00,0.67,0.82,0.67",18,0.50,0.01,"Video, People also ask, Related searches"
スクラップブック性格テスト,Informational,480,"0.00,0.00,0.00,0.00,0.00,0.00,0.00,0.00,0.00,0.00,0.00,1.00",31,0.10,0.00,"Sitelinks, Video"
ビックファイブ理論,Informational,480,"0.37,0.20,0.25,0.45,0.45,0.37,0.45,0.25,0.20,0.45,1.00,0.55",24,0.30,0.19,"Sitelinks, AI Overview, Video, People also ask, Related searches"
ビッグ ファイブ と は,Informational,480,"0.81,0.44,0.66,0.81,0.81,0.81,1.00,0.66,0.54,0.66,1.00,1.00",26,0.62,0.05,"Sitelinks, AI Overview, Video, People also ask, Related searches"
人 と ずれ てる 診断,Informational,480,"0.54,0.54,0.67,0.67,0.67,1.00,0.67,0.67,0.67,0.54,0.54,0.44",16,0.25,0.03,"Video, People also ask, Related searches"
人 の 性格,Informational,480,"0.81,0.66,0.81,0.81,0.81,0.81,0.81,1.00,0.81,0.81,1.00,0.81",21,0.00,0.01,"Sitelinks, AI Overview, Image pack, Video, People also ask, Related searches"
人生 診断,Informational,480,"0.81,0.81,1.00,0.81,0.81,0.66,0.81,0.54,0.66,0.54,0.81,0.66",17,0.18,0.16,"Video, People also ask, Related searches, Ads top, Ads bottom"
子供 性格 診断,Informational,480,"0.20,1.00,0.24,0.30,0.24,0.24,0.20,0.24,0.24,0.24,0.24,0.24",12,0.00,0.01,"Sitelinks, AI Overview, Image pack, Video, People also ask, Related searches"
心理 テスト 性格 当たる,Informational,480,"0.81,1.00,1.00,0.81,0.66,0.81,0.81,0.81,0.81,0.81,0.81,0.81",20,0.18,0.03,"Sitelinks, Video, Related searches"
性格 キャラクター テスト 読め ない,Informational,480,"0.00,0.00,0.00,0.00,0.00,0.00,0.00,0.00,0.00,0.00,0.00,1.00",21,0.00,0.00,"Sitelinks, AI Overview, Image pack, People also ask"
性格 特性,Informational,480,"1.00,0.81,0.81,0.81,0.81,0.66,1.00,0.66,0.81,0.66,0.81,0.81",27,0.28,0.17,"AI Overview, Image pack, Video, Video carousel, People also ask, Related searches"
性格 診断 enfp,Informational,480,"1.00,1.00,1.00,1.00,0.81,0.81,0.81,0.67,0.81,0.67,0.67,0.67",33,0.21,0.15,"AI Overview, Image pack, Video, Video carousel, People also ask, Related searches"
性格 診断 エニアグラム,Informational,480,"1.00,0.82,0.82,0.82,0.67,0.67,0.67,0.67,0.44,0.44,0.44,0.36",31,0.37,0.16,"Sitelinks, Reviews, People also ask, Related searches"
恋愛 性格,Informational,480,"0.07,0.09,1.00,0.53,0.25,0.21,0.17,0.11,0.11,0.11,0.25,0.17",32,0.00,0.33,"Video, Video carousel, People also ask, Related searches"
才能 適職 免許 証,Navigational,480,"0.67,1.00,0.82,0.54,0.67,0.44,0.36,0.29,0.36,0.29,0.24,0.29",28,0.52,0.12,Related searches
気質 診断,Informational,480,"1.00,1.00,0.81,0.81,0.81,0.66,0.81,1.00,0.81,1.00,0.81,0.81",31,0.24,0.12,"AI Overview, Image pack, Video, People also ask, Related searches"
男女 診断,Informational,480,"0.82,0.67,0.67,1.00,0.82,0.67,0.67,0.54,0.67,0.54,0.67,0.67",17,0.00,0.33,"Video, Related searches"
相性 テスト,Informational,480,"1.00,0.44,0.66,0.81,0.81,0.81,0.81,0.81,0.81,0.54,0.81,0.81",27,0.26,0.02,"Video, Related searches"
短所 診断,Informational,480,"0.44,0.44,0.67,0.67,1.00,0.67,0.67,0.44,0.36,0.44,0.36,0.30",15,0.54,0.29,"Video, People also ask, Related searches"
自分 に 合っ た 勉強 法 診断,Informational,480,"0.82,0.67,0.54,1.00,1.00,0.82,0.82,0.67,0.54,0.36,0.44,0.44",25,0.54,0.12,"Sitelinks, Video, Video carousel, People also ask, Related searches"
自分 の いい ところ 診断,Informational,480,"1.00,0.81,0.81,1.00,1.00,1.00,0.81,0.54,0.67,0.81,0.54,0.44",16,0.20,0.42,"Video, Related searches"
色 診断 性格,Informational,480,"0.66,0.66,0.81,0.81,0.81,0.66,0.81,1.00,1.00,0.66,1.00,0.81",19,0.00,0.00,"Image, Image pack, Video, People also ask, Related searches"
部活 診断,Informational,480,"0.81,0.81,0.81,0.81,0.81,0.66,0.66,0.66,0.66,1.00,0.44,0.44",11,0.00,0.33,"Video, People also ask, Related searches"
面白い テスト,Informational,480,"0.44,0.30,0.36,0.36,0.44,0.55,0.55,0.67,0.67,0.82,1.00,1.00",26,0.00,0.33,"Image pack, Video, Video carousel, Related searches"
顔 性格 診断,Informational,480,"0.21,1.00,0.46,0.31,0.21,0.21,0.14,0.17,0.14,0.17,0.14,0.11",23,0.00,0.01,"Sitelinks, Image pack, Video, People also ask, Related searches"
顔 診断 性格,Commercial,480,"0.21,1.00,0.46,0.31,0.21,0.21,0.14,0.17,0.14,0.17,0.14,0.11",22,0.00,0.01,"Reviews, Image pack, Video, People also ask, Related searches"
estp 診断,Informational,390,"1.00,0.81,1.00,0.67,0.54,0.67,0.54,0.54,0.54,0.54,0.54,0.44",24,0.19,0.39,"Image pack, Video, People also ask, Related searches"
m グラム,Navigational,390,"1.00,0.81,0.81,0.81,0.66,0.54,0.44,0.29,0.36,0.29,0.24,0.24",31,0.61,0.03,"Sitelinks, People also ask, Related searches"
mbti database,Informational,390,"0.81,0.67,0.67,0.81,0.67,0.81,1.00,0.67,0.54,0.35,0.44,0.35",20,0.00,0.33,"Image pack, Video, Related searches"
mbti in,Informational,390,"1.00,0.81,0.81,0.81,0.81,0.81,0.81,0.81,0.67,0.81,1.00,1.00",22,0.57,0.01,"Image pack, Video, People also ask, Related searches"
mbti なに,Informational,390,"0.81,0.81,0.66,0.81,0.66,0.66,0.66,0.54,0.81,0.81,1.00,0.81",32,0.21,0.04,"Featured snippet, Video, Video carousel, People also ask, Related searches"
sn 診断,Informational,390,"1.00,0.81,0.54,0.66,0.66,0.66,0.66,0.66,0.66,0.44,0.54,0.66",18,0.00,0.33,Related searches
with 診断,Informational,390,"0.81,1.00,0.81,0.81,0.81,0.81,1.00,0.81,0.67,0.81,0.81,0.67",33,2.69,0.01,"Reviews, Video, People also ask, Related searches"
おもしろ テスト,Informational,390,"0.44,0.30,0.36,0.36,0.44,0.55,0.55,0.67,0.67,0.82,1.00,1.00",20,0.78,0.01,"Sitelinks, Image pack, Video, Video carousel, Related searches"
エゴグラム 性格 診断,Informational,390,"1.00,0.67,1.00,1.00,1.00,0.81,0.67,0.54,0.54,0.67,0.54,0.54",26,0.40,0.08,"Sitelinks, Image pack, Video, People also ask, Related searches"
クラス で どう 思 われ てる 診断,Informational,390,"1.00,0.81,1.00,1.00,0.67,0.67,0.81,0.54,0.44,0.44,0.54,0.44",13,0.00,0.33,"People also ask, Related searches"
コミュニケーション 診断,Informational,390,"0.81,0.67,1.00,1.00,0.81,0.67,0.67,0.54,0.67,0.67,0.67,0.67",22,0.61,0.07,"Image pack, Video, People also ask, Related searches"
スター 性,Informational,390,"0.66,0.66,0.54,0.54,0.66,0.54,0.54,0.54,0.66,0.81,1.00,0.81",29,0.00,0.33,"Sitelinks, AI Overview, Video, People also ask, Related searches"
テスト 面白い,Informational,390,"0.44,0.30,0.36,0.36,0.44,0.55,0.55,0.67,0.67,0.82,1.00,1.00",22,0.78,0.01,"Video, Video carousel, Related searches"
ハリー ポッター 性格 診断,Informational,390,"0.54,0.81,1.00,1.00,1.00,1.00,0.67,0.67,0.67,0.54,0.67,0.54",17,0.00,0.33,"Image pack, Video, Related searches"
マイ ナビ ウーマン 診断,Navigational,390,"1.00,0.54,0.82,0.82,0.54,0.44,0.54,0.36,0.29,0.24,0.29,0.29",32,0.00,0.02,"Sitelinks, Video, Related searches"
人格 検査,Informational,390,"0.66,0.44,0.54,0.66,0.54,0.66,1.00,1.00,0.44,0.54,0.36,0.44",13,0.44,0.10,"AI Overview, Image pack, Video, People also ask, Related searches"
勉強 タイプ 診断,Informational,390,"0.67,0.67,0.81,1.00,1.00,0.81,0.81,0.81,1.00,0.54,0.67,0.54",13,0.26,0.27,"Sitelinks, Video, Related searches"
占い 心理,Informational,390,"0.67,0.67,0.81,1.00,0.81,0.81,0.81,0.81,0.67,0.67,0.67,0.81",29,0.27,0.02,"AI Overview, Video, People also ask, Related searches"
占い 心理 テスト,Informational,390,"0.67,0.67,1.00,1.00,0.81,0.67,0.81,0.81,0.67,0.67,0.67,0.81",28,0.00,0.01,"Sitelinks, Video, Related searches"
塾 診断,Commercial,390,"0.81,0.66,0.81,0.66,0.66,0.66,0.81,0.81,1.00,0.54,0.54,0.54",13,0.83,0.60,"Reviews, Video, People also ask, Related searches"
心理 テスト と は,Informational,390,"0.81,0.54,0.81,0.81,0.81,0.67,0.81,0.67,0.81,0.81,1.00,0.81",12,0.00,0.01,"AI Overview, Video, Video carousel, People also ask, Related searches"
心理 テスト 占い,Informational,390,"0.67,0.67,1.00,1.00,0.81,0.67,0.81,0.81,0.67,0.67,0.67,0.81",22,0.29,0.02,"Sitelinks, Video, Related searches"
念 性格 診断,Informational,390,"1.00,1.00,0.81,1.00,1.00,1.00,0.81,0.67,0.67,0.67,0.81,1.00",19,0.00,0.33,"Image pack, People also ask, Related searches"
性格 動物 診断,Commercial,390,"0.66,0.54,0.66,0.66,0.66,0.66,0.66,0.66,0.81,0.81,1.00,0.81",24,0.19,0.01,"Reviews, Video, Related searches"
性格 占い 辛口,Informational,390,"1.00,1.00,1.00,1.00,1.00,0.67,0.54,0.44,0.67,0.44,0.44,0.44",10,0.04,0.17,"Video, Related searches"
性格 色 診断,Informational,390,"0.67,0.81,0.81,0.81,0.81,0.67,0.81,1.00,0.81,1.00,0.81,0.19",13,0.00,0.01,"Image pack, Video, Related searches"
性格 診断 infj,Informational,390,"1.00,1.00,1.00,1.00,1.00,0.82,1.00,1.00,1.00,1.00,1.00,0.82",23,0.37,0.08,"AI Overview, Video, Video carousel, People also ask, Related searches"
性格 診断 isfp,Informational,390,"0.66,0.81,1.00,0.81,0.44,0.81,0.66,0.44,0.54,0.44,0.44,0.44",22,0.26,0.09,"Sitelinks, AI Overview, Video, Video carousel, People also ask, Related searches"
性格 診断 エゴグラム,Informational,390,"1.00,0.67,1.00,1.00,1.00,0.81,0.67,0.54,0.54,0.67,0.54,0.54",15,0.40,0.08,"Sitelinks, Image pack, Video, People also ask, Related searches"
無料 自己 分析,Informational,390,"1.00,1.00,1.00,1.00,1.00,0.82,0.82,1.00,0.82,1.00,0.82,0.82",23,1.02,0.68,"Sitelinks, AI Overview, Image pack, Video, Related searches, Ads top, Ads bottom"
特技 診断,Informational,390,"0.44,0.44,0.44,0.44,0.44,0.44,0.67,0.54,0.67,1.00,0.29,0.24",15,0.35,0.15,"Video, People also ask, Related searches"
理想 の タイプ 診断,Informational,390,"0.81,0.81,1.00,0.81,0.81,0.67,0.81,0.67,0.81,0.81,0.81,0.81",25,0.19,0.04,"Video, People also ask, Related searches"
真面目 診断,Informational,390,"0.36,0.44,0.44,0.44,0.44,0.36,0.36,0.36,0.36,0.44,1.00,0.55",13,0.19,0.03,Related searches
自分 に 自信 が ない 診断,Informational,390,"0.81,0.81,1.00,1.00,0.81,0.67,0.67,0.54,0.54,0.67,0.67,0.67",12,0.17,0.27,"People also ask, Related searches"
自分 を 知る 診断,Informational,390,"0.81,0.81,0.81,0.81,1.00,0.67,0.67,0.54,0.54,0.44,0.29,0.35",31,0.24,0.51,"Sitelinks, Video, Related searches"
裏 の 性格 診断,Informational,390,"0.44,0.54,0.82,1.00,0.67,0.67,0.54,0.44,0.54,0.44,0.82,0.82",28,0.00,0.01,"Sitelinks, Video, People also ask, Related searches"
裏 性格 診断,Informational,390,"0.44,0.54,0.82,1.00,0.67,0.67,0.54,0.44,0.54,0.44,0.82,0.82",26,0.31,0.01,"Sitelinks, Related searches"
診断 ツール,Informational,390,"1.00,0.82,1.00,1.00,1.00,1.00,1.00,0.82,1.00,0.82,0.82,1.00",33,1.60,0.13,"Sitelinks, Video carousel, People also ask, Related searches"
infp 性格 診断,Informational,320,"0.36,0.36,0.44,0.36,0.36,0.54,0.54,0.36,0.82,1.00,1.00,1.00",28,0.20,0.43,"Image, Video, Video carousel, People also ask, Related searches"
mbti jp,Informational,320,"1.00,0.81,1.00,0.81,1.00,1.00,0.81,1.00,1.00,0.81,1.00,1.00",27,0.55,0.05,"Sitelinks, AI Overview, Image pack, Video, People also ask, Related searches"
mbti 比較,Informational,320,"0.82,0.82,0.67,0.82,0.82,0.67,0.82,0.67,1.00,0.82,0.82,0.67",16,0.00,0.33,"Sitelinks, Image pack, Video, People also ask, Related searches"
mtbt,Informational,320,"1.00,0.81,1.00,1.00,0.81,0.81,0.81,0.81,0.81,1.00,1.00,0.81",26,0.33,0.21,"Sitelinks, Reviews, Video, People also ask, Related searches"
nbpi,Informational,320,"0.81,0.66,1.00,0.81,0.36,0.29,0.36,0.44,0.36,0.29,0.29,0.29",18,0.34,0.10,"Video, People also ask, Related searches"
testii,Navigational,320,"1.00,0.81,1.00,0.81,0.81,0.54,0.54,0.81,0.54,0.67,0.54,0.23",17,0.00,0.00,"Sitelinks, Reviews, People also ask, Related searches"
アニメ キャラ 性格 診断,Informational,320,"0.81,1.00,0.67,0.67,0.54,0.67,0.67,0.44,0.54,0.54,0.54,0.54",20,0.00,0.33,"Image pack, Video, Related searches"
アニメ 性格 診断,Informational,320,"1.00,1.00,1.00,1.00,0.82,1.00,0.67,0.67,0.67,0.54,0.54,0.54",22,0.00,0.33,"Image pack, Video, Related searches"
エゴグラム 診断 無料,Informational,320,"0.81,0.44,0.67,0.81,0.67,0.67,0.67,0.67,0.81,1.00,0.81,1.00",21,0.35,0.17,"Sitelinks, Reviews, Video, People also ask, Related searches"
タイプ 別 診断 4 タイプ 無料,Informational,320,"1.00,0.81,0.81,0.81,0.81,0.81,0.19,0.19,0.27,0.19,0.27,0.19",4,0.33,0.06,"Image pack, Video, Related searches"
ダークコア 診断,Informational,320,"0.67,0.44,1.00,0.36,0.36,0.24,0.19,0.24,0.24,0.19,0.30,0.16",24,0.55,0.02,"Image pack, Video, Related searches"
ディグラム 診断 無料,Navigational,320,"0.05,0.04,0.05,0.04,0.05,0.06,0.05,1.00,0.25,0.06,0.07,0.04",16,0.37,0.20,"Sitelinks, Video, Related searches"
トモダチ コレクション 性格 診断,Informational,320,"0.07,0.04,0.07,0.06,0.03,0.02,0.11,0.20,0.55,1.00,0.24,0.20",28,0.00,0.33,"Sitelinks, Image pack, Video, People also ask, Related searches"
トライ 式 性格 診断,Informational,320,"0.54,0.44,0.44,0.36,0.36,0.36,0.44,0.54,0.44,0.36,0.29,1.00",14,0.00,0.02,"People also ask, Related searches"
パーソナリティ 検査,Informational,320,"1.00,0.82,1.00,0.82,0.67,0.67,0.82,0.67,0.82,0.82,1.00,1.00",26,1.02,0.27,"AI Overview, Video, People also ask, Related searches"
パーソナリティ 検査 と は,Informational,320,"1.00,0.67,0.81,0.54,0.44,0.67,0.54,0.54,0.67,0.67,0.67,0.81",24,1.25,0.05,"Sitelinks, AI Overview, Video, People also ask, Ads bottom"
ヒソカ の 性格 診断,Informational,320,"0.67,0.67,0.54,0.36,0.36,0.54,0.54,0.29,0.36,0.29,0.54,1.00",28,0.00,0.33,"Image pack, Video, Related searches"
ビッグ ファイブ 性格 診断,Informational,320,"1.00,0.82,0.82,0.82,0.82,0.54,0.54,0.67,0.67,0.82,0.82,0.82",19,0.24,0.40,"Sitelinks, Video, Video carousel, People also ask, Related searches"
ヘタリア 性格 診断,Informational,320,"0.67,1.00,0.54,0.67,0.54,0.54,0.67,0.54,0.54,0.18,0.36,0.36",14,0.00,0.33,"Image, Image pack, People also ask, Related searches"
ホロスコープ 性格 診断,Informational,320,"0.81,0.81,1.00,0.81,0.54,0.54,0.67,0.54,0.67,0.67,0.54,0.44",20,0.17,0.06,"Sitelinks, Reviews, Video, People also ask, Related searches"
モチラボ,Navigational,320,"0.67,0.44,0.54,0.67,0.81,0.54,0.81,0.67,1.00,0.81,0.54,0.67",15,0.82,0.02,"Video, People also ask, Related searches"
ワンピース 性格 診断,Informational,320,"1.00,0.81,0.81,0.67,0.67,0.54,0.67,0.44,0.44,0.67,0.81,0.67",8,0.00,0.33,"Image, Image pack, Video, Related searches"
占い 無料 性格,Informational,320,"0.82,0.82,1.00,1.00,0.82,1.00,1.00,0.82,0.82,1.00,0.82,0.54",23,0.14,0.21,"People also ask, Related searches"
占い 自分 の 性格,Informational,320,"0.54,0.67,0.81,1.00,0.67,0.54,0.67,0.44,0.54,0.44,0.54,0.44",10,0.06,0.30,"Video, Related searches"
女子 診断,Informational,320,"0.82,1.00,0.82,0.82,1.00,0.82,0.82,0.82,0.82,0.54,0.54,0.67",21,0.00,0.33,"Video, Related searches"
女性 タイプ 診断,Informational,320,"0.36,0.44,0.36,0.44,0.44,0.36,0.36,0.29,0.44,0.44,0.67,1.00",21,0.25,0.05,"Image pack, Video, Related searches"
女性 性格 診断,Informational,320,"0.12,0.54,0.24,0.44,0.66,1.00,1.00,0.81,0.81,0.66,0.81,0.66",23,0.20,0.09,"AI Overview, Image pack, People also ask, Related searches"
子供 タイプ 診断 ベネッセ,"Informational, Navigational",320,"0.54,1.00,0.44,0.54,0.54,0.54,0.44,0.67,0.67,0.67,0.81,0.81",21,1.78,0.02,"Image pack, People also ask, Related searches"
干支 性格 診断,Informational,320,"0.29,0.29,0.44,0.44,0.54,1.00,0.82,0.29,0.19,0.19,0.15,0.19",29,0.00,0.33,"Sitelinks, AI Overview, Video, People also ask, Related searches"
心理 テスト サイト,Informational,320,"0.67,0.54,0.81,0.81,0.81,0.81,1.00,0.67,0.81,0.67,0.67,0.67",30,1.10,0.02,"Video, Related searches"
心理 テスト 性格 診断,Informational,320,"0.82,0.82,1.00,0.82,0.82,0.82,0.82,0.54,0.67,0.54,0.67,0.67",26,0.25,0.06,"Sitelinks, Reviews, Video, Related searches"
性格 いい 診断,Informational,320,"0.16,0.16,0.20,0.20,0.25,0.20,0.20,0.16,0.13,0.13,1.00,0.45",19,0.10,0.04,"Video, People also ask, Related searches"
性格 の 良さ 診断,Commercial,320,"0.44,0.36,0.44,0.54,0.44,0.44,0.36,0.29,0.36,0.29,1.00,0.54",19,0.11,0.08,"Video, People also ask, Related searches"
性格 検査 と は,Informational,320,"0.67,0.44,1.00,0.54,0.44,0.44,0.54,0.44,0.81,0.81,0.67,1.00",20,0.60,0.19,"Sitelinks, AI Overview, Image pack, Video, People also ask, Related searches"
性格 診断 アニメ,Informational,320,"1.00,1.00,1.00,1.00,0.82,1.00,0.67,0.67,0.67,0.54,0.54,0.54",23,0.00,0.33,"Image pack, Video, Related searches"
性格 診断 アニメ キャラ,Informational,320,"0.81,1.00,0.67,0.67,0.54,0.67,0.67,0.44,0.54,0.54,0.54,0.54",17,0.00,0.33,"Image pack, Video, Related searches"
性格 診断 女性,Informational,320,"0.12,0.54,0.24,0.44,0.66,1.00,1.00,0.81,0.81,0.66,0.81,0.66",20,0.13,0.07,"People also ask, Related searches"
性格 診断 心理 テスト,Informational,320,"0.82,0.82,1.00,0.82,0.82,0.82,0.82,0.54,0.67,0.54,0.67,0.67",32,0.46,0.03,"Sitelinks, Reviews, Video, People also ask, Related searches"
性格 診断 色,Informational,320,"0.30,0.24,0.24,0.24,0.24,0.24,0.30,0.24,0.36,0.30,1.00,0.44",17,0.00,0.00,"Sitelinks, Image pack, Video, Related searches"
文字 性格 診断,Informational,320,"1.00,0.82,0.67,1.00,0.82,0.82,0.82,0.82,0.67,1.00,1.00,1.00",16,0.00,0.33,"Reviews, Image pack, Video, Video carousel, People also ask, Related searches"
星座 性格 診断,Informational,320,"0.67,0.67,0.54,0.67,1.00,1.00,1.00,0.82,0.67,0.67,0.67,0.67",17,0.00,0.33,"Sitelinks, Reviews, Video, People also ask, Related searches"
特性 診断,Informational,320,"0.82,0.82,0.82,1.00,0.82,0.67,0.82,0.54,0.67,0.82,0.82,0.82",33,0.39,0.39,"AI Overview, Image pack, Video, People also ask, Related searches"
狂人 診断,Informational,320,"0.44,0.29,0.29,0.29,0.36,0.24,0.44,0.36,1.00,0.36,0.36,0.54",11,0.00,0.33,
生年 月 日 統計 学 性格 診断,Informational,320,"1.00,1.00,1.00,1.00,0.81,0.66,1.00,1.00,0.81,0.66,0.66,0.53",19,0.12,0.05,"Sitelinks, AI Overview, Video, People also ask, Related searches"
筆跡 性格 診断,Informational,320,"0.82,0.67,0.54,1.00,0.67,0.82,0.82,0.82,0.82,0.82,0.82,0.82",12,2.12,0.01,"Reviews, Image pack, Video, Video carousel, Related searches"
自分 が わからない 診断,Informational,320,"0.67,0.82,1.00,0.82,0.82,0.82,0.67,0.54,0.54,0.67,0.67,0.54",21,0.18,0.40,"AI Overview, Video, People also ask, Related searches"
自分 の 性格 占い,Informational,320,"0.54,0.67,0.81,1.00,0.67,0.54,0.67,0.44,0.54,0.44,0.54,0.44",15,0.07,0.23,"People also ask, Related searches"
自分 の 感情 が わからない 診断,Informational,320,"0.67,0.81,0.81,0.81,1.00,0.67,0.67,0.67,0.54,0.54,0.54,0.44",16,0.14,0.12,"Video, People also ask, Related searches, Ads top"
自分 らしさ 診断,Informational,320,"1.00,0.82,0.82,1.00,0.82,0.54,0.54,0.54,0.54,0.82,1.00,0.54",9,0.19,0.39,"Video, People also ask, Related searches"
診断 com,Navigational,320,"0.67,0.44,0.67,1.00,0.67,0.67,0.54,0.54,0.54,0.29,0.67,0.54",28,0.00,0.01,"People also ask, Related searches"
診断 女子,Informational,320,"0.82,1.00,0.82,0.82,1.00,0.82,0.82,0.82,0.82,0.54,0.54,0.67",19,0.00,0.33,Related searches
赤ちゃん 性格 診断,Informational,320,"0.54,0.67,0.82,0.82,1.00,0.67,0.82,0.82,0.67,0.82,0.82,0.82",23,0.00,0.00,"Sitelinks, Image pack, Video, People also ask, Related searches"
16 性格 診断 相性,Informational,260,"1.00,1.00,1.00,0.81,0.66,0.66,0.66,0.53,0.53,0.53,0.53,0.44",10,0.00,0.01,"Sitelinks, Image pack, Video, People also ask, Related searches"
disc 性格 診断,Informational,260,"1.00,1.00,1.00,0.81,0.81,0.81,0.65,0.81,1.00,1.00,0.81,1.00",17,0.46,0.21,"AI Overview, Video, People also ask, Related searches"
esp 診断,Informational,260,"1.00,1.00,0.81,0.81,0.66,0.66,0.66,0.81,0.81,0.66,0.53,0.66",7,1.15,0.15,"Sitelinks, AI Overview, Image pack, People also ask"
mbti en,Informational,260,"0.81,0.81,0.81,0.66,0.66,0.66,0.66,0.66,0.81,1.00,1.00,0.53",30,0.71,0.03,"Image pack, Video, People also ask, Related searches"
mbti ni,Informational,260,"0.81,0.66,0.66,0.66,0.81,0.81,0.81,1.00,0.81,1.00,0.81,0.66",8,0.00,0.33,"AI Overview, Image pack, Video, People also ask, Related searches"
mbti テスト 無料,Informational,260,"0.54,0.54,0.44,0.44,0.35,0.54,0.54,0.67,0.67,0.81,1.00,0.81",30,0.36,0.64,"Reviews, Video, People also ask, Related searches"
yg 性格 検査 無料,Commercial,260,"0.67,0.44,0.44,0.54,0.54,0.54,0.54,0.44,0.54,0.81,1.00,0.81",9,0.57,0.38,"Sitelinks, People also ask, Related searches, Ads top"
あなた の 診断,Informational,260,"0.82,0.54,0.54,1.00,0.67,0.67,0.82,0.67,0.67,0.54,0.82,1.00",27,0.00,0.01,"Video, People also ask, Related searches"
いい 人 診断,Informational,260,"0.30,0.30,0.30,0.30,0.36,0.30,0.30,0.24,0.24,0.19,1.00,0.55",10,0.17,0.02,"Video, Related searches"
いじめ 診断,Informational,260,"0.81,0.81,1.00,1.00,0.81,0.81,0.81,0.66,0.53,0.34,0.53,0.81",14,0.00,0.01,"Image pack, People also ask, Related searches"
ちょう せいかく ぶん せき,Informational,260,"0.48,0.09,0.32,1.00,0.72,0.32,0.14,0.03,0.02,0.04,0.03,0.02",13,0.00,0.00,"Reviews, People also ask, Related searches"
のび しろ 診断,Navigational,260,"0.10,0.08,0.12,0.44,0.19,0.19,0.67,0.08,0.06,0.10,0.12,1.00",23,0.00,0.02,"Sitelinks, Related searches"
イデオロギー 診断,Informational,260,"1.00,0.82,0.54,0.82,0.54,0.54,0.82,0.82,0.54,0.44,0.67,0.67",9,0.00,0.33,Related searches
エゴグラム 無料,Commercial,260,"0.82,0.44,0.54,0.82,0.67,0.54,0.67,0.67,0.44,0.82,0.67,1.00",31,0.24,0.11,"Sitelinks, People also ask, Related searches"
エゴグラム 診断 シート,Informational,260,"0.67,0.67,0.67,1.00,0.82,0.54,0.67,0.54,0.67,1.00,0.67,0.82",15,0.00,0.01,"Sitelinks, AI Overview, Image pack, Related searches"
カラー 性格 診断,Informational,260,"0.81,1.00,1.00,0.81,0.66,0.53,0.53,0.53,0.53,0.66,0.53,0.66",14,0.35,0.03,"Sitelinks, Image, Image pack, Video, People also ask, Related searches"
カリスマ 診断,Informational,260,"0.44,0.67,0.67,0.67,0.67,0.81,0.54,0.44,1.00,0.44,0.54,0.44",16,0.00,0.01,Video
キングダム 性格 診断,Navigational,260,"0.82,0.67,0.67,0.82,0.82,1.00,0.67,0.44,0.67,0.54,0.54,0.44",19,0.00,0.33,"Sitelinks, Video, Related searches"
クズ 人間 診断,Informational,260,"1.00,0.82,1.00,0.82,0.67,0.82,0.67,0.44,0.08,0.10,0.10,0.13",14,0.00,0.02,Related searches
クズ 女 診断,Informational,260,"0.81,1.00,1.00,1.00,1.00,0.81,0.81,0.44,0.28,0.22,0.28,0.22",14,0.00,0.33,Related searches
ダメ 人間 診断,Informational,260,"0.82,0.82,1.00,0.82,0.82,0.54,0.67,0.54,0.54,0.67,0.67,0.54",13,0.25,0.04,"People also ask, Related searches"
トライ 性格 診断,Informational,260,"1.00,0.67,0.54,0.54,0.44,0.67,0.44,0.54,0.67,0.44,0.36,0.54",14,0.00,0.01,"Image pack, Video, People also ask, Related searches"
ドラクエ 性格 診断,Informational,260,"0.81,1.00,0.81,0.81,1.00,0.53,0.53,0.53,0.44,0.28,1.00,0.66",18,0.00,0.33,"Sitelinks, Image, Video, Video carousel, Related searches"
ネトスト 診断,Informational,260,"0.66,0.81,0.81,1.00,0.81,0.53,0.66,0.53,0.81,0.66,0.81,0.66",15,0.00,0.33,"People also ask, Related searches"
ビッグ 5 診断,Informational,260,"0.29,0.29,0.29,0.29,0.36,0.29,0.44,0.54,0.54,0.67,1.00,0.67",16,0.34,0.42,"Video, People also ask, Related searches"
ビビり 診断,Informational,260,"0.67,1.00,0.67,0.67,0.44,0.54,0.67,0.67,0.67,0.44,0.67,0.82",15,0.00,0.33,"Image pack, People also ask, Related searches"
ミステリアス 診断,Informational,260,"0.81,0.81,1.00,0.81,0.81,0.81,0.81,0.81,1.00,0.81,0.81,0.81",17,0.00,0.01,"Image pack, Video, People also ask, Related searches"
人たらし 診断,Informational,260,"0.81,0.66,0.81,0.66,0.81,0.81,1.00,1.00,0.81,1.00,1.00,0.28",15,0.17,0.01,"Video, Related searches"
個性 心理 学 無料,"Informational, Transactional",260,"0.54,0.54,0.44,0.54,0.67,0.67,0.67,0.67,0.82,1.00,0.82,1.00",32,0.00,0.01,"Video, Related searches"
共感 力 診断,Informational,260,"0.66,0.81,1.00,1.00,0.81,0.81,0.81,0.66,0.81,0.66,0.66,0.66",14,0.42,0.05,"Video, People also ask, Related searches"
劣等 感 診断,Informational,260,"0.81,1.00,0.81,0.66,0.66,0.66,0.53,0.53,0.44,0.44,0.53,0.44",13,0.00,0.02,"People also ask, Related searches"
占い 性格 当たる,Informational,260,"0.66,0.81,1.00,0.81,0.53,0.53,0.81,0.66,0.66,0.66,0.66,0.81",13,0.05,0.24,"Video, People also ask, Related searches"
女 の 性格,Informational,260,"1.00,1.00,1.00,1.00,0.81,0.81,1.00,0.81,0.81,0.81,0.81,0.81",16,0.00,0.33,"Sitelinks, AI Overview, Video, Video carousel, People also ask, Related searches"
女性 の タイプ 診断,Informational,260,"0.36,0.44,0.36,0.44,0.44,0.36,0.36,0.29,0.44,0.44,0.67,1.00",21,0.15,0.03,"Image pack, Video, People also ask, Related searches"
女性 の 性格,Informational,260,"0.81,1.00,0.66,0.81,0.81,0.81,0.81,0.66,0.66,0.66,0.81,0.66",18,0.00,0.33,"Sitelinks, AI Overview, Video, People also ask, Related searches"
女性 性格,Informational,260,"0.81,1.00,0.66,0.81,0.81,0.81,0.81,0.66,0.66,0.66,0.81,0.66",20,0.00,0.33,"Sitelinks, AI Overview, Video, Video carousel, People also ask, Related searches"
学校 嫌い 診断,Informational,260,"0.67,0.67,1.00,0.67,0.54,0.67,0.82,0.54,0.54,0.67,0.67,0.82",7,0.00,0.01,"People also ask, Related searches"
就職 性格 診断,Informational,260,"0.54,0.54,1.00,0.67,0.54,0.36,0.67,1.00,0.67,0.82,0.67,0.54",13,1.07,0.51,"AI Overview, Video, Video carousel, People also ask, Related searches, Ads top, Ads middle"
当たる 性格 占い,Informational,260,"0.66,0.81,1.00,0.81,0.53,0.53,0.81,0.66,0.66,0.66,0.66,0.81",12,0.05,0.24,Related searches
心理 テスト 暇つぶし,Informational,260,"1.00,1.00,1.00,1.00,1.00,0.81,0.81,0.81,0.81,0.66,0.66,0.53",26,0.00,0.02,"Sitelinks, Related searches"
心理 テスト 選択肢 なし,Informational,260,"0.53,0.66,0.81,0.81,1.00,0.81,0.81,0.81,1.00,1.00,0.81,0.81",10,0.00,0.33,"Sitelinks, Video, Related searches"
心理 分析,Informational,260,"0.81,0.66,0.81,0.81,0.81,0.81,0.66,0.66,0.81,0.81,0.81,1.00",33,0.72,0.02,"Sitelinks, AI Overview, Image pack, Video, Video carousel, People also ask, Related searches"
心理 検査 テスト,Informational,260,"0.23,0.23,0.23,0.35,0.81,0.67,0.67,0.81,1.00,0.44,0.19,0.54",9,0.09,0.04,"AI Overview, Image pack, Video, People also ask, Related searches"
性格 ひねくれ 診断,Informational,260,"1.00,1.00,0.81,1.00,0.81,0.66,0.53,0.44,0.53,0.34,1.00,0.22",14,0.00,0.02,"Video, People also ask, Related searches"
性格 占い 完全 無料,Informational,260,"0.29,0.24,0.36,0.44,0.44,0.54,1.00,0.54,0.44,0.36,0.15,0.15",13,0.04,0.08,Related searches
性格 占い 当たる,Informational,260,"0.66,0.81,1.00,0.81,0.53,0.53,0.81,0.66,0.66,0.66,0.66,0.81",10,0.09,0.22,Related searches
性格 美人 診断,Informational,260,"1.00,1.00,0.81,1.00,1.00,0.81,0.66,0.66,0.66,0.44,0.34,0.44",16,0.00,0.33,"Video, People also ask, Related searches"
性格 診断 intp,Informational,260,"1.00,1.00,0.81,0.81,0.81,0.81,0.81,0.81,0.81,0.81,0.65,0.65",19,0.22,0.20,"Sitelinks, AI Overview, Video, People also ask, Related searches"
性格 診断 就職,Informational,260,"0.54,0.54,1.00,0.67,0.54,0.36,0.67,1.00,0.67,0.82,0.67,0.54",15,1.07,0.51,"Sitelinks, Video, Video carousel, People also ask, Related searches"
性格 診断 管理 者,Informational,260,"1.00,0.81,0.81,0.66,0.81,0.81,0.66,0.66,0.53,0.53,0.53,0.53",14,0.00,0.01,"Sitelinks, AI Overview, Video, People also ask, Related searches"
恋愛 性格 診断 無料,Informational,260,"0.12,0.19,1.00,1.00,0.44,0.36,0.29,0.19,0.19,0.29,0.54,0.44",27,0.28,0.08,"Video, People also ask"
恋愛 診断 高校生,Informational,260,"0.81,0.67,1.00,0.81,0.44,0.35,0.29,0.35,0.35,0.35,0.67,0.54",32,0.00,0.33,"Sitelinks, People also ask, Related searches"
暇つぶし 心理 テスト,Informational,260,"1.00,1.00,1.00,1.00,1.00,0.81,0.81,0.81,0.81,0.66,0.66,0.53",31,0.00,0.02,"Sitelinks, Video, People also ask, Related searches"
短気 診断,Informational,260,"0.54,0.54,0.54,0.44,0.44,0.44,0.44,0.44,0.44,0.44,0.44,1.00",11,0.18,0.02,Related searches
自分 と 合わ ない 人 診断,Informational,260,"0.81,0.81,0.81,1.00,1.00,0.81,0.81,1.00,0.66,0.66,1.00,0.66",14,0.13,0.16,"AI Overview, Video, Related searches"
自分 の 能力,Informational,260,"1.00,0.66,0.66,0.81,0.66,0.81,0.66,0.66,0.66,0.81,0.66,0.66",18,0.82,0.15,"AI Overview, Video, People also ask, Related searches"
自分 嫌い 診断,Informational,260,"0.81,1.00,1.00,1.00,0.66,1.00,0.81,1.00,0.81,0.66,0.66,1.00",11,0.05,0.04,Video
自己 像,Informational,260,"0.36,0.29,0.29,0.29,0.36,0.36,0.44,0.36,0.24,1.00,0.66,0.44",17,0.00,0.33,"Sitelinks, AI Overview, Image pack, Video, People also ask, Knowledge panel, Related searches"
裏表 診断,Informational,260,"0.66,0.81,1.00,1.00,1.00,1.00,0.81,0.81,1.00,0.66,1.00,0.81",20,0.00,0.01,"Image pack, People also ask, Related searches"
診断 クイズ,Informational,260,"0.67,0.67,0.67,0.54,0.82,1.00,0.67,0.67,0.67,0.67,0.82,0.54",28,0.00,0.02,"Video, Related searches"
診断 テスト 当たる,Commercial,260,"0.53,0.81,0.81,0.81,0.81,1.00,0.81,0.66,0.81,0.53,0.66,0.53",30,0.16,0.11,"Video, People also ask, Related searches"
16 person,Navigational,210,"1.00,0.81,1.00,0.65,0.65,0.65,0.65,0.65,0.65,0.81,0.81,0.65",33,0.49,0.10,"Sitelinks, Video, People also ask, Related searches"
16 型,Informational,210,"1.00,0.81,0.81,0.81,0.81,1.00,0.65,0.65,0.81,0.65,0.65,0.54",28,0.73,0.10,"Sitelinks, Reviews, Image pack, Video, Video carousel, People also ask, Related searches, Popular products"
16p,Informational,210,"0.54,0.54,0.44,0.44,0.44,0.44,1.00,0.36,0.67,0.44,0.44,0.44",26,0.00,0.01,"Sitelinks, Reviews, Image pack, Video, People also ask, Related searches"
a 型 診断,Informational,210,"1.00,0.66,0.66,0.81,0.81,0.66,0.66,0.81,0.66,0.44,0.44,0.44",15,0.15,0.04,"Video, People also ask, Related searches"
b 型 診断,Informational,210,"1.00,0.81,1.00,1.00,0.81,0.81,0.81,0.65,0.81,0.54,0.54,0.65",24,0.00,0.33,"Reviews, Video, People also ask, Related searches"
https www 16personalities com ja,Navigational,210,"1.00,0.65,0.81,0.65,0.65,0.65,0.81,0.65,0.65,1.00,0.81,0.65",29,0.50,0.58,"People also ask, Related searches"
intb,Informational,210,"1.00,0.81,0.66,0.66,0.53,0.66,0.66,0.53,0.81,0.66,0.81,0.66",19,0.46,0.08,"AI Overview, Reviews, Video, People also ask, Related searches"
lol 性格 診断,Informational,210,"0.36,0.36,0.36,0.44,0.36,0.19,0.24,0.15,0.19,0.15,1.00,0.29",8,0.00,0.33,"Video, Related searches"
mbth,Informational,210,"1.00,0.81,0.81,0.81,0.65,0.81,0.81,0.65,0.65,0.81,0.81,0.81",25,0.00,0.01,"Reviews, Image pack, Video, People also ask, Related searches"
mbti pj,Informational,210,"0.81,0.81,0.81,0.65,0.81,0.81,0.81,0.65,0.81,1.00,1.00,1.00",18,0.00,0.33,"Sitelinks, AI Overview, Image pack, Video, People also ask, Related searches"
mbti どれがいい,Informational,210,"0.44,0.44,0.44,0.54,0.44,0.44,0.29,0.35,0.44,0.67,1.00,0.81",21,0.55,0.03,"Sitelinks, AI Overview, Image pack, Video, People also ask, Related searches"
mbti キャラクター 診断,Informational,210,"0.08,1.00,0.54,0.24,0.29,0.66,0.66,0.24,0.24,0.19,0.24,0.29",12,0.00,0.02,"Image pack, Video, People also ask, Related searches"
mbti 写真,Informational,210,"0.44,1.00,0.44,0.44,0.29,0.29,0.23,0.23,0.29,0.19,0.19,0.19",31,0.00,0.33,"Image, Image pack, People also ask"
mbti 基準,Informational,210,"0.81,0.81,0.81,1.00,0.81,0.81,0.81,0.65,0.81,0.81,0.81,0.81",34,0.00,0.33,"Image pack, Video, People also ask, Related searches"
mbti 心理 学,Informational,210,"0.81,1.00,1.00,1.00,0.81,1.00,0.81,0.54,0.65,0.81,0.81,1.00",20,0.43,0.03,"Sitelinks, AI Overview, Image pack, Video, People also ask, Related searches"
mbti 時間,Informational,210,"0.81,0.81,1.00,1.00,0.81,0.81,0.65,0.65,0.81,1.00,0.81,0.65",25,0.00,0.33,"Sitelinks, AI Overview, Video, People also ask, Related searches"
mbti 診断 簡易,Informational,210,"0.81,0.81,1.00,0.66,0.66,0.44,0.66,0.44,0.53,0.81,1.00,0.81",28,0.25,0.10,"Video, Related searches"
mgbt,Informational,210,"1.00,0.81,0.66,0.66,0.53,0.66,0.53,0.44,0.53,0.66,0.66,0.66",24,0.49,0.08,"Image pack, People also ask, Related searches"
valorant 性格診断,Informational,210,"0.04,0.05,0.02,0.02,0.02,0.02,0.02,0.02,0.02,0.02,0.02,1.00",28,0.00,0.00,"Video, Related searches"
yg 性格 検査 無料 診断,Informational,210,"1.00,0.81,1.00,0.66,0.53,0.66,0.53,0.44,0.53,0.44,0.28,0.53",9,0.51,0.32,"Sitelinks, AI Overview, Reviews, Video, People also ask, Related searches"
いい 女 診断,Informational,210,"0.66,0.53,0.66,0.81,1.00,1.00,1.00,0.66,0.53,0.44,0.66,0.53",14,0.00,0.02,"Video, People also ask, Related searches"
お 酒 性格 診断,Informational,210,"0.15,0.19,0.19,0.15,0.10,0.12,0.67,1.00,0.36,0.19,0.19,0.12",18,0.00,0.33,"Video, People also ask, Related searches"
おもしろ 心理 テスト 性格,Informational,210,"0.54,0.67,1.00,0.44,0.54,0.54,0.67,0.54,0.44,0.54,0.67,0.67",20,0.00,0.01,"Sitelinks, Video, People also ask, Related searches"
どんな 性格,Informational,210,"0.66,0.66,0.81,0.66,0.44,0.44,0.66,0.66,0.66,1.00,0.81,0.81",25,0.00,0.01,"Sitelinks, AI Overview, Image pack, Video, People also ask, Related searches"
なんか の 診断,Informational,210,"0.44,0.36,0.44,0.54,0.54,0.82,1.00,0.54,0.54,0.44,0.67,0.54",26,0.16,0.06,"Video, Related searches"
なんでも中間はする万能器用者,Informational,210,"0.00,0.00,0.00,0.00,0.00,0.00,0.00,0.00,0.00,0.00,0.00,1.00",23,0.00,0.00,"AI Overview, Video, People also ask, Related searches"
エルジー ビーティー 診断,Informational,210,"0.53,0.81,1.00,0.81,0.66,0.53,0.66,0.66,0.66,0.66,0.66,0.66",22,0.00,0.02,"AI Overview, Video, People also ask, Related searches"
エンターテイナー 性格 診断,Informational,210,"1.00,0.65,0.81,0.65,0.81,0.54,0.54,0.42,0.35,0.35,0.35,0.27",20,0.00,0.02,"Image pack, Video, People also ask"
カラー 診断 性格,Informational,210,"0.81,1.00,1.00,0.81,0.66,0.53,0.53,0.53,0.53,0.66,0.53,0.66",18,0.00,0.02,"Image pack, Video, Related searches"
ジブリ 性格 診断,Informational,210,"0.66,0.81,0.81,0.66,1.00,0.53,0.66,0.53,0.53,0.44,0.81,0.53",8,0.00,0.33,"Sitelinks, Image, Image pack, Video, Related searches"
ジョブ グラム,Informational,210,"0.81,0.81,1.00,1.00,1.00,0.81,0.81,0.65,0.65,1.00,0.65,1.00",27,1.00,0.08,"AI Overview, Image pack, Video, People also ask, Related searches"
スター性格診断ショー,Informational,210,"0.00,0.00,0.00,0.00,0.00,0.00,0.00,0.00,0.00,0.00,0.00,1.00",29,0.00,0.00,"Sitelinks, Reviews, Video, Video carousel, People also ask, Knowledge panel"
ハンター ハンター オーラ 別 性格 診断,Informational,210,"0.53,0.53,0.66,0.66,1.00,0.81,0.66,0.53,0.66,0.53,0.66,0.81",13,0.00,0.33,"Image pack, Video, Related searches"
ヒステリー 女 診断,Informational,210,"0.81,0.81,1.00,0.81,1.00,0.81,1.00,1.00,1.00,1.00,0.81,0.81",13,0.13,0.03,"Sitelinks, AI Overview, People also ask, Related searches"
ビッグ ファイブ 心理 学,Informational,210,"1.00,0.66,0.66,0.81,0.81,0.66,0.81,0.53,0.44,0.66,0.81,0.81",15,0.43,0.12,"Sitelinks, AI Overview, Video, People also ask, Related searches"
フレネミー 診断 16 タイプ,Commercial,210,"0.00,0.00,0.00,0.00,0.00,0.00,0.00,0.00,0.00,0.00,1.00,0.30",14,0.10,0.01,"Video, People also ask, Related searches"
プライド が 高い 診断,Informational,210,"1.00,1.00,0.81,1.00,1.00,1.00,0.81,1.00,0.81,0.67,0.81,0.52",11,0.29,0.05,"Video, People also ask, Related searches"
マイナビ 性格 診断,Navigational,210,"1.00,0.65,0.81,0.81,0.81,0.54,0.65,0.81,0.65,0.81,0.81,1.00",28,0.71,0.24,"People also ask, Related searches"
マイヤーズ ブリックス,Informational,210,"0.81,1.00,1.00,0.66,0.66,0.53,0.34,0.28,0.44,0.44,0.53,0.44",27,0.47,0.24,"Sitelinks, AI Overview, Image, Video, People also ask, Related searches"
マッチング アプリ 診断,Informational,210,"1.00,1.00,0.66,0.81,0.53,0.66,0.66,0.66,0.66,0.53,0.53,0.53",14,1.21,0.45,"People also ask, Related searches"
モンハン 武器 性格 診断,Informational,210,"1.00,1.00,1.00,1.00,1.00,1.00,1.00,1.00,1.00,0.81,0.52,0.67",19,0.00,0.33,"Sitelinks, Image pack, Video, Video carousel, People also ask, Related searches"
主人公 性格 診断,Informational,210,"1.00,0.81,1.00,0.66,0.53,0.66,0.53,0.53,0.53,0.66,0.53,0.44",21,0.45,0.03,"Sitelinks, AI Overview, Video, People also ask, Related searches"
人付き合い 苦手 診断,Commercial,210,"0.66,0.66,0.81,1.00,0.66,0.66,0.66,0.53,0.53,0.53,0.53,0.44",12,0.09,0.23,"Video, People also ask, Related searches"
人気 度 診断,Informational,210,"1.00,0.66,0.66,0.81,0.66,0.53,0.66,0.66,0.66,0.34,0.44,0.53",19,0.00,0.33,"Video, Related searches"
人気者 診断,Informational,210,"1.00,0.66,0.66,0.66,0.81,0.66,0.53,0.53,0.44,0.53,0.66,0.66",20,0.00,0.01,"Video, People also ask"
人間 の 性格,Informational,210,"1.00,0.81,0.81,0.81,0.81,1.00,0.81,0.65,0.81,0.81,1.00,1.00",28,0.00,0.01,"Sitelinks, AI Overview, Image pack, Video, People also ask, Related searches"
人間 性格,Informational,210,"1.00,0.81,0.81,0.81,0.81,1.00,0.81,0.65,0.81,0.81,1.00,1.00",28,0.00,0.01,"Sitelinks, AI Overview, Image pack, Video, People also ask, Related searches"
人間 関係 診断,Informational,210,"0.67,0.54,0.67,0.67,0.54,0.44,0.44,0.54,0.54,0.67,1.00,0.67",14,0.12,0.07,"Video, People also ask, Related searches"
体重 体型 診断 辛口,Informational,210,"1.00,1.00,1.00,1.00,0.65,0.65,0.65,0.42,0.42,0.35,0.35,0.35",12,0.00,0.33,"Sitelinks, People also ask, Related searches"
俳優 診断,Informational,210,"0.44,0.54,0.44,0.67,0.44,0.44,0.54,0.36,1.00,0.44,0.36,0.36",28,0.00,0.33,"Image pack, Video, Related searches"
儚 げ 女子 診断,Informational,210,"0.81,1.00,0.81,0.66,0.66,0.44,0.53,0.44,0.44,0.34,0.34,0.34",17,0.00,0.33,"Sitelinks, Image pack, People also ask, Related searches"
公式 診断,Informational,210,"0.66,0.81,0.81,1.00,0.81,0.66,0.81,0.44,0.66,0.44,0.34,0.44",32,0.00,0.01,"Image, Image pack, Related searches"
協調 性 が ない 診断,Informational,210,"0.66,0.81,1.00,0.81,0.66,0.81,0.53,0.53,0.53,0.53,0.53,0.53",12,0.31,0.12,"People also ask, Related searches"
女 性格,Informational,210,"1.00,1.00,1.00,1.00,0.81,0.81,1.00,0.81,0.81,0.81,0.81,0.81",18,0.00,0.33,"Sitelinks, AI Overview, Video, Video carousel, People also ask, Related searches"
女の子 診断,Informational,210,"0.28,0.54,0.54,0.54,0.44,0.54,0.44,1.00,0.44,0.54,0.54,0.54",17,0.00,0.01,"People also ask, Related searches"
子供 の 性格 診断,Informational,210,"0.29,1.00,0.29,0.36,0.54,0.29,0.24,0.36,0.29,0.19,0.36,0.29",19,0.00,0.00,"Sitelinks, Image pack, Video, People also ask, Related searches"
字 性格 診断,Informational,210,"0.81,0.81,0.81,1.00,0.81,0.65,0.65,0.65,0.65,0.65,0.65,0.65",12,0.00,0.33,"Image pack, Video, People also ask, Related searches"
学校 診断,Informational,210,"0.12,0.12,0.12,0.12,0.10,0.12,0.16,1.00,0.36,0.24,0.24,0.24",15,0.51,0.06,"Video, People also ask, Related searches"
就活 性格 診断 落ちる,Informational,210,"0.53,0.28,0.44,0.66,0.66,0.66,0.66,0.66,1.00,0.66,0.81,0.81",15,0.66,0.03,"Sitelinks, AI Overview, Video, People also ask"
岡田 斗 司 夫 性格 診断,Informational,210,"0.66,0.66,0.66,0.66,0.81,0.66,0.66,0.34,0.44,0.44,1.00,0.66",34,0.00,0.01,"Sitelinks, Reviews, Image, Video, Video carousel, People also ask, Related searches"
心理 テスト 性格 簡単,Informational,210,"0.44,0.66,1.00,1.00,0.81,0.81,0.81,0.81,0.53,0.66,0.66,0.81",26,0.00,0.01,"Sitelinks, Image pack, Video, People also ask"
心理 テスト 性格 面白い,Informational,210,"0.54,0.67,1.00,0.44,0.54,0.54,0.67,0.54,0.44,0.54,0.67,0.67",19,0.00,0.01,"Sitelinks, Video, People also ask, Related searches"
心理 テスト 簡単 性格,Informational,210,"0.44,0.66,1.00,1.00,0.81,0.81,0.81,0.81,0.53,0.66,0.66,0.81",21,0.00,0.01,"Sitelinks, Video, Video carousel, Related searches"
心理 問題,Informational,210,"0.81,0.81,0.81,0.81,0.81,0.81,0.81,0.81,0.65,0.81,1.00,0.81",23,0.59,0.01,"Sitelinks, AI Overview, Video, People also ask, Related searches"
心理 学 ビッグ ファイブ,Informational,210,"1.00,0.66,0.66,0.81,0.81,0.66,0.81,0.53,0.44,0.66,0.81,0.81",23,0.43,0.12,"Sitelinks, AI Overview, Video, People also ask, Related searches"
思考 タイプ 診断,Informational,210,"1.00,0.81,1.00,1.00,1.00,0.81,1.00,1.00,1.00,1.00,0.81,0.81",12,0.34,0.09,"Image pack, Related searches"
性格 が わかる 質問,Informational,210,"0.81,1.00,0.81,0.81,0.81,0.81,0.65,0.65,0.65,0.81,0.65,0.65",21,0.29,0.02,"AI Overview, Video, Video carousel, People also ask, Related searches"
性格 とは,Informational,210,"0.81,1.00,0.81,1.00,0.81,1.00,0.81,0.65,0.81,1.00,0.81,0.81",29,0.00,0.33,"Instant answer, Video, People also ask, Related searches"
性格 イケメン 診断,Informational,210,"1.00,1.00,0.66,0.81,0.66,0.53,0.44,0.53,0.34,0.34,0.53,0.81",13,0.00,0.01,"Reviews, Video, People also ask, Related searches"
性格 タイプ 一覧,Informational,210,"0.81,1.00,1.00,1.00,0.81,0.81,0.81,0.65,0.81,1.00,0.65,0.65",30,0.00,0.01,"Sitelinks, Image pack, Video, People also ask, Related searches"
性格 ビッグ ファイブ,Informational,210,"1.00,0.81,0.65,0.81,0.81,0.65,0.81,0.54,0.65,0.81,0.81,0.81",29,0.36,0.16,"Sitelinks, AI Overview, People also ask, Related searches, Ads middle"
性格 気質,Informational,210,"1.00,0.65,0.81,0.65,0.65,0.65,0.65,0.54,0.65,0.65,0.65,0.65",13,0.00,0.33,"Sitelinks, AI Overview, Video, People also ask, Related searches"
性格 相性,Informational,210,"1.00,1.00,1.00,0.81,0.81,0.81,0.65,0.54,0.81,0.81,0.81,0.65",21,0.00,0.33,"Sitelinks, Image pack, Video, People also ask, Related searches"
性格 診断 entp,Informational,210,"1.00,1.00,0.81,0.81,0.81,0.81,0.54,0.65,0.81,0.54,0.54,0.54",18,0.36,0.17,"Sitelinks, AI Overview, Image pack, Video, Video carousel, People also ask, Related searches"
性格 診断 esfp,Informational,210,"1.00,0.81,1.00,1.00,0.81,0.67,0.67,0.67,0.67,0.52,0.52,0.43",20,0.16,0.18,"Sitelinks, AI Overview, Video, Video carousel, People also ask, Related searches"
性格 診断 isfj,Informational,210,"1.00,0.81,1.00,0.81,0.54,0.65,0.81,0.65,1.00,0.81,0.65,0.65",13,0.16,0.03,"Sitelinks, AI Overview, Image pack, Video, People also ask, Related searches"
性格 診断 wiki,Informational,210,"1.00,1.00,1.00,0.81,0.81,1.00,0.81,0.65,0.81,0.65,0.65,0.35",30,0.00,0.33,"Sitelinks, People also ask, Related searches"
性格 診断 マイナビ,Navigational,210,"1.00,0.65,0.81,0.81,0.81,0.54,0.65,0.81,0.65,0.81,0.81,1.00",34,0.60,0.26,"People also ask, Related searches"
性格 診断 中学生,Informational,210,"0.29,0.35,0.35,0.35,0.44,0.44,0.29,0.44,0.67,1.00,1.00,0.81",29,0.13,0.06,"Video, People also ask, Related searches"
性格 診断 新しい,Informational,210,"0.04,0.67,1.00,0.24,0.06,1.00,0.29,0.24,0.19,0.19,0.24,0.19",26,0.37,0.06,"Video, People also ask, Related searches"
性格 診断 無料 生年 月 日,Informational,210,"1.00,1.00,0.81,0.53,0.44,0.53,0.66,0.66,0.66,0.66,0.81,0.66",23,0.05,0.24,"Sitelinks, Reviews, People also ask, Related searches"
性格 診断 生年 月 日 無料,Informational,210,"1.00,1.00,0.81,0.53,0.44,0.53,0.66,0.66,0.66,0.66,0.81,0.66",23,0.03,0.26,"Sitelinks, People also ask, Related searches"
性格 診断 討論 者,Informational,210,"1.00,0.66,0.81,0.53,0.53,0.53,0.66,0.44,0.53,0.53,0.66,0.44",22,0.00,0.01,"Sitelinks, AI Overview, Video, People also ask, Related searches"
性格 診断 面接,Informational,210,"1.00,0.81,1.00,0.81,0.65,0.65,0.54,0.65,0.65,0.81,0.42,0.54",13,1.32,0.28,"Sitelinks, AI Overview, Video, Video carousel, People also ask, Related searches"
感情 診断,Informational,210,"0.81,1.00,1.00,0.81,0.81,0.65,0.81,0.54,0.54,0.54,0.81,0.65",23,0.22,0.06,"Video, Related searches"
暇 診断,Informational,210,"0.81,0.54,1.00,0.81,0.65,1.00,0.65,0.81,0.81,0.54,0.65,0.65",28,0.00,0.02,"Video, People also ask, Related searches"
本当 の 自分 が わからない 診断,Informational,210,"0.81,0.81,0.81,1.00,0.81,0.66,0.81,0.44,0.66,0.53,0.53,0.44",15,0.19,0.35,"AI Overview, Video, Related searches, Ads middle"
本当 の 自分 診断,Informational,210,"1.00,0.81,0.81,0.53,0.53,0.53,0.34,0.34,0.53,0.44,0.44,0.28",23,0.18,0.31,"Video, Related searches"
本性 診断,Informational,210,"0.81,1.00,0.81,0.65,1.00,0.81,0.81,0.81,0.81,0.65,1.00,0.81",27,0.10,0.09,Related searches
無料 性格 診断 生年 月 日,Informational,210,"1.00,1.00,0.81,0.53,0.44,0.53,0.66,0.66,0.66,0.66,0.81,0.66",23,0.05,0.24,"Sitelinks, People also ask, Related searches"
現実 逃避 診断,Informational,210,"1.00,0.81,0.81,1.00,0.81,0.81,0.81,0.65,0.81,0.54,0.54,0.65",15,0.00,0.03,"Sitelinks, AI Overview, Video, People also ask, Related searches"
癖 診断,Informational,210,"0.54,0.54,0.54,0.54,0.67,0.67,0.67,0.54,0.67,0.67,1.00,0.82",13,0.00,0.02,"Video, People also ask, Related searches"
相性 診断 性格,Informational,210,"1.00,0.81,0.81,0.81,0.66,0.66,0.66,0.66,0.66,0.53,0.44,0.66",34,0.00,0.02,"Reviews, Video, People also ask, Related searches"
破滅 願望 診断,Informational,210,"1.00,0.34,0.53,0.66,0.34,0.34,0.53,0.53,0.44,0.28,0.34,0.22",14,0.00,0.03,"People also ask, Related searches"
簡単 性格 診断,Informational,210,"0.54,0.42,0.65,0.65,0.81,0.54,0.65,0.81,1.00,0.81,1.00,1.00",25,0.00,0.03,"Reviews, Video, Related searches"
素直 診断,Commercial,210,"0.54,0.81,0.81,0.81,0.81,0.65,0.65,0.81,0.81,0.65,0.81,1.00",14,0.00,0.02,Related searches
自分 に 合っ た 勉強 法,Informational,210,"0.81,1.00,1.00,0.81,1.00,0.65,0.81,0.54,0.42,0.65,0.42,0.65",20,0.71,0.15,"Sitelinks, Video, People also ask, Related searches"
自分 に 合っ た 高校 診断,Informational,210,"1.00,1.00,1.00,1.00,1.00,0.81,1.00,0.65,0.81,0.81,0.65,0.81",22,0.47,0.18,"AI Overview, Video, People also ask, Related searches, Ads top, Ads bottom"
自分 の 気持ち が わからない 診断,Informational,210,"1.00,0.81,0.81,0.81,0.81,0.81,0.81,0.65,0.65,0.65,0.65,0.65",16,0.18,0.23,"Video, People also ask, Related searches"
自分 の 脳 に 合っ た 勉強 法 診断,Informational,210,"1.00,0.67,0.54,0.44,0.44,0.28,0.23,0.23,0.28,0.23,0.23,0.18",12,0.32,0.26,"Sitelinks, Video, People also ask, Related searches"
自分 は どんな 人間 か,Informational,210,"0.65,0.65,0.81,0.81,0.65,0.65,0.81,0.65,0.81,1.00,0.81,0.81",29,0.36,0.43,"Sitelinks, AI Overview, Video, People also ask, Related searches"
診断 おすすめ,Informational,210,"0.44,0.44,0.53,0.81,0.81,0.66,0.66,0.53,0.66,0.53,1.00,1.00",28,0.42,0.15,"Sitelinks, AI Overview, Video, People also ask, Related searches"
診断 集,Informational,210,"0.81,0.81,0.81,1.00,1.00,1.00,0.65,0.54,0.42,0.27,0.65,0.42",32,0.00,0.33,"Video, Related searches"
超 性格 分析,Informational,210,"0.35,0.35,0.44,0.29,0.67,1.00,0.35,0.23,0.29,0.23,1.00,0.35",11,0.15,0.30,"Reviews, Video, Related searches"
辛口性格診断 謎解き,Informational,210,"0.00,0.00,0.00,0.00,0.00,0.00,0.00,0.00,0.00,0.00,0.00,1.00",25,0.00,0.00,"Video, Related searches"
適性 検査 性格 診断 対策,Informational,210,"0.42,0.42,0.42,0.54,0.27,0.42,0.65,0.81,1.00,1.00,0.35,0.54",14,0.68,0.25,"Sitelinks, Video, People also ask, Related searches"
面白い 心理 テスト 性格,Informational,210,"0.54,0.67,1.00,0.44,0.54,0.54,0.67,0.54,0.44,0.54,0.67,0.67",17,0.00,0.01,"Sitelinks, Video, Related searches"
bigfive 診断,Informational,170,"0.54,0.44,0.44,0.54,0.44,0.54,0.54,0.36,0.44,0.54,0.67,1.00",20,0.29,0.34,"Video, People also ask, Related searches"
entp 性格 診断,Informational,170,"1.00,0.09,0.09,0.09,0.27,0.09,0.09,0.09,0.09,0.64,0.09,0.09",21,0.18,0.25,"Image, Image pack, Video, Related searches, Ads top, Ads bottom"
is mbti,Informational,170,"0.81,0.67,0.81,0.81,0.67,1.00,0.52,0.67,0.81,0.81,0.81,0.67",28,0.00,0.01,"AI Overview, Video, People also ask, Knowledge panel, Related searches"
jobgram,Navigational,170,"0.54,0.44,0.54,0.54,0.54,0.54,0.44,0.54,0.54,0.54,0.67,1.00",11,1.08,0.13,"Video, People also ask, Related searches"
mbti ij,Informational,170,"0.34,0.22,0.34,0.28,0.44,0.53,0.53,0.66,0.66,0.66,0.81,1.00",9,0.00,0.00,"AI Overview, Image pack, Video, People also ask, Related searches"
mbti マイペース,Informational,170,"1.00,1.00,1.00,0.81,1.00,0.67,0.67,0.52,0.67,0.81,0.81,0.81",19,0.00,0.33,"Sitelinks, Image pack, Video, People also ask, Related searches"
mbti 最強,Informational,170,"1.00,0.65,0.65,0.81,0.65,0.65,0.54,0.54,0.65,0.65,0.81,0.54",10,0.00,0.33,"Sitelinks, AI Overview, Video, People also ask, Related searches"
mbti 簡単 解説,Informational,170,"1.00,0.81,0.81,0.81,0.54,0.81,0.81,0.65,0.65,0.65,0.35,0.27",21,0.00,0.02,"Sitelinks, Reviews, Image pack, Video, Video carousel, People also ask, Related searches"
あなた の タイプ 診断,Informational,170,"0.22,0.66,0.16,0.81,0.03,1.00,0.06,0.12,0.06,0.16,0.03,0.66",31,0.20,0.19,"Reviews, Video, Related searches"
おすすめ 診断,Informational,170,"0.65,0.65,0.65,0.81,1.00,0.65,0.65,0.81,0.81,0.65,1.00,1.00",27,0.36,0.13,"Sitelinks, AI Overview, People also ask, Related searches"
キューピー 診断,Navigational,170,"0.01,0.01,0.55,1.00,0.24,0.12,0.01,0.01,0.01,0.01,0.01,0.01",26,0.00,0.33,"Sitelinks, Video, Related searches"
タバコ 銘柄 性格 診断,Informational,170,"0.00,0.00,0.00,0.00,0.00,0.00,0.00,0.54,0.44,0.66,0.66,1.00",30,1.69,0.01,"Image, Image pack, Video, People also ask, Related searches"
テスト 心理,Informational,170,"0.81,0.81,1.00,1.00,0.81,0.81,0.67,0.67,0.67,0.81,0.81,0.67",17,0.23,0.08,"Sitelinks, AI Overview, Video, Video carousel, Related searches"
ヒロアカ 性格 診断,Informational,170,"0.65,0.81,0.42,0.54,0.81,1.00,0.65,0.42,0.35,0.42,0.54,0.42",7,0.00,0.33,"Video, Related searches"
ビッグ ファイブ タイプ,Informational,170,"0.29,0.29,0.29,1.00,0.24,0.15,0.12,0.12,0.15,0.12,0.15,0.12",20,0.30,0.10,"Sitelinks, AI Overview, Image pack, Video, People also ask, Related searches"
ビッグ ファイブ テスト,Commercial,170,"0.65,0.54,0.54,1.00,0.54,0.35,0.54,0.42,0.27,0.54,0.54,0.54",15,0.24,0.33,"Video, People also ask, Related searches"
マイペース な 人 診断,Informational,170,"0.81,0.67,0.81,0.81,1.00,0.81,0.81,0.67,0.81,1.00,0.81,0.67",19,0.10,0.12,"Image pack, Video, People also ask, Related searches"
ユング 性格 診断,Informational,170,"0.65,0.54,0.42,0.65,0.81,0.81,0.81,0.65,0.42,0.81,1.00,0.54",13,0.28,0.15,"Sitelinks, Image pack, Video, People also ask, Related searches"
人 として 終わっ てる 診断,Informational,170,"1.00,1.00,1.00,1.00,0.82,0.82,0.82,0.82,0.82,0.65,0.82,0.82",7,0.27,0.06,"Sitelinks, People also ask, Related searches"
人 の 性質,Informational,170,"0.81,0.54,0.54,0.54,0.54,0.42,0.54,0.54,1.00,0.54,0.54,1.00",15,0.00,0.33,"Sitelinks, AI Overview, Video, People also ask, Related searches"
人 の 気持ち が わからない 人 診断,Informational,170,"0.67,1.00,1.00,0.81,1.00,0.67,0.67,0.67,0.67,0.43,0.43,0.52",15,0.24,0.13,"Video, People also ask, Related searches"
人格 占い,Informational,170,"0.81,0.81,1.00,0.81,0.67,0.67,0.81,0.67,0.81,0.81,0.81,0.52",17,0.15,0.15,"Reviews, Video, People also ask, Related searches"
人間 特殊 能力 テスト,Informational,170,"0.81,0.67,0.81,0.81,0.67,0.81,1.00,0.67,0.81,0.81,0.81,0.81",15,0.00,0.01,"Image pack, Video, People also ask, Related searches"
他人 の 性格 診断,Informational,170,"0.36,0.28,1.00,0.44,0.44,0.36,0.28,0.36,0.44,0.28,0.44,0.28",26,0.00,0.02,"Reviews, Video, Related searches"
出不精 診断,Navigational,170,"1.00,0.81,0.53,0.44,0.53,0.34,0.44,0.28,0.28,0.28,0.34,0.22",13,0.00,0.02,"People also ask, Related searches"
勉強 方法 診断,Commercial,170,"0.81,0.81,1.00,1.00,1.00,1.00,1.00,1.00,0.81,0.67,0.81,1.00",20,0.81,0.09,"Sitelinks, Video, Related searches"
占い 性格 無料,Informational,170,"0.44,0.34,0.44,0.44,0.34,1.00,0.53,1.00,0.81,0.44,0.81,0.44",17,0.13,0.22,"Sitelinks, People also ask, Related searches"
受験 受かる か 診断,Informational,170,"0.15,0.23,0.35,0.54,0.54,0.44,1.00,0.67,0.23,0.06,0.04,0.10",5,0.86,0.13,"Video, People also ask, Related searches"
名前 で 性格 診断,Informational,170,"0.81,0.54,1.00,0.65,0.81,0.65,0.54,0.54,0.54,0.65,0.81,0.65",21,0.00,0.02,"Sitelinks, AI Overview, Related searches"
変わっ てる 女 診断,Informational,170,"0.67,0.81,0.81,1.00,0.81,0.81,0.81,0.52,0.81,0.67,0.52,0.52",19,0.11,0.08,"Reviews, People also ask, Related searches"
天然 性格 診断,Informational,170,"0.54,0.35,0.54,0.81,0.81,0.81,0.81,0.81,0.81,0.81,1.00,1.00",12,0.28,0.03,"Video, People also ask, Related searches"
女優 に なれる か 診断,Informational,170,"0.44,0.81,0.53,0.44,0.44,0.53,1.00,0.44,0.44,0.34,0.34,0.53",13,0.47,0.12,"Video, People also ask, Related searches"
就活 性格,Informational,170,"0.53,0.28,0.34,0.34,0.34,0.44,0.44,0.66,1.00,0.66,0.53,0.53",20,1.54,0.14,"Sitelinks, Reviews, Image pack, Video, People also ask, Related searches"
建築 家 性格 診断,Informational,170,"1.00,0.81,0.81,0.52,0.81,0.67,0.67,0.52,0.67,0.81,0.67,0.52",29,0.41,0.02,"Sitelinks, Image pack, Video, People also ask, Related searches"
強 さ 診断,Informational,170,"0.52,0.81,0.81,0.81,1.00,0.81,0.81,0.81,1.00,0.52,0.43,0.67",14,0.00,0.33,"Video, People also ask, Related searches"
心 の 綺麗 さ 診断,Informational,170,"0.66,0.44,0.44,0.44,0.44,0.44,0.44,0.34,0.66,0.66,0.66,1.00",12,0.00,0.02,"AI Overview, Related searches"
心理 テスト 中学生,Informational,170,"0.67,0.43,1.00,0.81,0.67,0.67,0.67,0.67,0.67,0.67,1.00,0.81",16,0.00,0.33,"Sitelinks, Image pack, Video, Related searches"
心理 テスト 当たる 性格,Informational,170,"0.44,1.00,0.67,0.15,0.15,0.10,0.12,0.12,0.07,0.10,0.15,0.07",21,0.00,0.02,"Sitelinks, AI Overview, Video, People also ask, Related searches"
性格 が わかる 心理 テスト,Informational,170,"0.81,1.00,0.81,1.00,0.81,0.81,0.81,0.81,0.81,0.81,0.81,0.81",27,0.38,0.05,"Sitelinks, Video, Video carousel, People also ask, Related searches"
性格 上,Informational,170,"0.81,0.67,1.00,0.81,0.81,1.00,0.81,0.81,0.81,0.81,0.67,0.81",21,0.00,0.33,"Sitelinks, AI Overview, Image pack, Video, People also ask, Related searches"
性格 免許,Informational,170,"0.66,1.00,0.81,0.53,0.66,0.44,0.34,0.34,0.44,0.34,0.34,0.44",24,0.00,0.33,"Video, People also ask, Related searches"
性格 天然 診断,Informational,170,"0.54,0.35,0.54,0.81,0.81,0.81,0.81,0.81,0.81,0.81,1.00,1.00",15,0.28,0.03,"Video, People also ask, Related searches"
性格 特性 検査,Informational,170,"0.81,0.53,1.00,0.44,0.34,0.34,0.44,0.28,0.22,0.44,0.53,0.53",26,0.55,0.36,"Sitelinks, AI Overview, Video, People also ask, Related searches, Ads top, Ads middle"
性格 表,Informational,170,"0.65,0.65,0.81,1.00,0.54,0.54,0.54,0.65,1.00,0.81,0.81,0.65",31,0.00,0.33,"Reviews, Image pack, Video, People also ask, Related searches"
性格 診断 4 タイプ,Informational,170,"0.81,0.81,0.81,1.00,0.81,0.81,0.67,0.67,0.52,0.81,0.67,0.67",3,0.58,0.03,"Sitelinks, AI Overview, Image pack, Video, People also ask, Related searches"
性格 診断 ai,Informational,170,"0.28,0.36,0.23,0.23,0.18,0.67,1.00,0.67,0.54,0.54,0.44,0.54",16,0.46,0.08,"Video, People also ask, Related searches"
性格 診断 enfj,Informational,170,"1.00,1.00,1.00,0.81,0.81,0.67,0.67,0.67,0.81,0.81,0.67,0.67",19,0.24,0.11,"Sitelinks, AI Overview, Reviews, Image pack, Video, People also ask, Related searches"
性格 診断 intj,Informational,170,"0.81,1.00,0.81,0.67,0.67,1.00,0.81,0.67,0.81,0.67,0.81,0.67",18,0.42,0.10,"Sitelinks, AI Overview, Image pack, Video, People also ask, Related searches"
性格 診断 企業,Informational,170,"1.00,0.67,1.00,1.00,1.00,0.67,0.81,0.67,1.00,1.00,1.00,1.00",22,2.02,0.39,"Sitelinks, AI Overview, Video, People also ask, Related searches, Ads bottom"
性格 診断 当たる 生年 月 日,Informational,170,"0.81,0.81,1.00,0.81,0.81,0.52,0.81,0.67,0.43,0.52,0.81,0.52",20,0.06,0.21,"Sitelinks, Reviews, Video, People also ask, Related searches"
性格 診断 生年 月 日 恋愛,Informational,170,"0.81,0.44,0.44,0.53,0.22,0.06,0.12,0.16,0.53,0.66,1.00,1.00",12,0.04,0.13,"Sitelinks, Related searches"
恋愛 性格 診断 生年 月 日,Informational,170,"0.81,0.44,0.44,0.53,0.22,0.06,0.12,0.16,0.53,0.66,1.00,1.00",14,0.05,0.15,"Sitelinks, Related searches"
楽器 性格 診断,Informational,170,"0.66,0.81,0.44,0.53,0.66,0.53,0.44,0.44,0.53,1.00,0.44,0.53",13,0.00,0.33,"Video, People also ask, Related searches"
深層 心理 診断,Informational,170,"0.15,0.15,0.23,0.19,0.23,1.00,0.44,0.29,0.44,0.35,0.44,0.23",16,0.40,0.06,"Video, People also ask, Related searches"
無料 占い 性格,Informational,170,"1.00,0.67,0.81,1.00,0.81,1.00,0.81,1.00,0.81,0.67,0.67,0.52",12,0.12,0.21,"Sitelinks, Video, Related searches"
無能 診断,Informational,170,"1.00,1.00,0.81,1.00,0.81,0.67,0.81,0.52,0.67,0.67,0.67,0.52",19,0.62,0.08,"Sitelinks, Video, People also ask, Related searches"
猫 肉 球 性格 診断,Informational,170,"0.36,0.55,1.00,0.10,0.01,0.01,0.01,0.05,0.03,0.19,0.08,0.01",15,0.00,0.33,"AI Overview, Image, Image pack, Video, Video carousel, Related searches"
生きる の が 下手 診断,Informational,170,"1.00,0.81,0.81,0.81,1.00,0.81,0.65,0.65,0.04,0.12,0.42,0.54",11,0.10,0.22,"People also ask, Related searches"
痛い 人 診断,Informational,170,"1.00,1.00,0.65,0.65,0.65,0.65,0.65,0.65,0.65,0.54,0.54,0.54",10,0.00,0.01,"Sitelinks, AI Overview, Related searches"
真面目 度 診断,Informational,170,"0.65,0.65,0.65,0.81,0.65,0.54,0.65,0.54,0.54,0.54,1.00,0.65",12,0.00,0.02,"People also ask, Related searches"
私だけのハチュピン診断,Informational,170,"0.00,0.00,0.00,0.00,0.00,0.00,0.00,0.00,0.00,0.00,0.00,1.00",21,0.00,0.00,Video
絵文字 診断,Informational,170,"0.81,0.67,0.81,0.81,1.00,0.81,0.81,0.81,0.81,0.67,1.00,1.00",12,0.00,0.33,"Video, People also ask, Related searches"
自信 を 測定 する 性格 診断,Navigational,170,"0.12,0.15,0.24,0.36,0.19,0.44,0.44,0.36,0.66,0.44,1.00,0.44",9,0.47,0.04,Related searches
自分 が わからない 心理 テスト,Informational,170,"1.00,0.54,0.36,0.36,0.36,0.28,0.28,0.28,0.28,0.18,0.36,0.18",15,0.11,0.44,"Video, People also ask, Related searches, Ads bottom"
自分 に 厳しい 診断,Informational,170,"1.00,0.82,1.00,1.00,1.00,0.82,1.00,1.00,1.00,0.82,0.82,0.65",11,0.15,0.14,"Video, Related searches"
自分 の 悪い ところ 診断,Informational,170,"0.81,0.65,0.65,0.65,0.65,0.35,0.54,0.42,0.42,0.54,1.00,0.65",11,0.09,0.23,"Video, Related searches"
自分 の 雰囲気 診断,Informational,170,"0.44,1.00,0.44,0.44,0.44,0.28,0.36,0.28,0.28,0.36,0.28,0.28",19,0.25,0.04,"Video, People also ask, Related searches"
自己 愛 診断,Informational,170,"0.21,0.17,0.17,0.17,0.14,0.14,0.14,0.14,0.17,0.17,0.17,1.00",17,0.27,0.06,"Sitelinks, Related searches"
診断 する,Informational,170,"0.81,0.54,0.65,0.65,0.65,0.65,0.65,1.00,0.54,0.54,0.65,0.65",28,0.00,0.33,"AI Overview, People also ask, Related searches"
診断 中学生,Informational,170,"0.81,0.65,0.65,0.65,0.81,0.81,0.65,0.65,0.65,0.54,1.00,0.81",30,0.00,0.01,"Video, People also ask, Related searches"
辛口 性格 診断 16,Informational,170,"1.00,0.81,0.81,1.00,0.81,0.67,0.52,0.81,0.67,0.52,0.52,0.43",7,0.00,0.02,Video
適性 検査 性格 診断 落ちる,Informational,170,"0.54,0.23,0.44,0.67,0.36,0.36,0.36,0.54,1.00,0.82,0.82,0.82",15,0.50,0.03,"Sitelinks, AI Overview, Video, People also ask, Related searches"
雰囲気 診断 無料,Informational,170,"0.17,1.00,0.39,0.11,0.21,0.05,0.04,0.04,0.03,0.03,0.05,0.02",22,0.00,0.06,Related searches
顔 で わかる 性格 診断,Commercial,170,"0.05,1.00,0.17,0.14,0.11,0.09,0.11,0.11,0.17,0.09,0.11,0.11",23,0.00,0.01,"Sitelinks, Reviews, Video, People also ask, Related searches"
16 personalidades,Informational,140,"0.65,0.65,1.00,1.00,0.65,0.82,0.65,0.82,0.82,0.82,0.82,0.53",24,0.34,0.04,"Image pack, Video, People also ask, Related searches"
16 の,Informational,140,"0.82,0.82,0.65,1.00,1.00,0.82,1.00,0.82,1.00,0.82,0.65,1.00",32,0.00,0.01,"Sitelinks, AI Overview, Image pack, Video, People also ask, Related searches"
16 性格 診断 ハリー ポッター,Informational,140,"0.43,0.67,0.67,0.67,1.00,0.52,0.81,0.52,1.00,0.52,0.43,0.43",20,0.00,0.33,"Sitelinks, Image pack, Video, People also ask, Related searches"
17 タイプ 診断,Informational,140,"0.67,0.67,1.00,0.67,0.52,0.52,0.52,0.52,0.52,0.52,0.52,0.43",29,0.00,0.03,"Image pack, People also ask, Related searches"
big five とは,Informational,140,"0.81,0.24,0.52,0.81,1.00,0.81,0.81,0.52,0.52,0.67,0.81,1.00",32,0.63,0.09,"Sitelinks, AI Overview, Video, Video carousel, People also ask, Related searches"
big five 尺度,Informational,140,"0.20,0.20,0.20,0.20,0.20,0.20,0.20,0.20,0.80,0.60,0.40,1.00",22,0.00,0.01,"Sitelinks, AI Overview, Image pack, Video, People also ask, Related searches"
bigfive とは,Informational,140,"0.81,0.24,0.52,0.81,1.00,0.81,0.81,0.52,0.52,0.67,0.81,1.00",29,0.63,0.09,"Sitelinks, AI Overview, Video, People also ask, Related searches"
if 型,Informational,140,"0.82,0.82,0.53,0.29,0.29,0.41,0.53,0.18,1.00,0.65,0.65,0.53",23,0.00,0.33,"Video, People also ask, Related searches"
infj 性格 診断,Informational,140,"0.35,0.54,0.54,0.54,0.54,0.54,0.54,0.65,0.65,1.00,0.81,1.00",24,0.18,0.31,"AI Overview, Video, Video carousel, People also ask, Related searches"
istp 性格 診断,Informational,140,"0.36,0.50,0.50,0.50,0.79,0.79,0.79,0.50,0.79,0.64,0.64,1.00",19,0.15,0.37,"AI Overview, Video, People also ask, Related searches"
m グラム 診断,Navigational,140,"0.42,0.42,0.35,0.54,0.35,0.42,0.42,0.42,0.81,0.81,1.00,0.81",23,0.34,0.05,"Sitelinks, People also ask, Related searches"
mbti twitter,"Informational, Transactional",140,"1.00,0.65,0.82,0.41,0.53,0.82,0.82,0.29,0.41,0.41,0.29,0.29",32,0.00,0.33,"Image, Image pack, Video, People also ask, Related searches"
mbti わからない,Informational,140,"1.00,1.00,1.00,1.00,0.82,0.82,0.65,0.65,0.82,0.65,1.00,0.65",32,0.17,0.04,"Sitelinks, AI Overview, Video, People also ask, Related searches"
mbti 嘘,Informational,140,"1.00,1.00,1.00,0.65,0.65,1.00,0.53,0.53,0.65,0.65,0.82,0.65",31,0.00,0.33,"Sitelinks, Image pack, Video, People also ask, Related searches"
mbti 当たる,Informational,140,"1.00,1.00,1.00,0.82,0.65,0.82,0.65,0.65,0.82,0.82,0.82,0.82",17,0.39,0.20,"Sitelinks, AI Overview, Video, Video carousel, People also ask, Related searches"
mlbt,Informational,140,"0.67,1.00,0.67,0.52,0.52,0.52,0.81,0.67,0.81,0.81,0.67,0.67",26,0.00,0.00,"Sitelinks, AI Overview, People also ask, Related searches"
mtti,Informational,140,"1.00,0.82,1.00,1.00,0.82,0.82,0.82,0.65,0.65,0.82,1.00,0.65",26,0.00,0.33,"AI Overview, Image pack, People also ask, Related searches"
neris analytics limited,Informational,140,"0.65,1.00,0.82,0.82,0.82,0.82,0.65,0.53,0.41,0.53,0.53,0.53",23,0.00,0.01,"Image, Video, People also ask, Knowledge panel, Related searches"
sct テスト 無料,Informational,140,"0.65,0.82,0.82,0.82,1.00,0.65,0.82,1.00,0.65,0.53,0.65,0.53",15,0.71,0.08,"Video, People also ask, Related searches"
str 診断 無料,"Informational, Transactional",140,"0.54,0.65,0.42,0.42,0.42,0.65,1.00,0.65,0.54,0.42,0.42,0.54",15,0.53,0.08,"People also ask, Related searches"
web テスト 性格 診断,Informational,140,"1.00,0.52,0.52,0.52,0.43,0.33,0.52,0.67,0.67,0.52,0.81,1.00",14,1.00,0.22,"Sitelinks, AI Overview, Video, People also ask, Related searches"
yg 性格 診断,Informational,140,"0.82,0.53,0.82,0.82,0.65,0.65,0.82,0.53,0.65,1.00,1.00,1.00",8,0.64,0.12,"Sitelinks, AI Overview, Image pack, People also ask, Related searches"
お金 性格 診断,Informational,140,"0.13,1.00,0.82,0.36,0.28,0.54,0.18,0.23,0.23,0.10,0.10,0.13",27,0.00,0.02,"Video, People also ask, Related searches"
たい ぶ,Informational,140,"0.82,1.00,0.82,0.82,0.82,0.82,0.82,0.65,0.82,0.65,0.65,0.82",27,0.00,0.33,"Sitelinks, AI Overview, Video, People also ask, Related searches"
つまらない 人間 診断,Informational,140,"1.00,0.82,0.82,1.00,0.65,0.82,0.65,0.41,0.53,0.65,0.65,0.53",11,0.14,0.13,"Video, Related searches"
どう 生き たい か 診断,Commercial,140,"1.00,1.00,0.82,0.82,0.65,0.65,0.82,0.82,0.65,0.65,1.00,0.65",12,0.20,0.36,"Video, Related searches"
なりたい 自分 診断,Informational,140,"1.00,1.00,1.00,1.00,1.00,0.79,0.79,1.00,0.79,0.79,0.64,0.50",15,0.18,0.33,"Video, Related searches, Ads bottom"
やばい 人 診断,Informational,140,"1.00,1.00,1.00,1.00,0.82,0.65,0.82,0.82,0.82,0.82,1.00,0.82",11,0.00,0.02,"Video, Related searches"
よく 当たる 心理 テスト,Commercial,140,"0.82,0.82,0.82,0.82,0.65,0.65,1.00,1.00,0.65,0.65,0.82,0.65",15,0.00,0.03,"Sitelinks, AI Overview, Reviews, Video, People also ask, Related searches"
エゴグラム テスト,Informational,140,"1.00,0.82,0.82,0.65,0.82,0.82,0.65,0.53,1.00,1.00,0.82,0.65",21,0.36,0.09,"Sitelinks, Reviews, Image pack, Video, People also ask, Related searches"
エゴグラム 診断 辛口,Informational,140,"0.65,0.82,1.00,0.82,0.82,0.65,0.82,0.82,0.65,1.00,0.65,0.53",22,0.00,0.03,"Image pack, People also ask, Related searches"
キス の 仕方 性格 診断,Informational,140,"0.19,1.00,0.82,0.19,0.01,0.01,0.06,0.01,0.01,0.06,0.08,0.06",17,0.00,0.33,"Sitelinks, People also ask, Related searches"
キチガイ 診断,Informational,140,"0.67,0.67,0.81,1.00,1.00,0.81,0.67,0.52,0.52,0.33,0.81,0.67",10,0.00,0.33,Related searches
キャラクター テスト,Informational,140,"0.67,0.81,0.81,1.00,0.67,0.81,0.52,0.52,0.52,0.43,0.33,0.33",34,0.00,0.33,"Image pack, Related searches"
タイプ の 人 診断,Informational,140,"1.00,1.00,1.00,1.00,0.82,0.65,0.65,0.53,0.53,0.65,0.53,0.53",34,0.33,0.06,"Video, People also ask, Related searches"
ダイエット 診断 辛口,Informational,140,"0.81,1.00,0.67,0.67,0.67,0.52,0.81,0.52,0.52,0.52,0.52,0.52",17,0.00,0.04,"People also ask, Related searches"
ディズニー 性格 診断,Informational,140,"0.52,0.67,0.52,0.81,0.81,1.00,0.52,0.52,0.33,0.33,0.43,0.33",22,0.00,0.33,"Image, Video, People also ask, Related searches"
パラノイア 診断,Informational,140,"1.00,0.82,0.82,1.00,1.00,0.82,0.82,0.82,0.82,0.65,0.65,0.53",23,0.12,0.03,"AI Overview, Image pack, People also ask, Related searches"
パーソナリティ 診断 と は,Informational,140,"0.82,0.82,1.00,0.65,0.41,0.53,0.65,0.82,1.00,0.82,0.82,0.82",13,0.38,0.15,"AI Overview, Video, People also ask, Related searches"
パーソナル カラー 性格 診断,Informational,140,"0.65,1.00,1.00,1.00,1.00,0.53,0.53,0.65,0.53,0.41,0.41,0.53",19,0.00,0.33,"Sitelinks, Video, Related searches"
ビック ファイブ 性格,Informational,140,"0.81,0.35,0.04,0.19,0.81,0.04,0.27,0.04,0.04,1.00,1.00,0.04",22,0.18,0.34,"Sitelinks, AI Overview, Video, Video carousel, People also ask, Related searches"
ビッグ 5 心理 学,Informational,140,"0.54,1.00,1.00,0.81,0.35,0.65,0.65,0.35,0.27,0.42,0.42,0.27",33,0.25,0.34,"Sitelinks, AI Overview, Video, Video carousel, People also ask, Knowledge panel, Related searches"
ピクミン 性格 診断,"Informational, Transactional",140,"0.42,0.54,0.35,0.54,1.00,0.81,0.65,0.42,0.42,0.54,0.54,0.65",20,0.00,0.33,"Sitelinks, AI Overview, Reviews, Image, Image pack, Video, Related searches"
マッチング アプリ 性格,Informational,140,"0.81,0.67,0.81,1.00,1.00,0.67,0.67,0.67,0.81,0.52,0.43,0.52",19,0.00,0.01,"Sitelinks, AI Overview, Image pack, Video, People also ask, Related searches"
ミステリアス な 人 診断,Informational,140,"0.67,0.81,1.00,0.81,0.81,0.81,0.81,0.67,0.67,0.52,0.52,0.52",11,0.28,0.06,"People also ask, Related searches"
中身 が ない 人 診断,Informational,140,"0.82,0.65,0.65,1.00,0.82,0.82,1.00,1.00,0.82,0.82,0.65,0.53",16,0.24,0.05,"Video, People also ask, Related searches"
予知 能力 診断,Informational,140,"0.82,0.82,0.82,0.82,0.82,0.65,1.00,1.00,1.00,1.00,0.82,0.53",12,0.43,0.07,"Sitelinks, Video, People also ask, Related searches"
人 から どう 見 られ て いるか 診断,Informational,140,"0.64,0.79,0.79,0.79,1.00,1.00,0.79,0.79,0.64,0.64,0.64,0.64",14,0.00,0.04,"Video, People also ask, Related searches"
人気 の 診断,Informational,140,"0.43,0.52,0.81,1.00,0.67,0.81,0.67,0.52,0.67,0.52,0.52,0.81",18,0.00,0.03,"AI Overview, People also ask, Related searches"
体位 診断,Informational,140,"0.52,0.67,0.52,0.67,0.67,0.81,0.67,0.67,0.81,0.67,1.00,1.00",14,0.00,0.33,Related searches
免許 証 性格 診断,Informational,140,"0.54,1.00,0.65,0.54,0.54,0.35,0.35,0.27,0.81,0.54,0.54,0.42",23,0.00,0.01,"People also ask, Related searches"
判断 力 テスト,Informational,140,"1.00,0.82,0.65,0.82,0.82,0.82,0.65,0.65,0.65,0.65,0.53,0.65",11,0.00,0.03,"Reviews, Video, People also ask, Related searches"
動物 占い 性格 診断,Informational,140,"0.52,0.52,1.00,0.52,0.67,0.81,0.67,0.33,0.43,0.43,0.33,0.43",31,0.00,0.33,"Video, Related searches"
包容 力 診断,Informational,140,"0.65,0.82,1.00,1.00,1.00,0.82,0.82,0.65,0.65,0.41,0.65,0.53",10,0.00,0.02,Related searches
四柱 推命 性格 診断,Informational,140,"0.53,0.65,0.82,0.82,0.53,0.82,1.00,1.00,0.82,0.41,0.82,1.00",15,0.00,0.02,"Sitelinks, Reviews, Video, People also ask, Related searches"
変 な 人 診断,Informational,140,"1.00,0.79,1.00,1.00,0.79,0.79,0.79,1.00,0.79,0.79,1.00,0.79",15,0.11,0.03,"Reviews, Related searches"
天然 魔性 の 女 診断,Informational,140,"1.00,1.00,1.00,1.00,0.65,0.82,1.00,1.00,0.65,0.41,0.65,0.41",15,0.00,0.02,"Video, People also ask, Related searches"
女の子 性格 種類,Informational,140,"0.43,0.67,0.43,0.43,0.52,0.81,0.81,0.81,0.81,0.52,0.67,1.00",17,0.00,0.00,"AI Overview, Image pack, Video, People also ask, Related searches"
女子 性格,Informational,140,"0.82,0.82,0.82,0.82,0.82,0.82,0.82,0.65,0.65,0.82,1.00,1.00",18,0.00,0.33,"Sitelinks, AI Overview, Image pack, Video, Video carousel, People also ask, Related searches"
好み 診断,Commercial,140,"0.82,0.82,1.00,1.00,0.82,0.82,0.82,0.82,0.82,0.82,1.00,0.65",20,0.00,0.01,"Video, Related searches"
学習 タイプ 診断,Informational,140,"0.82,0.82,0.82,1.00,1.00,1.00,1.00,0.65,0.65,0.65,0.53,0.65",15,0.00,0.03,"Video, People also ask, Related searches"
強い 女 診断,Informational,140,"0.82,1.00,1.00,1.00,0.82,0.82,0.82,0.41,0.65,0.65,0.82,0.82",21,0.11,0.03,"People also ask, Related searches"
得意 教科 診断,Informational,140,"1.00,0.67,0.67,0.52,0.67,0.52,0.67,0.52,0.33,0.33,0.33,0.33",13,0.31,0.07,"People also ask, Related searches"
心理 テスト よく 当たる,Informational,140,"0.82,0.82,0.82,0.82,0.65,0.65,1.00,1.00,0.65,0.65,0.82,0.65",15,0.00,0.03,"Sitelinks, Reviews, Video, People also ask, Related searches"
心理 テスト 一 問 一 答 性格,Informational,140,"0.52,0.52,1.00,0.43,0.67,0.81,0.81,1.00,0.67,0.81,0.67,0.81",13,0.00,0.33,"Sitelinks, Video"
心理 テスト 最新,Informational,140,"0.53,0.65,0.82,0.82,0.82,0.65,0.65,0.82,1.00,0.82,0.65,0.65",30,0.00,0.02,"Sitelinks, Video, Related searches"
心理 テスト 無料 当たる,Informational,140,"1.00,0.82,1.00,1.00,0.82,0.65,0.82,0.65,0.65,0.53,0.41,0.41",34,0.08,0.08,"Sitelinks, Video, People also ask, Related searches"
心理 学 性格,Informational,140,"1.00,0.65,0.65,0.54,0.54,0.42,0.54,0.27,0.27,0.35,0.27,0.54",30,0.00,0.13,"AI Overview, Video, Video carousel, People also ask, Related searches"
心理 学 性格 診断,Informational,140,"1.00,0.82,1.00,1.00,0.82,1.00,0.65,0.65,0.53,0.65,1.00,0.82",31,0.20,0.10,"Sitelinks, AI Overview, Video, Video carousel, People also ask"
念 能力 診断 エゴグラム,Informational,140,"1.00,1.00,0.67,0.81,0.81,0.52,0.52,0.43,0.33,0.24,0.33,0.33",15,0.00,0.33,"Image pack, Video, Related searches"
思考 診断,Informational,140,"0.82,1.00,0.82,0.82,0.65,0.82,0.65,0.82,0.65,0.65,0.65,0.53",17,0.35,0.09,"Video, Related searches"
性格 が いい 人 診断,Informational,140,"0.82,0.82,0.65,1.00,0.82,0.82,0.82,0.82,0.53,0.53,0.53,0.53",20,0.08,0.12,"Video, People also ask, Related searches"
性格 が 悪い 診断,Informational,140,"0.81,0.52,1.00,0.52,0.67,0.52,0.52,0.67,0.43,0.52,0.67,0.52",11,0.00,0.01,"Sitelinks, Video, People also ask, Related searches"
性格 ビック ファイブ,Informational,140,"1.00,0.35,0.04,0.15,0.81,0.04,0.08,0.04,0.04,0.42,0.81,0.19",31,0.23,0.20,"Sitelinks, AI Overview, Video, Video carousel, People also ask, Related searches, Ads bottom"
性格 四 字 熟語 診断,Informational,140,"0.65,0.82,0.65,0.82,0.65,0.82,0.82,0.41,0.65,1.00,0.53,0.41",13,0.00,0.01,"People also ask, Related searches"
性格 診断 istp,Informational,140,"0.67,0.81,1.00,0.67,0.81,0.67,0.67,0.81,0.67,0.52,0.52,0.52",22,0.30,0.15,"Sitelinks, AI Overview, Reviews, Video, People also ask, Related searches"
性格 診断 おすすめ,Informational,140,"0.67,0.67,0.81,0.81,0.67,0.81,0.81,0.67,0.81,0.67,0.81,1.00",23,0.38,0.16,"Sitelinks, AI Overview, Video, People also ask, Related searches"
性格 診断 ビッグ ファイブ,Informational,140,"1.00,0.81,0.67,0.81,0.81,0.52,0.52,0.43,0.67,0.52,0.67,0.52",16,0.21,0.31,"Video, Video carousel, People also ask, Ads bottom"
性格 診断 ポケモン,Informational,140,"0.07,0.03,0.03,1.00,0.29,0.02,0.02,0.29,0.66,0.02,0.02,0.44",18,0.00,0.00,"Video, People also ask, Related searches"
性格 診断 動物 占い,Informational,140,"0.52,0.52,1.00,0.52,0.67,0.81,0.67,0.33,0.43,0.43,0.33,0.43",29,0.00,0.33,"Video, Related searches"
性格 診断 履歴 書,Informational,140,"0.67,0.67,1.00,1.00,0.81,0.52,0.52,0.67,0.52,0.43,0.67,0.52",16,0.00,0.02,"Image, Image pack, Related searches"
性格 診断 当たる 無料,Informational,140,"0.81,0.81,1.00,1.00,0.52,0.52,0.52,0.52,0.52,0.52,0.52,0.43",33,0.13,0.32,"AI Overview, Video, People also ask, Related searches"
性格 診断 心理 学,Informational,140,"1.00,0.82,1.00,1.00,0.82,1.00,0.65,0.65,0.53,0.65,1.00,0.82",26,0.58,0.05,"Sitelinks, AI Overview, Video, Video carousel, People also ask, Related searches"
性格 診断 無料 簡単,Informational,140,"1.00,1.00,0.82,1.00,1.00,0.82,0.65,0.65,0.82,0.82,0.53,0.65",33,0.10,0.26,"People also ask, Related searches, Ads top"
性格 診断 生年 月 日 血液 型,Informational,140,"1.00,0.52,0.52,0.81,0.67,0.52,0.67,0.24,0.24,0.24,0.43,0.24",16,0.00,0.01,"Sitelinks, People also ask, Related searches"
性格 診断 結果,Informational,140,"1.00,1.00,1.00,1.00,0.79,0.79,0.79,0.79,0.79,0.79,0.79,0.79",31,0.00,0.01,"AI Overview, Image pack, Video, People also ask, Related searches"
性格 診断 質問,Informational,140,"0.82,1.00,0.82,1.00,0.82,0.65,0.82,0.65,0.65,0.53,0.65,0.65",30,0.00,0.03,"Reviews, Image pack, Video, People also ask, Related searches"
性格 診断 起業 家,Informational,140,"1.00,0.82,1.00,0.82,0.82,0.53,0.53,0.65,0.53,0.65,0.53,0.41",14,0.00,0.01,"Sitelinks, Image pack, Video, People also ask, Related searches"
恋愛 診断 アプリ,Informational,140,"0.19,0.15,0.19,0.24,0.19,0.19,0.15,0.19,0.19,0.24,0.15,1.00",28,1.28,0.29,"AI Overview, Reviews, People also ask, Related searches"
成績 アップ 勉強 法 タイプ 診断,Informational,140,"1.00,0.54,0.81,0.81,0.65,0.42,0.35,0.27,0.27,0.27,0.35,0.35",12,0.53,0.12,"Sitelinks, Image pack, Video, People also ask, Related searches"
最新 心理 テスト,Informational,140,"0.53,0.65,0.82,0.82,0.82,0.65,0.65,0.82,1.00,0.82,0.65,0.65",27,0.00,0.33,"Sitelinks, Video, Related searches"
本当 の 性格 診断,Informational,140,"0.82,0.65,0.82,1.00,0.65,1.00,1.00,0.82,0.65,0.82,0.65,0.65",32,0.20,0.26,"Video, People also ask, Related searches"
気 の 強 さ 診断,Informational,140,"1.00,1.00,1.00,0.82,1.00,0.82,0.65,0.53,0.65,0.53,0.82,0.82",32,0.14,0.09,"People also ask, Related searches"
深層 心理 性格 診断,Informational,140,"0.02,0.04,0.02,0.04,0.06,1.00,0.35,0.23,0.23,0.19,0.29,0.15",33,0.29,0.02,"Video, Related searches"
無料 性格 占い,Informational,140,"0.54,0.65,0.54,0.65,1.00,0.81,0.54,0.42,0.42,0.54,0.42,0.54",20,0.10,0.25,"People also ask, Related searches"
狂っ てる 人 診断,Informational,140,"0.06,0.04,0.02,1.00,0.81,0.02,0.29,0.15,0.02,0.15,0.02,0.02",12,0.00,0.33,"People also ask, Related searches"
理解 力 が ない 診断,Informational,140,"1.00,1.00,1.00,0.65,0.82,0.82,1.00,0.82,0.82,0.65,1.00,0.65",23,0.49,0.10,"Video, People also ask, Related searches"
生まれ 順 性格 診断,Informational,140,"0.52,0.67,0.43,0.67,0.67,0.52,1.00,0.43,1.00,0.43,0.43,0.43",16,0.00,0.03,"AI Overview, Image pack, Video, People also ask, Related searches"
相性 心理 テスト,Informational,140,"1.00,1.00,0.82,1.00,0.82,0.65,0.82,0.82,0.82,0.53,0.82,0.82",24,0.84,0.02,"Video, Related searches"
相手 の 性格 診断,Informational,140,"1.00,0.82,1.00,0.82,0.82,0.65,0.53,0.53,0.53,0.65,0.82,0.53",28,0.00,0.02,"Video, People also ask, Related searches"
秘密 主義 診断,Informational,140,"0.67,0.67,0.81,1.00,0.81,0.67,1.00,0.67,0.67,0.52,0.67,0.43",14,0.00,0.03,"Video, People also ask, Related searches"
系 女子 診断,Informational,140,"0.01,0.67,0.07,1.00,0.01,0.01,0.01,0.01,0.06,0.01,0.12,0.01",17,0.00,0.33,"Video, Related searches"
群れ ない 女 診断,Informational,140,"0.43,0.52,1.00,0.81,0.67,0.81,0.67,0.67,0.81,0.67,0.52,0.43",16,0.05,0.05,"Sitelinks, People also ask, Related searches"
自分 が 嫌い 心理 テスト,Informational,140,"0.81,1.00,0.81,0.65,0.54,0.42,0.35,0.12,0.42,0.27,0.54,0.42",12,0.10,0.17,"Sitelinks, Video, People also ask, Related searches"
自分 っ て どんな 人,Informational,140,"0.81,0.52,0.52,0.52,0.52,0.52,0.52,0.43,0.43,0.81,1.00,0.81",28,0.23,0.34,"AI Overview, Video, People also ask, Related searches"
自分 に 甘い 診断,Informational,140,"1.00,1.00,1.00,1.00,1.00,1.00,1.00,0.79,0.79,0.64,0.79,0.79",14,0.16,0.10,"Video, People also ask, Related searches"
自分 の 気持ち 診断,Informational,140,"0.81,0.67,1.00,0.67,0.52,0.43,0.33,0.33,0.24,0.33,0.33,0.43",12,0.00,0.02,Related searches
自己 分析 性格,Informational,140,"0.82,0.82,1.00,1.00,0.65,0.65,1.00,0.82,1.00,1.00,0.82,1.00",24,0.60,0.50,"Sitelinks, Image pack, Video, Related searches"
自己 認識 テスト,Informational,140,"0.82,0.82,0.82,1.00,0.82,0.53,0.53,0.41,0.53,0.41,0.41,0.29",25,0.27,0.43,"AI Overview, Video, People also ask, Related searches"
芸能人 なれる か 診断,Informational,140,"0.65,1.00,0.65,0.82,0.82,0.65,1.00,0.65,0.53,0.29,0.29,0.29",11,1.08,0.04,"Video, People also ask, Related searches"
血液 型 診断 無料,Informational,140,"0.81,0.54,0.42,0.42,0.54,0.65,0.54,0.54,0.65,0.54,0.65,1.00",7,0.00,0.01,Related searches
診断 テスト 一覧,Informational,140,"0.67,0.81,0.52,0.52,0.67,0.43,0.52,1.00,0.67,0.67,0.67,1.00",32,0.00,0.01,"Reviews, Image pack, Video, People also ask, Related searches"
診断 テスト 中学生,Informational,140,"0.35,0.54,0.65,0.42,0.42,0.42,1.00,0.81,0.35,0.54,0.27,0.42",10,0.00,0.01,"Sitelinks, AI Overview, Video, Video carousel, People also ask, Related searches"
診断 ネタ,Informational,140,"0.33,0.52,0.52,0.81,0.81,0.81,0.81,0.67,0.67,0.52,1.00,0.67",20,0.00,0.33,"Video, People also ask, Related searches"
診断 有名,Informational,140,"0.27,0.27,0.54,0.81,0.65,0.81,0.65,0.54,0.65,0.65,1.00,1.00",24,0.57,0.05,"Sitelinks, AI Overview, Image pack, Video, People also ask, Related searches"
診断 質問,Informational,140,"1.00,0.82,1.00,1.00,0.82,0.82,1.00,0.65,0.82,0.82,1.00,0.82",22,0.45,0.02,"Sitelinks, Video, Related searches"
質問 診断,Informational,140,"1.00,0.82,1.00,1.00,0.82,0.82,1.00,0.65,0.82,0.82,1.00,0.82",24,0.00,0.02,"Video, Related searches"
13 の 性格,Informational,110,"0.28,0.28,0.18,0.28,0.23,0.23,0.23,0.28,0.28,0.28,0.28,1.00",21,0.00,0.33,"Sitelinks, Image pack, Video, People also ask, Knowledge panel, Related searches"
16pf 人格 検査,Informational,110,"0.07,0.01,0.01,0.36,0.01,0.01,0.01,1.00,0.01,0.01,0.01,0.01",15,0.55,0.05,"Sitelinks, AI Overview, Video, People also ask, Related searches, Ads bottom"
5 因子 モデル,Informational,110,"0.54,0.27,0.35,0.54,0.42,0.35,0.65,0.27,0.12,0.35,1.00,0.35",32,0.38,0.06,"Sitelinks, AI Overview, Video, People also ask, Related searches"
dq3 性格 診断,Informational,110,"0.65,0.82,0.82,1.00,0.82,0.53,0.82,0.41,0.41,0.41,0.41,0.41",24,0.00,0.33,"Sitelinks, Video, Related searches"
intp 性格 診断,"Informational, Transactional",110,"0.41,0.41,0.53,0.65,0.53,0.65,0.82,0.82,0.82,1.00,1.00,1.00",26,0.17,0.34,"Sitelinks, AI Overview, Video, Video carousel, People also ask, Related searches"
lifo 診断 無料,Informational,110,"1.00,0.12,0.65,0.65,0.06,0.06,0.18,0.24,0.06,0.65,0.12,0.29",11,0.46,0.24,"Sitelinks, People also ask, Related searches"
mbci,"Informational, Navigational",110,"1.00,1.00,0.79,0.79,0.79,1.00,0.64,0.64,0.64,0.64,0.64,0.79",23,0.00,0.33,"Sitelinks, Image, Image pack, Video, People also ask, Related searches"
mbpt,Informational,110,"1.00,0.79,0.79,0.79,0.79,0.79,0.79,0.64,0.79,0.79,1.00,1.00",27,0.36,0.18,"Video, People also ask, Knowledge panel, Related searches"
mbti in 型,Informational,110,"0.52,0.52,1.00,1.00,0.52,0.52,0.33,0.24,0.33,0.52,0.33,0.52",26,0.00,0.33,"Sitelinks, Image pack, Video, People also ask, Related searches"
mbti teste,Informational,110,"0.50,0.50,0.79,0.79,0.79,1.00,0.79,1.00,0.79,0.79,1.00,0.79",33,0.31,0.24,"Video, Related searches"
mbti 例,Informational,110,"0.79,0.64,0.79,0.64,0.64,0.79,0.50,0.50,1.00,1.00,0.79,0.64",18,0.00,0.33,"Sitelinks, AI Overview, Video, People also ask"
mbti 問題,Informational,110,"0.28,0.10,0.67,0.03,0.03,0.08,0.03,0.05,0.23,0.05,1.00,0.18",33,0.00,0.01,"Sitelinks, Image pack, Video, People also ask, Related searches"
mbti 女性,Informational,110,"0.65,1.00,0.65,0.65,0.65,0.41,0.53,0.53,0.82,0.65,1.00,0.53",15,0.00,0.01,"Sitelinks, Image pack, Video, Video carousel, People also ask, Related searches"
mbti 性格 診断 無料,Informational,110,"1.00,1.00,0.33,0.33,0.43,0.67,0.43,0.33,0.43,0.52,0.67,0.52",30,0.31,0.52,"Reviews, Video, People also ask, Related searches"
mbti 海外,Informational,110,"1.00,0.79,1.00,1.00,0.79,0.50,0.79,0.64,0.64,0.79,0.79,0.79",23,0.00,0.33,"AI Overview, Image pack, Video, People also ask, Related searches"
mdi 診断,Informational,110,"0.06,1.00,0.02,0.54,0.06,0.04,0.02,0.02,0.04,0.02,0.02,0.04",13,0.00,0.02,"AI Overview, People also ask, Related searches"
mmpi テスト 無料,Informational,110,"1.00,0.36,0.29,0.02,0.02,0.02,0.02,0.02,0.02,0.02,0.02,0.02",21,0.30,0.11,"Image pack, Video, People also ask, Related searches"
spi 性格 診断 対策,Informational,110,"0.53,0.29,0.53,0.53,0.53,0.41,0.41,0.65,0.82,0.82,1.00,1.00",19,0.32,0.14,"Sitelinks, Video, People also ask, Related searches"
tci 性格 テスト,Informational,110,"0.01,0.44,0.04,0.04,0.01,0.01,1.00,0.01,0.10,0.03,0.01,0.03",15,0.75,0.34,"AI Overview, Reviews, Video, People also ask, Related searches, Ads middle"
tinder 性格 タイプ 診断,Informational,110,"0.00,0.00,0.00,0.00,0.00,0.00,0.00,0.00,0.00,0.00,0.04,1.00",27,0.57,0.05,"Sitelinks, Video, People also ask, Related searches"
tsf 診断,Informational,110,"0.82,0.65,0.82,1.00,0.65,0.41,0.41,0.41,0.29,0.29,0.65,0.24",17,0.00,0.33,Reviews
via 性格 診断,Commercial,110,"0.82,0.65,1.00,0.82,0.65,0.41,0.41,0.53,0.53,0.41,0.65,0.82",18,0.65,0.27,"Video, People also ask, Related searches"
with 性格 タイプ,"Informational, Transactional",110,"0.65,0.65,0.65,0.82,1.00,0.65,0.65,0.53,0.65,0.53,0.65,0.53",29,0.00,0.01,"Image pack, Video, People also ask, Related searches"
あなた の 本性 診断,Informational,110,"1.00,0.79,1.00,1.00,1.00,1.00,0.79,0.79,0.79,0.36,0.50,0.29",25,0.09,0.09,"Video, Related searches"
あなた は 何 主義 診断,Informational,110,"1.00,0.82,0.65,0.53,0.53,0.65,0.65,0.53,0.65,0.53,0.41,0.53",14,0.16,0.05,"People also ask, Related searches"
ありのまま の 自分 診断,Informational,110,"0.66,1.00,0.66,0.44,0.05,0.02,0.03,0.02,0.07,0.02,0.02,0.03",14,0.00,0.06,"Sitelinks, Video, People also ask, Related searches"
ちょろい 診断,Informational,110,"0.01,0.01,0.05,1.00,0.01,0.02,0.01,0.01,0.02,0.01,0.36,0.01",10,0.00,0.33,Related searches
どう 思 われ てる か 診断,Informational,110,"1.00,0.64,0.79,1.00,1.00,0.64,0.64,0.50,0.64,1.00,0.79,0.79",12,0.00,0.02,"Reviews, Video, Related searches"
どんな 人 が タイプ 診断,Informational,110,"0.82,0.82,1.00,0.82,0.53,0.53,0.53,0.41,0.41,0.53,0.53,0.53",18,0.00,0.05,"Video, Related searches"
ひねくれ た 性格 診断,Informational,110,"1.00,1.00,0.82,1.00,0.82,1.00,1.00,0.82,0.82,0.64,0.82,0.82",13,0.12,0.08,"Video, People also ask, Related searches"
エゴグラム mbti,Informational,110,"0.28,0.08,0.05,1.00,0.03,0.03,0.18,0.10,0.03,0.44,0.05,0.10",18,0.00,0.33,"Sitelinks, Reviews, Image pack, Video, People also ask, Related searches"
エゴグラム 無料 診断,Commercial,110,"1.00,0.81,0.08,0.06,0.02,0.19,0.02,0.02,0.06,0.02,0.54,0.15",20,0.00,0.00,"Sitelinks, Reviews, People also ask, Related searches"
エゴグラム 診断 タイプ,Informational,110,"0.09,0.12,0.44,0.66,0.66,0.34,0.16,0.16,0.06,0.66,0.81,1.00",11,0.00,0.01,"Sitelinks, Reviews, Image pack, Video, People also ask, Related searches"
クラス で 浮い てる 診断,Commercial,110,"0.65,0.41,1.00,0.82,0.82,0.53,0.41,0.41,0.41,0.82,0.53,0.41",14,0.00,0.01,"Sitelinks, People also ask, Related searches"
ストイック 診断,Informational,110,"1.00,1.00,1.00,1.00,0.82,0.82,0.82,0.82,0.82,0.64,0.82,0.64",20,0.00,0.01,"People also ask, Related searches"
ソンディ テスト 無料,Informational,110,"0.79,1.00,0.64,0.64,1.00,0.79,0.79,0.64,0.79,0.64,0.79,0.64",7,0.00,0.01,Related searches
ゾロリ 性格 診断,Navigational,110,"0.79,1.00,0.79,0.64,0.64,0.64,0.64,0.50,1.00,0.50,0.79,0.50",20,0.00,0.33,"Sitelinks, Reviews, Image pack, Related searches"
タイプ の 女性 診断,Informational,110,"0.79,1.00,0.64,0.79,0.79,0.64,0.79,0.64,0.79,0.50,0.64,0.64",17,0.00,0.03,"Image pack, Video, Related searches"
ディズニー プリンセス 性格 診断,Informational,110,"0.13,1.00,0.28,0.05,0.28,0.03,0.03,0.36,0.03,0.03,0.03,0.03",21,0.00,0.33,"Video, People also ask, Related searches"
トーテム 診断,Informational,110,"0.50,1.00,0.64,0.79,0.64,0.50,0.64,0.79,0.64,0.79,0.79,1.00",7,0.00,0.02,"People also ask, Related searches"
ドライ 診断,Informational,110,"0.65,0.65,1.00,0.82,0.65,0.65,0.65,0.53,0.53,0.53,0.53,0.53",14,0.00,0.02,Related searches
ナルト 性格 診断,Informational,110,"0.28,0.36,1.00,0.18,0.23,0.18,0.36,0.23,0.23,0.18,0.23,0.18",8,0.00,0.33,"Sitelinks, Reviews, Video, Related searches"
ネガポジ 診断,Informational,110,"1.00,0.67,0.52,0.67,0.52,0.52,0.33,0.33,0.24,0.24,0.67,0.43",10,0.00,0.33,"Sitelinks, AI Overview, Related searches"
ハンター ハンター 念 能力 性格 診断,Informational,110,"0.42,0.42,0.42,0.42,0.42,0.42,0.35,0.42,0.42,0.42,0.81,1.00",14,0.00,0.33,"Reviews, Image pack, Video, People also ask, Related searches"
バイオ ナンバー 無料,Navigational,110,"0.64,0.64,0.64,1.00,1.00,0.79,1.00,1.00,1.00,0.79,0.64,0.64",24,0.00,0.33,"Reviews, People also ask, Related searches"
パーソナリティ 診断 就活,Informational,110,"0.82,0.53,0.53,0.41,0.53,0.41,0.65,0.53,0.82,0.82,0.82,1.00",18,1.18,0.18,"Sitelinks, AI Overview, Video, Video carousel, People also ask, Related searches"
パーソナリティ 診断 無料,Commercial,110,"0.21,0.21,0.36,0.29,0.29,0.29,0.64,0.79,0.79,0.79,1.00,0.79",33,0.30,0.56,"Reviews, Video, People also ask, Related searches"
パーソナル タイプ,Informational,110,"0.79,1.00,0.79,0.79,0.79,0.79,1.00,0.64,1.00,1.00,1.00,1.00",30,0.00,0.02,"AI Overview, Reviews, Image pack, Video, People also ask, Related searches"
ビック ファイブ テスト,Informational,110,"0.43,0.43,0.43,0.67,1.00,0.67,0.52,0.43,0.33,0.67,0.67,0.81",18,0.27,0.33,"Sitelinks, Reviews, Video, People also ask, Related searches"
ビッグ ファイブ 尺度,Informational,110,"1.00,0.41,0.53,0.82,0.53,0.53,0.53,0.29,0.29,0.53,0.65,0.65",22,0.66,0.04,"Sitelinks, AI Overview, Video, People also ask, Related searches"
ビッグ ファイブ 性格,Informational,110,"0.01,0.01,0.01,0.01,0.02,0.01,0.02,0.01,0.05,1.00,0.30,0.02",14,0.04,0.03,"Sitelinks, AI Overview, Video, Video carousel, People also ask, Knowledge panel, Related searches"
メンタル タイプ 診断 テスト,Informational,110,"0.53,0.82,0.65,0.82,0.65,0.41,0.53,0.82,0.65,0.41,1.00,0.82",19,0.15,0.13,"Reviews, Video, People also ask, Related searches"
ユング 性格 診断 16,Informational,110,"1.00,0.16,0.24,0.01,0.01,0.03,0.03,0.06,0.02,0.02,0.01,0.03",26,0.30,0.17,"Image pack, Video, People also ask, Related searches"
一人称 性格,Informational,110,"1.00,0.79,0.64,0.79,0.64,0.79,0.79,0.64,0.64,0.50,0.64,0.36",27,0.00,0.33,"Sitelinks, AI Overview, Video, People also ask, Related searches"
不器用 診断,Informational,110,"0.79,0.64,0.79,0.79,0.79,0.64,0.79,1.00,0.64,0.64,0.64,0.79",17,0.00,0.01,"People also ask, Related searches"
不良 診断,Informational,110,"0.33,0.33,0.33,0.43,0.33,0.52,0.52,0.67,1.00,1.00,0.81,0.67",8,0.00,0.03,Related searches
中学生 性格 診断,Informational,110,"0.01,0.01,0.01,0.03,0.01,0.01,0.05,1.00,0.30,0.01,0.01,0.01",30,0.00,0.01,"Reviews, Video, People also ask, Related searches"
主義 診断,Informational,110,"1.00,0.64,0.64,0.79,0.79,0.64,0.79,0.79,0.64,0.79,0.79,0.64",18,0.00,0.01,Related searches
人 と 関わり たく ない 診断,Informational,110,"0.41,0.82,0.82,1.00,0.82,0.65,0.53,0.53,0.53,0.41,0.29,0.65",15,0.09,0.07,"People also ask, Related searches"
人 に どう 思 われ てる か 診断,Informational,110,"0.16,0.12,1.00,0.01,0.06,0.08,0.01,0.01,0.03,0.01,0.01,0.01",11,0.00,0.01,"Video, Related searches"
人 の 気持ち が わからない 診断,Informational,110,"1.00,0.16,0.24,0.44,0.02,0.02,0.01,0.01,0.08,0.01,0.06,0.01",14,0.13,0.09,"Video, People also ask, Related searches"
人 を 見る 目 が ある 人 診断,Informational,110,"1.00,0.82,0.82,0.65,0.65,0.53,0.82,0.65,0.53,0.65,0.82,0.53",15,0.16,0.07,"AI Overview, Video, People also ask, Related searches"
人間 度,Informational,110,"0.82,0.65,1.00,0.82,0.82,0.65,0.65,0.53,0.41,0.41,0.53,0.53",15,0.00,0.04,"AI Overview, People also ask, Related searches"
人間 性 テスト,Informational,110,"0.42,1.00,0.54,0.04,0.65,0.27,0.04,0.15,0.27,0.08,0.04,0.15",34,0.24,0.26,"AI Overview, Reviews, Video, People also ask, Related searches"
人間 性 疑う,Informational,110,"1.00,0.79,1.00,1.00,0.79,0.79,0.64,0.79,0.64,0.64,0.50,0.36",20,0.00,0.33,"Sitelinks, People also ask, Related searches"
今 の 気持ち 診断,Informational,110,"0.65,1.00,0.82,0.65,0.53,0.53,0.65,0.41,0.65,0.53,0.41,0.53",10,0.26,0.10,Related searches
他人 から どう 思 われ て いるか 診断,Informational,110,"0.44,0.19,0.19,1.00,0.03,0.02,0.02,0.02,0.05,0.15,0.03,0.02",9,0.00,0.01,"Video, Related searches"
何人 診断,Informational,110,"1.00,0.79,1.00,0.36,0.50,0.64,0.64,0.64,0.79,1.00,0.79,0.64",16,0.00,0.33,"People also ask, Related searches"
個人 性,Informational,110,"0.19,0.01,0.01,0.04,0.01,1.00,0.36,0.01,0.06,0.03,0.24,0.01",29,0.00,0.33,"AI Overview, People also ask, Related searches"
動物 性格 診断 生年 月 日,Informational,110,"0.81,0.67,1.00,0.67,0.52,0.67,0.33,0.24,0.24,0.24,0.43,0.33",25,0.00,0.33,"Video, Related searches"
博愛 主義 診断,Informational,110,"0.82,0.65,0.65,0.82,1.00,0.65,0.65,0.65,0.65,0.53,0.65,0.53",9,0.00,0.02,"Video, People also ask, Related searches"
参考 書 診断,Informational,110,"0.24,0.19,0.24,0.67,1.00,0.52,0.81,0.81,0.81,1.00,0.43,0.52",19,0.30,0.32,"Sitelinks, Video, People also ask, Related searches"
友達 が 自分 を どう 思っ て いるか 診断,Informational,110,"0.82,0.65,0.82,1.00,0.53,0.41,0.41,0.53,0.65,0.24,0.53,0.41",19,0.00,0.01,"Sitelinks, People also ask, Related searches"
口癖 診断,Informational,110,"0.64,1.00,0.64,0.79,0.79,0.64,1.00,0.79,0.79,0.64,1.00,0.50",14,0.00,0.01,"Video, People also ask, Related searches"
合理 的 な 人 診断,Informational,110,"0.05,0.05,0.05,0.05,0.05,1.00,0.81,0.67,0.05,0.19,0.05,0.14",10,0.25,0.11,"People also ask, Related searches"
同族 嫌悪 診断,Informational,110,"0.04,1.00,0.65,0.42,0.15,0.04,0.08,0.04,0.04,0.27,0.65,0.04",14,0.00,0.01,"Sitelinks, People also ask, Related searches"
国籍 診断,Informational,110,"0.64,1.00,0.79,0.79,1.00,1.00,0.79,1.00,0.79,0.64,0.64,0.79",10,0.00,0.01,"Reviews, Image pack, Video, Related searches"
多重 人格 テスト,Informational,110,"0.12,0.81,0.42,0.42,0.42,1.00,0.65,0.54,0.54,0.27,0.42,0.27",21,0.00,0.33,"Sitelinks, Video, People also ask, Related searches"
大人 診断,Informational,110,"0.65,0.65,0.65,1.00,0.82,0.65,0.65,0.65,0.53,0.41,0.82,0.65",25,0.00,0.03,Related searches
女 に 嫌 われる 女 診断,Informational,110,"0.05,0.33,0.52,0.81,1.00,1.00,0.81,0.67,0.81,0.67,0.67,0.43",15,0.00,0.02,"People also ask, Related searches, Ads bottom"
女 に 生まれ たかっ た 診断,Informational,110,"0.82,0.82,1.00,1.00,0.82,0.65,0.65,0.65,0.53,0.53,0.65,0.65",19,0.00,0.33,Related searches
女 度 診断,Informational,110,"1.00,0.01,0.02,0.06,0.01,0.01,0.02,0.02,0.01,0.16,0.06,0.02",14,0.00,0.33,Related searches
女 診断,Informational,110,"0.65,0.53,0.65,0.65,0.65,0.65,0.82,1.00,0.82,0.53,0.41,0.65",16,0.00,0.01,"Video, People also ask, Related searches"
女の子 タイプ 診断,Informational,110,"0.79,1.00,1.00,1.00,0.79,0.79,1.00,0.79,0.79,0.79,0.64,0.79",23,0.00,0.00,"Image pack, Video, People also ask, Related searches"
女子 タイプ 診断,Informational,110,"1.00,0.81,0.27,0.27,0.04,0.04,0.19,0.04,0.08,0.04,0.81,0.54",22,0.00,0.33,"Image pack, People also ask, Related searches"
女心 診断,Informational,110,"0.43,0.67,1.00,0.67,0.52,0.43,0.81,0.52,0.52,0.43,0.52,0.43",12,0.00,0.33,"Video, Related searches"
好き な 人 の 性格 診断,Informational,110,"0.79,0.79,1.00,1.00,0.64,0.79,0.64,0.50,0.50,0.50,0.50,0.79",21,0.27,0.03,"Video, People also ask, Related searches"
好き な 人 性格 診断,Informational,110,"0.79,0.79,1.00,1.00,0.64,0.79,0.64,0.50,0.50,0.50,0.50,0.79",21,0.00,0.01,"AI Overview, Video, People also ask, Related searches"
好き な 俳優 診断,Commercial,110,"1.00,1.00,1.00,1.00,0.82,1.00,1.00,1.00,0.64,0.82,0.82,0.82",33,0.00,0.33,"Video, Related searches"
好き な 色 で 性格 診断,Informational,110,"0.41,0.41,1.00,0.41,0.65,0.65,0.53,0.65,0.53,1.00,0.82,0.65",13,0.00,0.02,"Video, People also ask, Related searches"
好き な 色 性格 診断,Informational,110,"0.41,0.41,1.00,0.41,0.65,0.65,0.53,0.65,0.53,1.00,0.82,0.65",13,0.00,0.01,"Video, Related searches"
学習 診断 テスト,Informational,110,"0.81,0.19,0.42,0.54,0.42,0.54,1.00,0.54,0.19,0.27,0.35,0.54",19,3.20,0.04,"AI Overview, Video, Video carousel, People also ask, Related searches"
寝相 性格 診断,Informational,110,"0.79,1.00,0.64,1.00,0.79,0.64,0.79,1.00,0.79,0.79,1.00,1.00",26,0.00,0.01,"Image pack, Video, Short videos, People also ask, Related searches"
就活 性格 診断 対策,Informational,110,"0.42,0.19,0.27,0.19,0.27,0.27,0.54,0.54,0.65,0.81,0.65,1.00",15,0.98,0.25,"Sitelinks, Video, People also ask, Related searches"
当たる 性格 占い 無料,Informational,110,"0.02,1.00,0.12,0.01,0.12,0.01,0.01,0.01,0.01,0.06,0.01,0.01",10,0.03,0.24,"Sitelinks, Related searches"
心理 テスト 人間 関係,Informational,110,"0.45,0.09,0.64,0.82,1.00,0.09,0.09,0.09,0.18,0.09,0.09,0.09",19,0.00,0.05,"Sitelinks, Video, People also ask, Related searches"
心理 テスト 心理 学,Informational,110,"1.00,0.50,1.00,0.79,0.64,0.79,0.64,0.50,0.50,0.64,0.79,0.50",11,0.00,0.02,"Sitelinks, AI Overview, Video, Video carousel, People also ask, Related searches"
心理 テスト 相性 診断,Informational,110,"0.79,0.79,0.79,0.64,0.79,1.00,0.64,0.79,0.79,0.36,0.79,0.79",22,0.00,0.33,"Video, Related searches"
心理 テスト 面白い 無料,Informational,110,"0.53,0.82,0.82,1.00,0.82,0.53,0.53,0.41,0.53,0.29,0.41,0.41",20,0.00,0.02,"Sitelinks, Reviews, Video, Related searches"
心理 学 心理 テスト,Informational,110,"1.00,0.50,1.00,0.79,0.64,0.79,0.64,0.50,0.50,0.64,0.79,0.50",15,0.00,0.02,"Sitelinks, AI Overview, Video, Video carousel, People also ask, Related searches"
心理 测试,Informational,110,"0.41,0.41,0.41,0.65,1.00,0.82,0.65,0.65,0.53,0.65,0.65,0.53",28,0.18,0.06,"Video, Related searches"
思いやり 診断,Informational,110,"0.82,1.00,1.00,1.00,0.65,0.53,0.53,0.53,0.41,0.41,0.65,0.65",12,0.00,0.01,"Sitelinks, People also ask, Related searches"
性格 が 悪い 人 診断,Informational,110,"0.27,0.04,1.00,0.65,0.04,0.12,0.12,0.04,0.04,0.12,0.04,0.04",13,0.00,0.33,"Sitelinks, Video, People also ask, Related searches"
性格 の タイプ,Informational,110,"1.00,0.64,0.79,1.00,1.00,1.00,1.00,0.64,0.50,0.50,0.64,0.50",33,0.00,0.03,"AI Overview, Image pack, Video, Video carousel, People also ask, Related searches"
性格 は,Informational,110,"0.01,0.02,0.03,0.01,0.01,0.01,0.02,1.00,0.36,0.01,0.01,0.01",19,0.00,0.00,"Sitelinks, AI Overview, Image pack, Video, People also ask, Related searches"
性格 を 良く する 方法 中学生,Informational,110,"0.42,0.42,0.15,0.19,0.04,1.00,0.04,0.19,0.08,0.04,0.35,0.12",8,0.00,0.01,"Sitelinks, AI Overview, Video, Video carousel, People also ask, Related searches"
性格 グラフ,Informational,110,"0.53,0.53,0.53,0.82,0.53,0.53,0.53,0.53,0.82,1.00,0.65,0.53",26,0.00,0.02,"Sitelinks, Image pack, Video, People also ask, Related searches"
性格 ナビ,Navigational,110,"0.52,0.67,0.43,0.43,0.43,0.52,0.52,0.67,0.67,0.67,1.00,1.00",32,0.53,0.05,"Sitelinks, Video, People also ask, Related searches"
性格 プロフィール,Informational,110,"0.64,1.00,1.00,0.79,0.79,0.79,0.64,0.64,0.79,0.79,0.64,0.50",18,0.00,0.01,"Image pack, People also ask, Related searches"
性格 傾向,Informational,110,"0.79,0.79,0.79,1.00,1.00,0.79,0.64,0.79,0.64,0.64,0.64,0.64",21,0.92,0.04,"AI Overview, Image pack, Video, Video carousel, People also ask, Related searches"
性格 悪い か 診断,Informational,110,"0.52,0.52,0.52,0.52,0.52,0.43,0.43,0.52,0.52,0.43,1.00,0.81",11,0.00,0.03,"Sitelinks, Video, People also ask, Related searches"
性格 検査 種類,Informational,110,"1.00,0.64,0.79,0.79,0.79,0.50,0.64,0.50,0.50,0.79,0.64,0.64",14,0.00,0.02,"Sitelinks, AI Overview, Image pack, Video, People also ask, Related searches"
性格 無料 診断,Commercial,110,"0.24,0.24,0.24,0.24,0.24,0.33,0.52,0.52,0.67,0.52,1.00,1.00",33,0.27,0.03,"Reviews, Video, People also ask, Related searches"
性格 血液 型 診断,Informational,110,"0.50,0.64,1.00,0.64,0.64,0.79,0.79,0.64,1.00,0.64,1.00,1.00",19,0.02,0.03,"Video, People also ask, Related searches"
性格 診断 istj,Informational,110,"0.79,1.00,1.00,0.79,0.64,0.79,1.00,0.79,0.79,0.64,0.79,0.79",14,0.37,0.07,"Sitelinks, AI Overview, Video, People also ask, Related searches"
性格 診断 spi 対策,Informational,110,"0.53,0.29,0.53,0.53,0.53,0.41,0.41,0.65,0.82,0.82,1.00,1.00",21,0.32,0.14,"Sitelinks, Video, People also ask, Related searches"
性格 診断 twitter,Informational,110,"0.01,0.01,0.01,0.01,0.01,0.01,0.02,0.01,0.16,1.00,0.12,0.05",16,0.00,0.00,"Video, People also ask, Related searches"
性格 診断 イラスト,Informational,110,"0.65,0.65,1.00,0.65,0.65,0.53,0.82,0.53,0.53,0.53,0.53,0.53",27,0.00,0.33,"Image, Image pack, Video, People also ask, Related searches"
性格 診断 サイコパス,Informational,110,"0.65,0.42,1.00,0.35,0.35,0.27,0.35,0.35,0.42,0.42,0.27,0.27",23,0.00,0.00,"Image pack, Video, Video carousel, People also ask, Related searches"
性格 診断 主人公 相性,Informational,110,"0.82,0.82,1.00,0.65,0.65,0.53,0.65,0.53,0.53,0.53,0.65,0.65",20,0.00,0.33,"Sitelinks, AI Overview, Image pack, Video, Video carousel, People also ask, Related searches"
性格 診断 冒険 者,Informational,110,"0.65,0.53,0.65,0.53,0.53,0.53,0.65,0.65,0.65,0.65,1.00,0.65",21,0.00,0.03,"Sitelinks, AI Overview, Reviews, Image pack, Video, People also ask, Related searches"
性格 診断 小学生,Informational,110,"0.01,0.06,1.00,0.19,0.01,0.01,0.01,0.01,0.08,0.24,0.16,0.01",16,0.00,0.33,"Sitelinks, Video, Related searches"
性格 診断 就活 対策,Informational,110,"0.42,0.19,0.27,0.19,0.27,0.27,0.54,0.54,0.65,0.81,0.65,1.00",12,0.87,0.21,"Sitelinks, Video, People also ask, Related searches"
性格 診断 本,Commercial,110,"0.64,1.00,1.00,1.00,0.79,1.00,0.79,0.79,0.50,0.50,0.79,0.79",17,0.00,0.36,"Sitelinks, Image, Image pack, Video, People also ask, Related searches, Popular products"
性格 診断 画像,Informational,110,"0.15,0.06,0.04,0.03,0.01,1.00,0.44,0.01,0.01,0.01,0.01,0.01",19,0.00,0.33,"Reviews, Image pack, Video, People also ask, Related searches"
性格 診断 血液 型,Informational,110,"0.64,0.50,0.79,0.79,0.79,0.79,0.79,0.79,0.64,1.00,1.00,1.00",19,0.00,0.02,"Sitelinks, Image pack, Video, People also ask, Related searches"
性格 証明 書,Navigational,110,"1.00,0.52,0.52,0.10,0.81,0.24,0.05,0.05,0.14,0.24,0.05,0.05",21,0.00,0.33,"People also ask, Related searches"
性格 適性 検査 無料,Informational,110,"1.00,0.64,1.00,0.79,0.79,0.64,0.79,0.64,1.00,1.00,0.64,1.00",20,0.95,0.72,"Sitelinks, Reviews, Video, People also ask, Related searches"
恥ずかしい 診断,Informational,110,"0.19,0.10,1.00,0.01,0.02,0.01,0.01,0.01,0.01,0.01,0.01,0.01",14,0.00,0.33,"Video, People also ask, Related searches"
文 スト 性格 診断,Informational,110,"1.00,0.24,0.01,0.01,0.10,0.01,0.01,0.01,0.03,0.03,0.01,0.03",14,0.00,0.33,Related searches
本当 の 自分 が わかる 心理 テスト,Informational,110,"0.53,1.00,0.65,0.65,0.53,0.53,0.65,0.53,0.53,0.65,0.82,0.53",16,0.13,0.30,"AI Overview, Video, People also ask, Related searches"
無料 アプリ 診断,Informational,110,"0.64,0.50,0.50,1.00,0.79,0.79,1.00,0.79,0.79,0.79,0.79,0.64",25,0.92,0.06,"AI Overview, Reviews, People also ask, Related searches"
無料 ゲーム 診断,Informational,110,"0.65,1.00,0.82,0.53,0.65,0.53,0.82,1.00,1.00,0.82,0.82,1.00",24,0.00,0.01,"Video, People also ask, Related searches"
理想 の 自分 診断,Informational,110,"0.82,1.00,1.00,1.00,0.53,0.65,0.53,0.41,0.53,0.53,0.53,0.41",16,0.16,0.29,"Video, Related searches"
画像 性格 診断,Informational,110,"1.00,0.01,0.01,0.12,0.03,0.24,0.15,0.01,0.03,0.01,0.01,0.03",22,0.00,0.33,"AI Overview, Image pack, Video, People also ask"
画像 診断 性格,Informational,110,"1.00,0.18,0.06,0.06,0.18,1.00,0.82,0.06,0.06,0.18,0.06,0.41",20,0.00,0.33,"Video, Related searches"
私 の タイプ,Informational,110,"0.65,0.65,0.65,0.53,0.65,0.65,0.65,0.65,0.82,0.82,1.00,1.00",18,0.17,0.06,"AI Overview, Video, People also ask, Related searches"
私 の 性格 は,Informational,110,"0.28,0.28,0.34,0.22,0.28,0.28,0.44,0.53,0.53,0.81,1.00,1.00",15,0.22,0.21,"Sitelinks, AI Overview, Video, People also ask, Related searches"
私 の 性格 占い,Informational,110,"0.64,0.79,0.79,0.64,1.00,1.00,0.79,0.64,0.79,0.79,0.79,0.64",12,0.05,0.23,"Video, Related searches"
簡易 診断,Informational,110,"0.65,0.53,0.65,1.00,0.65,0.65,0.65,0.65,0.65,0.53,0.53,0.53",26,0.17,0.06,"AI Overview, Related searches"
素質 論 診断 無料,Informational,110,"1.00,0.01,0.01,0.67,0.01,0.03,0.01,0.01,0.82,0.01,0.24,0.01",5,0.00,0.02,"People also ask, Related searches"
習い事 診断,Informational,110,"1.00,0.79,1.00,0.64,0.79,0.64,0.79,0.79,0.64,0.64,1.00,0.50",11,0.73,0.05,"People also ask, Related searches"
能力 診断 テスト,Informational,110,"0.53,1.00,0.82,0.65,0.53,0.53,0.53,0.41,0.65,0.41,0.29,0.53",21,0.59,0.24,"Video, Related searches"
自信 診断,Informational,110,"0.64,0.79,0.79,1.00,0.64,1.00,0.79,0.79,1.00,0.79,1.00,0.64",10,0.31,0.04,Related searches
自分 が どんな 人間 か,Informational,110,"0.65,0.65,0.65,0.29,0.29,0.24,0.29,0.53,0.82,1.00,0.29,0.12",22,0.22,0.42,"Sitelinks, AI Overview, Image pack, Video, People also ask, Related searches"
自分 が どんな 人間 か わからない,Informational,110,"0.79,0.79,1.00,1.00,0.79,0.79,0.79,0.36,0.36,0.64,1.00,1.00",24,0.27,0.30,"Sitelinks, AI Overview, Video, People also ask, Related searches"
自分 に 合う 勉強 法,Informational,110,"0.01,1.00,0.01,0.36,0.01,0.10,0.01,0.04,0.07,0.07,0.01,0.06",20,0.29,0.10,"Sitelinks, Image pack, Video, People also ask, Related searches, Ads bottom"
自分 の こと が わからない 診断,Informational,110,"0.82,1.00,1.00,0.82,0.65,0.65,0.53,0.53,0.65,0.41,0.41,0.29",24,0.24,0.46,"AI Overview, Video, People also ask, Related searches, Ads top, Ads middle"
自分 の タイプ が わからない,Informational,110,"0.65,1.00,0.65,0.65,0.82,0.65,0.65,0.53,0.53,0.53,0.65,0.53",23,0.00,0.04,"Sitelinks, AI Overview, Video, People also ask, Related searches"
自分 の 世界 が ある 人 診断,Informational,110,"0.79,0.64,0.50,0.79,0.79,0.79,1.00,0.79,0.79,0.64,0.79,0.64",15,0.12,0.16,"Video, People also ask, Related searches, Ads bottom"
自分 の 性格 わからない,Informational,110,"0.53,0.53,0.82,0.82,0.65,0.53,0.65,0.53,0.65,1.00,0.82,0.53",18,0.19,0.24,"Sitelinks, AI Overview, Video, People also ask, Related searches"
自分 の 性格 占い 完全 無料,Informational,110,"0.79,1.00,1.00,1.00,0.79,0.79,0.79,0.50,0.79,0.36,0.29,0.29",12,0.08,0.19,Related searches
自分 の 特性,Informational,110,"0.79,0.79,1.00,0.79,0.64,0.64,0.79,0.64,0.79,0.79,0.64,0.64",25,0.61,0.16,"AI Overview, Video, People also ask, Related searches"
自分 の 診断,Informational,110,"0.79,0.79,0.64,0.64,0.79,0.79,1.00,1.00,0.79,0.64,0.79,0.79",33,0.35,0.12,"Video, Video carousel, People also ask, Related searches"
自分 を 知り たい,Informational,110,"0.79,0.79,1.00,0.79,0.79,0.79,0.79,0.64,0.79,0.79,1.00,1.00",25,0.49,0.56,"Sitelinks, AI Overview, Video, Video carousel, People also ask, Related searches"
自分 嫌い 度 診断,Informational,110,"0.24,0.12,0.06,0.06,0.65,0.12,0.65,1.00,0.82,0.06,0.06,0.06",9,0.35,0.05,Video
自己 分析 ツール 性格,Informational,110,"1.00,0.65,0.65,0.82,0.65,0.65,0.65,0.41,0.41,0.41,0.41,0.41",24,0.58,0.63,"Sitelinks, AI Overview, Reviews, Video, People also ask, Related searches"
自己 分析 診断 性格,Informational,110,"1.00,1.00,1.00,0.79,0.64,0.64,0.79,1.00,1.00,0.79,0.64,0.50",34,0.29,0.52,"Reviews, Video, People also ask, Related searches, Ads top, Ads bottom"
行動 特性 診断,Informational,110,"1.00,0.79,0.79,0.79,0.64,0.79,0.50,0.64,0.79,0.64,0.64,0.64",7,0.57,0.27,"Sitelinks, AI Overview, Image pack, Video, People also ask, Related searches"
診断 ゲーム 無料,Informational,110,"0.65,1.00,0.82,0.53,0.65,0.53,0.82,1.00,1.00,0.82,0.82,1.00",31,0.00,0.01,"Video, Related searches"
診断 女,Informational,110,"0.65,0.53,0.65,0.65,0.65,0.65,0.82,1.00,0.82,0.53,0.41,0.65",16,0.00,0.01,"Image pack, Video, Related searches, Ads bottom"
診断 小学生,Informational,110,"0.79,0.79,0.79,1.00,0.79,0.79,0.64,0.64,0.79,0.36,0.64,0.79",23,0.00,0.33,"Image pack, Video, People also ask, Related searches"
診断 性格 の 悪さ,Informational,110,"0.28,0.34,0.34,0.44,0.22,0.28,0.34,0.34,0.28,0.34,1.00,0.66",12,0.05,0.02,"Sitelinks, Video, People also ask, Related searches"
診断 無料 アプリ,Informational,110,"0.64,0.50,0.50,1.00,0.79,0.79,1.00,0.79,0.79,0.79,0.79,0.64",31,0.50,0.04,"AI Overview, Reviews, People also ask, Related searches"
診断 無料 ゲーム,Informational,110,"0.65,1.00,0.82,0.53,0.65,0.53,0.82,1.00,1.00,0.82,0.82,1.00",30,0.00,0.01,"Video, People also ask, Related searches"
調べる 人,Informational,110,"0.79,0.50,0.64,0.79,0.79,0.79,0.79,1.00,0.64,0.36,0.50,0.64",14,0.00,0.33,"Sitelinks, AI Overview, Video, People also ask, Related searches"
辛口 恋愛 診断,Informational,110,"0.52,0.33,0.52,1.00,1.00,0.52,0.52,0.43,0.43,0.24,0.52,0.43",12,0.23,0.04,"Video, Related searches"
進撃 の 巨人 性格 診断,Informational,110,"0.79,0.79,1.00,0.64,0.79,0.79,0.64,0.50,1.00,0.79,0.64,0.64",13,0.00,0.33,"Image pack, Video, Related searches"
運転 性格 診断,Informational,110,"0.79,1.00,0.79,1.00,0.79,0.64,1.00,1.00,0.79,1.00,1.00,1.00",16,0.00,0.33,"Image pack, Video, People also ask"
選択 必須,Informational,110,"1.00,0.20,0.20,0.20,0.20,0.20,0.20,0.60,0.20,0.20,0.20,0.40",21,0.00,0.33,"Sitelinks, AI Overview, Image pack, People also ask, Related searches"
野球 ポジション 性格 診断,Informational,110,"1.00,1.00,1.00,0.79,1.00,0.64,0.64,0.79,0.50,0.79,1.00,0.79",10,0.00,0.33,"Sitelinks, Video, People also ask, Related searches"
面白い 心理 テスト 無料,Informational,110,"0.53,0.82,0.82,1.00,0.82,0.53,0.53,0.41,0.53,0.29,0.41,0.41",16,0.00,0.02,"Sitelinks, Reviews, Video, Related searches"
16 種類 性格,Informational,90,"0.01,0.01,0.01,1.00,0.01,0.01,0.01,0.01,0.01,0.01,0.01,0.08",24,0.00,0.10,"Image pack, Video, People also ask, Related searches"
big five test,Informational,90,"0.64,0.50,0.79,0.79,1.00,0.79,0.50,0.50,0.36,0.64,0.79,0.64",16,0.68,0.31,"AI Overview, Reviews, Video, People also ask, Related searches"
mbti np,Informational,90,"1.00,0.01,0.06,0.01,0.07,0.01,0.04,0.03,0.01,0.12,0.01,0.01",20,0.00,0.33,"Sitelinks, Image pack, Video, People also ask, Related searches"
mbti ビッグ ファイブ,Informational,90,"0.15,0.04,0.44,0.02,0.29,1.00,0.04,0.10,0.02,0.02,0.23,0.02",23,0.43,0.14,"Sitelinks, AI Overview, Image pack, Video, People also ask"
mbti 外見,Informational,90,"0.01,0.29,1.00,0.01,0.01,0.01,0.10,0.01,0.01,0.03,0.01,0.01",30,0.00,0.33,"Image pack, Video, People also ask, Related searches"
mbti 理論,Informational,90,"0.79,0.79,0.79,0.79,0.79,0.50,0.64,0.50,0.50,0.79,0.79,1.00",26,0.00,0.33,"Sitelinks, AI Overview, Image pack, Video, People also ask, Related searches"
mpbi,Informational,90,"0.01,1.00,0.36,0.01,0.01,0.02,0.01,0.01,0.02,0.01,0.01,0.01",22,0.00,0.05,"AI Overview, Video, People also ask, Related searches"
mtib,Informational,90,"0.81,0.03,0.09,1.00,0.06,0.03,0.03,0.03,0.34,0.44,0.03,0.12",14,0.43,0.04,"People also ask, Related searches, Ads bottom"
neris type explorer,Informational,90,"0.02,0.19,0.02,1.00,0.05,0.81,0.02,0.05,0.02,0.12,0.36,0.02",25,0.41,0.18,"AI Overview, Reviews, Video, People also ask, Related searches"
psa 診断,Informational,90,"0.82,1.00,0.82,1.00,0.82,0.82,1.00,0.64,0.64,1.00,0.27,0.18",13,0.00,0.33,"Reviews, Image, People also ask, Related searches"
twitter 性格 診断,Informational,90,"1.00,0.65,0.42,0.19,0.27,0.81,0.08,0.12,0.04,0.04,0.04,0.04",16,0.00,0.01,"Video, People also ask, Related searches"
web テスト パーソナリティ,Informational,90,"0.52,0.14,0.24,0.52,0.33,0.24,0.43,0.33,0.67,0.52,0.43,1.00",11,1.69,0.07,"Sitelinks, AI Overview, Video, People also ask, Related searches"
おそ松 さん 性格 診断,Informational,90,"1.00,0.82,0.65,1.00,0.53,0.65,0.53,0.29,0.41,0.18,0.41,0.65",10,0.00,0.33,"Reviews, Image, Image pack, Video, Related searches"
おもしろ 性格 診断,Informational,90,"0.64,0.64,0.50,0.50,0.50,0.79,0.64,0.64,1.00,0.79,1.00,0.50",23,0.00,0.02,"Sitelinks, Video, Related searches"
しん り て,Informational,90,"1.00,0.82,1.00,1.00,0.82,0.64,1.00,0.82,0.82,0.82,0.82,0.64",20,0.00,0.33,"Sitelinks, Reviews, Video, Video carousel, Related searches"
たい 焼き 性格 診断,Informational,90,"0.03,0.02,0.29,0.02,1.00,0.19,0.02,0.02,0.02,0.02,0.02,0.02",29,0.00,0.33,"Image pack, Video, People also ask, Related searches"
は ぎぃ,Informational,90,"0.06,0.06,0.12,1.00,0.12,0.06,0.29,0.06,0.06,0.06,0.12,0.06",32,0.00,0.33,"Image, Image pack, Video"
アイデンティティ 診断,Informational,90,"0.53,0.41,0.29,0.41,0.53,0.65,0.65,0.29,0.29,1.00,0.82,0.65",16,0.45,0.33,"Video, People also ask, Related searches"
アロマ 性格 診断,Navigational,90,"0.02,1.00,0.66,0.02,0.02,0.02,0.03,0.02,0.03,0.02,0.02,0.02",16,0.00,0.33,"Sitelinks, Video, People also ask, Related searches"
クイズ 診断,Informational,90,"0.02,0.02,0.02,0.02,0.02,1.00,0.29,0.02,0.36,0.02,0.02,0.02",20,0.00,0.33,"Video, Related searches"
クレイジー 度 診断,Informational,90,"1.00,0.24,0.02,0.02,0.02,0.02,0.03,0.02,0.03,0.02,0.02,0.36",9,0.00,0.33,Related searches
ケチ 診断,Informational,90,"1.00,1.00,1.00,0.82,0.64,0.64,1.00,0.82,1.00,0.64,0.82,0.64",11,0.00,0.01,Related searches
サイグラム 診断 無料,Informational,90,"0.12,1.00,0.06,0.18,0.06,0.24,0.41,0.53,0.06,0.06,0.06,0.06",13,0.00,0.33,"Sitelinks, AI Overview, People also ask, Related searches"
サッカー ポジション 性格 診断,Informational,90,"0.33,0.43,0.33,0.43,0.43,0.43,0.43,0.33,0.43,0.52,0.67,1.00",11,0.00,0.33,"Sitelinks, Image pack, Video, People also ask, Related searches"
ステータス 診断,Commercial,90,"0.79,0.79,1.00,0.79,0.64,0.64,0.64,0.50,0.79,0.50,0.50,0.36",14,0.00,0.33,"Sitelinks, People also ask, Related searches"
デルタ 診断,Navigational,90,"1.00,0.04,0.04,0.42,0.42,0.04,0.04,0.04,0.12,0.04,0.04,0.08",28,0.00,0.05,"Sitelinks, Video, Related searches"
ドジ 度 診断,Informational,90,"1.00,0.81,0.05,0.43,0.05,0.14,0.05,0.14,0.05,0.24,0.05,0.10",8,0.00,0.33,Related searches
ドラえもん 性格 診断,Informational,90,"0.36,0.09,0.09,1.00,0.09,0.09,0.18,0.09,0.45,0.18,0.18,0.36",5,0.00,0.33,"Sitelinks, Image, Image pack, Video, Related searches"
パーソナル チェック,Informational,90,"0.01,0.04,0.01,0.01,0.01,0.01,1.00,0.07,0.06,0.06,0.01,0.01",15,0.00,0.33,"AI Overview, People also ask, Related searches"
ヒソカ の オーラ 別 性格 診断,Informational,90,"0.22,0.22,0.28,0.53,0.16,0.22,0.34,0.28,0.44,0.53,0.66,1.00",14,0.00,0.33,"Sitelinks, AI Overview, Image, Video, People also ask, Related searches"
プロフィール 性格,Informational,90,"0.33,0.33,0.67,0.67,0.33,1.00,0.33,0.33,0.33,0.33,0.33,0.33",11,0.00,0.33,"Sitelinks, AI Overview, Image, Image pack, Video, People also ask, Related searches"
ミネソタ 多面 人格 テスト 無料,Informational,90,"0.11,0.11,0.11,0.11,1.00,0.11,0.11,0.11,0.22,0.33,0.33,0.11",21,0.00,0.06,"AI Overview, Reviews, Video, People also ask, Related searches, Ads bottom"
世間 知らず 診断,Informational,90,"0.82,1.00,1.00,1.00,1.00,0.82,0.82,0.64,0.82,0.82,0.82,0.64",20,0.20,0.06,"People also ask, Related searches"
主要 5 因子 性格 検査,Informational,90,"1.00,0.02,0.02,0.02,0.07,0.02,0.02,0.03,0.12,0.02,0.02,0.03",16,0.30,0.12,"AI Overview, Video, Knowledge panel, Related searches"
体重 診断 辛口,Informational,90,"1.00,0.06,0.06,0.06,0.06,0.06,0.06,0.29,0.06,0.53,0.06,0.12",15,0.00,0.33,"Sitelinks, People also ask, Related searches"
何 診断,Informational,90,"0.02,0.04,0.02,1.00,1.00,0.23,0.04,0.02,0.02,0.02,0.02,0.02",26,0.00,0.33,"Video, People also ask, Related searches"
優等生 診断,Informational,90,"1.00,0.10,0.05,0.52,0.81,0.67,0.05,0.05,0.10,0.05,0.05,0.05",9,0.00,0.01,"Video, Related searches"
免許 性格 診断,Informational,90,"1.00,0.19,0.15,0.03,0.01,0.01,0.07,0.03,0.01,0.01,0.07,0.04",17,0.00,0.02,"Video, People also ask, Related searches"
冷静 診断,Informational,90,"0.06,1.00,0.06,0.06,0.65,0.18,0.12,0.06,0.53,0.06,0.06,0.06",12,0.00,0.02,"People also ask, Related searches"
分析 する 人,Informational,90,"1.00,0.64,0.79,0.79,0.64,0.79,0.79,0.64,0.50,0.50,0.50,0.50",24,0.00,0.33,"Sitelinks, AI Overview, Video, People also ask, Related searches"
口喧嘩 強い 診断,Informational,90,"1.00,0.52,0.33,0.67,0.67,0.52,0.33,0.33,0.14,0.14,0.19,0.10",13,0.00,0.33,"AI Overview, Video, People also ask, Related searches"
女心 テスト,Informational,90,"0.02,1.00,0.02,0.02,0.08,0.02,0.02,0.15,0.04,0.04,0.02,0.02",14,0.00,0.33,"Video, People also ask, Related searches"
女性 診断,Informational,90,"0.43,0.67,0.52,0.52,0.52,0.52,0.33,0.33,0.43,0.33,0.67,1.00",21,0.00,0.02,"Image pack, Related searches"
好き な アーティスト 性格 診断,Informational,90,"1.00,1.00,1.00,1.00,0.64,0.82,0.82,1.00,0.64,0.45,0.82,0.64",22,0.00,0.01,"Sitelinks, Video, People also ask, Related searches"
好き な バンド 性格 診断,Informational,90,"0.03,0.03,0.44,0.13,0.03,0.28,0.36,1.00,0.18,0.03,0.03,0.10",17,0.00,0.33,"Sitelinks, Video, People also ask, Related searches"
学部 診断 テスト,Commercial,90,"0.02,0.02,0.04,0.02,0.02,0.10,0.06,0.02,0.81,1.00,0.23,0.23",30,0.20,0.33,"People also ask, Related searches"
寝 方 性格 診断,Informational,90,"0.64,1.00,0.64,1.00,1.00,1.00,1.00,0.82,0.64,0.82,0.82,0.82",25,0.00,0.33,"Image pack, Video, People also ask, Related searches"
当たる 占い 無料 性格,Informational,90,"0.02,0.23,0.29,0.10,1.00,0.02,0.02,0.02,0.10,0.04,0.02,0.02",16,0.04,0.28,"Sitelinks, Related searches"
彼氏 の 性格 診断,Informational,90,"1.00,0.82,0.18,0.65,0.06,0.06,0.12,0.06,0.06,0.06,0.18,0.18",19,0.00,0.02,"Video, People also ask, Related searches"
彼氏 性格 診断,Informational,90,"1.00,0.12,0.12,0.03,0.01,0.01,0.05,0.01,0.03,0.01,0.08,0.01",17,0.00,0.33,"Video, Related searches"
心理 テスト 4 択 性格,Informational,90,"0.01,0.08,0.01,0.01,0.01,0.01,0.02,1.00,0.01,0.01,0.06,0.01",14,0.00,0.00,"Sitelinks, Video, People also ask, Related searches"
心理 テスト 盛り上がる 性格,Informational,90,"0.34,1.00,0.53,0.66,0.06,0.09,0.03,0.03,0.06,0.03,0.03,0.03",13,0.00,0.33,"Sitelinks, Video, Related searches"
心理 性格 テスト,Informational,90,"0.01,0.01,0.03,0.01,0.01,0.03,0.03,0.03,0.01,1.00,0.01,0.01",29,0.00,0.03,"AI Overview, Reviews, Video, Video carousel, People also ask, Related searches"
性根 が 腐っ てる 診断,Informational,90,"0.50,0.79,0.79,0.79,0.79,0.64,1.00,0.50,0.64,0.50,0.50,0.50",19,0.00,0.01,"Sitelinks, Video, People also ask, Related searches"
性格 チャート,Informational,90,"0.19,0.19,0.52,0.10,0.05,0.05,0.14,0.05,0.05,1.00,0.67,1.00",21,0.00,0.02,"Image pack, People also ask, Related searches"
性格 心理 テスト 男,Informational,90,"0.06,0.06,0.06,0.18,0.65,0.53,0.82,1.00,0.82,1.00,1.00,1.00",11,0.00,0.03,"Sitelinks, AI Overview, Video, Related searches, Ads bottom"
性格 検査 無料,Commercial,90,"0.02,0.02,1.00,0.29,0.02,0.02,0.08,0.05,0.19,0.02,0.02,0.03",29,0.56,0.57,"Video, Related searches"
性格 診断 entj,Informational,90,"0.79,0.79,0.64,1.00,0.64,0.64,0.50,0.36,0.64,0.50,1.00,0.50",15,0.38,0.11,"Sitelinks, AI Overview, Video, People also ask, Related searches"
性格 診断 クイズ,Informational,90,"0.82,1.00,1.00,0.82,1.00,0.64,0.82,0.64,1.00,0.64,0.82,0.45",30,0.00,0.01,"Sitelinks, Video, People also ask, Related searches"
性格 診断 チャート,Informational,90,"1.00,0.01,0.36,0.10,0.01,0.01,0.29,0.19,0.01,0.01,0.03,0.01",18,0.00,0.04,"AI Overview, Reviews, Image pack, Video, People also ask, Related searches"
性格 診断 テスト 就職,Informational,90,"0.79,0.79,1.00,0.79,0.79,0.64,0.50,0.36,0.50,0.50,0.50,0.79",15,1.18,0.54,"Sitelinks, AI Overview, Video, Video carousel, People also ask, Related searches"
性格 診断 芸術 家,Informational,90,"0.29,0.29,0.14,0.14,1.00,0.14,0.57,0.14,0.29,0.43,0.14,0.14",20,0.00,0.33,"Sitelinks, AI Overview, Video, People also ask, Related searches"
性格 診断 適職,Commercial,90,"1.00,0.82,1.00,1.00,1.00,0.64,0.64,0.82,1.00,1.00,0.82,1.00",34,1.46,0.54,"Sitelinks, AI Overview, Related searches, Ads bottom"
性格 質問,Informational,90,"0.16,0.44,0.66,1.00,0.53,0.03,0.03,0.16,0.03,0.03,0.06,0.22",19,0.00,0.33,"AI Overview, Image pack, Video, People also ask, Related searches, Ads bottom, Ads middle"
性格 類型,Informational,90,"0.54,0.12,0.36,0.15,0.01,1.00,0.01,0.06,0.01,0.12,0.01,0.01",23,0.00,0.03,"Sitelinks, AI Overview, Video, People also ask, Related searches"
才能 免許 証,Navigational,90,"0.65,1.00,0.82,0.65,0.65,0.41,0.41,0.29,0.53,0.24,0.18,0.24",15,0.00,0.02,"Sitelinks, Related searches"
構成 する 8 性格,Navigational,90,"1.00,0.29,0.44,0.36,0.02,0.02,0.02,0.12,0.02,0.02,0.05,0.12",17,0.32,0.07,"Sitelinks, AI Overview, Related searches"
母性 診断,Informational,90,"0.54,0.65,0.04,1.00,0.04,0.42,0.04,0.15,0.35,0.04,0.15,0.08",11,0.00,0.01,"AI Overview, People also ask, Related searches"
水 見 式 性格 診断,Informational,90,"0.41,0.82,0.53,0.41,0.41,0.65,0.65,0.65,0.65,0.65,0.82,1.00",8,0.00,0.33,"Image pack, Video, Related searches"
無料 占い 自己 分析,Informational,90,"0.01,0.01,0.01,1.00,0.01,0.01,0.01,0.01,0.01,0.01,0.01,0.01",13,0.10,0.17,"Sitelinks, Video, Related searches"
特性 検査,Informational,90,"0.15,0.03,0.01,0.03,0.03,0.54,1.00,0.01,0.10,0.03,1.00,0.06",12,0.82,0.10,"AI Overview, Image pack, Video, People also ask, Related searches"
犬 性格 診断 無料,Informational,90,"0.01,0.01,1.00,0.07,0.01,0.01,0.10,0.01,0.10,0.01,0.01,0.07",15,0.00,0.33,"Image pack, Video, People also ask, Related searches"
異 能 診断,Informational,90,"0.02,0.10,0.02,0.02,0.54,0.02,0.04,1.00,0.02,0.02,0.02,0.10",15,0.00,0.33,"People also ask, Related searches"
相手 が 自分 を どう 思っ て いるか 心理 テスト,Informational,90,"0.04,0.01,0.01,0.12,0.12,0.01,0.15,1.00,0.01,0.01,0.01,0.01",25,0.00,0.01,"Sitelinks, Video, People also ask, Related searches"
簡単 性格 診断 テスト,Informational,90,"0.81,0.35,0.42,1.00,0.04,0.27,0.27,0.04,0.08,0.04,0.04,0.27",30,0.14,0.13,"Reviews, Video, Related searches"
自分 の 癖 診断,Commercial,90,"0.64,0.64,0.64,0.45,0.64,0.82,1.00,1.00,1.00,1.00,0.82,1.00",16,0.19,0.13,"Image pack, Video, People also ask, Related searches"
自己 中 度 診断,Informational,90,"0.12,0.06,1.00,0.65,0.06,0.06,0.12,0.06,0.06,0.06,0.06,0.12",16,0.00,0.01,"People also ask, Related searches"
自己 中心 的 な 人 診断,Informational,90,"1.00,0.79,0.79,0.64,0.64,0.79,0.50,0.50,0.64,0.79,0.64,0.64",14,0.12,0.23,"Video, People also ask, Related searches"
自己 分析 占い,Informational,90,"0.67,0.52,0.52,1.00,0.05,0.05,0.19,0.10,0.05,0.43,0.05,0.05",15,0.31,0.34,"Sitelinks, Reviews, Video, People also ask, Related searches"
自己 分析 占い 無料,Informational,90,"0.02,0.02,0.01,1.00,0.01,0.01,0.03,0.02,0.01,0.01,0.01,0.01",15,0.10,0.17,"Sitelinks, People also ask, Related searches"
自己 分析 性格 診断,Commercial,90,"0.02,0.02,0.02,0.05,0.02,0.03,0.02,1.00,0.54,0.02,0.02,0.05",24,0.40,0.59,"Reviews, Image pack, Video, People also ask, Related searches"
自己 紹介 診断,Informational,90,"0.50,0.64,0.50,0.79,1.00,1.00,0.64,0.50,0.79,0.79,0.79,0.50",11,0.00,0.01,Related searches
観察 力 診断,Commercial,90,"0.19,1.00,0.02,0.02,0.19,0.02,0.12,0.02,0.02,0.02,0.07,0.03",13,0.00,0.02,"Video, Related searches"
診断 テスト 人気,Informational,90,"0.50,0.36,0.79,1.00,0.64,0.50,1.00,0.79,0.79,0.79,0.64,1.00",23,0.15,0.06,"AI Overview, People also ask, Related searches"
診断 フォーム,Commercial,90,"0.35,0.02,0.04,0.02,1.00,0.44,0.35,0.02,0.02,0.02,0.04,0.02",13,0.00,0.02,"Related searches, Ads middle"
診断 自分,Commercial,90,"1.00,0.64,0.82,1.00,1.00,1.00,0.82,0.64,0.64,1.00,1.00,0.82",27,1.64,0.09,"Video, People also ask, Related searches"
誕生 日 性格 診断 365 日,Informational,90,"1.00,0.52,1.00,0.05,0.05,0.33,0.19,0.05,0.05,0.05,0.24,0.05",21,0.00,0.01,"Reviews, Related searches"
調べる の が 好き 性格,Informational,90,"0.19,1.00,0.54,0.01,0.01,0.01,0.03,0.10,0.03,0.01,0.01,0.01",21,0.00,0.33,"Sitelinks, AI Overview, People also ask, Related searches"
質問 性格,Informational,90,"0.02,0.66,0.44,0.54,1.00,0.02,0.02,0.05,0.02,0.07,0.02,0.03",25,0.00,0.33,"AI Overview, Image pack, Video, People also ask, Related searches"
軽い 女 診断,Informational,90,"0.01,0.15,1.00,0.24,0.01,0.01,0.03,0.07,0.01,0.01,0.01,0.01",10,0.00,0.33,"Video, People also ask, Related searches"
部活 選び 診断,Informational,90,"0.78,1.00,0.11,0.11,0.11,0.11,0.22,0.22,0.44,0.11,0.11,0.56",8,0.00,0.33,"Video, People also ask, Related searches"
面白い 性格,Informational,90,"0.82,0.64,1.00,1.00,1.00,0.82,0.82,1.00,1.00,0.82,0.82,0.64",25,0.00,0.33,"Sitelinks, AI Overview, Image pack, Video, People also ask, Related searches"
16 personalities entertainer,Informational,70,"0.25,0.25,0.25,0.25,0.75,0.75,0.50,0.25,1.00,0.25,0.25,0.25",19,0.00,0.33,"Sitelinks, Image, Image pack, Video, Related searches"
16 タイプ 診断 キャラクター,Informational,70,"0.14,0.52,0.52,0.52,0.43,0.33,0.24,0.33,1.00,0.81,0.33,0.33",31,0.00,0.33,"Image, Image pack, Video, Related searches"
16 性格 診断 割合,Informational,70,"0.14,1.00,0.07,0.07,0.07,0.50,0.07,0.07,0.50,0.36,0.07,0.07",18,0.00,0.33,"Sitelinks, Image pack, People also ask, Related searches"
16persons,Navigational,70,"0.25,0.25,1.00,0.25,1.00,0.25,0.50,0.25,1.00,0.25,0.25,0.50",27,0.51,0.16,"Sitelinks, Reviews, Video, People also ask, Related searches"
big five テスト,Informational,70,"0.25,0.50,0.50,0.75,0.25,0.25,0.25,0.25,0.25,0.50,0.25,1.00",10,0.54,0.38,"Reviews, Image pack, Video, People also ask, Related searches, Ads top, Ads bottom"
epps 性格 検査,Informational,70,"0.33,0.10,0.67,0.10,0.05,0.05,0.67,1.00,0.10,0.10,0.05,0.10",9,0.00,0.02,"AI Overview, People also ask, Related searches"
mbti イケメン,Informational,70,"0.50,0.50,0.50,0.50,0.50,0.64,0.79,0.79,0.79,1.00,0.64,0.64",29,0.00,0.33,"Image pack, Video, Video carousel, People also ask, Related searches"
mbti 受験,Informational,70,"0.04,0.02,0.02,0.02,1.00,0.02,0.06,0.04,0.02,0.15,0.10,0.04",15,0.00,0.33,"Video, People also ask, Related searches"
mbti 容姿,Informational,70,"0.15,0.42,0.42,1.00,0.04,0.04,0.04,0.04,0.12,0.04,0.12,0.35",30,0.00,0.33,"Sitelinks, Image, Image pack, Video, People also ask, Related searches"
mbti 批判,Informational,70,"0.57,0.14,0.14,0.71,0.29,0.14,0.29,1.00,0.14,0.14,0.14,0.14",30,0.00,0.33,"AI Overview, Video, People also ask, Related searches"
ほくろ 性格 診断,Informational,70,"0.07,1.00,0.01,0.01,0.04,0.01,0.01,0.01,0.04,0.03,0.01,0.01",16,0.00,0.33,"Sitelinks, Image pack, People also ask, Related searches"
も ちら ぼ,Informational,70,"0.08,0.35,0.27,0.04,1.00,0.19,0.04,0.19,0.54,0.15,0.15,0.04",26,0.00,0.33,"Video, People also ask, Related searches"
よく 当たる 性格 診断,Informational,70,"0.05,0.23,1.00,0.03,0.03,0.10,0.10,0.03,0.03,0.23,0.05,0.03",33,0.11,0.33,"AI Overview, Video, Related searches"
エフビーアイ 診断,Informational,70,"0.03,0.54,0.54,1.00,0.03,0.03,0.03,0.08,0.10,0.03,0.03,0.03",19,0.00,0.33,"AI Overview, Image pack, Video, Video carousel, People also ask, Related searches"
エム スキップ,Navigational,70,"1.00,0.36,0.09,0.18,0.09,0.09,0.09,0.09,0.09,0.09,0.18,0.36",29,0.00,0.33,"Sitelinks, Image, Video, People also ask, Knowledge panel, Related searches"
オーラ 性格 診断,Informational,70,"1.00,0.03,0.44,0.03,0.03,0.13,0.03,0.03,0.10,0.10,0.03,0.44",21,0.00,0.33,"Image pack, Video, People also ask, Related searches"
コンプレックス 診断,Informational,70,"0.06,1.00,0.24,0.06,0.06,0.06,0.06,0.18,0.06,0.06,0.06,0.06",14,0.00,0.03,"People also ask, Related searches"
ダークコア 性格 診断,Informational,70,"1.00,0.02,0.29,0.02,0.02,0.08,0.06,0.04,0.02,0.02,0.02,0.02",17,0.00,0.03,"AI Overview, Video, People also ask, Related searches"
一人称 診断,Informational,70,"0.02,1.00,0.02,0.24,0.02,0.02,0.02,0.12,0.02,0.12,0.02,0.02",13,0.00,0.33,Related searches
世にも 奇妙 な 物語 診断,Informational,70,"0.03,0.03,0.13,0.10,0.05,0.67,0.05,0.03,0.03,0.18,0.08,1.00",23,0.00,0.33,"Image, Image pack, Video carousel, People also ask, Related searches"
人 の 性格 が わかる 能力,Informational,70,"0.29,0.02,0.06,1.00,0.02,0.04,0.02,0.02,0.02,0.02,0.02,0.04",12,0.00,0.33,"Sitelinks, AI Overview, Image pack, Video, People also ask, Related searches"
人 性格,Informational,70,"1.00,0.03,0.28,0.03,0.03,0.03,0.08,0.44,0.03,0.05,0.10,0.08",26,0.00,0.33,"Sitelinks, AI Overview, Image pack, Video, People also ask, Related searches"
人間 テスト,Navigational,70,"0.04,0.12,1.00,0.81,0.04,0.12,0.04,0.04,0.04,0.04,0.08,0.12",27,0.00,0.33,"Sitelinks, AI Overview, Video, People also ask, Related searches"
人間 レベル 診断,Informational,70,"0.34,0.03,0.03,0.03,0.44,0.03,0.03,0.03,1.00,0.06,0.12,0.09",8,0.25,0.07,"Video, Related searches"
個性 診断 無料,Commercial,70,"0.08,0.02,1.00,0.02,0.02,0.02,0.06,0.04,0.19,0.02,0.02,0.04",24,0.19,0.28,Related searches
勉強 スタイル 診断,Commercial,70,"0.03,0.02,0.05,0.03,1.00,0.02,0.07,0.12,0.03,0.07,0.03,0.02",12,0.23,0.33,"Sitelinks, Video, People also ask, Related searches, Ads top"
占い 当たる 無料 性格,Informational,70,"0.05,1.00,0.52,0.05,0.52,0.05,0.14,0.33,0.10,0.24,0.05,0.14",13,0.04,0.33,"Video, Related searches"
取り柄 が ない 診断,Informational,70,"0.14,0.14,0.14,0.14,0.14,0.14,0.14,0.14,0.29,0.14,1.00,0.14",16,0.08,0.33,"Video, Related searches"
女 に なりたい 診断,Informational,70,"0.82,0.64,0.82,1.00,0.82,1.00,0.82,0.64,0.82,1.00,0.82,0.82",19,0.00,0.33,Related searches
学習 の 診断,Informational,70,"0.02,0.02,0.44,0.02,0.02,0.02,1.00,0.23,0.02,0.02,0.19,0.02",2,0.00,0.05,"Sitelinks, AI Overview, Video, Video carousel, People also ask, Related searches"
役者 に 向い てる 診断,Informational,70,"0.43,0.71,0.29,0.43,0.14,0.14,0.57,0.29,1.00,0.43,0.14,0.43",17,0.46,0.33,"Video, People also ask, Related searches"
得意 科目 診断,Informational,70,"0.25,0.25,0.25,0.75,0.25,0.25,0.25,0.25,0.25,1.00,0.25,0.25",15,0.00,0.02,"People also ask, Related searches"
心理 テスト 本性,Informational,70,"1.00,0.03,0.06,0.03,0.22,0.03,0.03,0.03,0.03,0.03,0.03,0.03",24,0.00,0.33,"Sitelinks, Video, Video carousel, People also ask, Related searches"
心理 テスト 男 性格,Informational,70,"0.06,0.06,0.06,0.18,0.65,0.53,0.82,1.00,0.82,1.00,1.00,1.00",14,0.00,0.01,"Sitelinks, AI Overview, Video, People also ask, Related searches"
思想 チェック,Informational,70,"0.23,0.02,0.08,1.00,0.02,0.02,0.04,0.15,0.02,0.02,0.02,0.02",28,0.00,0.33,"AI Overview, Related searches"
性格 の 特徴,Informational,70,"0.10,0.05,0.05,0.05,0.14,0.19,0.67,0.52,0.52,1.00,0.10,0.05",20,0.00,0.00,"Sitelinks, AI Overview, Image pack, Video, People also ask, Related searches"
性格 テスト 就職,Commercial,70,"0.44,0.02,0.02,1.00,0.02,0.02,0.02,0.02,0.05,0.02,0.03,0.02",16,1.33,0.53,"Sitelinks, Video, People also ask, Related searches, Ads top, Ads middle"
性格 特性 診断,Informational,70,"0.81,1.00,0.52,0.05,0.05,0.05,0.05,0.05,0.10,0.05,0.10,0.05",30,0.28,0.66,"Reviews, Video, People also ask, Related searches"
性格 美人 度 診断,Informational,70,"0.67,0.05,0.05,1.00,0.05,0.33,0.05,0.05,0.10,0.05,0.05,0.05",14,0.00,0.33,"People also ask, Related searches"
性格 診断 estp,Informational,70,"1.00,0.02,0.05,0.02,0.02,0.02,0.02,0.02,0.02,0.03,0.08,0.07",17,0.33,0.14,"Sitelinks, AI Overview, Video, People also ask, Related searches"
性格 診断 名前 生年 月 日,Informational,70,"0.07,0.14,0.07,0.07,0.07,0.07,0.07,0.07,0.07,0.07,1.00,0.14",10,0.06,0.33,"Sitelinks, Related searches"
性格 診断 子供 向け,Commercial,70,"0.05,0.03,0.03,0.03,0.18,0.03,0.03,0.03,0.18,1.00,0.28,0.10",14,0.00,0.01,"Sitelinks, Image pack, Video, People also ask, Related searches"
柴犬 性格 診断,Informational,70,"0.02,0.02,1.00,0.02,0.02,0.05,0.02,0.02,0.02,0.02,0.02,0.02",10,0.00,0.01,"AI Overview, Image pack, Video, People also ask, Related searches"
漢字 性格 診断,Informational,70,"0.25,0.25,0.25,0.75,0.25,0.25,1.00,0.25,0.25,0.50,0.25,0.25",23,0.00,0.33,"Image pack, Video, Related searches"
玉手箱 性格 診断,Informational,70,"0.45,0.09,0.09,0.27,0.09,0.09,0.64,0.09,0.82,0.18,0.27,1.00",11,1.28,0.33,"Sitelinks, Image pack, Video, People also ask, Related searches"
理想 の 女性 診断,Informational,70,"1.00,0.67,0.03,0.03,0.03,0.03,0.03,0.03,0.08,0.18,0.05,0.13",19,0.00,0.01,"Image pack, Related searches"
理解 力 診断,Informational,70,"1.00,0.44,0.66,0.16,0.03,0.03,0.06,0.06,0.03,0.16,0.03,0.06",13,0.00,0.07,"Reviews, Video, People also ask, Related searches"
相性 性格 診断,Informational,70,"0.02,0.02,0.02,0.03,0.08,0.02,0.02,0.02,0.02,0.02,0.24,1.00",20,0.00,0.03,"Sitelinks, Image pack, Video, People also ask, Related searches"
短期 診断,Informational,70,"0.06,0.06,0.06,0.06,0.24,0.06,0.41,0.06,0.06,0.06,0.41,1.00",10,0.00,0.02,Related searches
精神 力 診断,Informational,70,"1.00,0.05,0.10,0.05,0.52,0.05,0.05,0.19,0.05,0.14,0.10,0.05",11,0.00,0.01,"Video, People also ask"
翻訳 性格,Informational,70,"1.00,0.78,1.00,1.00,0.78,0.56,0.56,0.33,0.44,0.56,0.56,0.56",27,0.00,0.33,"AI Overview, Reviews, Instant answer, Video, People also ask, Related searches"
自分 で 調べる,Informational,70,"0.82,0.12,0.12,0.06,0.06,0.12,1.00,0.06,0.18,0.06,0.06,0.06",19,0.00,0.33,"Sitelinks, AI Overview, Video, People also ask, Related searches"
自分 の 本当 の 気持ち 診断,Informational,70,"0.50,0.50,0.50,0.50,0.50,0.50,0.50,0.50,1.00,0.50,1.00,0.50",18,0.10,0.14,"Video, People also ask, Related searches"
自分 の 長所 診断 無料,Informational,70,"0.10,0.10,0.52,0.05,1.00,0.05,0.14,0.05,0.05,0.05,0.33,0.05",21,0.33,0.66,Video
自分 は どんな 人,Informational,70,"0.01,0.01,0.01,0.01,0.01,1.00,0.01,0.01,0.03,0.01,0.07,0.01",27,0.22,0.21,"Sitelinks, AI Overview, Video, People also ask, Related searches"
診断 性格 キャラ,Informational,70,"0.03,0.06,0.09,0.03,0.03,0.03,0.03,0.28,1.00,0.81,0.34,0.09",27,0.00,0.00,"Image pack, Related searches"
話題 診断,Informational,70,"0.01,0.06,1.00,0.03,0.01,0.03,0.01,0.01,0.03,0.01,0.54,1.00",25,0.00,0.01,"AI Overview, Video, People also ask, Related searches"
賢い 人 診断,Informational,70,"0.04,0.01,1.00,0.01,0.06,0.01,0.01,0.03,0.06,0.01,0.01,0.03",20,0.00,0.09,"Video, Related searches"
超 性格 診断,Informational,70,"0.02,0.02,0.02,0.02,0.19,1.00,0.02,0.07,0.02,0.03,0.19,0.24",12,0.27,0.33,"Reviews, Video, People also ask, Related searches"
車 性格 診断,Commercial,70,"0.03,0.03,0.03,0.08,1.00,0.44,0.03,0.05,0.08,0.05,0.03,0.03",22,0.00,0.33,"Video, People also ask, Related searches"
達観 し てる 人 診断,Informational,70,"0.08,0.02,0.06,0.02,1.00,0.15,0.02,0.02,0.02,0.02,0.02,0.19",14,0.00,0.33,"Sitelinks, Video, People also ask, Related searches"
適性 診断 性格,Commercial,70,"0.14,0.71,0.14,0.14,1.00,0.57,0.14,0.14,0.14,0.14,0.71,0.14",33,1.07,0.51,"Sitelinks, AI Overview, Image pack, Video, People also ask, Related searches, Ads top, Ads bottom"
面接 性格 診断,Informational,70,"1.00,1.00,0.36,1.00,0.79,0.07,0.36,0.64,0.14,0.07,0.21,0.21",11,2.19,0.40,"Sitelinks, AI Overview, Video, People also ask, Related searches, Ads middle"
面接 診断,Informational,70,"0.02,0.02,0.06,0.02,0.23,0.29,1.00,0.02,0.10,0.02,0.02,0.02",16,0.96,0.25,"Video, People also ask, Related searches"
esp テスト 無料,Informational,50,"0.06,0.04,0.02,1.00,0.02,0.08,0.02,0.02,0.04,0.04,0.02,0.08",13,0.00,0.33,"Sitelinks, AI Overview, Reviews, People also ask, Related searches"
group test,Informational,50,"0.05,0.08,1.00,0.28,0.03,0.03,0.05,0.10,0.03,0.05,0.03,0.03",24,0.00,0.33,"AI Overview, Reviews, Image pack, Video, People also ask, Knowledge panel"
http www egogram f jp seikaku,Informational,50,"0.29,0.12,0.29,1.00,0.12,0.41,0.12,0.12,0.12,0.29,0.12,0.65",23,0.00,0.02,"AI Overview, Reviews, Video, Related searches"
hunter hunter 性格 診断,Informational,50,"0.08,0.03,0.08,0.03,0.67,0.03,0.03,0.18,0.03,0.03,1.00,0.28",12,0.00,0.33,"Sitelinks, Reviews, Image, Image pack, Video, Related searches"
intj 性格 診断,Informational,50,"0.64,1.00,0.82,0.82,0.64,0.82,1.00,0.82,0.64,0.82,1.00,1.00",26,0.18,0.37,"Sitelinks, Video, People also ask, Related searches"
line アイコン 性格 診断,Informational,50,"1.00,0.52,0.05,0.05,0.19,0.24,0.05,0.05,0.05,0.10,0.05,0.05",13,0.00,0.33,"Sitelinks, Image, Image pack, Video, Video carousel, People also ask, Related searches"
mbti 他人,Informational,50,"0.33,0.33,0.33,0.67,0.33,0.67,0.33,0.33,1.00,0.33,1.00,0.33",21,0.00,0.33,"Sitelinks, Video, People also ask, Related searches"
nbdi,Informational,50,"0.20,0.20,1.00,1.00,0.20,0.20,0.20,0.20,0.20,0.40,0.20,0.20",14,0.00,0.33,"AI Overview, Image pack, Video"
あなた の 性格 占い,Informational,50,"0.03,0.03,0.03,0.03,0.03,0.34,1.00,0.06,0.03,0.12,0.03,0.28",10,0.39,0.17,"Video, Related searches"
コミュニケーション 苦手 診断,Informational,50,"0.82,0.09,0.09,1.00,0.45,0.09,0.45,0.09,0.09,0.09,0.27,0.18",14,0.61,0.33,"People also ask, Related searches"
ポテンシャル 診断,Informational,50,"0.53,0.06,0.18,0.06,0.06,0.06,0.06,1.00,0.06,0.06,0.24,0.06",21,0.55,0.33,"Video, People also ask, Related searches"
人 から どう 思 われ てる か 診断,Informational,50,"1.00,0.04,0.02,0.02,0.02,0.02,0.04,0.02,0.02,0.04,0.02,0.02",13,0.25,0.05,"Video, People also ask, Related searches, Ads bottom"
人格 適応 論 診断 テスト,Informational,50,"0.06,0.06,0.02,1.00,0.02,0.02,0.02,0.02,0.02,0.02,0.02,0.54",7,0.32,0.33,"Sitelinks, Reviews, Image pack, People also ask, Related searches"
人間 分析,Informational,50,"0.09,0.64,0.82,0.36,0.09,0.09,0.82,0.36,0.09,0.09,0.18,1.00",10,0.43,0.05,"AI Overview, Image pack, Video, People also ask, Related searches"
企業 性格 診断,Informational,50,"0.05,0.05,0.05,0.19,0.05,0.05,0.10,1.00,0.05,0.14,0.81,0.19",14,1.14,0.46,"Sitelinks, AI Overview, Video, People also ask, Related searches"
塾 選び 診断,Informational,50,"0.03,0.03,0.03,0.06,0.28,0.03,0.03,0.06,1.00,0.03,0.12,0.06",11,1.09,0.75,"Video, People also ask, Related searches"
性格 いい 人 診断,Informational,50,"0.06,0.41,0.12,0.18,1.00,0.06,0.06,0.06,0.06,0.06,0.65,0.06",19,0.13,0.09,"Video, People also ask, Related searches"
性格 診断 9 タイプ,Informational,50,"0.40,1.00,1.00,0.60,0.40,0.20,0.20,0.20,0.20,0.40,0.20,0.20",29,0.30,0.16,"Sitelinks, AI Overview, Image pack, Video, People also ask, Related searches"
普通 の 人 診断,"Informational, Commercial",50,"0.65,1.00,0.06,0.06,0.06,0.06,0.65,0.29,0.29,0.24,0.06,0.18",10,0.16,0.33,"People also ask, Related searches"
自分 が どういう 人間 か わからない,Informational,50,"0.03,0.05,0.03,0.10,0.08,0.03,1.00,0.05,0.10,0.03,0.03,0.03",24,0.30,0.33,"Sitelinks, AI Overview, Video, People also ask, Related searches"
自分 に 合っ た 勉強 法 見つけ 方,Informational,50,"0.33,0.33,0.33,0.33,0.33,0.33,0.33,0.33,1.00,0.33,0.33,0.33",8,0.43,0.31,"Sitelinks, AI Overview, Video, Video carousel, People also ask, Related searches"
自分 に 合っ た 生き方 診断,Commercial,50,"0.05,1.00,0.81,0.10,0.05,0.05,0.05,0.33,0.19,0.05,0.05,0.05",10,0.32,0.33,"Sitelinks, Related searches"
自分 の こと を 知る 診断,Informational,50,"0.08,1.00,0.04,0.04,0.04,0.04,0.04,0.35,0.81,0.04,0.04,0.04",29,0.34,0.66,"AI Overview, Video, Video carousel, People also ask, Related searches"
色々 な 診断 テスト,Informational,50,"0.29,0.18,0.24,0.41,0.24,0.53,0.53,0.82,1.00,0.82,1.00,0.82",26,0.10,0.33,"Video, Related searches"
診断 性格 当たる,Informational,50,"1.00,0.12,0.53,0.03,0.03,0.03,0.03,0.03,0.03,0.03,0.09,0.03",27,0.13,0.09,"Video, People also ask, Related searches, Ads bottom"
