Keyword,Intent,Volume,Trend,Keyword Difficulty,CPC (USD),Competitive Density,SERP Features
mbti,Informational,165000,"0.67,0.67,0.67,0.67,0.67,0.82,0.82,0.67,0.82,1.00,0.82,0.67",27,0.15,0.22,"AI Overview, Reviews, Image pack, Video, People also ask, Related searches"
반응 속도 테스트,Commercial,135000,"1.00,1.00,1.00,0.82,0.82,0.82,0.67,0.67,0.67,0.55,0.55,0.55",32,1.00,0.33,"Reviews, Related searches"
엠비 티아이 검사,Informational,27100,"1.00,0.82,0.30,0.45,0.55,1.00,1.00,0.82,1.00,1.00,1.00,0.82",31,0.06,0.27,"Reviews, Image pack, Video, Video carousel, Related searches"
bdsm 테스트,Informational,22200,"0.82,0.82,0.82,1.00,0.82,0.82,1.00,1.00,0.82,0.55,0.45,0.55",17,0.24,0.33,Video
엠비 티아이,Informational,22200,"0.67,0.82,1.00,1.00,1.00,1.00,1.00,0.82,0.82,0.82,0.82,0.67",29,0.07,0.12,"AI Overview, Reviews, Image pack, Video, Related searches"
키보드 테스트,Informational,22200,"1.00,0.82,0.67,0.67,0.67,0.82,0.82,0.82,0.82,0.67,0.82,0.82",16,1.64,0.33,"AI Overview, Reviews, Image pack, Video, People also ask, Related searches"
iq 테스트,Informational,18100,"1.00,0.82,0.82,0.82,0.82,0.82,0.82,0.67,0.82,0.82,0.67,0.67",33,0.13,0.57,"AI Overview, Reviews, Video, Video carousel, Related searches"
마이,Informational,18100,"0.67,0.82,0.82,0.82,0.82,0.82,1.00,1.00,1.00,1.00,1.00,0.82",31,0.00,0.33,"AI Overview, Reviews, Video, Related searches"
심리 테스트,Informational,18100,"1.00,0.82,0.67,0.82,0.82,0.82,0.82,0.67,0.67,0.82,0.67,0.67",33,0.28,0.07,"AI Overview, Image pack, Video, Video carousel, Related searches"
발음 테스트,Informational,14800,"0.67,0.67,0.67,0.67,0.82,1.00,0.82,0.67,0.82,0.82,0.82,0.82",28,0.67,0.33,"AI Overview, Image pack, Video, Related searches"
아이큐 테스트,Informational,14800,"1.00,0.82,0.82,0.82,0.82,1.00,1.00,0.82,0.82,0.82,0.82,0.82",31,0.09,0.49,"AI Overview, Reviews, Video, Video carousel, People also ask, Related searches"
우영우 테스트,Informational,14800,"0.00,0.06,0.04,0.00,0.06,0.06,0.02,0.00,0.03,0.02,1.00,0.20",14,0.00,0.00,"AI Overview, Video"
테스트 중,Informational,14800,"0.00,0.00,0.00,0.00,0.01,0.09,0.24,0.37,0.45,0.55,0.82,1.00",19,0.00,0.33,"AI Overview, Video, People also ask"
스마트 폰 중독 테스트 타자,Informational,12100,"0.00,0.00,0.00,0.00,0.01,0.11,0.30,0.45,0.67,0.82,1.00,1.00",13,0.00,0.33,"AI Overview, Video, Related searches"
핑 테스트,Commercial,12100,"0.24,0.30,0.24,0.37,1.00,0.55,0.37,0.45,0.37,0.24,0.24,0.24",27,0.00,0.33,"Reviews, Image pack, Video, Related searches"
범죄상 테스트,Informational,9900,"0.00,0.00,0.00,0.82,1.00,0.45,0.30,0.16,0.11,0.07,0.04,0.07",25,0.00,0.00,"Video, Related searches"
성향 테스트,Informational,9900,"1.00,1.00,1.00,0.82,0.67,0.82,0.82,0.82,0.67,0.67,0.82,0.82",26,0.07,0.04,"AI Overview, Video, Related searches"
마이크 테스트,Informational,8100,"0.82,0.82,0.82,0.82,0.82,0.82,1.00,0.82,1.00,0.82,0.82,0.82",11,0.00,0.33,"AI Overview, Reviews, Video, Short videos, Related searches"
애착 유형 테스트,Informational,8100,"0.67,1.00,0.82,0.55,0.44,0.67,0.67,0.82,0.67,1.00,1.00,0.82",19,0.02,0.23,"Video, Related searches"
매경 테스트,Navigational,6600,"0.82,0.55,0.55,0.44,0.55,0.67,0.67,0.55,0.82,1.00,0.67,0.82",34,0.77,0.03,"Sitelinks, Reviews, Video, Video carousel, Related searches"
모니터 테스트,Navigational,6600,"0.81,1.00,0.81,0.67,0.81,0.67,0.81,0.81,0.81,0.81,0.67,0.67",14,0.00,0.33,"Sitelinks, Video, Video carousel, Related searches"
사이코 패스 테스트,Informational,6600,"0.55,0.55,0.55,0.67,0.67,0.82,0.67,0.67,0.82,0.82,1.00,0.82",19,0.04,0.02,"Reviews, Image pack, Video, Video carousel, People also ask, Related searches"
우울증 테스트,Informational,6600,"0.67,0.81,0.81,0.81,0.67,0.67,1.00,1.00,0.81,0.81,0.81,1.00",23,0.45,0.15,"AI Overview, Video, Video carousel, People also ask, Related searches"
이상형 테스트,"Informational, Commercial",6600,"1.00,0.81,0.81,1.00,0.67,0.67,0.67,0.67,0.67,0.67,0.81,0.81",12,0.47,0.07,"Reviews, Image pack, Video, Related searches"
경계선 지능 장애 테스트,Informational,5400,"0.36,1.00,0.67,0.45,0.45,0.45,0.30,0.45,0.36,0.30,0.36,0.36",23,0.22,0.28,"AI Overview, Image pack, Video, People also ask, Related searches"
스마일 연애 테스트,Informational,5400,"0.00,0.00,0.00,0.00,0.00,0.00,0.00,0.00,0.00,0.00,0.00,1.00",20,0.49,0.00,AI Overview
싸이코 패스 테스트,Informational,5400,"0.67,0.54,0.54,0.81,0.67,0.67,0.67,0.67,0.54,0.81,1.00,0.81",18,0.05,0.02,"Reviews, Image pack, Video, Video carousel, Short videos, Related searches"
절대 음감 테스트,Informational,5400,"1.00,0.82,0.67,0.44,0.55,0.44,0.44,0.29,0.36,0.82,0.55,0.55",12,0.00,0.33,"Reviews, Video, Video carousel, Related searches"
정치 성향 테스트,Informational,5400,"0.13,0.13,0.13,0.16,0.13,0.13,0.13,0.13,0.11,0.11,0.67,1.00",25,1.22,0.33,"AI Overview, Video, Related searches"
cps 테스트,Informational,4400,"1.00,0.81,0.67,0.44,0.36,0.36,0.30,0.36,0.36,0.30,0.30,0.36",16,0.00,0.33,"Reviews, Related searches"
ㅂㅁ,"Informational, Transactional",4400,"1.00,1.00,1.00,1.00,0.82,0.82,0.82,0.66,0.82,1.00,1.00,1.00",31,0.00,0.33,"Image pack, Video, People also ask"
마우스 테스트,Informational,4400,"0.81,0.81,0.67,0.81,0.81,0.81,0.81,0.81,1.00,0.81,0.81,1.00",16,0.00,0.33,"Reviews, Video, Related searches"
만남 어때,Navigational,4400,"1.00,1.00,1.00,1.00,0.82,1.00,1.00,0.82,0.82,1.00,1.00,1.00",23,1.06,0.21,"Sitelinks, Related searches"
에니어 그램 테스트,Commercial,4400,"0.67,0.67,0.67,0.81,1.00,0.81,0.81,0.67,1.00,1.00,0.81,0.67",25,0.22,0.41,"Sitelinks, Reviews, Image pack, Video, Video carousel, Related searches, Ads top, Ads middle"
외모 테스트,Informational,4400,"1.00,0.81,0.67,0.54,0.54,0.67,0.67,0.67,0.67,0.67,0.67,0.44",12,0.00,0.33,"Image pack, Video, Related searches"
이름 궁합 테스트,Commercial,4400,"1.00,0.67,1.00,1.00,1.00,0.67,0.35,0.30,0.35,0.44,0.67,0.54",20,0.25,0.01,"Reviews, Image pack, Video, Related searches"
정신 연령 테스트,Informational,4400,"0.24,0.36,0.24,0.24,0.24,0.24,0.30,0.24,1.00,0.36,0.30,0.30",13,0.41,0.01,"Reviews, Video, People also ask, Related searches"
해리포터 기숙사 테스트,Informational,4400,"1.00,1.00,1.00,0.67,0.82,1.00,0.67,0.55,0.36,0.36,0.44,0.36",14,0.00,0.33,"Image pack, Video, Related searches"
adhd 테스트,Informational,3600,"1.00,0.81,0.81,0.67,0.54,0.67,0.54,0.54,0.54,0.67,0.54,0.54",32,0.21,0.35,"Image, Image pack, Video, Video carousel, Related searches, Ads top, Ads bottom"
구몬 수학 인정 테스트,Informational,3600,"0.00,0.00,0.24,1.00,0.24,0.02,0.01,0.01,0.00,0.00,0.00,0.00",15,0.00,0.03,"Sitelinks, Video, Related searches"
메이플 테스트 서버,"Navigational, Transactional",3600,"0.55,0.82,0.55,0.36,0.29,0.44,0.44,0.15,0.36,0.24,0.13,1.00",25,0.00,0.33,"Sitelinks, Video, Related searches"
색약 테스트,Informational,3600,"0.67,0.54,0.54,0.54,0.54,1.00,0.67,0.67,0.67,0.54,0.67,0.67",21,0.23,0.33,"Image, Image pack, Video, Related searches"
스트레스 테스트,Informational,3600,"0.82,0.82,1.00,0.82,0.82,0.66,0.55,0.55,0.55,0.55,0.55,0.66",20,0.03,0.20,"Image, Image pack, Video, Video carousel, Related searches"
오타쿠 테스트,Navigational,3600,"1.00,1.00,1.00,1.00,1.00,1.00,1.00,0.81,0.67,0.67,0.81,0.67",19,0.00,0.33,"Sitelinks, Image pack, Video, Video carousel, Related searches"
키보드 입력 테스트,Informational,3600,"1.00,0.81,0.54,0.35,0.35,0.35,0.35,0.35,0.35,0.30,0.35,0.35",12,0.00,0.33,"Video, Related searches"
듀오 링고 테스트,Informational,2900,"0.67,0.67,0.67,0.81,0.81,1.00,1.00,0.81,0.81,0.67,0.67,0.67",26,0.21,0.28,"Reviews, Video, Knowledge panel, Related searches, Ads top, Ads middle"
버피 테스트,"Informational, Transactional",2900,"0.81,0.81,0.67,0.67,0.81,0.67,0.81,0.67,1.00,1.00,0.81,0.81",27,0.00,0.33,"Image pack, Video, Video carousel, People also ask, Related searches"
불안 장애 테스트,Informational,2900,"1.00,0.81,0.81,1.00,0.81,0.81,0.81,1.00,0.81,0.81,0.81,0.81",15,0.73,0.19,"AI Overview, Reviews, Video, People also ask, Related searches"
색맹 테스트,"Informational, Transactional",2900,"0.44,0.44,1.00,0.54,0.54,0.54,0.54,0.54,0.54,0.44,0.54,0.44",17,0.26,0.01,"Image, Image pack, Video, Related searches, See results about"
소시 오 패스 테스트,"Informational, Transactional",2900,"1.00,0.81,0.81,1.00,1.00,1.00,0.67,0.67,0.81,0.81,0.81,0.67",13,0.57,0.33,"Video, Video carousel, Related searches"
연애 테스트,Informational,2900,"1.00,0.81,0.81,0.81,0.81,0.81,0.81,0.67,0.67,0.81,0.81,0.81",16,0.64,0.10,"Image pack, Video, Related searches, Ads bottom"
영어 발음 테스트,Informational,2900,"0.66,0.66,0.55,0.66,0.66,0.66,1.00,0.66,0.66,0.55,0.55,0.55",15,0.87,0.15,"Reviews, Video, Video carousel, Related searches, Ads bottom"
우정 테스트,Informational,2900,"1.00,0.66,0.55,0.55,0.55,0.55,0.55,0.55,0.43,0.66,0.66,0.66",13,0.06,0.02,"Reviews, Image pack, Video, Related searches"
코딩 테스트,Informational,2900,"1.00,0.81,1.00,0.81,0.81,0.81,0.81,0.67,0.81,0.81,0.67,0.53",15,0.35,0.36,"AI Overview, Video, Related searches, Ads bottom"
한지 현상 테스트,Informational,2900,"0.00,0.00,0.00,0.00,0.01,0.13,0.30,0.45,0.55,0.82,1.00,1.00",21,0.00,0.33,"Image pack, Video, Related searches"
해피 소,Informational,2900,"0.81,1.00,0.81,0.81,0.67,0.67,0.67,0.67,0.67,0.67,0.67,0.67",21,0.00,0.33,"Video, Related searches"
궁합 테스트,Informational,2400,"1.00,0.67,0.81,0.67,0.81,0.44,0.36,0.36,0.36,0.36,0.53,0.44",15,0.38,0.06,"Reviews, Image pack, Video, Related searches"
방구석 연구소,Navigational,2400,"0.00,0.00,0.00,0.82,0.36,1.00,0.15,0.55,0.55,0.29,0.29,0.55",32,0.00,0.00,"Sitelinks, Image pack, Related searches"
불량 화소 테스트,"Informational, Transactional",2400,"0.83,0.83,1.00,1.00,1.00,0.83,0.83,0.66,0.66,0.66,0.66,0.66",10,0.00,0.33,"Image pack, Video, Video carousel, Short videos, Related searches"
타자 속도 테스트,Informational,2400,"0.81,0.67,1.00,0.54,0.44,0.54,0.24,0.19,0.24,0.30,0.35,0.30",14,0.00,0.33,"AI Overview, Reviews, Video, Related searches"
튜링 테스트,Informational,2400,"0.53,0.67,0.81,0.81,0.67,0.53,0.44,0.36,1.00,0.81,0.67,0.53",19,0.00,0.33,"AI Overview, Video, Video carousel, People also ask, Knowledge panel, Related searches"
게이 테스트,Informational,1900,"0.53,0.44,0.53,0.44,0.44,0.44,0.44,0.44,1.00,0.53,0.44,0.44",18,0.00,0.33,"Reviews, Image pack, Video, Video carousel, People also ask, Related searches"
공수 테스트,Informational,1900,"0.13,1.00,0.24,0.35,0.44,0.30,0.35,0.35,0.54,0.24,0.54,0.54",19,0.00,0.33,"Image pack, Video, Related searches"
메이플 스토리 테스트 서버,Navigational,1900,"1.00,0.67,0.53,0.44,0.28,0.44,0.36,0.16,0.28,0.20,0.13,0.81",24,0.00,0.33,"Sitelinks, Video, Related searches"
문해력 테스트,Informational,1900,"1.00,1.00,0.67,1.00,1.00,0.67,0.79,0.67,0.79,0.67,0.67,0.54",24,0.40,0.01,"AI Overview, Video, Related searches"
방어기 제 테스트,Informational,1900,"1.00,0.44,0.24,0.24,0.15,0.15,0.13,0.11,0.15,0.15,0.20,0.11",11,0.30,0.06,"Reviews, Image pack, Video, Related searches"
사랑 의 언어 테스트,Informational,1900,"0.83,0.66,0.55,0.55,0.55,1.00,0.83,0.83,0.66,0.66,0.66,0.55",10,0.29,0.04,"Reviews, Video carousel, Related searches"
성적 취향 테스트,Informational,1900,"0.79,1.00,0.67,0.79,0.79,0.79,1.00,1.00,1.00,0.79,0.79,0.79",10,0.01,0.08,"Image pack, Video, Related searches"
얼굴 형 테스트,Commercial,1900,"0.81,1.00,0.81,0.36,0.24,0.28,0.44,0.44,0.28,0.28,0.24,0.24",14,0.88,0.05,"Reviews, Video, Video carousel, Related searches"
엠비 티아이 테스트,Informational,1900,"0.83,1.00,1.00,0.66,0.55,0.83,0.66,0.66,0.45,0.66,0.55,0.83",30,0.07,0.25,"Reviews, Image pack, Video, Video carousel, Related searches"
재밌는 테스트,Informational,1900,"1.00,1.00,0.79,0.79,0.79,0.79,0.67,0.67,0.67,0.79,0.79,1.00",29,0.26,0.05,"Video, People also ask, Related searches"
찐따 테스트,Informational,1900,"0.36,1.00,0.66,0.43,0.30,0.30,0.30,0.30,0.36,0.36,0.30,0.23",19,0.00,0.33,
테스트 베드,Informational,1900,"0.79,0.67,0.79,0.67,1.00,0.79,0.79,0.79,1.00,1.00,0.79,0.79",14,0.00,0.33,"AI Overview, Video, People also ask"
퍼스널 컬러 테스트,Informational,1900,"0.67,1.00,0.53,0.36,0.28,0.28,0.24,0.24,0.24,0.24,0.24,0.28",14,0.29,0.02,"Image pack, Video, Video carousel, Related searches"
회피형 테스트,Commercial,1900,"1.00,1.00,1.00,0.66,0.83,0.83,0.55,0.83,0.55,0.45,0.55,0.45",18,0.03,0.25,"Image pack, Video, Video carousel, Related searches, Ads middle"
iq 테스트 무료,Commercial,1600,"1.00,0.81,0.53,0.36,0.24,0.28,0.24,0.24,0.36,0.28,0.24,0.13",34,0.12,0.51,"Sitelinks, AI Overview, Reviews, Video, Related searches, Ads top, Ads bottom"
nbti,Informational,1600,"0.84,0.84,0.84,0.84,0.84,1.00,1.00,0.84,1.00,1.00,1.00,0.84",10,0.03,0.15,"Video, Related searches"
게임 패드 테스트,Informational,1600,"0.81,0.81,1.00,1.00,1.00,1.00,1.00,1.00,1.00,0.81,1.00,1.00",23,0.00,0.33,"AI Overview, Reviews, Video, Related searches"
고음 주역 테스트,"Informational, Transactional",1600,"0.19,0.13,0.11,0.07,0.07,0.13,0.54,0.67,1.00,0.54,0.54,0.35",22,0.00,0.33,"Image pack, Video, Video carousel, Short videos, People also ask, Related searches"
기억력 테스트,Informational,1600,"1.00,0.79,0.67,0.54,0.67,0.67,0.54,0.42,0.54,0.54,0.67,0.54",19,0.35,0.06,"Reviews, Image pack, Video, Video carousel, Short videos, Related searches"
난시 테스트,Informational,1600,"0.84,1.00,0.84,1.00,0.84,0.84,1.00,0.84,1.00,0.84,0.53,0.53",22,0.78,0.03,"Sitelinks, Image, Image pack, Video, People also ask, Related searches"
동체 시력 테스트,Informational,1600,"0.45,0.34,0.34,0.34,0.55,0.55,0.45,0.55,0.66,0.66,1.00,1.00",19,0.46,0.33,"Image pack, Video, Video carousel, Related searches"
맞춤법 테스트,Informational,1600,"1.00,0.84,0.84,1.00,1.00,0.84,0.53,0.68,0.84,1.00,0.84,0.68",22,0.02,0.01,"Reviews, Image pack, Video, Video carousel, Related searches"
사춘기 테스트,Informational,1600,"1.00,1.00,0.84,0.84,0.68,0.68,0.68,0.68,0.84,0.84,0.84,0.84",17,0.97,0.01,"Image pack, Video, Related searches"
색감 테스트,Informational,1600,"0.36,0.36,0.28,0.28,0.28,0.28,1.00,0.44,0.53,0.44,0.53,0.44",13,0.00,0.33,"Image pack, Video, Video carousel, Related searches"
손가락 스피드 테스트,Informational,1600,"1.00,1.00,0.67,0.54,0.54,0.54,0.54,0.67,0.42,0.54,0.42,0.54",18,0.00,0.33,"Reviews, Image pack, Video, Video carousel, People also ask, Related searches"
아나운서 발음 테스트,Informational,1600,"1.00,0.84,0.84,0.84,0.84,1.00,0.84,0.84,1.00,1.00,0.84,1.00",26,0.58,0.03,"Image pack, Video, Related searches"
애정 결핍 테스트,Informational,1600,"0.84,1.00,0.84,0.84,0.68,0.68,0.68,0.68,0.68,0.53,0.53,0.46",9,0.06,0.03,"AI Overview, Image, Image pack, Video, Related searches"
얼굴상 테스트,Informational,1600,"1.00,1.00,0.54,0.37,0.37,0.54,0.67,0.54,0.42,0.42,0.67,0.54",13,0.00,0.33,"Reviews, Image pack, Video, Related searches"
외멍내멍 테스트,"Informational, Transactional",1600,"0.00,0.00,0.00,0.00,0.00,0.00,0.00,0.00,0.00,0.00,0.00,1.00",19,0.28,0.00,"AI Overview, Video"
전생 테스트,Informational,1600,"1.00,0.84,0.68,0.84,0.68,0.68,0.68,0.84,0.68,0.84,0.84,0.68",15,0.62,0.01,"Video, Related searches"
프로그래머 스 코딩 테스트,Navigational,1600,"1.00,0.84,1.00,0.84,0.68,0.53,0.68,0.53,0.84,0.84,0.68,0.68",20,0.28,0.32,"Sitelinks, Video, Related searches, Ads top, Ads middle"
호그와트 기숙사 테스트,Informational,1600,"0.84,1.00,1.00,0.68,0.53,1.00,0.68,0.53,0.38,0.38,0.53,0.53",14,0.00,0.33,"Image pack, Video, Related searches"
big 5,Informational,1300,"0.81,0.81,0.81,0.81,0.81,0.81,0.81,0.62,1.00,1.00,0.81,0.81",18,0.23,0.16,"AI Overview, Image, Image pack, Video, Video carousel, People also ask, Related searches"
eq 테스트,Informational,1300,"0.62,0.81,0.81,0.81,0.81,0.62,0.62,0.55,0.62,1.00,0.62,0.81",20,0.07,0.18,"Video, Related searches"
mbti 무료,Informational,1300,"0.68,0.84,0.84,1.00,0.84,0.84,0.68,0.46,0.53,0.68,0.46,0.53",25,0.09,0.21,"Video, Related searches"
mbti 성격 유형,Informational,1300,"0.53,0.46,0.53,0.68,0.84,1.00,0.84,0.68,1.00,1.00,0.84,0.68",30,0.05,0.04,"AI Overview, Image pack, Video, People also ask, Related searches"
mbti 종류,Informational,1300,"0.81,0.81,0.81,0.81,0.81,0.81,0.62,0.81,0.81,0.81,1.00,0.30",21,0.11,0.03,"AI Overview, Image, Image pack, Video, Related searches"
sm 테스트,Informational,1300,"0.84,1.00,0.68,0.68,0.68,0.68,0.84,0.68,0.53,0.53,0.53,0.53",22,0.01,0.05,Video
귀멸 의 칼날 호흡 테스트,Informational,1300,"0.13,0.45,1.00,0.83,0.55,0.55,0.45,0.30,0.25,0.20,0.20,0.13",13,0.00,0.33,"Image, Image pack, Video, Related searches"
멘사 테스트,Informational,1300,"1.00,0.84,0.68,0.68,0.53,0.68,0.68,0.53,0.68,0.68,0.68,0.68",21,0.33,0.31,"Reviews, Image pack, Video, Related searches"
모니터 불량 화소 테스트,Informational,1300,"0.62,0.81,0.81,0.55,0.81,0.62,0.81,0.81,0.81,0.81,1.00,1.00",15,0.00,0.33,"AI Overview, Video, Video carousel, Related searches"
모니터 수명 테스트,Informational,1300,"0.01,0.00,0.01,0.01,0.02,0.11,0.29,0.44,0.55,0.67,1.00,1.00",13,0.00,0.33,"Sitelinks, AI Overview, Video, Related searches"
무료 mbti,Commercial,1300,"0.81,0.81,0.81,1.00,1.00,1.00,0.81,0.62,0.81,0.81,0.81,1.00",28,0.09,0.27,"Reviews, Video, Related searches"
반사 신경 테스트,Informational,1300,"0.37,0.42,0.42,0.37,0.37,0.67,0.42,0.67,0.67,0.67,0.79,1.00",19,0.00,0.33,"Video, Related searches"
번 아웃 테스트,Informational,1300,"0.84,1.00,0.84,0.53,0.53,0.68,0.53,0.53,0.53,0.68,0.68,0.68",14,0.04,0.21,"Video, Video carousel, Related searches"
변태 테스트,Informational,1300,"1.00,0.84,0.68,0.53,0.53,0.68,0.68,0.53,0.53,0.53,0.68,0.53",14,0.00,0.33,"Reviews, Image pack, Video, Video carousel, Related searches"
분노 조절 장애 테스트,Informational,1300,"1.00,1.00,1.00,0.77,0.77,0.77,1.00,1.00,1.00,0.77,0.77,0.77",7,0.23,0.18,"Image pack, Video, People also ask, Related searches"
사이코 패스 테스트 문제,Informational,1300,"0.68,0.68,0.68,1.00,0.68,0.84,0.46,0.38,0.84,0.38,0.38,0.38",10,0.00,0.01,"Video, Related searches"
소리 테스트,"Informational, Transactional",1300,"0.19,0.16,0.19,0.16,0.19,0.16,0.16,0.13,1.00,0.30,0.24,0.24",18,0.00,0.33,"Reviews, Image pack, Video, Video carousel, People also ask, Related searches"
시력 테스트,Informational,1300,"0.81,0.81,0.81,1.00,1.00,1.00,1.00,1.00,0.30,0.24,0.30,0.13",9,0.35,0.07,"Reviews, Image, Image pack, Video, Related searches"
웹캠 테스트,Informational,1300,"1.00,1.00,1.00,0.81,0.81,0.62,0.62,0.55,1.00,1.00,0.81,0.81",23,0.00,0.33,"AI Overview, Video"
유니 테스트,"Informational, Navigational",1300,"0.54,0.37,0.79,0.67,0.54,0.30,0.54,1.00,0.79,0.67,0.79,0.42",19,0.00,0.33,"Sitelinks, AI Overview, Video, Video carousel, People also ask, Knowledge panel, Related searches"
유니 테스트 주가,Informational,1300,"0.42,0.37,0.79,0.54,0.37,0.25,0.42,1.00,1.00,0.79,1.00,0.79",18,0.00,0.33,"Instant answer, Video, People also ask, Knowledge panel, Related searches"
재밌는 사이트,Informational,1300,"0.84,0.53,0.68,0.53,0.68,0.68,0.53,0.46,0.84,1.00,1.00,1.00",9,0.50,0.33,"AI Overview, Image pack, Video, Video carousel, People also ask, Related searches"
절대 색감 테스트,Informational,1300,"0.42,0.37,0.42,0.42,0.30,0.37,0.54,0.54,1.00,0.79,1.00,0.79",10,0.00,0.33,"AI Overview, Image pack, Video, Video carousel, Related searches"
지능 테스트,Informational,1300,"0.84,0.68,0.68,0.68,0.68,0.84,0.68,0.53,0.53,0.68,0.68,1.00",30,0.12,0.25,"Reviews, Image pack, Video, Related searches"
짝사랑 테스트,Informational,1300,"1.00,0.68,0.84,0.68,0.46,0.53,0.46,0.31,0.46,0.68,0.68,0.68",14,0.29,0.05,"Reviews, Image pack, Video, Video carousel, People also ask, Related searches"
컨트롤러 테스트,Informational,1300,"1.00,0.77,0.77,1.00,1.00,1.00,1.00,1.00,0.77,0.77,1.00,1.00",23,1.48,0.01,"AI Overview, Reviews, Video, Related searches"
키보드 테스트 사이트,Informational,1300,"0.54,1.00,1.00,0.67,0.42,0.42,0.42,0.42,0.42,0.54,0.54,0.54",9,0.00,0.33,"AI Overview, Reviews, Image pack, Video, Related searches"
테스트 모음,Informational,1300,"1.00,1.00,0.68,0.68,0.68,0.53,0.53,0.53,0.46,0.53,0.53,0.53",28,0.07,0.02,"Image pack, Video, Related searches"
페이 커 반응 속도 테스트,Informational,1300,"1.00,1.00,0.81,0.81,0.81,0.81,0.81,0.81,0.81,0.55,0.55,0.45",15,0.00,0.33,"Reviews, Video, Video carousel, Short videos, Related searches"
8 체질 자가 진단 테스트,Informational,1000,"0.55,0.55,0.55,0.62,0.62,1.00,0.81,0.55,0.45,0.45,0.45,0.55",16,0.00,0.33,"Reviews, Video, Video carousel, Related searches"
ab 테스트,Informational,1000,"0.77,0.77,1.00,0.68,0.77,0.68,0.68,0.55,0.77,0.77,0.68,0.68",16,0.52,0.03,"AI Overview, Video, Video carousel, Related searches"
jinsso02,Informational,1000,"0.00,0.00,0.00,0.00,0.00,0.00,0.00,0.00,0.00,0.00,0.00,1.00",23,0.00,0.02,"AI Overview, Video"
ping 테스트,Informational,1000,"1.00,1.00,1.00,0.55,0.77,0.45,0.45,0.37,0.45,0.45,0.45,0.37",19,0.00,0.33,"Video, People also ask"
귀멸 의 칼날 테스트,Informational,1000,"0.09,0.24,1.00,0.67,0.44,0.28,0.28,0.20,0.13,0.13,0.11,0.09",11,0.00,0.33,"Image pack, Video, Related searches"
그래픽 카드 테스트,Informational,1000,"0.68,0.68,0.68,0.68,1.00,0.77,0.77,0.68,0.77,0.68,0.68,0.55",15,0.00,0.33,"AI Overview, Video, Video carousel, People also ask"
롤 포지션 테스트,Informational,1000,"0.06,0.05,0.06,0.05,0.09,0.06,1.00,0.11,0.07,0.06,0.11,0.06",15,0.00,0.33,"Image, Image pack, Video, Video carousel, Related searches"
매경 테스트 시험 일정,Informational,1000,"0.55,0.55,0.45,0.37,0.55,0.55,0.55,0.55,0.81,0.81,0.81,1.00",23,0.92,0.01,"AI Overview, Related searches"
메이플 테스트,Navigational,1000,"0.62,1.00,1.00,0.62,0.45,0.62,0.62,0.24,0.55,0.37,0.24,1.00",25,0.00,0.33,"Sitelinks, Video, Related searches"
메이플 테스트 월드,Navigational,1000,"0.42,0.67,1.00,0.54,0.25,0.42,0.37,0.13,0.37,0.20,0.13,0.67",26,0.00,0.33,"Sitelinks, Video, People also ask, Related searches"
성 정체성 테스트,Informational,1000,"0.30,0.30,0.30,0.42,1.00,0.54,0.37,0.30,0.30,0.25,0.25,0.30",11,0.00,0.33,"Video, Related searches"
성격 검사,Informational,1000,"0.81,0.62,0.62,0.62,0.62,0.81,0.62,0.55,0.81,1.00,1.00,0.81",21,0.14,0.15,"Image pack, Video, Video carousel, Related searches"
성향 검사,Informational,1000,"0.68,0.68,0.68,1.00,1.00,0.77,1.00,0.77,1.00,0.77,0.68,0.68",29,0.13,0.04,"Video, Related searches"
손목 터널 증후군 테스트,Informational,1000,"1.00,1.00,0.55,0.02,0.02,0.13,0.17,0.17,0.17,0.17,0.20,0.20",24,0.23,0.21,"AI Overview, Image, Image pack, Video, Video carousel, People also ask, Related searches"
어휘력 테스트,Informational,1000,"1.00,1.00,0.77,0.68,0.55,0.68,0.55,0.45,0.55,0.55,0.68,0.55",15,0.28,0.01,"Image pack, Video, Related searches"
연애 유형 테스트,Informational,1000,"0.45,0.45,0.55,0.62,0.55,0.62,0.81,0.81,0.81,0.81,1.00,0.16",12,0.55,0.07,"Image, Video, Related searches"
우울증 테스트 그림,Informational,1000,"1.00,0.77,1.00,0.77,0.77,0.68,0.68,0.77,0.68,0.68,0.68,0.68",15,1.24,0.08,"Sitelinks, Image, Image pack, Video, Related searches"
음란 마귀 테스트,Informational,1000,"0.77,0.77,1.00,0.77,0.77,0.77,0.77,0.68,0.55,0.68,0.68,0.55",15,0.00,0.33,"Image pack, Video, Video carousel, Related searches"
인성 검사 모의 테스트,Informational,1000,"0.62,0.55,0.55,1.00,1.00,0.37,0.55,0.45,0.55,0.62,0.62,0.45",15,0.59,0.15,"AI Overview, Video, Video carousel, Related searches"
자존감 테스트,Informational,1000,"0.24,0.28,0.24,0.20,1.00,0.16,0.16,0.20,0.20,0.24,0.20,0.16",10,0.03,0.08,"Video, Video carousel, Related searches"
재미있는 심리 테스트,Informational,1000,"1.00,0.77,0.68,0.77,0.77,0.77,0.77,0.68,0.68,0.77,0.77,0.77",21,0.32,0.06,"Image pack, Video, Video carousel, Related searches"
정신병 테스트,Informational,1000,"0.68,0.77,0.77,0.77,0.77,0.77,0.77,0.77,1.00,0.77,0.77,0.77",5,0.09,0.22,"Image pack, Video, Related searches"
첫인상 테스트,Informational,1000,"0.77,0.77,0.77,0.77,0.77,0.77,1.00,0.68,0.68,0.77,0.55,0.45",10,0.00,0.33,"Image pack, Video, Related searches"
치매 테스트,Informational,1000,"0.45,0.55,1.00,0.81,0.62,1.00,0.55,0.55,0.55,0.55,0.55,0.62",18,0.16,0.20,"Image, Image pack, Video, Video carousel, Related searches"
쿨톤 웜톤 테스트,Informational,1000,"0.77,0.77,0.77,1.00,1.00,1.00,0.77,0.77,0.77,0.68,0.68,1.00",14,0.08,0.12,"Image pack, Video, Video carousel, Related searches"
프린터 테스트 이미지,Informational,1000,"0.77,0.77,0.77,0.68,0.68,0.68,1.00,0.77,0.77,0.68,0.77,0.20",3,0.00,0.33,"Image pack, Video, Related searches"
해리포터 테스트,Informational,1000,"0.81,0.81,0.62,0.62,0.62,1.00,0.81,0.62,0.55,0.55,0.55,0.55",11,0.00,0.33,"Image pack, Video, Related searches"
fishbowl 테스트,Informational,880,"0.88,1.00,0.72,0.88,0.48,0.39,0.59,0.48,0.88,0.59,0.48,0.59",15,0.47,0.02,"Image pack, Video, Related searches"
mpti,Informational,880,"0.88,0.88,0.88,0.88,0.88,1.00,0.88,0.59,1.00,0.88,0.88,0.72",31,0.07,0.24,"Reviews, Image pack, Video, People also ask, Related searches, Ads bottom"
sbti 테스트,"Informational, Commercial",880,"0.00,0.00,0.00,0.00,0.00,0.00,0.00,0.00,0.00,1.00,0.30,0.04",13,0.02,0.14,"Reviews, Video, Related searches, Ads bottom"
강박증 테스트,Informational,880,"0.88,1.00,1.00,0.88,1.00,0.88,0.88,0.88,0.88,0.88,1.00,1.00",10,0.55,0.22,"Image pack, Video, People also ask, Related searches"
고음 주역 테스트 가사,Informational,880,"0.25,0.20,0.13,0.11,0.09,0.16,0.79,1.00,1.00,0.67,0.67,0.42",22,0.00,0.33,"Video, Video carousel, Related searches"
공간 지각 능력 테스트,Informational,880,"0.88,0.88,0.88,0.88,1.00,0.88,0.72,0.72,0.88,1.00,1.00,0.88",15,0.21,0.02,"AI Overview, Reviews, Image pack, Video, Video carousel, People also ask, Related searches"
난독증 테스트 문장,Informational,880,"0.88,0.88,0.88,0.88,0.88,1.00,1.00,0.88,0.88,1.00,0.88,0.88",15,0.00,0.33,"Reviews, Image pack, Video, Related searches"
남자 강직도 테스트,Informational,880,"1.00,0.88,0.72,0.88,0.88,0.72,0.88,0.72,0.88,0.72,0.72,0.59",11,0.44,0.10,"AI Overview, Image pack, Video, Related searches"
대인 기피증 테스트,Informational,880,"0.77,1.00,0.77,0.55,0.37,0.45,0.55,0.55,0.68,0.55,0.77,0.77",8,0.09,0.07,"Video, Related searches"
무의식 심리 테스트,Informational,880,"0.88,0.88,0.72,1.00,0.88,1.00,0.88,0.72,0.72,0.72,0.72,0.72",21,0.56,0.04,"Image, Image pack, Video, Video carousel, Related searches"
번인 테스트,Informational,880,"0.68,0.68,0.77,0.68,0.55,0.55,0.77,0.77,1.00,0.77,1.00,1.00",14,0.00,0.33,"Image pack, Video, Related searches"
베타 테스트,Informational,880,"0.88,0.88,0.88,0.72,0.88,0.72,0.72,0.72,1.00,1.00,0.88,0.88",27,0.00,0.33,"AI Overview, Image pack, Video, People also ask, Related searches"
빅 5,Informational,880,"0.72,0.72,0.88,0.88,0.72,1.00,1.00,0.72,0.88,0.88,0.88,0.72",26,0.23,0.01,"Image, Image pack, Video, Video carousel, People also ask, Related searches"
사이코 테스트,Informational,880,"0.68,0.45,0.55,0.55,0.77,0.68,0.68,0.68,0.55,0.68,0.68,1.00",25,0.01,0.13,"Reviews, Video, Video carousel, Related searches"
성인 애착 유형 테스트,Informational,880,"0.37,0.45,0.45,0.45,0.55,0.55,0.62,0.45,0.45,1.00,0.62,0.62",20,0.01,0.09,"AI Overview, Video, Related searches"
성향 자 테스트,Informational,880,"0.11,0.14,0.09,0.17,0.53,0.68,1.00,0.53,1.00,0.38,0.53,0.68",25,0.15,0.05,"Video, People also ask, Related searches"
싸이코 테스트,Informational,880,"0.68,0.45,0.55,0.55,0.77,0.68,0.68,0.68,0.55,0.68,0.68,1.00",15,0.01,0.13,"Reviews, Image pack, Video, Video carousel, People also ask, Related searches"
싸패 테스트,Informational,880,"0.55,0.68,1.00,0.68,0.55,0.68,0.68,0.77,0.68,0.68,0.68,1.00",12,0.01,0.10,"Reviews, Image pack, Video, Video carousel, Related searches"
에임 테스트,Informational,880,"1.00,1.00,1.00,1.00,0.88,0.88,0.88,0.88,0.72,0.88,0.88,0.72",14,0.00,0.33,"Reviews, Video, Video carousel, Related searches"
연애 심리 테스트,Informational,880,"1.00,0.88,0.72,0.88,0.88,0.88,1.00,0.72,0.88,0.88,0.88,0.88",21,0.57,0.12,"Image pack, Video, Video carousel, Related searches"
인터넷 핑 테스트,Informational,880,"1.00,0.88,0.72,0.72,0.88,0.88,0.88,1.00,0.88,0.72,0.72,0.72",27,0.00,0.33,"AI Overview, Reviews, Video, Video carousel, Related searches"
자폐 테스트,Informational,880,"0.05,0.05,0.07,0.23,0.16,1.00,0.13,0.16,0.13,0.16,0.09,0.09",11,0.08,0.04,"Image pack, Video, People also ask, Related searches"
잘 생김 테스트,Informational,880,"1.00,0.77,0.77,0.68,0.55,0.55,0.68,0.55,0.55,0.55,0.68,0.45",8,0.00,0.33,"Reviews, Video, Related searches"
정규식 테스트,"Informational, Transactional",880,"1.00,0.88,0.88,0.72,0.72,0.72,0.59,0.39,0.59,0.39,0.32,0.32",8,0.00,0.33,"Video, Related searches"
조현 병 테스트,Informational,880,"0.88,1.00,0.72,0.88,0.72,0.72,0.72,0.59,1.00,0.72,0.72,0.72",6,0.15,0.03,"Video, People also ask, Related searches"
청력 테스트,Informational,880,"0.30,0.30,0.30,0.30,0.25,0.30,0.30,0.30,1.00,0.09,0.09,0.09",23,0.45,0.11,"Image pack, Video, Video carousel, Related searches"
카메라 테스트,Informational,880,"1.00,0.88,1.00,1.00,0.88,0.72,0.88,0.72,0.88,1.00,1.00,0.88",25,0.00,0.33,"Reviews, Image pack, Video, Related searches"
컴퓨터 성능 테스트,Informational,880,"1.00,1.00,0.77,0.55,0.68,0.55,0.68,0.55,0.55,0.55,0.45,0.45",15,0.00,0.33,"AI Overview, Video, Video carousel, Related searches"
타임스 mbti,Informational,880,"0.00,0.00,0.00,0.00,0.00,0.00,0.00,0.00,0.00,0.00,0.00,1.00",14,0.00,0.00,"AI Overview, Reviews, Video"
태양인 태음인 소양인 소음인 테스트,Informational,880,"0.82,1.00,0.67,1.00,0.82,0.82,0.82,0.67,1.00,0.82,0.67,0.67",10,0.00,0.33,"Image pack, Video, Video carousel, People also ask"
히라가나 테스트,"Informational, Transactional",880,"0.31,0.38,0.31,0.38,0.38,0.46,0.46,0.38,1.00,1.00,0.46,0.68",10,0.22,0.01,"Reviews, Image pack, Video, Video carousel, People also ask, Related searches"
19 금 테스트,Informational,720,"1.00,0.82,1.00,0.82,0.82,0.82,1.00,0.82,0.67,0.67,0.82,0.67",12,0.00,0.01,"Image pack, Video, Related searches"
mbti 정식 검사,Informational,720,"1.00,0.72,0.72,0.72,0.48,0.72,0.72,0.59,0.59,0.72,0.72,0.72",25,0.27,0.31,"AI Overview, Reviews, Image pack, Video, Video carousel, Related searches"
sm 성향 테스트,Informational,720,"1.00,1.00,1.00,0.82,0.82,1.00,1.00,0.82,1.00,0.82,0.82,0.67",24,0.01,0.06,"People also ask, Related searches"
ㅂㅁㄱ,Informational,720,"0.06,0.14,0.06,0.07,0.07,0.21,0.38,0.68,0.68,0.84,1.00,1.00",18,0.00,0.33,"AI Overview, Video, Related searches"
갤럭시 번인 테스트,Informational,720,"0.05,0.05,0.06,0.05,0.05,0.13,0.24,0.44,0.44,0.67,0.81,1.00",25,0.00,0.33,"AI Overview, Image pack, Video, Related searches"
경계선 지능 테스트,Informational,720,"0.59,0.72,0.72,0.72,0.48,0.88,0.88,0.72,1.00,1.00,1.00,1.00",27,0.14,0.39,"Image, Image pack, Video, People also ask, Related searches, Ads top, Ads middle"
데레 테스트,Informational,720,"0.11,0.16,0.09,0.45,1.00,1.00,0.81,0.62,0.45,0.45,0.62,0.62",20,0.00,0.33,"Image pack, Video, Related searches"
로르 샤흐 테스트,Informational,720,"1.00,0.82,0.82,0.82,0.82,0.82,0.82,0.67,1.00,0.82,0.82,0.67",18,0.00,0.33,"Image, Image pack, Video, Related searches"
마우스 클릭 테스트,Informational,720,"0.82,0.82,1.00,1.00,1.00,0.55,0.67,0.67,0.67,0.67,0.67,0.67",16,2.87,0.01,"Video, People also ask, Related searches"
방구석,Informational,720,"0.45,0.45,0.45,0.37,0.37,0.37,0.45,0.37,0.62,0.45,0.45,1.00",31,0.00,0.23,"Image pack, Video, People also ask, Related searches"
백준 코딩 테스트,"Informational, Transactional",720,"0.72,0.59,0.72,0.59,0.59,0.48,0.59,0.59,1.00,0.72,0.39,0.26",12,0.55,0.10,"Video, Video carousel, People also ask, Related searches"
비슷한 사이트,Informational,720,"1.00,0.82,1.00,1.00,1.00,1.00,0.82,0.82,0.82,0.82,1.00,1.00",18,2.49,0.33,"Video, Related searches"
빅 파이브,Informational,720,"0.67,0.67,0.67,0.82,1.00,0.82,0.82,0.55,1.00,1.00,1.00,0.82",22,0.16,0.02,"Image pack, Video, Video carousel, Related searches"
빛샘 현상 테스트,Informational,720,"0.00,0.01,0.00,0.00,0.01,0.09,0.30,0.45,0.55,0.66,1.00,1.00",15,0.00,0.33,"Video, People also ask, Related searches"
사랑 테스트,Informational,720,"0.55,0.55,0.55,0.45,0.45,0.55,0.68,0.68,0.55,0.55,0.45,1.00",12,0.11,0.19,"Image pack, Video, Video carousel, Related searches"
사상 체질 테스트,Informational,720,"0.82,1.00,0.82,1.00,0.82,0.82,0.82,0.67,0.82,0.67,0.82,0.67",12,0.55,0.01,"Image pack, Video, Related searches"
성 성향 심리 테스트,Informational,720,"1.00,0.88,1.00,0.32,0.01,1.00,0.72,0.59,0.59,0.32,0.72,0.88",18,0.25,0.03,"Image pack, Video, Related searches"
성격 유형,Informational,720,"0.82,0.82,0.82,0.82,0.82,1.00,0.82,0.67,1.00,1.00,1.00,0.82",29,0.05,0.04,"AI Overview, Image pack, Video, Video carousel, People also ask, Related searches"
성적 성향 테스트,Informational,720,"0.82,0.67,0.67,1.00,0.82,0.82,1.00,0.82,0.82,0.82,0.67,0.67",17,0.01,0.07,"Video, Related searches"
스피커 테스트,"Informational, Transactional",720,"0.67,0.67,0.82,0.55,0.67,0.67,0.67,1.00,1.00,1.00,0.82,0.82",15,0.00,0.33,"Video, Video carousel, Short videos, Related searches"
심리 테스트 연애,Informational,720,"0.82,0.82,0.67,0.67,0.67,0.67,0.82,0.67,0.82,1.00,0.82,1.00",12,0.62,0.09,"Image pack, Video"
아이폰 디스플레이 테스트,Informational,720,"0.00,0.01,0.02,0.02,0.02,0.11,0.30,0.44,0.54,0.67,1.00,1.00",25,0.00,0.33,"AI Overview, Video, Video carousel, Short videos, Related searches"
아이폰 번인 테스트,Informational,720,"0.02,0.02,0.03,0.02,0.03,0.11,0.23,0.43,0.43,0.66,1.00,1.00",14,0.00,0.33,"Sitelinks, AI Overview, Image pack, Video, Video carousel, Related searches"
얼굴 나이 테스트,Informational,720,"0.82,0.67,1.00,0.67,0.67,0.82,1.00,0.67,0.67,0.44,0.67,0.82",18,0.25,0.02,"Reviews, Video, People also ask, Related searches"
에고 그램 테스트,Navigational,720,"0.59,0.72,0.72,0.59,1.00,1.00,0.88,0.72,0.72,0.72,0.72,0.72",23,0.28,0.02,"Sitelinks, Image pack, Video, Related searches"
연애 성향 테스트,Informational,720,"0.82,0.82,0.82,1.00,0.82,0.82,1.00,1.00,0.82,0.82,0.82,0.82",18,0.30,0.11,"Reviews, Image pack, Video, Related searches"
일본어 발음 테스트,Informational,720,"0.37,0.30,0.30,0.30,0.45,1.00,0.77,0.68,0.68,0.68,0.68,0.77",15,0.37,0.02,"Image pack, Video, Video carousel, Related searches"
자살 가능성 테스트,Informational,720,"0.00,0.81,0.45,0.81,0.62,0.00,0.00,1.00,0.37,0.00,0.37,0.81",9,0.00,0.00,"AI Overview, Video, Related searches"
재미있는 사이트,Informational,720,"0.55,0.45,0.68,0.37,0.45,0.45,0.30,0.30,0.68,0.77,0.77,1.00",17,0.00,0.33,"Sitelinks, AI Overview, Video, Related searches, Ads top, Ads middle"
정확한 사이코 패스 테스트,Informational,720,"0.82,0.82,0.67,1.00,0.82,0.67,0.67,0.67,1.00,0.67,0.82,0.67",10,0.09,0.01,"Reviews, Video, Video carousel, Related searches"
캐릭터 테스트,Informational,720,"1.00,0.82,0.67,0.67,0.82,0.82,0.82,0.82,0.55,0.67,0.67,0.67",14,0.46,0.01,"Reviews, Image, Image pack, Video, Video carousel, Related searches"
커플 테스트,Informational,720,"1.00,1.00,0.67,0.82,1.00,1.00,0.82,0.82,0.82,0.82,1.00,0.82",12,0.64,0.05,"Reviews, Image, Video, Related searches"
코딩 테스트 준비,Informational,720,"1.00,0.82,1.00,0.82,0.67,0.67,0.82,0.44,0.82,0.55,0.44,0.44",14,0.85,0.47,"Sitelinks, Video, Related searches"
키 입력 테스트,Informational,720,"1.00,0.88,0.72,0.59,0.59,0.72,0.72,0.72,0.72,0.72,0.88,0.88",13,0.00,0.33,"Reviews, Video, People also ask, Related searches"
키보드 동시 입력 테스트,Informational,720,"1.00,0.88,0.88,1.00,0.88,0.72,0.72,0.59,0.48,0.59,0.59,0.72",11,0.00,0.33,"Video, Related searches"
타자 테스트,Informational,720,"0.72,0.59,0.72,0.88,1.00,1.00,0.72,0.59,1.00,0.72,0.72,0.59",19,0.00,0.33,"Reviews, Video, People also ask, Related searches"
테스트 월드,Navigational,720,"0.55,1.00,0.68,0.55,0.30,0.68,0.45,0.25,0.45,0.30,0.20,1.00",24,0.00,0.33,"Sitelinks, Reviews, Video, Related searches"
테스트 이미지,Informational,720,"0.82,0.82,0.82,0.67,0.82,0.82,0.82,0.67,0.82,0.82,1.00,0.82",25,0.00,0.33,"Image, Image pack, Related searches"
테스트 하로,Navigational,720,"1.00,1.00,1.00,1.00,0.82,0.55,0.55,0.44,0.82,1.00,0.67,0.67",23,0.36,0.02,"Sitelinks, Video, Related searches"
프린터 테스트,Informational,720,"0.82,0.82,1.00,0.82,1.00,1.00,1.00,1.00,1.00,1.00,1.00,1.00",9,0.00,0.33,"AI Overview, Image pack, Video, Video carousel, Related searches"
화면 테스트,Navigational,720,"0.67,0.82,0.82,0.67,0.67,0.67,0.82,0.82,1.00,0.82,0.82,0.82",19,0.00,0.33,"Sitelinks, Image pack, Video, Video carousel, Related searches"
e2e 테스트,Informational,590,"0.67,0.67,0.67,0.55,0.82,0.67,0.82,0.82,1.00,1.00,1.00,1.00",14,12.65,0.03,"AI Overview, Video, Video carousel, People also ask, Related searches"
mbti test korean,Informational,590,"1.00,0.82,0.82,0.82,0.55,0.55,0.55,0.44,0.55,0.44,0.36,0.36",28,0.19,0.53,"Reviews, Video, Related searches"
mbti тест,Informational,590,"1.00,0.82,0.82,0.67,0.67,0.67,0.82,0.67,0.82,0.82,0.67,0.54",23,0.16,0.22,"Image pack, Video, People also ask, Related searches"
mdti,Informational,590,"1.00,1.00,0.81,0.81,1.00,1.00,0.81,0.66,1.00,1.00,1.00,0.66",27,0.03,0.09,"Image, Image pack, Video, Video carousel, Related searches"
occt 테스트,Informational,590,"1.00,1.00,1.00,0.67,0.82,0.82,0.67,0.67,0.54,0.54,0.54,0.54",19,0.00,0.33,"AI Overview, Reviews, Video, Video carousel, Related searches"
공감 능력 테스트,Informational,590,"0.82,1.00,0.82,0.67,0.55,0.67,0.55,0.55,0.67,0.67,0.67,0.82",15,0.13,0.03,"Video, Related searches"
그래픽 카드 성능 테스트,Informational,590,"0.67,0.82,0.82,0.82,1.00,1.00,1.00,0.67,0.82,0.67,0.54,0.54",15,0.00,0.33,"Video, Video carousel, People also ask, Related searches"
그림 심리 테스트,Informational,590,"1.00,1.00,0.82,1.00,0.82,0.82,0.82,0.82,0.82,0.82,0.67,0.82",12,0.00,0.33,"Image pack, Video, Video carousel"
단위 테스트,Informational,590,"1.00,0.82,0.82,0.67,0.67,0.54,0.67,0.54,0.67,0.67,0.67,0.54",23,0.00,0.33,"AI Overview, Video, Knowledge panel, Related searches"
대통령 테스트,Informational,590,"0.38,0.11,0.14,0.07,0.09,0.17,0.38,0.46,0.68,0.84,0.84,1.00",11,0.00,0.33,"Image pack, Video, Related searches"
도화살 테스트,Informational,590,"0.82,0.82,0.67,0.67,0.67,0.82,1.00,1.00,0.82,0.82,0.82,1.00",16,0.10,0.17,"Video, People also ask, Related searches"
램 테스트,Informational,590,"0.67,0.82,0.67,0.82,1.00,1.00,1.00,0.82,0.82,0.67,0.67,0.67",23,0.00,0.01,"AI Overview, Video, Video carousel, Related searches"
마이크 테스트 사이트,Informational,590,"0.55,0.55,0.45,0.68,0.20,0.37,0.45,0.37,0.68,0.77,1.00,0.77",11,0.00,0.33,"Video, Related searches"
맹점 테스트,Informational,590,"0.05,0.04,0.07,0.06,0.07,0.14,0.31,0.46,0.53,0.68,1.00,1.00",26,0.00,0.33,"AI Overview, Image pack, Video, Video carousel, Related searches"
모니터 무결점 테스트,Navigational,590,"0.67,0.67,0.67,0.44,0.67,0.55,0.82,0.67,1.00,0.82,0.82,0.82",6,0.00,0.33,"Video, Video carousel, Related searches"
모니터 테스트 사이트,Navigational,590,"0.21,0.39,0.48,0.59,0.59,0.72,0.59,0.59,1.00,0.72,0.88,0.72",11,0.00,0.33,"Sitelinks, Video, Related searches"
무료 성격 유형 검사,Informational,590,"0.48,0.48,0.48,0.48,0.48,0.59,0.59,0.48,0.88,1.00,0.72,0.59",31,0.18,0.05,"Video, Related searches"
봉봉 테스트,Navigational,590,"1.00,0.67,0.55,0.67,0.44,0.44,0.44,0.36,0.44,0.36,0.44,0.55",26,0.00,0.33,"Sitelinks, Video, Related searches"
불면증 테스트,Informational,590,"0.67,0.67,1.00,0.82,0.67,0.67,0.55,0.67,0.55,0.82,0.55,0.67",15,0.38,0.12,"Image pack, Video, Video carousel, People also ask, Related searches"
사시 테스트,Informational,590,"0.82,1.00,0.82,0.82,0.67,0.67,0.67,0.67,0.54,0.67,0.54,0.54",18,0.45,0.03,"Image, Image pack, Video, Video carousel, Short videos, People also ask, Related searches"
사운드 테스트,"Informational, Transactional",590,"0.30,0.30,0.30,0.37,0.45,0.30,0.30,0.24,1.00,0.37,0.37,0.55",16,0.00,0.33,"Reviews, Video, Video carousel, People also ask, Related searches"
상식 테스트,Informational,590,"1.00,1.00,0.67,0.82,0.67,0.82,0.82,0.67,0.67,0.82,0.82,1.00",26,0.00,0.33,"Video, Video carousel, Related searches"
색깔 테스트,Informational,590,"0.82,0.67,0.55,0.55,0.55,0.67,0.67,0.67,0.82,1.00,1.00,0.82",15,0.00,0.33,"Image pack, Video, Video carousel, Related searches"
성 취향 테스트,Informational,590,"1.00,1.00,0.67,0.44,0.55,0.67,0.82,0.67,0.67,0.55,0.55,0.55",18,0.15,0.06,"Image pack, Video"
성욕 테스트,Informational,590,"0.82,0.82,0.82,0.82,0.67,1.00,0.82,0.82,0.67,0.67,0.54,0.67",12,0.00,0.33,"Image pack, Video, Video carousel, Related searches"
스마일 증후군 테스트,Informational,590,"1.00,1.00,1.00,0.67,1.00,1.00,0.54,0.82,0.82,0.54,0.54,0.54",12,0.09,0.12,"Image pack, People also ask, Related searches"
스마트 폰 중독 테스트,Informational,590,"0.44,0.44,1.00,0.55,0.44,0.44,0.36,0.44,0.55,0.82,0.82,1.00",10,0.00,0.33,"Video, Related searches"
씹덕 테스트,Informational,590,"0.82,0.82,0.67,1.00,0.82,0.82,0.67,0.67,0.54,0.54,0.67,0.44",11,0.00,0.33,Related searches
아스퍼거 증후군 테스트,Informational,590,"0.82,0.82,0.82,0.44,0.06,0.55,1.00,0.55,0.82,1.00,0.82,0.55",23,0.02,0.05,"Image pack, Video, People also ask, Related searches"
얀 데레 테스트,"Informational, Transactional",590,"0.25,0.25,0.20,0.25,0.55,0.68,0.68,0.68,0.68,0.68,0.77,1.00",24,0.00,0.33,"Sitelinks, Image pack, Video, Related searches"
양성애 테스트,Informational,590,"1.00,1.00,1.00,0.82,0.54,0.54,0.67,0.67,0.67,0.67,0.54,0.54",23,0.00,0.33,"Image pack, Video, Related searches"
얼굴 동물 상 테스트,Informational,590,"0.67,0.82,0.67,1.00,0.67,0.67,0.82,0.67,0.54,0.67,0.67,0.82",15,0.00,0.33,"Image pack, Video, Related searches"
연타 테스트,Informational,590,"1.00,1.00,1.00,0.82,0.82,0.82,0.67,0.55,0.44,0.55,0.55,0.67",15,0.00,0.33,"Reviews, Related searches"
웜톤 쿨톤 테스트,Informational,590,"0.25,0.30,0.25,0.30,0.37,0.37,0.55,0.68,0.77,0.77,1.00,1.00",7,0.73,0.01,"Image pack, Video, Video carousel, Related searches"
인권 감수성 테스트,Informational,590,"0.06,0.68,1.00,0.53,0.25,0.07,0.03,0.02,0.46,0.17,0.11,0.06",10,0.00,0.33,"Image pack, Video, Related searches"
자기 혐오 테스트,Informational,590,"1.00,1.00,1.00,0.81,0.81,0.81,0.81,0.66,0.81,0.81,0.81,0.81",15,0.05,0.16,"Video, People also ask, Related searches"
적록 색약 테스트,"Informational, Transactional",590,"0.67,0.67,0.82,0.67,0.82,0.82,0.67,1.00,1.00,0.82,1.00,1.00",12,0.00,0.33,"Reviews, Image, Image pack, Video, Related searches"
조울증 테스트,Informational,590,"1.00,0.82,0.82,0.82,0.67,0.67,0.82,1.00,1.00,0.82,0.82,1.00",18,0.41,0.02,"AI Overview, Video, Video carousel, Related searches, Ads top, Ads middle"
주사율 테스트,Informational,590,"1.00,1.00,1.00,0.81,0.66,0.81,1.00,1.00,1.00,0.81,0.81,0.81",15,0.00,0.33,"Video, Related searches"
착한 아이 증후군 테스트,Informational,590,"1.00,1.00,1.00,0.81,0.81,0.81,0.81,0.81,0.66,0.81,0.81,0.81",6,0.26,0.02,"Image pack, Video, Related searches"
취향 테스트,Informational,590,"0.82,1.00,0.82,0.82,0.82,0.82,1.00,0.82,0.82,0.82,0.82,0.82",12,0.05,0.02,"Image pack, Video, Related searches"
치매 테스트 문제,Informational,590,"0.67,0.67,0.67,0.67,0.54,1.00,0.82,0.67,1.00,1.00,1.00,1.00",14,0.42,0.19,"Image pack, Video, Video carousel, People also ask, Related searches"
카페 음료 테스트,Informational,590,"0.00,0.00,0.00,0.00,0.00,0.00,0.00,0.00,0.00,0.00,0.00,1.00",12,0.71,0.00,Video
키보드 테스트 프로그램,Informational,590,"0.39,0.48,0.88,1.00,1.00,0.59,0.59,0.72,0.59,0.48,0.59,0.48",10,0.00,0.33,"AI Overview, Video, Related searches"
테스트 드라이브,Informational,590,"0.82,0.82,0.82,0.82,0.82,1.00,1.00,0.82,0.82,0.67,0.82,0.82",28,0.56,0.02,"Image pack, Video, People also ask, Related searches"
테스트 로 테론,Informational,590,"1.00,1.00,0.82,0.82,0.55,0.44,0.55,0.55,0.44,0.44,0.55,0.44",29,0.00,0.01,"AI Overview, Reviews, Image, Image pack, Video, People also ask, Related searches"
테스트 플라이트,Informational,590,"0.37,0.30,0.30,0.30,0.30,0.37,0.45,0.55,0.68,0.68,0.77,1.00",27,0.00,0.33,"AI Overview, Image pack, Video, People also ask, Related searches"
텟,Informational,590,"0.82,0.67,0.82,0.82,0.67,0.82,1.00,0.67,0.67,0.82,0.82,0.82",22,0.00,0.33,"Image pack, Video"
파일럿 테스트,Informational,590,"1.00,0.81,1.00,1.00,1.00,0.81,1.00,0.66,0.81,1.00,0.81,1.00",17,0.00,0.33,"AI Overview, Video, People also ask, Knowledge panel, Related searches"
피부 타입 테스트,Informational,590,"0.48,0.59,0.48,0.88,0.72,0.72,0.72,0.88,0.72,0.72,1.00,0.59",7,0.78,0.09,"Image, Video, Video carousel, Short videos, Related searches"
하크 니스 테스트,Informational,590,"0.82,0.55,0.67,1.00,0.67,0.67,0.67,0.55,0.67,0.67,0.55,0.44",23,0.00,0.33,"Image pack, Related searches"
해리포터 지팡이 테스트,Informational,590,"0.82,0.82,0.67,0.67,0.67,1.00,0.82,0.67,0.55,0.55,0.67,0.67",18,0.00,0.33,"Image pack, Video, Related searches"
환 공포증 테스트,Informational,590,"0.82,0.82,1.00,0.82,0.67,0.55,0.55,0.44,0.55,0.82,0.82,0.82",17,0.00,0.33,"Image pack, Video, Related searches"
황반변 성 테스트,Informational,590,"0.82,0.82,0.82,0.82,0.67,0.67,0.67,0.67,0.82,1.00,1.00,0.82",16,0.32,0.06,"AI Overview, Image, Image pack, Video, Video carousel, Short videos, People also ask, Related searches"
회피 성 성격 장애 테스트,Informational,590,"1.00,1.00,1.00,1.00,1.00,1.00,1.00,1.00,0.81,1.00,0.81,0.66",9,1.69,0.15,"Reviews, Video, Related searches"
5 가지 사랑 의 언어 테스트,Informational,480,"0.81,0.66,0.81,1.00,0.81,0.81,0.66,0.66,0.66,0.66,1.00,0.54",8,0.23,0.03,"Reviews, Image pack, Video, Related searches"
big5 검사,Commercial,480,"0.67,0.82,1.00,0.67,0.67,0.54,0.82,0.44,0.54,0.82,0.36,0.29",19,0.27,0.24,"Image pack, Video, Related searches"
d&d 성향 테스트,Informational,480,"1.00,1.00,1.00,0.81,0.66,0.81,0.81,0.66,0.66,0.66,0.66,0.54",16,0.00,0.33,"Reviews, Image pack, Video, Related searches"
idrlabs,Navigational,480,"0.25,0.17,0.14,0.14,0.21,0.21,0.25,0.17,0.21,0.21,0.17,1.00",26,0.00,0.33,"Video, Related searches"
mbti i,Informational,480,"1.00,0.81,0.81,0.81,0.81,0.81,0.81,0.66,1.00,1.00,0.81,0.81",19,0.00,0.01,"AI Overview, Image pack, Video, Video carousel, People also ask, Related searches"
mbti 성격,Informational,480,"0.67,0.54,0.54,0.54,0.54,1.00,0.67,0.54,0.67,0.67,0.54,0.44",24,0.09,0.07,"Image pack, Video, Video carousel, Related searches"
간단한 치매 테스트,Informational,480,"0.81,0.66,0.81,0.81,0.54,1.00,0.81,0.54,0.81,0.66,1.00,0.81",14,0.51,0.16,"AI Overview, Image pack, Video, Video carousel, Related searches"
갱년기 테스트,Informational,480,"0.09,0.11,0.11,0.09,0.07,1.00,0.81,0.13,0.24,0.55,0.30,0.16",14,0.40,0.16,"Image, Image pack, Video, People also ask, Related searches"
게임 중독 테스트,Informational,480,"0.66,0.81,1.00,1.00,1.00,0.66,0.66,0.81,0.66,1.00,1.00,1.00",8,0.00,0.33,"Image, Image pack, Video, Video carousel, Related searches"
경계 성 인격 장애 테스트,Informational,480,"1.00,0.59,0.59,0.39,0.48,0.39,0.39,0.39,0.32,0.32,0.32,0.32",15,0.62,0.17,"Video, Related searches"
공황 장애 테스트,Informational,480,"0.81,0.81,0.81,0.81,1.00,0.81,0.81,0.81,0.81,0.66,0.54,0.66",10,0.16,0.23,"Video, Video carousel, Short videos, People also ask, Related searches"
금붕어 테스트,Informational,480,"0.55,0.55,0.44,0.44,0.55,0.55,0.55,0.67,0.67,1.00,0.67,0.67",19,0.00,0.33,"Image pack, Video, Related searches"
난독증 테스트,Informational,480,"0.66,0.81,0.66,0.81,1.00,1.00,0.81,0.81,0.66,0.81,0.81,0.66",4,0.00,0.01,"Image pack, Video, Video carousel, Related searches"
동물 테스트,Informational,480,"0.81,1.00,1.00,0.81,1.00,1.00,1.00,0.81,0.81,0.81,1.00,1.00",12,0.00,0.33,Video
라벨 스티커 테스트,Informational,480,"0.00,0.00,0.00,0.00,0.00,0.00,0.00,0.00,0.00,0.00,0.00,1.00",13,0.27,0.19,"Image, Video, Related searches"
망상 장애 테스트,Informational,480,"0.81,0.81,0.81,0.81,0.81,0.81,1.00,0.81,0.66,0.81,0.81,0.81",17,4.04,0.06,"AI Overview, Image pack, Video, People also ask, Related searches"
매경 테스트 기출 문제,Informational,480,"0.59,0.39,0.59,0.21,0.59,0.39,0.48,0.59,0.72,0.88,1.00,1.00",18,0.60,0.05,"AI Overview, Video, Video carousel"
메모리 테스트,Informational,480,"0.81,0.81,0.81,0.81,1.00,1.00,1.00,0.81,0.81,0.81,0.66,0.66",10,0.00,0.33,"AI Overview, Video, Related searches"
메이플 스토리 테스트 월드,Navigational,480,"0.39,0.72,1.00,0.48,0.26,0.48,0.39,0.17,0.26,0.21,0.11,0.88",23,0.00,0.33,"Sitelinks, Reviews, Video"
메타 인지 테스트,Informational,480,"1.00,0.81,0.81,0.81,0.66,0.81,1.00,0.81,0.81,0.81,0.81,0.66",12,0.45,0.02,"AI Overview, Image pack, Video, Video carousel, People also ask, Related searches"
모니터 불량 테스트,Navigational,480,"0.36,0.54,0.54,0.82,0.82,1.00,0.82,0.82,1.00,0.67,0.82,0.54",15,0.00,0.33,"Sitelinks, AI Overview, Video"
무 성애 테스트,Informational,480,"1.00,1.00,1.00,1.00,0.29,0.54,0.44,0.54,0.66,0.66,0.44,0.54",19,0.00,0.33,"Image pack, Video, Related searches"
벤치 마크 테스트,Informational,480,"0.81,0.81,0.81,0.66,1.00,0.81,0.81,0.66,0.81,0.81,0.66,0.66",18,0.00,0.33,"AI Overview, Reviews, Video, People also ask, Knowledge panel, Related searches"
빛 번짐 테스트,Informational,480,"0.81,1.00,0.81,1.00,0.81,1.00,1.00,1.00,0.81,0.81,0.66,0.66",7,0.00,0.01,"Sitelinks, Image pack, Video, Video carousel, Related searches"
상대 음감 테스트,Informational,480,"0.67,0.67,0.55,0.55,1.00,0.55,0.55,0.36,0.44,0.67,0.55,0.55",10,0.00,0.33,"AI Overview, Video, Video carousel, Related searches"
성 지향성 테스트,Informational,480,"0.82,1.00,0.44,0.54,0.82,0.54,0.44,0.29,0.44,0.24,0.29,0.36",16,0.00,0.01,"Video, Related searches"
성격 유형 테스트,Informational,480,"0.67,0.67,0.67,0.67,0.67,1.00,0.82,0.67,0.82,1.00,0.82,0.67",27,0.06,0.12,"Video, Related searches"
숨짝,Informational,480,"0.03,0.02,0.03,0.02,0.01,0.02,0.02,0.03,0.02,0.02,0.02,1.00",28,1.13,0.36,"AI Overview, Reviews, Image, People also ask, Related searches"
스트레스 지수 테스트,Informational,480,"1.00,0.67,0.82,0.54,0.67,0.54,0.67,0.54,0.82,0.82,0.67,0.67",13,0.02,0.25,"Image pack, Video, Related searches"
신조어 테스트,Informational,480,"0.44,0.30,0.44,0.55,0.67,0.82,0.44,0.44,0.36,0.36,0.55,1.00",10,0.00,0.33,"Image pack, Video, Related searches"
심리 테스트 모음,Informational,480,"1.00,1.00,0.81,1.00,0.66,0.66,0.81,0.54,0.66,0.81,0.66,0.66",19,0.26,0.03,"Image pack, Video, Video carousel, Related searches"
심해 공포증 테스트,Informational,480,"0.82,0.55,0.55,0.55,0.67,0.55,0.44,0.55,0.55,0.67,1.00,0.67",14,0.00,0.33,"Image pack, Video, Video carousel, Short videos, Related searches"
아 판타 시아 테스트,Informational,480,"0.59,0.72,0.48,0.39,0.48,0.32,0.59,0.39,0.32,0.32,1.00,0.59",15,0.00,0.33,"AI Overview, Image pack, Video, Related searches"
엠비 티아이 유형,Informational,480,"0.66,0.66,1.00,0.81,0.81,1.00,0.81,0.66,0.81,0.66,0.66,0.54",28,0.05,0.03,"AI Overview, Video, Video carousel, People also ask, Knowledge panel, Related searches"
연애운 테스트,Commercial,480,"0.36,0.36,0.36,0.36,0.44,0.67,0.55,0.55,0.82,0.82,1.00,0.55",17,0.41,0.36,"Video, People also ask, Related searches"
육각덕 테스트,Informational,480,"0.00,0.00,0.00,0.00,0.00,0.00,0.00,0.00,0.00,0.00,0.00,1.00",11,0.00,0.00,Related searches
인간 혐오 테스트,Informational,480,"1.00,1.00,0.81,0.81,1.00,0.81,1.00,0.81,0.81,0.66,0.81,0.66",15,0.00,0.01,"Video, Related searches"
인성 검사 모의 테스트 pdf,Informational,480,"0.66,0.66,0.66,1.00,1.00,0.54,0.54,0.44,0.81,0.66,0.54,0.44",15,0.39,0.06,"Image pack, Video, People also ask, Related searches"
인터넷 끊김 테스트,Informational,480,"1.00,1.00,0.81,0.81,0.81,0.81,0.81,0.66,0.81,0.66,0.66,0.66",18,0.00,0.33,"AI Overview, Video, Related searches"
임신 테스트,Informational,480,"0.54,0.67,0.67,0.67,0.67,0.67,0.67,0.67,0.67,0.82,0.67,1.00",23,1.27,0.05,"AI Overview, Image, Image pack, Video, Video carousel, People also ask, Related searches"
쟈니 테스트,"Informational, Transactional",480,"0.54,0.54,0.44,0.67,0.82,0.54,0.67,0.54,0.67,0.67,1.00,1.00",30,0.00,0.33,"Image, Video, Knowledge panel, Related searches"
정력 테스트,Informational,480,"0.30,0.30,0.82,0.67,0.55,0.55,0.36,0.30,0.44,1.00,0.36,0.30",20,0.00,0.05,"AI Overview, Image pack, Video, Video carousel, People also ask"
정확한 우울증 테스트,Informational,480,"0.82,0.82,1.00,0.82,0.54,0.44,0.36,0.36,0.54,0.36,0.36,0.36",23,0.15,0.20,"AI Overview, Image pack, Video, Video carousel, People also ask, Related searches"
치매 진단 테스트,Informational,480,"0.36,0.44,0.67,0.67,0.55,1.00,0.67,0.55,0.55,0.44,0.36,0.55",15,0.13,0.20,"AI Overview, Image, Image pack, Video, Video carousel, Related searches"
코딩 테스트 사이트,Informational,480,"0.55,0.55,0.67,0.55,0.44,0.44,0.55,0.36,0.55,1.00,0.67,0.67",16,0.35,0.31,"AI Overview, Video, Related searches, Ads top, Ads bottom"
키 테스트,Informational,480,"0.81,0.81,1.00,1.00,0.81,1.00,1.00,0.67,0.81,1.00,1.00,1.00",10,0.00,0.00,"Reviews, Video, Related searches"
키보드 인식 테스트,Informational,480,"0.55,0.44,0.44,0.67,0.67,0.55,0.55,0.55,0.44,0.67,0.67,1.00",12,0.00,0.33,"Reviews, Video, Related searches"
터치 테스트,Informational,480,"0.81,0.81,0.81,0.81,1.00,0.81,0.81,0.81,0.81,1.00,1.00,1.00",12,0.00,0.33,"Reviews, Image pack, Video, Related searches"
테스트 서버,Navigational,480,"0.67,1.00,0.67,0.55,0.36,0.55,0.55,0.30,0.44,0.30,0.24,0.82",18,0.00,0.33,"Video, Video carousel, Related searches"
테스트 케이스,Informational,480,"0.82,0.67,0.82,0.67,1.00,0.67,0.67,0.67,0.82,0.67,0.36,0.24",13,2.66,0.02,"Image pack, Video, Related searches"
토익 레벨 테스트,Informational,480,"0.67,0.55,0.44,0.30,0.55,0.67,1.00,0.55,0.67,0.36,0.36,0.44",15,0.67,0.34,"Video, Related searches, Ads top, Ads bottom"
포켓몬 테스트,Informational,480,"0.13,0.13,0.09,0.11,0.16,0.11,1.00,0.16,0.13,0.25,0.16,0.20",12,0.00,0.33,"Image pack, Video, Related searches"
핸드폰 중독 테스트,Informational,480,"0.24,0.24,0.24,0.24,0.20,0.24,0.37,0.45,0.55,0.62,0.81,1.00",13,0.04,0.33,"Video, Video carousel, People also ask, Related searches"
회귀 테스트,Informational,480,"0.54,0.44,0.67,0.44,0.82,0.54,0.67,0.54,1.00,1.00,1.00,1.00",25,0.00,0.33,"Sitelinks, AI Overview, Video, People also ask, Related searches"
8 체질 테스트,Informational,390,"0.29,0.29,0.29,1.00,0.82,0.82,0.67,0.54,0.54,0.44,0.67,0.67",12,0.00,0.33,"AI Overview, Image pack, Video, Video carousel, Related searches"
big5 성격 검사,Informational,390,"0.36,0.36,0.44,0.44,0.36,0.36,0.82,0.36,1.00,1.00,0.82,0.82",23,0.26,0.34,"Reviews, Image pack, Video, Related searches"
cpu 테스트,Informational,390,"1.00,1.00,0.81,0.81,1.00,0.81,0.81,0.81,0.81,0.81,0.81,0.81",18,0.00,0.33,"AI Overview, Video, People also ask, Related searches"
jmeter 부하 테스트,"Informational, Navigational",390,"0.81,0.81,1.00,0.81,0.81,0.67,0.54,0.44,0.54,0.44,0.29,0.29",7,0.75,0.02,Related searches
kt 속도 테스트,Informational,390,"0.36,0.44,0.36,0.54,1.00,0.82,0.82,0.82,0.82,0.67,0.12,0.10",19,0.00,0.33,"AI Overview, Video, Related searches"
lgbt 테스트,Informational,390,"0.66,0.66,0.81,1.00,0.66,0.44,0.54,0.54,0.54,0.44,0.44,0.44",18,0.00,0.33,"Image pack, Video, Related searches"
mbti 란,Informational,390,"0.81,0.81,1.00,0.81,0.66,0.44,0.44,0.29,0.66,0.81,0.81,0.54",18,0.04,0.04,"AI Overview, Image pack, Video, People also ask, Related searches"
mz세대 테스트,Informational,390,"0.21,0.72,0.11,0.59,0.48,0.11,0.14,0.07,0.39,0.59,0.32,1.00",15,0.00,0.00,"Video, Video carousel, People also ask, Related searches"
갤럭시 테스트 모드,Informational,390,"0.30,0.30,0.36,0.30,0.24,0.30,0.55,0.55,0.82,0.82,1.00,1.00",24,0.00,0.33,"AI Overview, Video, Related searches"
건망증 테스트,Informational,390,"0.81,1.00,0.81,0.66,0.66,0.81,0.81,0.54,0.54,0.66,0.54,0.54",16,0.48,0.05,"AI Overview, Reviews, Image, Image pack, Video, Video carousel, People also ask, Related searches"
경도 인지 장애 테스트,Informational,390,"0.54,0.54,0.81,0.66,0.66,0.81,0.81,1.00,0.66,0.44,0.44,0.36",19,0.21,0.21,"AI Overview, Reviews, Image pack, Video, Video carousel, People also ask, Related searches"
경상도 사투리 테스트,Informational,390,"0.54,0.54,0.54,0.54,0.54,0.81,0.66,0.66,0.66,1.00,0.81,0.81",26,0.00,0.33,"Image pack, Video, Video carousel, People also ask, Related searches"
고음 주역 테스트 노래방,Informational,390,"0.06,0.04,0.02,0.03,0.02,0.04,0.16,0.24,1.00,0.55,0.55,0.30",25,0.00,0.33,"AI Overview, Video, Video carousel, Related searches"
공포증 테스트,Informational,390,"0.81,0.81,0.81,0.81,0.81,0.67,0.81,1.00,0.81,0.81,0.81,0.81",10,0.26,0.03,"Image pack, Video, People also ask, Related searches"
광클 테스트,Informational,390,"0.66,0.66,0.66,1.00,0.44,0.66,0.54,1.00,0.66,0.54,0.66,0.66",14,0.00,0.33,"Reviews, Related searches"
그래픽 카드 불량 테스트,Informational,390,"0.66,0.66,0.54,0.66,1.00,0.66,0.66,0.54,0.36,0.36,0.36,0.36",10,0.00,0.33,"AI Overview, Video, Video carousel, Related searches"
그래픽 카드 테스트 프로그램,Informational,390,"0.67,0.81,0.67,0.67,1.00,0.81,1.00,0.81,0.67,0.67,0.67,0.54",10,0.00,0.33,"AI Overview, Video, Video carousel, Related searches"
기미 돌,Informational,390,"0.26,0.26,0.21,0.17,0.17,0.32,0.48,0.59,0.72,0.88,1.00,1.00",14,1.43,0.01,"AI Overview, Video, Related searches"
나르시시스트 테스트,Informational,390,"0.81,0.66,0.66,1.00,0.54,0.66,0.66,0.66,1.00,0.81,1.00,0.81",11,0.50,0.04,"Video, Video carousel"
난청 테스트,Informational,390,"0.54,0.66,0.66,0.54,0.66,0.66,0.81,0.66,0.44,0.44,0.44,1.00",21,0.47,0.23,"AI Overview, Image pack, Video, Video carousel, People also ask, Related searches"
남자 피부 타입 테스트,Informational,390,"0.81,0.81,0.81,1.00,0.67,0.67,0.67,0.67,0.81,0.81,0.67,0.44",8,1.15,0.09,"AI Overview, Image pack, Video, Video carousel, People also ask, Related searches"
노안 테스트,Informational,390,"0.36,0.36,0.44,0.36,0.44,0.54,0.67,0.82,0.82,0.67,1.00,1.00",6,0.41,0.02,"Image, Image pack, Video, Video carousel, Short videos, Related searches"
동성애 테스트,Informational,390,"1.00,1.00,1.00,1.00,0.82,0.82,1.00,0.82,0.82,0.82,0.82,0.82",16,0.00,0.33,"Video, Related searches"
디스플레이 테스트,Navigational,390,"0.36,0.30,0.44,0.36,0.36,0.36,0.44,0.67,0.82,0.82,1.00,1.00",19,0.00,0.33,"Sitelinks, Image pack, Video, Video carousel, People also ask, Related searches"
램 불량 테스트,Informational,390,"0.81,0.67,0.54,0.67,1.00,1.00,1.00,0.81,0.81,0.54,0.54,0.54",15,0.00,0.33,"AI Overview, Video, Video carousel, Related searches"
레즈 테스트,Informational,390,"0.66,0.54,0.54,0.66,0.66,0.66,0.54,0.54,1.00,0.66,0.66,0.66",19,0.00,0.33,"Reviews, Video, Related searches"
마우스 감도 테스트,Informational,390,"0.66,0.81,0.66,0.66,0.66,0.66,0.54,1.00,0.66,0.66,0.54,0.54",9,0.00,0.33,"AI Overview, Video, Related searches"
마우스 테스트 사이트,Informational,390,"0.29,0.44,0.44,0.82,0.44,0.67,0.82,0.67,1.00,0.82,0.82,0.67",13,0.00,0.33,"Video, Related searches"
매경 테스트 기출 문제 pdf,Informational,390,"0.81,0.44,0.66,0.36,0.66,0.66,0.54,0.66,1.00,1.00,1.00,0.66",23,0.42,0.05,"AI Overview, Reviews, Image pack, Video, Related searches"
매경 테스트 난이도,Informational,390,"0.67,0.54,0.67,0.44,0.67,0.67,0.81,0.81,1.00,1.00,1.00,0.81",14,0.00,0.01,"AI Overview, Video, Video carousel, Related searches"
멘사 아이큐 테스트,Informational,390,"1.00,0.54,0.66,0.54,0.44,0.66,0.54,0.54,0.81,0.81,0.81,0.81",23,0.38,0.47,"Image pack, Video, People also ask, Related searches, Ads middle"
모니터 결점 테스트,Navigational,390,"0.54,0.54,0.54,0.44,0.66,0.66,1.00,0.81,1.00,1.00,1.00,1.00",18,0.00,0.33,"AI Overview, Video, People also ask, Related searches"
모니터 주사율 테스트,Informational,390,"0.67,0.81,0.67,0.81,1.00,0.81,0.81,0.81,0.81,0.67,0.67,0.67",19,0.00,0.33,"AI Overview, Video, Related searches"
무결점 테스트,Navigational,390,"0.81,1.00,1.00,0.67,0.67,0.81,1.00,0.81,1.00,1.00,0.81,0.81",15,0.00,0.33,"Sitelinks, AI Overview, Video, Video carousel, Related searches"
무기력증 테스트,Informational,390,"0.36,0.36,0.29,0.29,0.54,0.54,0.66,0.81,0.66,0.81,1.00,1.00",6,0.00,0.00,"Video, Related searches"
박자 테스트,Informational,390,"0.67,0.81,0.81,1.00,1.00,1.00,0.81,0.44,0.44,0.35,0.44,0.44",13,0.00,0.33,"Reviews, Image pack, Video, People also ask, Related searches"
발음 테스트 문장,Informational,390,"0.81,0.67,0.81,0.67,1.00,1.00,1.00,0.81,1.00,0.81,1.00,1.00",5,0.00,0.01,"Reviews, Image pack, Video, Related searches"
백 테스트,Informational,390,"0.66,0.66,0.66,0.66,0.81,0.81,0.66,0.66,0.66,0.81,1.00,1.00",10,0.99,0.01,"AI Overview, Video, People also ask, Related searches"
버피 테스트 효과,Informational,390,"1.00,1.00,1.00,0.54,1.00,1.00,1.00,0.82,1.00,0.82,0.82,0.82",21,0.00,0.33,"AI Overview, Image pack, Video, People also ask, Related searches"
부하 테스트,Informational,390,"1.00,1.00,0.81,0.67,1.00,0.81,0.81,0.67,0.81,0.81,0.54,0.67",10,0.00,0.01,"AI Overview, Video, Video carousel, People also ask, Related searches"
분조장 테스트,Informational,390,"0.81,0.67,0.81,0.67,0.81,0.81,0.81,0.67,0.81,0.81,1.00,0.81",12,0.02,0.12,"Image pack, Video, Related searches"
삼성 sw 역량 테스트,Informational,390,"0.44,0.54,1.00,0.29,0.44,0.29,0.29,0.36,1.00,0.82,0.29,0.24",6,0.61,0.02,"Sitelinks, Video, Video carousel, People also ask, Related searches"
성향 심리 테스트,Informational,390,"0.55,0.36,0.44,1.00,0.02,0.30,0.36,0.30,0.44,0.55,0.36,0.30",16,0.33,0.11,"AI Overview, Image pack, Video, Video carousel, Related searches"
성향 테스트 종류,Informational,390,"0.54,0.44,0.54,0.81,1.00,0.81,0.54,0.44,0.66,0.81,0.66,1.00",24,0.00,0.01,"AI Overview, Image pack, Video"
속마음 심리 테스트,Informational,390,"1.00,0.81,0.67,0.81,1.00,0.81,1.00,0.67,0.67,0.81,0.44,0.54",15,0.37,0.03,"Image pack, Video, People also ask, Related searches"
스모크 테스트,Informational,390,"0.32,0.39,0.39,0.26,0.39,0.39,0.39,0.48,0.72,1.00,0.88,1.00",10,1.04,0.01,"AI Overview, Image pack, Video, Related searches"
심리적 성별 테스트,Informational,390,"0.32,0.39,0.26,0.26,0.21,0.26,0.26,1.00,0.59,0.39,0.26,0.26",19,0.00,0.01,Related searches
안면 인식 장애 테스트,Informational,390,"0.66,0.66,0.66,0.54,0.81,0.81,1.00,0.81,0.81,0.66,0.66,0.66",18,0.00,0.00,"Image pack, Video, Video carousel, People also ask, Related searches"
알파 테스트,Informational,390,"0.32,0.32,0.32,0.32,0.32,0.39,0.26,0.26,1.00,0.39,0.32,0.59",20,0.00,0.33,"AI Overview, Video, People also ask, Related searches"
암산 테스트,Informational,390,"1.00,0.81,0.67,0.54,0.67,1.00,0.81,1.00,0.44,0.54,0.81,0.23",9,0.00,0.33,"Sitelinks, Reviews, Image pack, Video, Video carousel, Related searches"
양극성 장애 테스트,Informational,390,"0.54,0.54,1.00,0.44,0.54,0.54,0.54,0.44,0.36,0.44,0.36,0.29",17,1.03,0.22,"AI Overview, Image pack, Video, Video carousel, Related searches"
영어 레벨 테스트,Informational,390,"0.81,0.81,0.66,0.54,0.54,0.81,0.81,1.00,0.81,0.54,0.54,0.54",22,0.50,0.57,"Instant answer, Video, Related searches"
예민함 테스트,Informational,390,"1.00,0.81,0.66,0.54,0.54,0.66,0.44,0.44,0.44,0.54,0.54,0.66",19,0.08,0.04,"Image pack, Video, Video carousel, People also ask, Related searches"
우정 테스트 퀴즈 만들기,Informational,390,"0.81,1.00,0.54,0.44,0.36,0.54,0.54,0.44,0.29,0.36,0.44,0.44",7,0.08,0.02,"Video, Related searches"
운 테스트,Commercial,390,"1.00,1.00,1.00,1.00,1.00,1.00,0.82,1.00,0.82,1.00,0.82,0.67",11,0.00,0.33,"Video, Related searches"
음정 테스트,Informational,390,"1.00,0.81,0.67,0.81,0.81,0.81,1.00,0.81,1.00,0.81,0.81,0.81",12,0.00,0.33,"Video, Related searches"
이 테스트,Navigational,390,"0.66,0.66,0.66,0.66,0.81,1.00,0.66,0.36,0.44,0.44,0.44,0.66",14,0.00,0.33,"Video, People also ask, Related searches"
이름 테스트,Informational,390,"1.00,0.81,0.81,0.81,0.81,0.81,1.00,0.67,0.54,0.54,0.67,0.67",14,0.00,0.33,Video
인성검사 무료 테스트,Informational,390,"0.30,0.30,0.36,0.67,0.19,0.30,0.36,0.44,0.67,1.00,0.55,0.55",9,0.40,0.16,"AI Overview, Video, Related searches"
잔상 테스트,Informational,390,"0.25,0.25,0.20,0.25,0.20,0.25,0.45,0.55,0.68,0.77,1.00,1.00",19,0.00,0.33,"Sitelinks, Video, People also ask, Related searches"
적 녹색 약 테스트,Informational,390,"0.66,0.81,0.66,0.81,0.81,0.66,0.66,0.81,1.00,0.81,0.81,1.00",10,0.00,0.33,"Image, Image pack, Video, Video carousel, Related searches"
좌파 우파 테스트,Informational,390,"0.39,0.39,0.48,0.59,0.32,0.32,0.39,0.32,0.21,0.32,0.72,1.00",23,0.00,0.33,"Image pack, Video, Related searches"
직업 테스트,Informational,390,"0.81,1.00,0.81,0.81,1.00,1.00,1.00,1.00,0.81,0.81,0.81,0.81",16,0.05,0.11,"Video, Related searches"
진보 보수 테스트,Informational,390,"0.25,0.25,0.30,0.30,0.20,0.20,0.20,0.16,0.16,0.16,0.45,1.00",28,0.00,0.33,"Image pack, Video, Related searches"
집중력 테스트,Informational,390,"1.00,0.81,1.00,0.81,0.81,0.54,0.67,0.67,0.81,0.81,0.81,0.81",13,0.00,0.01,"Image pack, Video, Related searches"
착시 현상 테스트,Informational,390,"0.81,1.00,0.67,0.81,0.81,0.81,1.00,1.00,0.67,0.81,0.81,0.67",14,0.00,0.33,"Image pack, Video, Video carousel, Related searches"
청년 치매 테스트,Informational,390,"1.00,1.00,1.00,1.00,1.00,1.00,1.00,1.00,0.82,0.82,0.67,1.00",19,0.13,0.13,"Image, Image pack, Video, Video carousel, People also ask, Related searches"
친구 테스트,Informational,390,"0.81,0.81,0.54,0.66,0.44,0.54,0.66,0.66,0.44,0.66,1.00,0.81",9,0.18,0.02,"Reviews, Image pack, Video, Related searches"
커플 심리 테스트,Informational,390,"1.00,0.81,0.67,0.81,0.67,0.67,1.00,0.81,0.81,0.81,1.00,1.00",15,0.83,0.04,"Image, Image pack, Video, Related searches"
테스트 웍스,Informational,390,"1.00,0.82,1.00,0.54,0.67,0.67,1.00,0.82,0.82,0.82,0.82,0.54",19,1.06,0.14,"Sitelinks, Video, Video carousel, Knowledge panel, Related searches"
테스트 주도 개발,Informational,390,"0.07,0.06,0.07,0.06,0.05,0.25,0.06,0.05,1.00,0.06,0.05,0.04",25,0.00,0.03,"Sitelinks, Video, Related searches"
테스트 커버리지,Informational,390,"1.00,0.36,0.36,0.36,0.67,0.30,0.36,0.24,0.44,0.55,0.24,0.19",9,0.00,0.33,"Sitelinks, AI Overview, Image, Video, Related searches"
토익 테스트,Commercial,390,"0.54,0.66,0.54,0.44,0.66,0.66,1.00,0.81,0.66,0.44,0.44,0.66",19,0.79,0.26,"Reviews, Video, People also ask, Related searches"
판타지 성향 테스트,Informational,390,"0.81,1.00,0.66,1.00,0.02,0.66,1.00,0.81,0.66,0.66,0.54,0.44",15,0.00,0.33,"Video, Related searches"
포트 포워딩 테스트,Informational,390,"1.00,0.81,0.54,1.00,1.00,1.00,1.00,0.67,0.67,0.35,0.54,0.35",10,0.00,0.33,"Reviews, Video, Related searches"
프린터 테스트 페이지,Informational,390,"0.30,0.30,0.36,0.36,0.55,0.44,0.67,0.44,0.67,0.55,0.36,1.00",12,0.00,0.33,"Image pack, Video, Video carousel, Related searches"
피부 지성 건성 테스트,Informational,390,"1.00,0.81,0.81,1.00,0.81,0.67,0.67,0.67,0.67,0.67,0.44,0.44",23,0.84,0.03,"AI Overview, Image, Image pack, Video, Related searches"
핑 테스트 사이트,Informational,390,"0.09,0.16,0.11,0.16,1.00,0.37,0.30,0.37,0.20,0.13,0.13,0.11",18,0.00,0.33,"AI Overview, Video, Related searches"
한국어 발음 테스트,Informational,390,"0.54,0.44,0.54,0.44,0.66,1.00,0.81,0.81,0.81,0.81,0.81,0.81",11,0.34,0.01,"Image pack, Video, Video carousel, Related searches"
해리포터 기숙사 배정 테스트,Informational,390,"0.02,0.04,0.03,0.07,0.37,1.00,0.68,0.68,0.30,0.68,0.68,0.68",15,0.00,0.33,"Video, Related searches"
화이트 박스 테스트,Informational,390,"1.00,0.66,0.44,0.54,1.00,0.36,0.44,0.36,0.54,0.81,0.44,0.36",19,1.19,0.01,"AI Overview, Video, People also ask, Knowledge panel, See results about"
big five,Informational,320,"0.67,0.54,0.67,0.67,0.67,0.54,0.54,0.44,1.00,0.81,0.67,0.67",27,0.30,0.29,"AI Overview, Reviews, Video, Video carousel, People also ask, Knowledge panel, Related searches, Ads bottom, Ads middle"
disc 성격 유형 검사,Informational,320,"0.54,0.81,0.81,0.54,0.44,0.67,0.44,0.44,1.00,1.00,0.81,0.67",21,0.09,0.17,"Image pack, Video, People also ask, Related searches"
html 테스트,"Informational, Transactional",320,"0.82,0.82,0.82,0.67,0.82,0.67,0.67,0.54,1.00,0.67,0.67,0.54",11,1.77,0.06,"Video, People also ask, Related searches"
kt 인터넷 속도 테스트,Informational,320,"0.08,0.16,0.30,0.24,0.44,0.55,0.67,0.82,1.00,0.82,0.44,0.55",13,0.00,0.33,"AI Overview, Video, Related searches"
mbti 검사 무료,Informational,320,"0.09,0.11,0.11,0.09,0.09,0.09,0.11,0.09,0.11,0.11,0.14,1.00",20,0.02,0.33,"Video, Related searches"
mbti 연구소,Navigational,320,"1.00,0.44,0.36,0.36,0.29,0.29,0.24,0.19,0.29,0.19,0.15,0.19",17,0.00,0.33,"Sitelinks, Video, Local pack, Related searches"
mbti 질문,Informational,320,"0.67,0.54,0.67,0.67,0.44,0.54,0.67,0.81,0.67,0.81,1.00,0.81",16,0.00,0.01,"Image, Image pack, Video, Related searches"
mbti 표,Informational,320,"0.82,0.82,0.82,0.82,0.82,0.82,0.82,0.67,1.00,0.82,1.00,0.82",19,0.00,0.33,"Image, Image pack, Video, Video carousel, Related searches"
pc 성능 테스트,Informational,320,"0.81,1.00,0.81,0.81,1.00,1.00,1.00,1.00,1.00,0.81,0.81,0.81",15,0.00,0.33,"AI Overview, Video, Video carousel, Related searches"
pcl r 테스트,Informational,320,"0.24,0.24,0.29,0.29,0.67,0.29,0.24,0.36,1.00,0.44,0.44,0.24",17,0.23,0.16,"AI Overview, Image pack, Video, Related searches, Ads bottom"
pclr 테스트,Informational,320,"0.24,0.24,0.29,0.29,0.67,0.29,0.24,0.36,1.00,0.44,0.44,0.24",18,0.23,0.16,"AI Overview, Related searches"
t 테스트,Informational,320,"1.00,1.00,1.00,1.00,1.00,1.00,0.81,0.66,0.81,1.00,1.00,0.81",18,0.00,0.33,"AI Overview, Video, Video carousel, People also ask, Knowledge panel, Related searches"
객관성 테스트,Informational,320,"1.00,0.82,0.67,0.67,0.67,0.54,0.67,0.67,0.82,0.54,1.00,0.67",12,0.00,0.33,"AI Overview, Image pack, Video, Video carousel, People also ask, Related searches"
결벽증 테스트,Informational,320,"1.00,1.00,1.00,1.00,0.67,0.67,0.67,0.82,0.67,0.67,0.82,0.54",25,0.11,0.06,"Video, People also ask, Related searches"
고양 이상 테스트,"Informational, Transactional",320,"1.00,0.81,1.00,0.81,0.81,0.81,0.54,0.54,0.67,0.54,0.54,0.44",10,0.00,0.33,"Reviews, Video, Video carousel, People also ask, Related searches"
기질 테스트,Informational,320,"0.82,0.82,0.67,0.67,0.67,0.67,1.00,0.82,0.67,0.82,0.82,0.54",7,0.09,0.04,"Image pack, Video, Related searches"
능력 테스트,Informational,320,"1.00,1.00,0.81,0.54,0.54,0.67,0.44,0.44,0.44,0.54,0.35,0.35",10,0.00,0.33,"Reviews, Video, Video carousel, Related searches"
마우스 속도 테스트,Informational,320,"0.82,1.00,0.82,0.82,1.00,0.82,0.67,1.00,1.00,0.82,0.82,0.82",10,0.00,0.33,"AI Overview, Reviews, Video, Related searches"
매경 테스트 공부법,Informational,320,"0.67,0.67,0.67,0.44,0.67,0.67,0.67,0.67,1.00,1.00,0.82,0.82",19,1.39,0.05,"AI Overview, Video, Video carousel, Related searches"
멘사 아이큐 테스트 무료,Commercial,320,"1.00,0.67,0.54,0.67,0.67,0.81,0.54,0.54,0.54,0.54,0.44,0.54",19,0.27,0.32,"Reviews, Video, People also ask, Related searches, Ads bottom"
모니터 잔상 테스트,Informational,320,"0.81,0.67,0.81,0.67,0.81,0.54,0.67,0.81,0.67,0.81,0.81,1.00",13,0.00,0.33,"AI Overview, Video, Video carousel, Related searches"
모니터 화면 테스트,Navigational,320,"0.24,0.24,0.30,0.30,0.36,0.36,0.55,0.55,0.67,0.55,0.82,1.00",12,0.00,0.33,"Image pack, Video, Video carousel, Related searches"
바보 테스트,Informational,320,"1.00,0.82,0.82,0.82,0.82,1.00,1.00,1.00,0.67,0.67,1.00,0.82",12,0.00,0.33,"Image pack, Video, Video carousel, Related searches"
박자감 테스트,Informational,320,"0.54,0.54,1.00,0.81,0.67,0.67,0.54,0.35,0.29,0.29,0.35,0.44",14,0.00,0.33,"Image pack, Video, Video carousel, Related searches"
반사회적 인격 장애 테스트,Informational,320,"0.44,0.44,0.44,1.00,0.81,0.66,0.54,0.44,0.44,0.44,0.54,0.36",15,0.07,0.08,"Image pack, Video, Related searches"
범죄 테스트,Informational,320,"0.67,0.44,0.44,0.67,0.54,0.67,1.00,0.67,0.54,0.54,0.44,0.44",18,0.00,0.33,"Video, Video carousel, Related searches"
범죄자 테스트,Informational,320,"0.67,0.44,0.44,0.67,0.54,0.67,1.00,0.67,0.54,0.54,0.44,0.44",16,0.00,0.33,"Reviews, Video, People also ask, Related searches"
블랙 박스 테스트,Informational,320,"1.00,0.66,0.36,0.44,0.66,0.36,0.44,0.36,0.54,0.81,0.54,0.44",14,0.00,0.01,"Video, People also ask, Related searches"
비슷해,Informational,320,"0.82,0.82,1.00,0.82,0.82,0.82,0.82,0.67,1.00,1.00,1.00,1.00",27,0.00,0.33,"AI Overview, Video, Related searches"
비트 연구소,Informational,320,"0.82,1.00,0.67,0.82,0.67,0.82,0.67,0.67,1.00,0.82,1.00,0.67",29,0.00,0.33,"Knowledge panel, Related searches"
사이코 패스 테스트 게임,Informational,320,"0.26,0.17,0.14,0.21,0.21,0.32,0.72,0.72,0.72,0.72,1.00,1.00",25,0.00,0.33,"Image pack, Video, Video carousel, Knowledge panel, Related searches"
사주 테스트,Informational,320,"0.67,0.67,0.54,0.67,0.67,0.81,1.00,0.67,0.67,0.81,0.81,0.81",24,0.11,0.30,"Video, Related searches, Ads top, Ads middle"
사회 공포증 테스트,Informational,320,"0.21,0.26,0.26,0.21,0.17,0.26,0.39,0.48,0.59,0.59,0.88,1.00",9,0.22,0.02,"Reviews, Image, Image pack, Video, People also ask, Related searches"
사회 불안 장애 테스트,Informational,320,"1.00,0.81,0.81,0.81,0.81,0.67,0.67,0.54,0.44,0.44,0.54,0.54",8,0.66,0.17,"Video, Related searches"
사회성 결여 테스트,Commercial,320,"1.00,1.00,1.00,0.12,0.02,0.36,0.36,0.29,0.44,0.44,0.44,0.36",13,0.00,0.01,"Video, People also ask, Related searches"
사회성 테스트,Commercial,320,"0.30,0.24,0.30,0.30,0.24,0.30,0.30,0.30,0.36,1.00,0.55,0.44",10,0.00,0.01,"Video, People also ask, Related searches"
성 성향 테스트,Informational,320,"0.82,0.82,0.82,0.54,0.54,0.82,1.00,0.82,0.82,0.67,0.44,0.67",16,0.03,0.07,"Image pack, Video, Related searches"
성능 테스트,Informational,320,"1.00,0.82,1.00,0.82,0.82,0.82,0.82,0.67,1.00,0.82,0.67,0.67",11,0.89,0.10,"Sitelinks, AI Overview, Video, Video carousel, Related searches"
성별 테스트,Informational,320,"0.54,0.54,0.54,0.81,0.67,0.67,0.67,1.00,0.81,0.67,0.67,0.67",17,0.27,0.02,"Video, Related searches"
성적 지향 테스트,Informational,320,"0.44,0.44,0.44,0.54,0.54,0.44,0.54,0.66,1.00,0.54,0.54,0.66",10,0.00,0.33,"AI Overview, Video"
순간 기억력 테스트,Informational,320,"0.54,0.54,0.44,0.44,0.44,1.00,0.44,0.29,0.44,0.36,0.36,0.44",17,0.00,0.01,"Video, Video carousel, Related searches"
스피커 좌우 테스트,"Informational, Transactional",320,"0.82,0.67,0.54,0.82,1.00,0.82,0.82,0.67,0.82,0.82,0.82,0.82",16,0.00,0.33,"Reviews, Video, Video carousel, People also ask, Related searches"
슬럼프 테스트,Informational,320,"0.67,0.82,0.67,0.82,0.82,0.67,0.82,0.67,0.82,1.00,0.67,0.67",19,0.00,0.33,"Image pack, Video, Video carousel, People also ask, Knowledge panel, Related searches, See results about"
슬리핑 스티커 테스트,"Informational, Transactional",320,"0.00,0.00,0.00,0.00,0.00,0.00,0.00,0.00,0.00,0.00,0.00,1.00",12,0.86,0.01,"Video, Related searches"
신체 나이 테스트,Informational,320,"0.54,0.54,0.54,0.54,0.44,0.54,0.54,0.44,0.44,1.00,0.54,0.44",18,0.00,0.33,"AI Overview, Image pack, Video, Video carousel, Related searches"
아드 반 테스트,Informational,320,"0.36,0.36,0.44,0.44,0.30,0.30,0.44,0.44,0.36,0.67,1.00,0.67",16,0.38,0.01,"AI Overview, Reviews, Video, Knowledge panel"
아드 반 테스트 코리아,Informational,320,"0.30,0.25,0.25,0.16,0.20,0.20,0.30,0.25,0.37,0.55,1.00,0.30",15,0.26,0.02,"Video, People also ask, Knowledge panel, Related searches"
아이폰 불량 화소 테스트,Informational,320,"0.16,0.16,0.67,0.44,0.30,0.24,0.30,0.44,0.55,0.55,1.00,0.82",16,0.00,0.33,"AI Overview, Video, Video carousel, Short videos, People also ask"
안면 인식 장애 테스트 해보기,Informational,320,"0.44,0.44,0.44,0.36,0.54,0.54,1.00,0.54,0.44,0.36,0.36,0.36",15,0.00,0.01,"AI Overview, Video, Video carousel, Related searches"
연애 스타일 테스트,Informational,320,"0.44,0.44,0.67,0.81,0.67,0.67,0.81,0.81,1.00,0.81,0.67,0.67",18,0.67,0.06,"Video, Video carousel, Related searches"
연애 유형,Informational,320,"0.54,0.67,0.67,0.67,0.82,0.82,1.00,1.00,1.00,1.00,0.82,0.82",20,0.73,0.02,"AI Overview, Image pack, Video, Video carousel, People also ask, Related searches"
외멍 내멍 테스트,"Informational, Transactional",320,"0.00,0.00,0.00,0.00,0.00,0.00,0.00,0.00,0.00,0.00,0.00,1.00",16,0.28,0.00,Video
우울증 자가 진단 테스트,Informational,320,"1.00,0.81,0.66,0.44,0.44,0.54,0.54,0.66,0.44,0.36,0.36,0.29",23,0.20,0.27,"Image pack, Video, Related searches, Ads top, Ads bottom"
우울증 증상 테스트,Informational,320,"0.81,0.36,0.19,0.36,0.44,0.54,1.00,0.36,0.54,0.54,0.36,0.54",22,0.36,0.28,"AI Overview, Image pack, Video, Video carousel, People also ask, Related searches, Ads bottom, Ads middle"
우정 테스트 만들기,Informational,320,"1.00,0.82,0.54,0.44,0.67,0.82,1.00,0.82,0.54,0.67,0.67,0.82",9,0.07,0.03,"Video, People also ask, Related searches"
유연성 테스트,Informational,320,"0.54,0.54,0.44,0.44,0.54,0.54,0.54,0.54,0.81,1.00,0.81,0.66",10,0.00,0.33,"AI Overview, Image pack, Video, Video carousel, Short videos, Related searches"
이인증 테스트,Informational,320,"0.67,1.00,1.00,0.67,1.00,0.82,0.67,0.82,0.82,1.00,1.00,0.82",15,0.44,0.01,"Video, People also ask, Related searches"
자가 진단 테스트,Informational,320,"0.67,0.54,0.54,0.54,0.54,0.54,0.54,0.54,0.67,0.67,1.00,0.81",9,0.19,0.05,"Reviews, Image pack, Video, Related searches"
정신 건강 테스트,Informational,320,"0.67,0.67,0.67,0.67,0.67,0.67,0.81,0.67,0.81,0.54,0.67,1.00",21,0.84,0.34,"Video, People also ask, Related searches"
정신 상태 테스트,Informational,320,"0.81,1.00,0.81,0.67,0.54,0.44,0.44,0.44,0.44,0.54,0.54,0.44",14,0.00,0.01,"AI Overview, Video, Related searches"
정치 성향 테스트 8value,Commercial,320,"0.30,0.30,0.30,0.36,0.24,0.30,0.24,0.19,0.24,0.19,0.67,1.00",19,0.00,0.33,Related searches
좌뇌 우뇌 테스트,"Informational, Transactional",320,"0.44,0.44,0.44,0.44,0.44,0.66,0.81,0.66,0.81,1.00,1.00,1.00",18,0.00,0.33,"Image, Image pack, Video, Related searches"
체질 테스트,Informational,320,"0.82,1.00,0.82,0.82,1.00,0.82,0.67,0.54,0.44,0.54,0.67,0.44",14,0.00,0.33,"Reviews, Image pack, Video, Video carousel, Related searches"
초능력 테스트,Informational,320,"1.00,0.82,0.54,0.67,0.67,0.82,0.82,0.67,0.44,0.44,0.54,0.67",12,0.00,0.33,"Video, Related searches"
치매 자가 진단 테스트,Informational,320,"0.81,0.67,0.67,0.81,0.81,1.00,0.81,0.81,0.67,0.54,0.54,0.54",18,0.10,0.18,"AI Overview, Video, Video carousel, People also ask, Related searches"
카카오 코딩 테스트,Informational,320,"0.11,0.11,0.55,1.00,0.13,0.11,0.09,0.07,0.09,0.09,0.06,0.04",10,0.49,0.11,"Sitelinks, Video, Video carousel, Related searches"
컴퓨터 성능 테스트 사이트,Informational,320,"0.54,0.67,0.54,0.67,0.67,0.67,1.00,1.00,0.67,0.67,0.54,0.54",11,0.48,0.01,"AI Overview, Reviews, Video, Related searches"
테스트 시나리오,Informational,320,"1.00,1.00,1.00,0.81,0.81,0.81,0.81,0.66,0.81,0.66,0.53,0.53",7,0.00,0.33,"Image pack, Video, Related searches"
통합 테스트,Informational,320,"1.00,0.82,0.82,0.82,0.82,0.67,0.82,0.67,0.82,0.67,0.67,0.54",10,1.13,0.01,"Sitelinks, AI Overview, Image pack, Video, People also ask, Related searches"
페티쉬 테스트,Informational,320,"0.26,0.26,0.17,0.21,0.21,0.21,0.39,1.00,0.59,0.26,0.32,0.32",19,0.00,0.01,"Video, Related searches"
폐활량 테스트,Informational,320,"0.82,0.82,1.00,0.82,1.00,0.82,0.67,0.54,1.00,0.82,0.82,0.82",19,0.39,0.18,"AI Overview, Image pack, Video, Related searches"
프레임 테스트,Informational,320,"0.82,0.67,0.82,0.67,0.82,0.82,1.00,0.82,1.00,0.67,0.82,0.67",10,0.00,0.33,"Reviews, Video, Related searches"
피해 망상 테스트,Informational,320,"0.82,1.00,0.82,0.67,0.82,0.67,0.82,0.67,0.82,0.82,0.67,0.67",15,0.52,0.02,"AI Overview, Image pack, Video, Related searches"
학생 우울증 테스트,Informational,320,"0.82,1.00,1.00,0.82,0.82,1.00,0.82,0.82,0.67,0.82,0.82,0.82",5,0.43,0.27,"Image pack, Video, Related searches, Ads bottom"
회복 탄력성 테스트,Informational,320,"0.82,0.82,1.00,0.82,1.00,0.67,0.54,0.54,0.67,0.54,0.82,0.54",10,0.00,0.01,"Image pack, Video, Related searches"
19 테스트,Informational,260,"0.81,0.81,0.81,1.00,0.66,0.66,0.66,0.81,0.53,0.66,0.66,0.66",11,0.00,0.33,"Video, Related searches"
cmd 핑 테스트,Informational,260,"0.81,0.81,0.81,0.66,0.81,0.81,1.00,0.66,1.00,0.66,0.66,0.66",9,0.00,0.33,"AI Overview, Video, Related searches"
cpu 성능 테스트,Informational,260,"0.81,0.81,0.81,0.81,1.00,0.81,1.00,1.00,0.81,0.66,0.66,0.66",15,0.00,0.33,"AI Overview, Video, People also ask, Related searches"
personality behaviors 테스트,Informational,260,"0.00,0.00,0.00,0.00,0.00,0.00,0.00,0.00,0.00,0.00,0.00,1.00",10,0.29,0.01,"AI Overview, Reviews, Video, Video carousel, Related searches, Ads middle"
pesm 증후군 테스트,Informational,260,"0.81,1.00,0.81,1.00,0.81,0.53,0.66,0.44,0.44,0.53,0.34,0.34",7,0.29,0.05,"Video, Related searches"
test 뜻,Informational,260,"0.81,1.00,0.66,0.53,0.66,0.66,1.00,0.81,0.81,0.81,0.66,0.66",21,0.00,0.33,"AI Overview, Instant answer, Video, Related searches"
ufo 테스트,Informational,260,"0.81,0.66,0.81,1.00,0.81,0.53,0.66,0.66,1.00,0.66,0.53,0.53",19,0.00,0.33,"Video, People also ask, Related searches"
가청 주파수 테스트,Informational,260,"0.81,0.81,0.81,1.00,0.81,0.66,0.66,0.66,1.00,1.00,1.00,1.00",11,0.00,0.01,"Sitelinks, Video, Video carousel, People also ask, Related searches"
간단한 iq 테스트,Informational,260,"0.66,0.66,0.53,0.66,0.66,0.81,0.81,0.81,1.00,1.00,0.81,0.81",24,0.15,0.35,"AI Overview, Reviews, Image pack, Video, Video carousel, Related searches, Ads top, Ads middle"
간단한 심리 테스트,Informational,260,"1.00,1.00,0.66,0.81,0.81,0.66,0.81,0.66,0.81,0.66,0.66,0.66",10,0.46,0.01,"AI Overview, Image pack, Video, Related searches"
감정 표현 불능증 테스트,Informational,260,"1.00,1.00,0.81,1.00,0.66,1.00,0.81,0.66,0.66,0.66,0.66,0.53",7,0.04,0.02,"Video, People also ask, Related searches"
꼰대 테스트,Informational,260,"0.00,0.00,0.00,0.00,0.00,0.00,0.00,0.00,0.00,1.00,0.77,0.45",15,0.00,0.00,"People also ask, Related searches"
나르시시즘 테스트,Informational,260,"0.54,0.67,0.67,1.00,1.00,0.67,0.54,0.54,0.82,0.82,0.82,0.67",11,0.16,0.13,"Video, Video carousel, Related searches"
노르웨이 멘사 테스트,Informational,260,"0.82,0.67,0.44,0.67,0.67,0.54,1.00,0.54,0.67,0.82,0.67,0.54",27,0.36,0.23,"Video, People also ask, Related searches"
노트북 마이크 테스트,Informational,260,"1.00,0.81,1.00,1.00,1.00,0.66,0.66,0.53,0.81,1.00,1.00,0.66",20,0.00,0.33,"AI Overview, Video, Video carousel, Related searches"
노트북 성능 테스트,Informational,260,"0.66,0.66,0.81,0.66,0.81,0.81,1.00,1.00,1.00,0.81,0.66,0.66",14,0.00,0.33,"AI Overview, Video, Video carousel, Related searches"
노트북 카메라 테스트,Informational,260,"0.54,0.67,0.82,0.82,0.36,0.54,0.67,0.44,0.82,1.00,0.82,0.82",17,0.00,0.33,"AI Overview, Video, Related searches"
단기 기억력 테스트,Informational,260,"0.81,0.66,0.66,0.81,0.66,0.81,0.81,0.66,1.00,0.81,0.53,0.66",14,0.50,0.03,"Video, Video carousel"
닮은 꼴 테스트,Informational,260,"0.54,0.54,0.44,0.54,0.44,1.00,0.81,0.54,0.44,0.44,0.54,0.54",16,0.00,0.33,"Video, Related searches"
도통 테스트,Informational,260,"0.66,0.66,0.81,0.66,0.81,0.66,0.81,0.81,1.00,1.00,1.00,0.81",15,0.26,0.06,"AI Overview, Image pack, Video, Video carousel, People also ask, Related searches"
레벨 테스트,Informational,260,"1.00,0.81,0.66,0.53,0.66,1.00,0.81,1.00,1.00,0.66,0.53,0.81",18,0.70,0.25,"AI Overview, Image pack, Video, Related searches"
리그 레션 테스트,Informational,260,"1.00,0.81,1.00,0.66,0.81,0.66,0.81,0.53,1.00,0.81,0.66,0.66",17,0.00,0.33,"AI Overview, Video, Knowledge panel, Related searches"
마우스 정확도 테스트,Informational,260,"0.81,1.00,0.81,0.66,0.81,0.66,0.53,0.53,0.81,0.53,0.53,0.53",14,0.00,0.33,"Reviews, Video, Related searches"
마우스 클릭 속도 테스트,Informational,260,"1.00,0.81,0.81,0.54,0.44,0.29,0.19,0.24,0.19,0.19,0.15,0.12",10,0.00,0.00,"Video, Related searches"
마이 콘테스트,Navigational,260,"0.44,0.82,1.00,0.82,0.82,0.54,0.44,0.23,0.67,0.44,0.44,0.44",11,0.00,0.33,"Sitelinks, Video, Related searches"
맥 키보드 테스트,Informational,260,"0.81,0.66,0.81,0.66,0.81,0.66,1.00,0.81,1.00,0.81,1.00,0.81",10,0.00,0.33,"Video, People also ask, Related searches"
메모리 테스트 프로그램,Informational,260,"0.67,0.67,0.54,0.67,0.82,0.82,1.00,0.67,0.82,0.67,0.54,0.54",15,0.00,0.33,"AI Overview, Reviews, Image pack, Video, Video carousel, Related searches"
메이플 스토리 테스트,Navigational,260,"0.54,1.00,1.00,0.67,0.35,0.67,0.54,0.23,0.44,0.29,0.15,0.81",23,0.00,0.33,"Sitelinks, Video, Related searches"
멘사 iq 테스트,Commercial,260,"0.82,0.54,0.54,0.54,0.54,0.82,0.67,0.67,0.82,1.00,0.67,0.82",23,0.36,0.38,"Image pack, Video, Video carousel, Related searches, Ads top, Ads bottom"
문과 이과 테스트,Informational,260,"0.54,0.54,0.54,0.54,0.67,0.54,0.67,0.54,0.67,0.81,0.81,1.00",10,0.00,0.33,"Image pack, Video, Video carousel, Related searches"
박치 테스트,Informational,260,"0.54,0.67,1.00,0.67,0.54,0.67,0.82,0.44,0.36,0.36,0.44,0.54",21,0.00,0.33,"Video, People also ask, Related searches"
발음 테스트 초코 칩,Informational,260,"0.81,0.66,0.81,0.66,0.53,1.00,1.00,1.00,0.81,0.66,1.00,1.00",21,0.00,0.33,"Image pack, Video, Related searches"
번 아웃 증후군 테스트,Informational,260,"1.00,0.82,0.54,0.67,0.82,0.67,0.82,0.54,0.44,0.44,0.36,0.28",12,0.19,0.14,"Image, Image pack, Video, Related searches"
범 불안 장애 테스트,Informational,260,"0.82,0.82,1.00,1.00,0.82,0.82,0.67,0.67,0.67,0.54,0.54,0.54",8,0.54,0.19,"AI Overview, Video, Related searches"
벡델 테스트,Informational,260,"0.54,1.00,0.67,0.54,0.54,0.44,0.35,0.23,0.44,0.54,0.54,0.44",19,0.00,0.33,"Image pack, People also ask"
블라인드 테스트,"Informational, Transactional",260,"0.81,0.81,1.00,1.00,1.00,0.81,1.00,0.81,1.00,1.00,0.81,0.81",22,0.00,0.33,"Image pack, Video, Video carousel, People also ask, Knowledge panel, Related searches"
빅 5 검사,Informational,260,"0.81,1.00,0.81,0.81,0.81,0.66,1.00,0.53,1.00,1.00,0.81,0.66",15,0.26,0.26,"Video, Video carousel, People also ask, Related searches, Ads top, Ads bottom"
삼성 코딩 테스트,Informational,260,"0.29,0.36,0.81,0.24,0.36,0.24,0.29,0.44,1.00,1.00,0.44,0.54",8,0.88,0.02,"Video, People also ask, Related searches"
색 테스트,Informational,260,"0.54,0.44,0.44,0.44,0.44,0.36,0.36,0.44,0.54,0.66,1.00,0.81",10,0.00,0.33,"Image pack, Video, Related searches"
색깔 심리 테스트,Informational,260,"1.00,0.81,1.00,0.81,0.66,1.00,1.00,0.66,0.81,0.66,0.81,0.81",16,0.00,0.01,"Image pack, Video, Related searches"
성적 테스트,Informational,260,"0.81,0.66,0.66,0.81,0.81,0.81,1.00,0.81,0.81,1.00,0.81,0.66",13,0.02,0.01,Video
쉿 테스트,Informational,260,"0.67,1.00,1.00,0.67,0.54,0.67,0.54,0.44,0.54,0.44,0.54,0.67",24,0.00,0.33,"AI Overview, Video, Video carousel"
스폰 사이트,Informational,260,"0.81,0.81,1.00,0.81,0.81,0.66,0.66,0.53,0.53,0.66,0.66,1.00",9,1.07,0.06,
심리 테스트 만들기,Informational,260,"1.00,0.81,0.66,0.66,0.81,0.66,0.34,0.44,0.53,0.53,0.53,0.53",14,0.00,0.01,"Video, Related searches"
심심해 닷컴,Informational,260,"0.81,0.81,1.00,0.81,0.81,0.81,0.81,0.81,1.00,1.00,1.00,0.81",23,0.00,0.33,"Image pack, Video, Related searches"
아드 반 테스트 코리아 채용,Informational,260,"0.16,0.13,0.13,0.13,0.11,0.11,0.13,0.13,0.25,0.37,1.00,0.20",13,1.05,0.06,"Reviews, Video, People also ask, Related searches"
아이돌 테스트,Informational,260,"0.82,0.82,0.67,1.00,0.67,0.67,0.67,0.54,0.54,0.54,0.54,0.44",10,0.00,0.01,"Image pack, Video"
애니 캐릭터 테스트,Informational,260,"0.81,1.00,0.81,0.66,0.66,0.81,0.81,0.81,0.53,0.66,0.66,0.81",12,0.00,0.01,"Image pack, Video, Related searches"
어려운 발음 테스트,Informational,260,"0.66,0.66,0.53,0.53,0.66,1.00,0.81,0.81,1.00,1.00,0.81,0.81",23,0.00,0.33,"Reviews, Image pack, Video, Related searches"
여자 력 테스트,Informational,260,"1.00,1.00,0.81,0.66,0.66,1.00,0.81,0.81,0.66,0.66,1.00,0.66",17,0.00,0.33,"Image pack, Video, Related searches"
연애 궁합 테스트,Informational,260,"0.67,0.35,0.35,0.44,0.54,0.81,0.67,0.54,0.81,1.00,0.81,1.00",9,0.41,0.11,"Video, Related searches"
연애 능력 테스트,Informational,260,"0.81,0.81,0.53,0.53,0.53,0.66,0.53,0.66,0.81,0.53,0.81,1.00",17,0.69,0.05,"Video, Video carousel, Related searches"
연애 성격 테스트,Informational,260,"0.81,0.66,0.66,1.00,0.66,0.81,0.81,0.66,0.53,0.81,0.66,0.66",17,0.57,0.24,"Video, Related searches"
영어 테스트,Informational,260,"0.81,0.81,0.53,0.66,0.66,0.81,1.00,1.00,0.81,0.66,0.66,0.53",23,0.50,0.49,"Reviews, Instant answer, Video, Related searches"
윈도우 마이크 테스트,Informational,260,"1.00,0.81,0.81,0.81,1.00,0.66,0.81,0.81,1.00,0.81,0.81,0.81",24,0.00,0.33,"AI Overview, Reviews, Video, Video carousel, Related searches"
음식 취향 테스트,Informational,260,"1.00,0.81,0.81,0.81,0.66,0.81,0.66,0.66,0.66,0.53,0.53,0.53",10,0.00,0.33,"Image pack, Video, People also ask, Related searches"
음질 테스트,Informational,260,"0.81,0.81,0.81,0.81,0.81,0.81,0.81,0.81,1.00,0.81,0.66,0.81",16,0.00,0.33,"Sitelinks, Reviews, Video, Video carousel, People also ask, Related searches"
음치 테스트,Informational,260,"1.00,1.00,0.81,0.81,1.00,0.81,1.00,0.66,0.66,0.66,0.81,0.66",16,0.00,0.33,"Reviews, Image pack, Video, Video carousel, Short videos, People also ask, Related searches"
인성 테스트,Informational,260,"1.00,0.81,0.81,0.81,0.81,0.81,0.81,0.66,0.66,1.00,0.81,0.81",15,0.27,0.04,"Image pack, Video, Video carousel, Related searches"
인쇄 테스트,Informational,260,"0.66,0.66,0.66,0.66,0.81,0.81,1.00,0.66,1.00,0.81,1.00,0.66",11,0.00,0.33,"AI Overview, Image pack, Video, Video carousel, Related searches"
인수 테스트,Informational,260,"1.00,1.00,0.66,0.66,0.81,0.66,0.81,0.81,0.66,0.81,0.81,0.66",12,0.00,0.33,"Sitelinks, AI Overview, Image pack, Video, People also ask, Related searches"
인지 장애 테스트,Informational,260,"0.67,0.82,1.00,0.67,0.82,0.82,0.67,0.54,0.67,0.54,0.67,0.54",10,0.44,0.32,"AI Overview, Reviews, Image pack, Video, Video carousel, People also ask, Related searches"
임신 테스트 원리,Informational,260,"0.79,0.79,0.79,0.64,1.00,0.79,1.00,0.79,1.00,0.79,0.79,0.79",22,0.00,0.33,"Image pack, Video, Video carousel, People also ask, Related searches"
자의식 과잉 테스트,Informational,260,"1.00,0.81,0.81,0.81,0.66,0.81,0.66,0.53,0.81,0.66,0.66,0.66",3,0.00,0.01,"AI Overview, Image pack, Video, Video carousel, People also ask, Related searches"
재밌는 심리 테스트,Informational,260,"0.81,0.81,0.66,0.66,0.81,0.81,0.66,0.66,1.00,1.00,0.81,0.81",29,0.49,0.04,"Image pack, Video, People also ask, Related searches"
정신과 우울증 테스트,Informational,260,"1.00,0.81,0.81,0.66,1.00,0.66,1.00,1.00,0.66,0.81,0.81,0.81",22,1.12,0.35,"AI Overview, Image pack, Video, Video carousel, People also ask, Related searches"
정치 테스트,Informational,260,"0.54,0.44,0.44,0.54,0.44,0.44,0.67,0.44,0.36,0.54,1.00,1.00",21,0.00,0.33,"Video, Related searches"
정확한 심리 테스트 모음,Informational,260,"1.00,0.82,0.67,0.82,0.67,0.54,0.54,0.36,0.44,0.54,0.36,0.36",17,0.26,0.04,"Image pack, Video, Related searches"
조이스틱 테스트,Informational,260,"0.81,0.81,0.81,1.00,0.66,1.00,1.00,0.81,0.66,0.66,0.81,0.81",31,0.00,0.33,"Reviews, Video, People also ask, Related searches"
줌 테스트,"Informational, Transactional",260,"0.81,1.00,0.66,0.66,0.81,0.81,0.66,0.66,0.53,0.81,0.81,0.66",18,0.00,0.33,"Video, Related searches"
질투 테스트,Informational,260,"1.00,1.00,0.81,0.81,0.81,0.81,0.66,0.66,0.66,0.81,0.66,0.66",10,0.00,0.01,"Image, Video, Video carousel, Related searches"
질투심 테스트,Informational,260,"1.00,1.00,0.81,0.81,0.81,0.81,0.66,0.66,0.66,0.81,0.66,0.66",20,0.40,0.02,"Video, People also ask, Related searches"
캠 테스트,Informational,260,"0.66,0.53,0.81,0.81,1.00,0.81,0.81,0.81,1.00,1.00,1.00,0.81",22,0.00,0.33,"Video, Related searches"
커플 궁합 테스트,Informational,260,"1.00,1.00,0.81,1.00,0.65,1.00,1.00,0.65,0.81,1.00,1.00,0.81",20,0.32,0.07,"Image pack, Video, Related searches"
클릭 속도 테스트,Commercial,260,"1.00,0.54,0.81,0.54,0.44,0.29,0.44,0.54,0.54,0.44,0.29,0.29",11,0.00,0.00,"Reviews, Video, Related searches"
테스트 굿,Navigational,260,"0.67,0.44,0.54,0.54,0.67,0.82,1.00,0.67,0.82,0.67,0.54,0.54",27,0.00,0.01,"Sitelinks, Related searches"
테스트 이앤씨,Navigational,260,"0.81,0.81,1.00,0.53,0.53,0.66,1.00,0.66,0.66,0.66,0.66,1.00",16,0.00,0.01,"Reviews, People also ask, Knowledge panel, Related searches"
테스트 자동화,Informational,260,"1.00,1.00,1.00,0.81,1.00,0.81,0.81,0.54,0.81,0.65,0.54,0.65",14,1.45,0.30,"AI Overview, Video, Video carousel, Related searches, Ads bottom"
테스트 코드,Informational,260,"1.00,0.67,0.82,0.67,0.67,0.67,0.67,0.54,0.67,0.54,0.44,0.44",16,0.00,0.01,"Sitelinks, Image pack, Video, Related searches"
테스트 클리닉,Navigational,260,"0.29,0.81,0.19,0.24,0.36,0.54,0.44,0.81,0.19,0.24,0.29,1.00",18,0.64,0.16,"Sitelinks, Video, Related searches"
투자 성향 테스트,Informational,260,"0.67,0.44,0.67,0.67,1.00,0.67,0.44,0.44,0.44,0.35,0.81,0.54",10,0.86,0.05,"Video, Related searches"
트라우마 테스트,Informational,260,"1.00,0.67,0.44,0.54,0.44,0.44,0.44,0.54,0.54,0.35,0.35,0.29",8,0.17,0.14,"Reviews, Image pack, Video, People also ask, Related searches"
파워 서플라이 테스트,"Informational, Transactional",260,"1.00,1.00,1.00,1.00,1.00,1.00,1.00,0.65,1.00,0.81,0.81,0.81",15,0.00,0.01,"Video, Video carousel, Related searches"
파워 테스트,Informational,260,"1.00,0.66,0.81,0.81,0.81,0.81,0.81,0.66,0.66,0.66,0.53,0.53",11,0.00,0.33,"Image pack, Video, Video carousel, Related searches"
패트 로 누스 테스트,Informational,260,"0.67,0.67,0.67,0.54,0.23,0.82,1.00,1.00,0.54,0.54,0.67,0.54",17,0.00,0.33,Image pack
퍼스널리티,Informational,260,"0.81,0.81,1.00,1.00,0.81,1.00,0.81,0.81,1.00,1.00,1.00,1.00",25,0.00,0.02,"AI Overview, Image pack, Video, People also ask, Related searches"
편집증 테스트,Informational,260,"0.81,0.81,0.81,0.81,1.00,0.81,0.81,0.66,0.81,1.00,1.00,1.00",20,0.60,0.05,"Video, People also ask, Related searches"
풍산 자 테스트 북 3 1 답지,Informational,260,"0.12,0.15,0.19,0.08,0.12,0.15,0.66,0.66,0.66,0.81,0.66,1.00",3,0.00,0.33,Related searches
프린터 색상 테스트,Informational,260,"1.00,0.81,1.00,0.81,1.00,1.00,1.00,1.00,1.00,1.00,0.81,1.00",6,0.00,0.33,"AI Overview, Image pack, Video, Related searches"
핀 테스트,Informational,260,"0.81,0.81,1.00,1.00,1.00,0.81,0.66,0.66,0.81,0.81,0.66,0.66",18,0.00,0.33,"Video, Related searches"
핸드폰 성능 테스트,Informational,260,"1.00,1.00,0.81,0.81,0.81,0.66,1.00,0.81,1.00,0.81,0.81,0.81",17,0.00,0.33,"Reviews, Video, Video carousel, Short videos, People also ask, Related searches"
히키코모리 테스트,Informational,260,"1.00,1.00,0.81,1.00,0.81,0.81,1.00,0.81,0.66,0.66,0.66,0.53",10,0.00,0.33,"Image pack, Video, Related searches"
히포크라테스 기질 테스트,Informational,260,"0.81,1.00,0.81,0.81,0.81,0.66,0.81,0.66,1.00,0.81,0.66,0.53",7,0.00,0.33,"Image pack, Related searches"
big 5 성격 검사,"Informational, Transactional",210,"0.66,0.66,0.81,0.81,0.66,0.53,0.66,0.53,1.00,1.00,1.00,0.81",14,0.26,0.35,"Reviews, Image pack, Video, Video carousel, Related searches"
cpu 불량 테스트,Informational,210,"1.00,1.00,0.81,0.81,0.81,1.00,0.81,0.65,0.81,0.65,0.65,0.65",14,0.00,0.33,"AI Overview, Video, Video carousel, People also ask, Related searches"
dpaqlxldkdl,Informational,210,"1.00,0.81,1.00,1.00,0.81,0.81,1.00,0.81,0.81,1.00,0.81,0.81",34,0.00,0.00,"Reviews, Video, Video carousel, Related searches"
fps 반응 속도 테스트,Informational,210,"1.00,1.00,1.00,0.81,0.81,0.65,0.42,0.42,0.65,0.42,0.42,0.54",19,0.00,0.33,"Video, People also ask, Related searches"
fps 테스트,Informational,210,"0.81,1.00,0.65,1.00,0.81,0.81,0.81,0.81,1.00,0.81,0.81,0.81",10,0.00,0.33,"Reviews, Video, Related searches"
gpu 테스트,Informational,210,"0.65,0.65,0.65,0.65,1.00,0.65,1.00,0.81,0.81,0.81,0.65,0.65",12,0.00,0.01,"AI Overview, Video, Video carousel, Related searches"
mbti 성향,Informational,210,"0.81,0.81,1.00,0.81,0.81,1.00,1.00,1.00,1.00,1.00,0.81,0.81",24,0.04,0.03,"Image pack, Video, Video carousel, Related searches"
mbti 유료,Informational,210,"1.00,0.81,0.66,1.00,0.81,0.66,0.44,0.22,0.28,0.44,0.34,0.28",23,0.56,0.38,"AI Overview, Video, People also ask, Related searches"
mbti 이상형 테스트,Informational,210,"0.35,0.44,0.29,1.00,0.54,0.35,0.44,0.35,0.35,0.29,0.19,0.23",17,0.27,0.03,"Video, Related searches, Ads top, Ads bottom"
mbtl,Informational,210,"0.65,0.65,0.81,0.54,0.65,1.00,0.65,0.54,1.00,1.00,1.00,0.81",31,0.03,0.09,"Image pack, Video, Video carousel, Related searches"
ptsd 테스트,Informational,210,"0.81,0.65,1.00,0.65,0.81,1.00,0.65,0.65,0.65,0.54,0.65,1.00",10,0.64,0.16,"AI Overview, Image, Video, Related searches"
sla 테스트,Informational,210,"0.06,1.00,0.18,0.41,0.06,0.06,0.18,0.41,0.06,0.06,0.06,0.18",6,0.00,0.01,"Image, Related searches"
sql 코딩 테스트,Commercial,210,"1.00,0.65,1.00,0.65,0.65,0.54,0.81,0.65,0.65,0.65,0.42,0.35",9,0.52,0.34,"Video, People also ask"
ssd 불량 테스트,Informational,210,"0.81,0.65,0.65,0.81,0.65,0.81,1.00,0.81,0.81,0.65,0.65,0.65",12,0.00,0.33,"Sitelinks, AI Overview, Video, Video carousel, People also ask"
ssd 속도 테스트,Informational,210,"0.34,0.44,0.44,0.44,0.66,0.81,1.00,0.81,1.00,0.66,0.53,0.53",13,0.00,0.01,"Sitelinks, AI Overview, Video, Video carousel, Related searches"
ssd 테스트,Informational,210,"0.81,0.81,0.65,0.65,1.00,0.65,1.00,0.81,0.81,0.65,0.65,0.65",11,0.00,0.33,"AI Overview, Video, Video carousel, People also ask, Related searches"
ㅇ ㅂㅅ,Informational,210,"0.44,0.54,0.36,0.44,0.44,0.44,0.44,0.36,0.36,0.67,1.00,0.82",16,0.00,0.33,Related searches
性格,Informational,210,"0.65,0.65,0.81,0.81,0.81,0.81,0.65,0.65,1.00,0.81,0.81,0.81",29,0.00,0.33,"AI Overview, Image pack, Video, People also ask"
간단한 아이큐 테스트,Informational,210,"0.54,0.28,0.36,0.36,0.36,0.67,0.54,0.82,0.67,1.00,0.67,0.82",23,0.12,0.24,"Reviews, Video, Video carousel, Related searches"
강박 장애 테스트,Informational,210,"0.81,0.81,1.00,1.00,1.00,1.00,1.00,1.00,0.81,0.81,0.81,1.00",9,0.43,0.18,"Video, People also ask, Related searches, Ads top, Ads bottom"
거북 목 테스트,"Informational, Transactional",210,"0.66,0.81,1.00,0.53,0.44,0.53,0.53,0.53,0.53,0.66,0.53,0.53",19,0.00,0.01,"Image pack, Video, Video carousel, Short videos, Related searches"
경계 성 지능 장애 테스트,Informational,210,"1.00,0.44,0.53,0.28,0.28,1.00,0.53,0.81,0.66,1.00,1.00,0.66",13,0.16,0.35,"AI Overview, Reviews, Image pack, Video, Video carousel, People also ask, Related searches"
고소 공포증 테스트,Informational,210,"0.65,0.54,0.54,0.65,0.65,0.65,1.00,1.00,1.00,0.81,1.00,0.81",12,0.00,0.33,"Image pack, Video, Video carousel, Short videos, Related searches"
고양이 테스트,Informational,210,"0.81,1.00,0.81,0.53,0.53,0.81,0.66,0.66,0.44,0.34,0.44,0.53",10,0.00,0.33,"Video, Related searches"
공 수 테스트,Informational,210,"0.36,0.54,0.23,0.44,0.67,0.67,0.82,0.67,1.00,0.82,1.00,0.67",16,0.00,0.33,"Video, Related searches"
남자 쿨톤 웜톤 테스트,Informational,210,"0.81,0.81,0.65,0.81,1.00,0.81,0.65,0.81,1.00,0.65,0.54,0.54",23,0.00,0.01,"Image pack, Video, Related searches"
네이버 코딩 테스트,Informational,210,"0.44,0.54,0.36,0.28,0.44,0.54,0.67,0.54,0.82,0.67,0.67,1.00",7,3.15,0.01,"Sitelinks, Video, Related searches"
노래 실력 테스트,Informational,210,"0.81,0.81,0.66,0.66,0.53,0.66,1.00,0.66,0.66,0.81,0.66,0.66",14,0.00,0.01,"Reviews, Video, Video carousel, Short videos, Related searches"
노사모 테스트,Informational,210,"0.54,0.28,0.54,0.82,1.00,0.67,0.67,0.44,0.44,0.44,0.54,0.36",22,0.00,0.33,"AI Overview, Image pack, Video, Related searches"
뇌졸증 테스트,Informational,210,"0.81,0.81,1.00,0.81,0.65,0.81,0.81,0.81,0.81,0.54,0.54,0.65",10,1.21,0.04,"AI Overview, Image, Image pack, Video, Video carousel, Short videos, People also ask, Related searches"
눈치 테스트,Informational,210,"0.81,1.00,0.81,0.81,0.81,0.81,0.81,0.81,0.65,0.81,0.81,0.81",13,0.00,0.33,"Video, People also ask, Related searches"
더글로리 mbti 테스트,Informational,210,"0.00,0.00,0.00,0.00,0.00,0.00,0.00,0.00,0.00,0.00,0.00,1.00",15,3.05,0.00,"Reviews, Video"
더마 테스트,Informational,210,"0.81,0.66,0.66,0.66,0.81,0.53,0.81,0.53,0.81,0.81,0.81,1.00",10,0.60,0.01,"AI Overview, Image pack, Video, Video carousel, Related searches"
동물 성격 테스트,Informational,210,"0.65,1.00,0.65,0.81,0.65,0.81,0.65,0.65,1.00,1.00,0.81,1.00",12,0.00,0.01,"Video, Video carousel, Related searches"
디즈니 공주 테스트,Informational,210,"0.66,1.00,1.00,0.53,0.53,0.66,0.66,0.53,0.53,0.44,0.44,0.44",15,0.00,0.01,"Image pack, Video, Related searches"
리크 테스트,Informational,210,"0.53,0.66,1.00,0.53,0.81,0.53,0.66,0.66,0.81,0.66,0.66,0.66",7,0.60,0.04,"AI Overview, Image pack, Video, People also ask, Related searches"
마우스 끊김 테스트,Informational,210,"1.00,1.00,0.81,0.81,0.81,0.65,0.81,0.65,0.65,1.00,0.65,0.54",13,0.00,0.33,"AI Overview, Video, Video carousel, Related searches"
마우스 테스트 프로그램,Informational,210,"0.53,0.66,0.81,0.81,0.81,0.66,0.53,0.66,1.00,0.16,0.22,0.66",11,0.00,0.33,"Reviews, Video, Related searches"
마이크 테스트 방법,Informational,210,"0.44,0.44,0.53,0.66,0.66,0.66,0.66,0.81,0.81,1.00,1.00,1.00",21,0.00,0.33,"AI Overview, Video, Related searches"
매우 정확한 심리 테스트,Informational,210,"0.53,0.66,0.44,0.66,1.00,0.81,0.81,0.81,0.81,0.81,0.66,0.53",21,0.71,0.04,"AI Overview, Video, Related searches"
멘사 테스트 문제,Informational,210,"0.54,0.44,0.36,0.29,0.19,0.29,0.36,0.36,0.54,0.54,0.81,1.00",19,0.29,0.15,"Image pack, Video, Video carousel, People also ask, Related searches, Ads bottom"
멘탈 테스트,Informational,210,"0.66,0.53,0.66,0.44,0.53,0.66,0.81,0.81,0.66,0.81,1.00,1.00",10,0.27,0.02,"Video, Related searches"
모니터 빛샘 테스트,Informational,210,"0.36,0.44,0.36,0.28,0.44,0.44,0.67,0.67,0.82,1.00,0.82,1.00",15,0.00,0.33,"Image pack, Video, People also ask, Related searches"
모니터 화소 테스트,Navigational,210,"0.35,0.35,0.35,0.23,0.23,0.29,0.44,1.00,1.00,0.67,0.44,0.35",5,0.00,0.33,"Video, Related searches"
못 생김 테스트,Informational,210,"0.81,1.00,0.81,0.81,0.66,0.66,0.66,0.53,0.44,0.44,0.34,0.44",12,0.00,0.33,"AI Overview, Video, Related searches"
민감도 테스트,Informational,210,"1.00,0.36,0.29,0.29,0.24,0.29,0.29,0.24,0.24,0.19,0.15,0.12",25,0.12,0.04,"Video, People also ask, Related searches"
버피 테스트 100 개 칼로리,Informational,210,"0.53,0.66,0.53,0.53,0.66,0.66,1.00,0.66,0.81,0.66,0.66,0.66",21,0.00,0.33,"AI Overview, Image pack, Video, Related searches"
범 성애 테스트,Informational,210,"0.81,0.81,1.00,1.00,1.00,0.65,0.65,0.65,0.54,0.54,0.54,0.54",19,0.00,0.01,"Video, People also ask, Related searches"
병목 현상 테스트,Informational,210,"1.00,0.81,0.81,0.81,1.00,0.65,1.00,0.81,0.81,0.65,0.54,0.42",12,0.00,0.33,"AI Overview, Video, Video carousel, Related searches"
빛샘 테스트,Informational,210,"0.44,0.67,0.44,0.44,0.44,0.44,0.82,1.00,1.00,1.00,1.00,1.00",13,0.00,0.33,"Image pack, Video, Video carousel, Related searches"
사랑 유형 검사,Informational,210,"0.23,0.28,0.82,0.82,0.54,0.36,0.44,0.28,0.36,1.00,0.54,0.44",8,0.00,0.01,"Image pack, Video, Related searches"
사랑 의 5 가지 언어 테스트,Informational,210,"0.44,0.53,0.53,0.44,0.53,0.66,0.66,1.00,0.66,0.81,0.81,0.53",9,0.33,0.05,"Reviews, Video, People also ask, Related searches"
상사병 증상 테스트,Informational,210,"1.00,1.00,1.00,0.81,0.81,0.81,0.65,0.27,0.65,0.65,0.54,0.42",23,0.00,0.33,"AI Overview, Video, People also ask, Related searches"
색 구분 테스트,Informational,210,"1.00,1.00,0.81,0.53,0.53,0.53,0.44,0.53,1.00,0.66,0.81,0.81",11,0.00,0.33,"Image pack, Video, Related searches"
성 소수자 테스트,Informational,210,"0.53,0.81,0.66,1.00,0.81,0.66,0.66,0.44,0.53,0.34,0.53,0.81",15,0.00,0.33,"Image pack, Video, Related searches"
성 심리 테스트,Informational,210,"0.54,1.00,0.81,1.00,0.81,0.81,1.00,0.54,0.54,0.65,0.65,0.65",22,0.00,0.07,"Video, Related searches"
성격 심리 테스트,Informational,210,"1.00,1.00,0.81,0.66,0.44,0.53,0.44,0.44,0.44,0.34,0.34,0.44",18,0.15,0.03,"Video, Video carousel, Related searches"
성격 장애 테스트,Informational,210,"0.81,0.81,1.00,1.00,0.81,0.65,0.65,0.65,0.65,0.65,0.65,0.65",6,0.30,0.13,"Image, Video, People also ask"
속궁합 사이트,Informational,210,"0.53,0.66,0.44,0.44,0.53,0.66,0.81,0.81,0.66,0.53,1.00,0.53",15,0.61,0.04,"AI Overview, Related searches, Ads bottom"
속궁합 시뮬레이터,Informational,210,"0.44,0.54,0.19,0.19,0.23,0.35,0.54,0.67,0.81,0.81,1.00,1.00",10,0.00,0.33,
속궁합 테스트,Informational,210,"0.53,0.81,0.66,0.66,0.66,0.66,1.00,0.81,0.66,0.66,0.66,0.66",21,0.38,0.12,"Image pack, Video, Related searches"
순결 테스트,Informational,210,"0.04,0.04,1.00,0.06,0.06,0.05,0.04,0.04,0.05,0.04,0.04,0.03",15,0.00,0.33,"Sitelinks, Related searches"
스트 룹 테스트,"Informational, Transactional",210,"0.81,0.66,0.66,0.66,0.66,0.44,0.34,0.44,0.66,0.81,1.00,0.81",18,0.00,0.33,"Video, Video carousel, People also ask, Knowledge panel, Related searches"
심심풀이,Informational,210,"0.66,0.81,0.66,0.66,0.66,0.66,0.81,0.81,0.81,0.66,1.00,1.00",27,0.00,0.33,"AI Overview, Image pack, Video, Related searches"
아이큐 테스트 문제,Informational,210,"0.81,0.81,0.65,0.81,0.81,0.81,0.81,0.81,1.00,1.00,0.81,0.81",21,0.16,0.26,"Image pack, Video, Video carousel, Related searches, Ads middle"
알렌 테스트,Informational,210,"0.42,0.65,0.81,0.65,0.81,1.00,1.00,0.54,0.81,1.00,0.65,1.00",11,0.00,0.33,"AI Overview, Image, Image pack, Video, Video carousel, Related searches"
암 슬러 격자 테스트,Informational,210,"0.42,0.81,0.81,0.81,0.65,0.65,1.00,1.00,0.81,1.00,1.00,1.00",8,0.00,0.33,"Image, Image pack, Video, Video carousel, People also ask, Related searches"
애니 테스트,Informational,210,"0.81,0.65,0.65,0.81,0.65,0.65,1.00,1.00,0.65,0.81,0.81,0.81",6,0.00,0.33,"Image pack, Video, Related searches"
애착 테스트,Informational,210,"0.34,0.81,0.53,0.66,0.66,0.81,0.81,1.00,0.81,0.66,0.66,0.53",16,0.08,0.06,"Image pack, Video, Related searches"
어깨 충돌 증후군 테스트,Informational,210,"1.00,0.67,0.82,0.67,0.67,0.54,0.54,0.44,0.44,0.36,0.44,0.23",11,0.34,0.05,"AI Overview, Image pack, Video, Video carousel, People also ask, Related searches"
에고 그램 테스트 결과 모음,Informational,210,"0.54,0.67,0.67,0.54,0.67,1.00,0.54,0.44,0.54,0.67,0.54,0.44",6,0.00,0.33,"Image pack, Related searches"
여자 취향 테스트,Informational,210,"0.81,0.81,0.81,1.00,0.81,0.81,1.00,0.81,0.54,0.65,0.81,0.65",21,0.62,0.06,"Image pack, Video, People also ask, Related searches"
연애 타입 테스트,Informational,210,"0.19,0.12,0.24,1.00,0.54,0.66,0.54,0.36,0.29,0.29,0.29,0.24",8,0.23,0.14,"Reviews, Image, Video, Related searches"
연인 테스트,Informational,210,"0.81,0.65,0.81,0.81,0.65,1.00,0.81,0.81,0.81,0.81,1.00,1.00",11,0.58,0.11,"Image pack, Video, Related searches"
영어 억양 테스트,Informational,210,"0.66,0.66,0.66,0.66,0.66,0.66,1.00,0.81,0.81,0.66,0.66,0.66",15,0.94,0.07,"Sitelinks, Reviews, Video, People also ask, Related searches"
오링 테스트,Informational,210,"0.65,1.00,0.81,0.65,0.81,0.65,0.81,1.00,1.00,1.00,1.00,0.65",19,0.00,0.33,"Image pack, Video, Video carousel, Related searches"
완벽 주의 테스트,Informational,210,"0.54,0.65,0.81,0.81,0.81,1.00,1.00,0.81,0.81,1.00,1.00,1.00",16,0.04,0.02,"Reviews, Image pack, Video, Video carousel, Related searches"
외로움 테스트,Informational,210,"0.81,0.81,0.81,0.81,0.81,1.00,1.00,0.65,0.65,0.65,0.81,0.81",11,0.20,0.06,"Image pack, Video, Related searches"
우울증 자가 진단 테스트 k bdi,Informational,210,"1.00,0.81,1.00,0.81,1.00,1.00,1.00,0.81,0.54,0.65,1.00,0.81",5,0.95,0.26,"AI Overview, Video, Related searches"
우정 테스트 게임,Informational,210,"0.19,0.29,0.12,0.08,0.08,0.19,0.29,0.44,0.54,0.66,1.00,0.81",10,0.00,0.33,"Reviews, Video, Related searches"
운세 테스트,Informational,210,"1.00,0.81,1.00,1.00,0.81,1.00,0.81,0.65,0.65,0.81,0.81,0.81",17,0.18,0.11,"People also ask, Related searches"
유닛 테스트,Informational,210,"1.00,0.81,0.81,0.65,0.81,0.65,0.81,0.54,1.00,0.81,0.81,0.65",23,0.00,0.01,"Sitelinks, AI Overview, Video, Knowledge panel, Related searches"
유형 검사,Informational,210,"0.67,0.67,0.54,0.36,0.54,0.44,0.44,0.44,0.67,1.00,0.82,0.54",15,0.15,0.03,"Image pack, Video, Related searches"
음감 테스트,Informational,210,"0.67,0.54,0.54,0.35,0.44,0.35,0.29,0.29,0.35,1.00,0.67,0.44",12,0.00,0.33,"Video, Video carousel, People also ask, Related searches"
이어폰 테스트,"Informational, Transactional",210,"0.24,0.24,0.29,0.19,0.24,0.19,0.19,0.19,1.00,0.29,0.29,0.24",15,0.00,0.33,"Video, Video carousel, People also ask, Related searches"
인성 검사 무료 모의 테스트,Informational,210,"1.00,1.00,0.81,1.00,0.65,0.42,0.42,0.42,1.00,0.81,0.42,0.27",11,0.43,0.13,"AI Overview, Video, Related searches"
인지 능력 테스트,Informational,210,"0.81,0.81,1.00,0.81,0.81,0.65,0.81,1.00,0.65,0.81,0.65,0.65",11,0.27,0.17,"AI Overview, Reviews, Image pack, Video, Video carousel, Related searches, Ads bottom"
일베 테스트,"Informational, Transactional",210,"0.66,0.53,0.66,0.44,0.44,0.66,0.53,0.53,0.66,0.66,1.00,0.81",11,0.00,0.33,
일본어 테스트,Informational,210,"0.81,1.00,1.00,0.81,0.81,1.00,1.00,1.00,1.00,1.00,0.81,1.00",9,0.45,0.08,"Image pack, Video, Video carousel, Related searches"
재미있는 심리 테스트 모음,Informational,210,"1.00,0.81,0.65,0.81,1.00,1.00,0.81,0.81,0.54,0.81,0.19,0.42",15,0.00,0.01,"Video, People also ask, Related searches"
정신 질환 테스트,Informational,210,"1.00,0.81,0.81,0.81,0.81,0.81,0.65,0.81,0.81,0.65,0.65,0.81",15,0.82,0.28,"Video, Related searches"
종합 심리 검사 무료,Informational,210,"1.00,1.00,0.81,1.00,0.81,1.00,1.00,0.81,1.00,1.00,0.81,1.00",14,4.70,0.16,"AI Overview, Video, People also ask, Related searches"
좌우 음향 테스트,"Informational, Transactional",210,"0.66,0.66,0.81,0.66,0.66,0.66,0.66,0.66,1.00,0.53,0.66,0.66",13,0.00,0.33,"Video, Video carousel, People also ask, Related searches"
줄임말 테스트,Informational,210,"0.12,0.05,0.29,0.15,0.12,0.36,0.29,0.54,0.54,0.54,0.81,1.00",23,0.00,0.33,"Image pack, Video, Related searches"
진동 테스트,Informational,210,"0.81,0.65,0.81,0.65,0.81,0.81,0.81,0.81,0.81,0.81,0.65,1.00",10,0.86,0.17,"Reviews, Image pack, Video, People also ask, Related searches"
집착 테스트,Informational,210,"0.53,0.53,0.44,0.44,0.44,0.66,0.81,0.81,0.66,0.81,1.00,0.81",12,0.37,0.05,"Reviews, Video, Video carousel, Related searches"
창의력 테스트,Informational,210,"0.29,0.19,0.24,0.24,0.24,0.36,0.44,0.66,0.66,0.81,1.00,1.00",14,0.00,0.33,"Image pack, Video, Video carousel, Related searches"
치매 테스트 그림,"Informational, Transactional",210,"0.53,0.34,0.44,0.81,0.53,0.66,0.53,0.44,0.81,1.00,1.00,1.00",23,0.00,0.02,"Image, Image pack, Video, Video carousel, Related searches"
컨트롤 프릭 테스트,Informational,210,"0.17,0.14,0.26,0.26,0.32,0.32,0.26,0.21,0.17,0.14,1.00,0.39",17,0.00,0.33,Related searches
컴퓨터 마이크 테스트,Informational,210,"0.81,1.00,1.00,1.00,1.00,1.00,1.00,1.00,1.00,1.00,1.00,1.00",11,0.00,0.33,"AI Overview, Video, Video carousel, Related searches"
코딩 테스트 벼락치기,"Informational, Transactional",210,"0.66,0.81,1.00,0.81,0.66,0.53,0.66,0.44,0.66,0.66,0.28,0.22",7,0.76,0.08,"Video, Related searches"
테스트 론,Navigational,210,"1.00,1.00,0.65,0.54,0.65,0.65,0.65,0.42,0.54,0.54,0.54,0.65",13,0.00,0.33,"Image pack, Knowledge panel, Related searches"
테스트 만들기,Informational,210,"1.00,0.81,0.53,0.66,0.66,0.66,0.53,0.44,0.44,0.53,0.53,0.53",10,0.00,0.01,"Sitelinks, Video, Video carousel, Related searches"
파워 고장 테스트,Informational,210,"1.00,0.19,0.01,0.36,0.82,0.03,0.10,0.01,0.02,0.01,0.01,0.10",15,0.00,0.33,"AI Overview, Video, Video carousel, Related searches"
풋섭,Informational,210,"0.19,0.10,0.15,0.19,0.19,0.24,0.29,0.44,0.44,0.67,0.82,1.00",23,0.00,0.33,AI Overview
풍산 자 테스트 북 2 1 답지,Informational,210,"0.44,0.28,0.36,0.13,0.13,0.18,0.54,0.54,1.00,0.82,0.67,0.82",5,0.00,0.33,"Reviews, Related searches"
프린트 테스트,Informational,210,"0.44,0.66,0.66,0.66,0.66,0.66,1.00,0.81,1.00,0.81,0.53,0.81",10,0.00,0.33,"AI Overview, Image pack, Video, Related searches"
플레이 성향 테스트,Informational,210,"0.08,0.15,0.12,0.29,0.66,0.66,0.81,0.66,1.00,0.81,0.66,0.54",12,0.01,0.02,Related searches
피부톤 테스트,Informational,210,"0.12,0.12,0.10,0.15,0.12,0.24,0.36,0.54,0.54,0.54,0.82,1.00",22,0.00,0.33,"Video, People also ask, Related searches"
피터팬 증후군 테스트,Informational,210,"1.00,0.81,0.81,1.00,1.00,0.81,1.00,0.81,0.81,0.81,0.81,0.81",7,0.01,0.08,"Image pack, Video, Related searches"
해리 성 인격 장애 테스트,Commercial,210,"1.00,0.65,0.81,0.81,0.65,0.81,0.81,0.81,0.81,0.65,0.54,0.65",13,0.63,0.14,"Video, People also ask, Related searches"
해리포터 가문 테스트,Informational,210,"1.00,0.66,0.66,0.66,0.81,1.00,0.66,0.53,0.34,0.28,0.44,0.28",14,0.00,0.33,"Video, Related searches"
해리포터 캐릭터 테스트,Informational,210,"0.66,0.66,0.34,0.66,0.66,1.00,0.81,0.66,0.44,0.44,0.53,0.44",14,0.00,0.33,"Image pack, Video, Related searches"
핸드폰 진동 테스트,Informational,210,"0.81,1.00,0.81,0.54,0.54,0.65,0.81,0.81,0.65,0.65,0.65,0.65",15,0.00,0.01,"Reviews, Video, People also ask, Related searches"
헤드셋 테스트,"Informational, Transactional",210,"0.81,0.65,0.65,0.81,0.81,0.65,1.00,0.81,0.81,0.81,0.81,0.81",16,0.00,0.33,"Reviews, Video, Video carousel, People also ask, Related searches"
현대 자동차 코딩 테스트,Informational,210,"0.17,0.07,0.09,0.07,0.05,0.07,0.07,0.04,0.72,1.00,0.17,0.11",10,1.50,0.04,"Video, Video carousel, People also ask, Related searches"
혈액형 테스트,Informational,210,"0.54,0.44,0.44,0.44,0.44,1.00,0.54,0.54,0.44,0.44,0.44,0.36",14,0.33,0.01,"Image pack, Video, Video carousel, People also ask, Related searches"
화소 테스트,Navigational,210,"0.66,0.66,0.66,0.53,0.53,0.53,0.66,0.66,0.81,0.81,1.00,1.00",8,0.00,0.33,"Image pack, Video, Video carousel, Related searches"
흉곽 출구 증후군 테스트,Informational,210,"0.54,0.67,1.00,1.00,0.67,0.44,0.23,0.23,0.35,0.19,0.23,0.23",15,0.00,0.00,"AI Overview, Image, Image pack, Video, Related searches"
19 금 심리 테스트,Informational,170,"0.67,0.81,0.52,0.81,0.67,1.00,1.00,0.81,0.67,1.00,1.00,0.81",14,0.00,0.33,"Image pack, Video"
bj 찾기,Informational,170,"0.42,0.54,0.54,0.81,1.00,0.81,0.65,0.65,0.65,0.54,0.35,0.42",17,0.00,0.33,
bl 테스트,Informational,170,"0.12,0.24,0.08,0.08,1.00,0.29,0.24,0.29,0.24,0.15,0.29,0.24",9,0.77,0.05,"AI Overview, Reviews, Video, Related searches"
cpu 부하 테스트,Informational,170,"0.81,0.81,0.81,0.81,0.81,0.81,1.00,0.81,0.81,1.00,0.81,0.81",11,0.00,0.33,"AI Overview, Reviews, Video, Related searches"
hz 테스트,Informational,170,"0.65,0.81,0.81,0.65,0.65,0.65,0.81,0.81,1.00,0.65,0.65,0.65",17,0.00,0.33,"Reviews, Video, Related searches"
idrlabs 테스트,"Navigational, Transactional",170,"0.29,0.24,0.24,0.19,0.36,0.29,0.24,0.24,0.19,0.24,0.19,1.00",31,0.00,0.01,Related searches
iq 테스트 문제,Informational,170,"0.81,0.81,0.52,0.81,0.81,0.81,0.81,0.67,1.00,1.00,0.67,0.81",19,0.23,0.17,"AI Overview, Image pack, Video, Video carousel, People also ask, Related searches"
kpga 프로 테스트,Informational,170,"0.11,0.09,0.07,0.11,0.07,0.03,0.05,0.05,0.09,1.00,0.09,0.14",13,0.00,0.01,"AI Overview, Video, Video carousel, Related searches"
mbti 검사지,Informational,170,"1.00,1.00,0.67,0.81,0.81,1.00,0.81,0.52,0.81,1.00,0.81,0.67",19,0.08,0.06,"Image, Image pack, Video, Video carousel, Related searches, Ads top"
mbti 분석,Informational,170,"0.82,0.65,0.82,1.00,1.00,1.00,0.82,0.82,1.00,0.82,0.82,0.82",25,0.06,0.09,"Image pack, Video, Related searches"
mbti 해석,Informational,170,"0.81,1.00,0.67,0.81,0.81,0.81,1.00,0.67,1.00,0.81,0.81,0.67",26,0.00,0.01,"Image pack, Video, Video carousel, Related searches"
occt 파워 테스트,Informational,170,"1.00,1.00,1.00,1.00,0.43,0.67,1.00,1.00,1.00,1.00,1.00,1.00",17,0.00,0.33,"Video, Video carousel, People also ask, Related searches"
sm 심리 테스트,Informational,170,"1.00,0.34,0.03,0.03,0.03,0.16,0.06,0.09,0.28,0.03,0.03,0.12",10,0.00,0.02,"Video, Related searches"
가면 우울증 테스트,Informational,170,"0.81,1.00,1.00,1.00,0.81,0.35,0.35,0.65,0.81,0.42,0.35,0.27",20,0.41,0.02,"Image pack, Video, Video carousel, People also ask, Related searches"
가치관 테스트,Informational,170,"0.67,0.81,0.67,0.67,0.67,0.67,0.67,0.52,0.81,0.81,0.67,1.00",10,0.50,0.04,"Video, Related searches"
강점 테스트,Informational,170,"0.44,0.36,0.36,0.23,1.00,0.23,0.36,0.28,0.36,0.44,0.54,0.44",8,0.13,0.12,"Image pack, Video, Video carousel, Related searches"
결혼 테스트,Informational,170,"0.81,0.81,0.81,0.81,1.00,0.67,0.67,0.52,0.67,0.52,0.52,0.52",8,1.02,0.40,"Video, Related searches, Ads top, Ads bottom"
경아 의 포르노 테스트,Informational,170,"0.81,1.00,0.81,1.00,0.81,0.81,0.67,0.67,0.67,0.52,0.43,1.00",14,0.00,0.33,
공기업 인성 검사 모의 테스트,Informational,170,"0.42,0.54,0.54,0.81,0.81,0.27,0.54,0.65,0.65,1.00,0.81,0.42",10,0.39,0.16,"AI Overview, Video, Video carousel, Related searches, Ads top, Ads middle"
공주 테스트,Informational,170,"1.00,1.00,0.65,0.65,1.00,0.65,0.53,0.53,1.00,0.65,0.65,0.82",13,0.00,0.33,"Image pack, Video, Related searches"
구름 코딩 테스트,Informational,170,"0.36,0.36,0.44,0.36,0.44,0.18,1.00,0.23,0.18,0.44,0.23,0.18",17,0.91,0.06,Related searches
그래픽 테스트,Informational,170,"0.65,0.65,0.65,0.65,0.81,0.81,1.00,0.65,0.81,0.81,1.00,0.65",15,0.00,0.33,"AI Overview, Reviews, Video, Video carousel"
근탑,Informational,170,"0.44,0.28,0.28,0.36,0.28,0.54,0.54,0.44,0.44,0.44,1.00,0.67",23,0.00,0.33,
기억력 테스트 게임,Informational,170,"0.81,0.81,0.52,0.67,0.67,1.00,1.00,1.00,0.81,1.00,1.00,1.00",13,0.46,0.05,"Reviews, Video, Video carousel, People also ask, Related searches"
나 에게 맞는 직업 테스트,Informational,170,"0.81,1.00,0.81,1.00,0.81,0.81,0.52,0.67,0.81,0.67,0.81,0.67",20,0.22,0.25,"Reviews, Image pack, Video, Related searches"
나이 테스트,Informational,170,"0.67,0.67,0.67,0.67,0.52,0.81,0.81,1.00,0.81,0.81,1.00,0.81",21,0.00,0.33,"Reviews, Image pack, Video, People also ask, Related searches"
뇌 구조 테스트,Informational,170,"1.00,1.00,0.81,0.81,1.00,0.81,0.81,0.52,0.81,0.81,0.67,0.81",14,0.00,0.01,"Reviews, Image pack, Video, Related searches"
누드 테스트,Informational,170,"0.81,0.81,0.65,0.65,0.81,0.54,0.65,1.00,0.65,0.65,0.81,0.81",12,0.00,0.33,"Image pack, Video, Video carousel, Related searches"
당뇨 테스트,Informational,170,"0.82,0.82,1.00,1.00,1.00,0.82,1.00,1.00,0.82,0.82,1.00,1.00",19,0.19,0.37,"AI Overview, Image pack, Video, Video carousel, People also ask, Related searches"
돼지 력 테스트,Informational,170,"0.53,0.81,0.53,0.53,0.53,0.53,0.53,0.53,0.53,0.66,1.00,1.00",20,0.00,0.33,"Reviews, Image, Image pack, Video, Video carousel, Short videos, Knowledge panel"
듀오 링고 영어 테스트,"Informational, Transactional",170,"0.67,0.67,0.81,0.67,0.81,1.00,0.67,1.00,1.00,0.81,0.67,0.67",20,0.18,0.24,"Reviews, Video, Video carousel, People also ask, Related searches"
램 오버 테스트,Informational,170,"1.00,1.00,0.67,0.81,1.00,1.00,1.00,0.67,0.67,0.67,0.67,0.43",11,0.00,0.33,"Video, Video carousel, Related searches"
레즈비언 테스트,Informational,170,"0.65,0.65,0.54,0.81,0.54,0.42,0.65,0.54,1.00,0.81,0.65,0.54",12,0.00,0.33,"Video, Related searches"
로보 어드바이저 테스트 베드,Navigational,170,"1.00,0.81,0.67,0.67,0.67,0.67,0.67,0.43,0.67,0.81,0.52,0.43",5,0.00,0.33,Related searches
리듬감 테스트,Informational,170,"0.34,0.44,0.44,0.53,0.53,0.81,1.00,0.53,0.44,0.34,0.34,0.28",10,0.00,0.33,"Reviews, Video, Video carousel, Related searches"
리플리 증후군 테스트,Informational,170,"0.65,0.65,1.00,0.65,0.65,0.65,0.81,0.54,0.54,0.54,0.81,0.54",2,0.00,0.33,"Image pack, Video, Related searches"
마우스 고장 테스트,Informational,170,"1.00,0.65,0.65,0.65,0.42,0.65,0.65,0.65,0.65,0.65,0.54,0.81",15,0.00,0.33,"AI Overview, Video, People also ask, Related searches"
마우스 버튼 테스트,Informational,170,"0.67,0.81,0.81,1.00,1.00,0.81,1.00,1.00,1.00,0.81,0.81,1.00",13,0.00,0.33,"Video, Related searches"
마우스 입력 테스트,Informational,170,"1.00,0.81,0.81,1.00,0.67,0.81,1.00,1.00,0.81,1.00,1.00,1.00",15,0.00,0.33,"Video, People also ask, Related searches"
마자요,Navigational,170,"0.44,0.28,0.34,0.53,1.00,0.81,0.81,0.53,0.53,0.34,0.34,0.44",31,0.00,0.33,"Sitelinks, AI Overview, Related searches"
마조 테스트,Informational,170,"1.00,0.65,0.65,0.54,0.42,0.65,0.65,0.54,0.54,0.81,0.65,0.65",23,0.00,0.01,
마조히스트 테스트,Informational,170,"1.00,0.65,0.65,0.54,0.42,0.65,0.65,0.54,0.54,0.81,0.65,0.65",19,0.00,0.01,"Video, Related searches"
매경 테스트 기출,Informational,170,"0.53,0.28,0.44,0.16,0.44,0.34,0.34,0.66,0.81,1.00,0.81,0.81",22,0.00,0.07,"Reviews, Video, Video carousel, People also ask, Related searches"
매경 테스트 일정,Informational,170,"0.81,0.67,0.81,0.52,0.67,0.52,0.81,0.67,1.00,1.00,1.00,1.00",22,0.00,0.33,"AI Overview, Related searches"
매일 경제 테스트,Navigational,170,"1.00,0.67,0.81,0.67,0.67,0.81,0.81,0.52,1.00,1.00,0.67,0.81",31,0.00,0.01,"Sitelinks, Video, People also ask, Related searches"
메이플 직업 테스트,Informational,170,"0.44,0.19,0.19,0.15,0.19,0.35,0.15,0.15,0.23,0.19,0.35,1.00",11,0.00,0.33,"Video, People also ask, Related searches"
메인 보드 불량 테스트,Informational,170,"1.00,1.00,1.00,0.81,1.00,1.00,0.81,0.67,0.67,0.67,0.43,0.43",9,0.00,0.33,"AI Overview, Video, Video carousel, Related searches"
모과 테스트,Informational,170,"0.27,1.00,0.42,0.65,0.54,0.42,0.65,1.00,0.42,0.42,0.27,0.27",15,0.00,0.33,"AI Overview, Image pack, Video, People also ask"
모니터 밝기 테스트,Informational,170,"0.06,0.08,0.08,0.08,0.12,0.19,0.44,0.55,0.55,0.82,1.00,1.00",8,0.00,0.33,"Image pack, Video, People also ask, Related searches"
모니터 색감 테스트,Informational,170,"0.65,0.54,0.65,0.81,0.65,0.65,1.00,0.81,1.00,0.81,0.81,0.81",8,0.00,0.33,"Video, Related searches"
모니터 응답 속도 테스트,Informational,170,"0.44,0.54,0.36,0.36,0.36,0.36,0.54,0.67,0.67,0.67,0.82,1.00",17,0.00,0.33,"Video, Related searches"
목성 공포증 테스트,Informational,170,"0.66,0.53,1.00,0.44,0.44,0.44,0.28,0.22,0.28,0.28,0.34,0.34",17,0.00,0.33,"Sitelinks, Image pack, Video, Video carousel, Short videos, Related searches"
목소리 테스트,Informational,170,"0.81,1.00,0.52,0.81,1.00,0.81,1.00,1.00,1.00,1.00,1.00,0.81",8,0.00,0.33,"Reviews, Video, Video carousel, Related searches"
무료 성격 검사,Informational,170,"0.29,0.23,0.19,0.54,0.19,0.29,0.15,0.10,1.00,0.44,0.54,0.81",30,0.26,0.06,"Video, Related searches, Ads bottom"
무성 애자 테스트,Informational,170,"0.65,0.54,0.54,0.65,0.81,0.81,0.81,0.65,1.00,0.81,0.81,1.00",23,0.00,0.33,"Image pack, Video, Related searches"
무의식 심리 테스트 모음,Informational,170,"1.00,0.65,0.65,1.00,0.65,0.81,0.81,0.54,0.54,0.65,0.65,0.54",23,0.00,0.02,"Image pack, Video, Video carousel, People also ask, Related searches"
바람기 테스트,Informational,170,"0.82,1.00,0.82,0.82,0.82,0.82,1.00,0.82,0.82,0.82,0.82,0.53",11,0.00,0.03,"Image pack, Video, Video carousel, Related searches"
백 테스트 사이트,Informational,170,"0.54,0.54,0.54,0.81,0.81,1.00,0.81,0.81,0.65,0.81,1.00,0.81",10,0.86,0.15,"Reviews, Video, Related searches"
뱅 웁스,Informational,170,"0.67,0.81,0.81,0.67,0.67,1.00,1.00,0.67,0.67,0.67,0.81,0.67",18,0.00,0.33,"Sitelinks, Image pack, Video, Related searches"
버피 테스트 칼로리,Informational,170,"0.81,0.67,0.67,0.67,0.81,0.67,1.00,0.67,0.81,0.81,0.81,0.67",22,0.00,0.33,"AI Overview, Image pack, Video, People also ask, Related searches"
병목 테스트,Informational,170,"0.81,1.00,0.81,0.81,1.00,0.81,1.00,0.67,0.67,0.81,0.67,0.52",16,0.00,0.33,"AI Overview, Video, Related searches"
불안 테스트,Informational,170,"0.81,0.81,0.67,0.81,0.81,1.00,0.67,0.67,0.81,0.81,1.00,0.81",10,0.50,0.20,"Reviews, Video, People also ask, Related searches, Ads top"
불안증 테스트,Informational,170,"0.81,0.81,1.00,0.81,0.67,0.67,0.67,0.67,0.67,0.81,0.52,0.81",10,0.65,0.24,"Reviews, Video, People also ask, Related searches"
비만도 테스트,Informational,170,"0.36,0.36,0.23,0.36,0.28,0.36,0.54,0.54,1.00,0.67,0.82,0.82",25,0.33,0.02,"Video, People also ask, Related searches"
사고력 테스트,Informational,170,"1.00,1.00,0.82,0.65,1.00,0.82,0.82,1.00,0.65,0.65,0.65,0.65",6,0.00,0.02,"Image pack, Video, Video carousel, Related searches"
사용성 테스트,Informational,170,"1.00,0.81,0.81,0.67,0.81,0.81,0.52,0.52,1.00,0.81,0.67,0.67",10,0.00,0.33,"AI Overview, Image pack, Video, Related searches"
사회 부적응 자 테스트,Informational,170,"0.65,0.81,0.81,0.65,0.65,0.54,0.54,0.35,1.00,0.81,1.00,0.81",8,0.16,0.03,"AI Overview, Video, Related searches"
색깔 성격 테스트,Informational,170,"1.00,0.81,0.81,0.81,0.81,0.67,0.81,0.67,0.67,0.67,0.67,1.00",10,0.00,0.33,"Image pack, Video, Video carousel"
성격 5 요인,Informational,170,"0.67,0.67,0.81,1.00,1.00,0.81,0.43,0.33,0.81,1.00,0.81,0.81",16,0.13,0.03,"AI Overview, Image pack, Video, Video carousel, Knowledge panel, Related searches"
성격 유형 검사 mbti,Informational,170,"0.11,0.17,0.14,0.09,0.11,0.11,0.09,0.07,0.09,0.01,0.05,1.00",30,0.03,0.27,"Image pack, Video, Related searches"
성격 유형 검사 종류,Informational,170,"0.65,0.42,0.54,0.54,0.81,0.65,0.81,0.65,0.81,1.00,1.00,0.81",15,0.08,0.04,"AI Overview, Image pack, Video, People also ask"
세대 차이 테스트,Informational,170,"1.00,0.65,0.54,0.81,0.65,0.54,0.65,0.42,0.54,0.54,0.54,0.54",15,0.00,0.33,"Image pack, Video"
속독 테스트,Informational,170,"0.82,0.82,1.00,1.00,0.65,1.00,1.00,1.00,1.00,0.82,0.82,0.82",7,0.00,0.33,"Video, Video carousel, Related searches"
손가락 테스트,Informational,170,"0.66,0.81,1.00,0.44,0.81,0.53,0.34,0.53,0.44,0.66,0.44,0.44",15,0.00,0.33,"Reviews, Image pack, Video, Related searches"
수학 테스트,Commercial,170,"0.29,0.29,0.23,0.23,0.23,0.29,0.44,0.54,0.67,0.81,0.67,1.00",10,0.57,0.06,"Image pack, Video, Related searches"
스케치 심리 테스트,Informational,170,"0.15,0.19,0.10,0.15,0.15,1.00,0.44,0.29,0.23,0.29,0.35,0.23",19,0.00,0.33,"Video, Video carousel, People also ask, Related searches"
스크롤 테스트,Informational,170,"0.54,0.54,0.54,0.54,0.54,1.00,0.65,0.54,0.65,0.54,0.42,0.54",12,0.00,0.33,"Video, Related searches"
스트레스 테스트 그림,Informational,170,"1.00,1.00,0.81,0.67,0.81,0.52,0.52,0.67,0.52,0.67,0.67,0.19",24,0.00,0.33,"Image pack, Video, Video carousel, People also ask, Related searches"
시선 공포증 테스트,Informational,170,"0.67,0.81,0.81,0.67,0.81,0.81,0.81,1.00,0.81,0.81,0.67,0.81",9,0.11,0.02,"AI Overview, Video, People also ask, Related searches"
심리 검사 테스트,Informational,170,"0.81,0.65,0.65,0.54,1.00,0.81,0.81,0.81,0.54,0.42,0.54,0.54",11,1.15,0.29,"AI Overview, Video, Related searches, Ads bottom"
심리 테스트 소름,Informational,170,"0.81,0.81,0.67,0.81,1.00,0.81,0.67,0.81,0.67,0.67,0.52,0.43",15,0.00,0.02,"Image pack, Video, Video carousel, Related searches"
아스퍼거 테스트,Informational,170,"0.42,0.35,0.54,0.65,0.65,0.42,0.81,0.81,0.81,1.00,0.81,0.65",11,0.14,0.24,"Image pack, Video, Video carousel, Related searches"
아이 패드 불량 화소 테스트,"Informational, Transactional",170,"0.29,0.23,0.23,0.23,0.19,0.29,0.54,0.67,0.81,0.81,1.00,1.00",15,0.00,0.33,"AI Overview, Video, Video carousel, People also ask, Related searches"
아이폰 불량 테스트,Informational,170,"0.22,0.22,1.00,0.81,0.34,0.44,0.53,0.53,0.66,0.44,0.81,0.66",17,0.00,0.33,"AI Overview, Video, Video carousel, Short videos, Related searches"
아이폰 터치 테스트,Informational,170,"0.44,0.34,0.53,0.66,0.53,0.53,0.53,0.66,0.66,0.81,1.00,1.00",13,0.00,0.33,"Reviews, Video, Video carousel, People also ask, Related searches"
암기력 테스트,Informational,170,"0.67,0.67,0.67,0.81,0.81,0.67,0.81,0.67,0.67,1.00,0.81,0.81",22,0.13,0.02,"Reviews, Image pack, Video, Video carousel, Related searches"
액정 테스트,Informational,170,"0.29,0.29,0.35,0.35,0.29,0.29,0.44,0.44,0.67,0.67,1.00,0.81",8,0.00,0.33,"Image pack, Video, Video carousel, Related searches"
여행 성향 테스트,Informational,170,"1.00,0.65,0.54,0.54,0.54,0.54,0.65,0.54,0.54,0.42,0.65,0.42",13,0.00,0.33,"Image pack, Video, Related searches"
여혐 테스트,Informational,170,"0.24,0.36,0.29,0.24,0.19,0.19,0.19,1.00,0.19,0.12,0.24,0.19",18,0.00,0.33,
영어 발음 테스트 사이트,Informational,170,"0.65,0.65,0.54,0.65,0.65,0.81,1.00,0.81,0.81,0.81,0.54,0.54",11,0.61,0.16,"Sitelinks, Reviews, Video, Related searches"
오픽 샘플 테스트,Navigational,170,"0.65,0.81,0.81,0.42,0.54,0.65,1.00,0.81,1.00,0.35,0.27,0.35",16,0.56,0.27,"Sitelinks, Reviews, Image pack, Video, Video carousel, People also ask, Related searches"
음역대 테스트,Informational,170,"0.54,0.54,0.36,0.23,0.44,0.28,0.44,0.44,0.44,0.67,1.00,1.00",10,0.00,0.33,"Reviews, Video, Video carousel, People also ask, Related searches"
이상 성욕 테스트,Informational,170,"0.53,0.53,0.44,0.53,0.44,0.44,0.44,1.00,0.44,0.44,0.34,0.34",16,0.00,0.01,"Video, People also ask, Related searches"
이시하라 테스트,Informational,170,"0.81,0.67,1.00,0.81,0.81,1.00,0.81,0.81,0.67,0.81,0.81,0.67",24,0.00,0.01,"Reviews, Image, Image pack, Video, Related searches"
인성 검사 테스트,Informational,170,"0.66,0.44,0.44,0.81,0.34,0.44,0.44,0.34,0.81,1.00,0.44,0.34",18,0.47,0.16,"AI Overview, Video, People also ask, Related searches"
인싸 아싸 테스트,Informational,170,"0.64,0.64,0.64,0.64,0.64,0.64,1.00,0.82,1.00,0.82,1.00,1.00",10,0.00,0.33,"Image pack, Video, Related searches"
인싸 테스트,Informational,170,"1.00,0.81,0.81,0.67,0.67,0.81,0.67,0.81,0.67,0.81,1.00,1.00",10,0.00,0.33,"Image pack, Video, Related searches"
자기애 성 성격 장애 테스트,Informational,170,"0.54,0.65,0.54,0.42,0.42,0.42,0.81,1.00,0.81,0.65,0.65,0.65",15,1.13,0.14,"Reviews, Video, People also ask, Related searches"
정신 분열증 테스트,Informational,170,"1.00,0.67,1.00,0.67,0.81,0.67,0.67,0.81,0.67,0.81,0.81,0.81",7,0.86,0.16,"AI Overview, Image pack, Video, People also ask, Related searches"
주량 테스트,Informational,170,"0.44,0.44,0.34,0.44,0.34,0.66,1.00,0.81,0.53,0.44,0.34,0.28",14,0.00,0.33,"AI Overview, Image pack, Video, Video carousel, Related searches"
지적 장애 테스트,Informational,170,"0.52,0.81,0.67,0.52,0.67,0.52,0.67,0.67,1.00,1.00,0.81,0.81",15,0.20,0.09,"AI Overview, Reviews, Image, Image pack, Video, Video carousel, People also ask, Related searches"
직업 적성 테스트,Informational,170,"0.81,0.81,0.81,0.67,1.00,1.00,0.81,1.00,1.00,0.81,0.81,0.81",21,0.10,0.19,"Image pack, Video, Related searches"
진로 테스트,Informational,170,"0.65,0.81,0.54,0.54,0.65,0.54,0.65,0.65,1.00,0.54,0.65,0.54",24,0.11,0.08,"Video, Related searches, Ads top, Ads bottom"
천재 테스트,Informational,170,"0.81,1.00,0.67,1.00,0.81,1.00,0.67,1.00,0.81,0.81,0.67,1.00",15,0.07,0.03,"Image pack, Video, Video carousel, People also ask"
추리 테스트,Informational,170,"0.44,1.00,0.66,0.44,0.53,0.44,0.53,0.66,0.28,0.34,0.34,0.44",10,0.00,0.33,"Image pack, Video, Video carousel"
추리력 테스트,Informational,170,"0.44,1.00,0.66,0.44,0.53,0.44,0.53,0.66,0.28,0.34,0.34,0.44",11,0.00,0.33,"Image pack, Video, Related searches"
츤데레 테스트,Informational,170,"0.44,0.34,0.34,0.53,0.66,0.66,0.53,0.81,0.66,0.66,0.81,1.00",10,0.00,0.01,"Image pack, Video, Related searches"
친구 우정 테스트,Informational,170,"1.00,1.00,1.00,0.67,0.67,0.67,0.81,0.52,0.67,0.52,0.67,0.67",6,0.00,0.01,"Reviews, Image pack, Video, Related searches"
컬러 테스트,Informational,170,"0.65,0.65,0.54,0.81,0.65,0.65,0.65,0.65,1.00,0.81,1.00,0.65",10,0.00,0.01,"Reviews, Image, Image pack, Video, Related searches"
쿠팡이츠 테스트,Informational,170,"0.00,0.00,0.00,0.00,0.00,0.00,0.00,0.00,0.00,0.00,0.00,1.00",19,2.42,0.09,"AI Overview, Reviews, Video, People also ask"
클릭 테스트,Informational,170,"1.00,0.81,0.81,0.65,0.65,0.54,0.54,0.54,0.54,0.42,0.65,0.54",13,3.10,0.03,"Reviews, Related searches"
키보드 고장 테스트,Informational,170,"1.00,0.81,0.81,0.65,0.65,0.65,0.65,0.54,0.65,0.65,0.54,0.81",16,0.00,0.33,"AI Overview, Reviews, Video, Related searches"
키보드 반응 테스트,Informational,170,"0.54,0.42,0.54,0.81,0.65,0.81,0.81,1.00,1.00,0.65,0.65,0.65",9,0.00,0.33,"Reviews, Video, Related searches"
키보드 불량 테스트,Informational,170,"1.00,0.81,0.81,0.81,0.65,0.65,0.81,0.54,0.54,0.42,0.42,0.42",9,0.00,0.33,"Reviews, Video, Related searches"
키보드 속도 테스트,Informational,170,"1.00,1.00,0.81,0.81,0.81,0.81,0.81,0.81,0.81,0.67,0.81,0.81",8,0.00,0.33,"AI Overview, Reviews, Video, Related searches"
키보드 작동 테스트,Informational,170,"0.67,0.81,0.81,1.00,0.52,0.67,0.81,0.67,0.81,1.00,1.00,0.81",11,0.00,0.33,"AI Overview, Reviews, Video, People also ask, Related searches"
테스트 로 겐,Informational,170,"1.00,0.66,0.53,0.53,0.44,0.34,0.44,0.44,0.34,0.34,0.28,0.34",25,0.00,0.33,"AI Overview, Reviews, Video, Related searches"
테스트 오라클,Informational,170,"0.81,1.00,0.27,0.35,0.54,0.27,0.81,0.65,0.35,0.65,0.81,0.42",5,0.00,0.33,"AI Overview, Video, People also ask, Related searches"
테스트 케이스 작성 예시,Informational,170,"1.00,0.65,0.81,0.54,1.00,0.65,0.81,0.54,0.81,0.54,0.54,0.54",8,1.01,0.03,"Sitelinks, Image pack, Video, Related searches"
토마스 테스트,Informational,170,"0.54,0.54,0.65,0.65,0.81,0.65,0.65,0.42,0.65,0.65,1.00,0.65",17,0.00,0.33,"AI Overview, Image, Image pack, Video, Related searches"
파이썬 코딩 테스트,Informational,170,"1.00,1.00,1.00,1.00,1.00,0.65,1.00,0.53,1.00,0.82,0.82,0.53",9,0.70,0.46,"Sitelinks, Video, Related searches"
프로그래머 스 코딩 테스트 후기,Navigational,170,"1.00,1.00,1.00,0.81,0.81,0.33,0.43,0.43,0.52,0.52,0.43,0.19",1,0.73,0.06,"Video, Related searches"
프론트 엔드 코딩 테스트,Informational,170,"0.01,0.01,1.00,0.01,0.01,0.01,0.01,0.01,0.01,0.01,0.02,0.10",7,0.82,0.25,"Video, Video carousel, Related searches"
하고 싶은 여자 판독기,Informational,170,"0.00,0.00,0.00,0.00,0.00,0.02,0.02,0.02,0.04,0.08,0.25,1.00",13,0.50,0.11,"AI Overview, Reviews, Video"
한국 mbti,Informational,170,"1.00,0.54,0.65,0.54,0.54,0.54,0.42,0.42,0.81,0.65,0.54,0.42",33,0.40,0.04,"Reviews, Image pack, Video, People also ask, Knowledge panel, Related searches"
항 마력 테스트,Informational,170,"1.00,0.81,0.81,1.00,0.81,0.67,0.81,0.67,0.52,0.52,0.67,0.52",25,0.00,0.33,"Image pack, Video, Related searches"
헤드셋 마이크 테스트,Informational,170,"0.65,0.65,0.65,0.65,0.81,0.81,1.00,0.81,0.81,0.81,0.81,0.81",16,0.00,0.33,"Sitelinks, AI Overview, Video, Related searches"
휴대폰 성능 테스트,Informational,170,"1.00,0.81,0.67,1.00,0.67,0.67,0.81,0.67,1.00,1.00,0.81,1.00",17,0.00,0.02,"AI Overview, Reviews, Video, Video carousel, Short videos, Related searches"
6 가지 연애 유형 테스트,Informational,140,"0.65,0.65,0.65,1.00,0.82,0.82,0.82,0.82,0.53,0.65,0.41,0.24",13,0.70,0.05,"Image pack, Video, Video carousel, People also ask, Related searches"
amd cpu 불량 테스트,Informational,140,"1.00,0.81,0.81,0.67,0.67,0.67,0.67,0.52,0.52,0.33,0.43,0.33",11,0.00,0.33,"AI Overview, Video, Video carousel, Related searches"
big5 무료 검사,Informational,140,"0.54,0.81,0.54,0.42,0.54,0.35,0.35,0.27,0.65,1.00,0.35,0.35",15,0.17,0.27,"Reviews, Video, Related searches"
c++ 코딩 테스트,Informational,140,"0.82,0.65,0.82,0.82,1.00,1.00,0.65,0.65,0.65,0.53,0.82,0.53",7,0.71,0.25,"Video, Video carousel, Related searches, Ads bottom"
cbt 테스트,Informational,140,"0.35,0.35,0.65,0.42,0.54,0.42,0.65,0.42,1.00,0.65,0.42,0.42",27,0.00,0.02,"AI Overview, Video, People also ask, Related searches"
cpu 테스트 프로그램,Informational,140,"1.00,1.00,0.65,0.82,0.82,0.82,1.00,0.82,1.00,0.82,0.82,0.65",11,0.00,0.33,"AI Overview, Video, Related searches"
e 테스트,Informational,140,"0.81,0.81,0.81,0.81,0.81,0.81,0.81,0.24,0.67,0.52,0.43,1.00",19,0.00,0.33,"Video, People also ask, Related searches"
ebti,Informational,140,"0.67,0.52,0.52,0.52,0.67,0.52,0.52,0.52,0.67,1.00,0.81,0.67",16,0.00,0.04,"People also ask, Related searches"
gps 테스트,Informational,140,"0.28,0.36,0.18,0.23,0.28,0.36,0.36,0.44,0.28,0.28,0.23,1.00",24,0.00,0.20,"AI Overview, Related searches"
ip 테스트,Informational,140,"1.00,0.79,1.00,0.79,0.79,1.00,1.00,0.79,1.00,1.00,0.64,0.64",18,0.13,0.13,"Reviews, Related searches"
jlpt 레벨 테스트,Commercial,140,"0.54,0.54,0.81,0.35,0.42,0.35,0.42,0.54,0.81,1.00,0.42,0.54",8,0.14,0.32,"Video, Related searches"
mbti 16 가지 유형,Informational,140,"0.54,0.54,0.35,0.42,0.35,0.54,0.54,0.35,0.65,0.65,1.00,0.54",27,0.02,0.05,"AI Overview, Video, Knowledge panel, Related searches"
mbti 요약,Informational,140,"0.54,0.54,0.54,0.54,0.54,1.00,0.54,0.42,0.42,0.42,0.42,0.42",15,0.00,0.02,"AI Overview, Image pack, Video, Video carousel, People also ask, Related searches, Ads bottom"
mbti 유형별,Informational,140,"0.82,1.00,0.82,0.82,0.82,0.82,0.82,0.65,0.82,0.82,0.53,0.65",23,0.00,0.03,"Image pack, Video, Video carousel, Related searches"
nfc 인식 테스트,Informational,140,"1.00,0.82,0.65,0.65,0.65,0.65,0.65,0.82,1.00,1.00,0.65,0.53",15,0.00,0.04,"Reviews, Video, People also ask, Related searches"
occt cpu 테스트,Informational,140,"0.82,0.82,0.65,1.00,1.00,0.82,0.65,0.65,0.65,0.65,0.53,0.41",10,0.00,0.33,"AI Overview, Video, Video carousel, Related searches"
qa 테스트,Informational,140,"1.00,0.82,1.00,0.65,0.82,0.82,0.82,1.00,1.00,0.82,0.82,0.65",17,1.05,0.04,"AI Overview, Image pack, Video, People also ask, Related searches"
강아지 치매 테스트,Informational,140,"0.05,1.00,0.07,0.08,0.36,0.02,0.36,0.12,0.54,0.03,0.02,0.15",18,0.00,0.03,"Image, Image pack, Video, Video carousel, People also ask, Related searches"
강직도 테스트,Informational,140,"0.65,0.53,0.65,0.65,0.65,0.65,1.00,0.82,1.00,1.00,1.00,0.82",13,0.00,0.03,"AI Overview, Image, Image pack, Video, Related searches"
갤럭시 화면 테스트,Informational,140,"1.00,0.67,0.67,0.81,0.52,0.52,0.67,0.52,1.00,0.52,0.52,0.52",10,0.00,0.33,"AI Overview, Image pack, Video, Video carousel, People also ask, Related searches"
거식증 테스트,Informational,140,"0.81,1.00,0.81,0.67,0.67,0.52,0.52,0.52,0.43,0.43,0.43,0.52",13,0.00,0.01,"Image pack, Video, People also ask, Related searches"
경계선 성격 장애 테스트,Informational,140,"0.81,1.00,0.67,0.81,0.67,0.81,0.81,0.43,0.52,0.43,0.52,0.52",16,0.33,0.25,"Image, Image pack, Video, People also ask, Related searches"
고양이 지능 테스트,"Informational, Transactional",140,"1.00,0.19,0.15,0.12,0.12,0.15,0.15,0.12,0.10,0.12,0.10,0.10",18,0.00,0.33,"Sitelinks, AI Overview, Image pack, Video, Video carousel, Short videos, People also ask, Related searches"
공수 체질 테스트,Informational,140,"0.34,1.00,0.22,0.44,0.66,0.34,0.44,0.34,0.53,0.34,0.53,0.34",22,0.00,0.33,"AI Overview, People also ask, Related searches"
공포 테스트,Informational,140,"0.67,0.81,0.81,0.67,0.43,0.52,0.81,0.52,0.52,0.67,1.00,1.00",13,0.00,0.01,"Reviews, Image pack, Video, Video carousel, People also ask, Related searches"
국어 어휘력 테스트,Informational,140,"0.79,0.79,1.00,1.00,1.00,1.00,1.00,1.00,1.00,1.00,1.00,1.00",15,0.00,0.02,"Video, Video carousel, People also ask, Related searches"
그래픽 카드 과부하 테스트,Informational,140,"1.00,0.82,0.82,1.00,0.65,0.65,0.65,0.53,0.53,0.24,0.41,0.29",11,0.00,0.33,"Video, Video carousel, Related searches"
그래픽 카드 부하 테스트,Informational,140,"0.81,1.00,0.03,0.02,0.19,0.03,0.29,0.02,0.03,0.05,0.08,0.12",11,0.00,0.33,"AI Overview, Reviews, Video, Video carousel, Related searches"
그래픽 카드 성능 테스트 사이트,Informational,140,"0.82,1.00,1.00,0.82,1.00,0.82,1.00,0.65,0.65,0.53,0.41,0.53",11,0.00,0.33,"AI Overview, Video, Related searches"
근시 테스트,Informational,140,"0.79,0.79,0.79,1.00,1.00,0.79,1.00,0.79,0.79,1.00,0.64,0.79",15,0.00,0.01,"Image pack, Video, Video carousel, People also ask, Related searches"
금사 빠 테스트,Informational,140,"0.01,1.00,0.02,0.03,0.06,0.06,0.01,0.03,0.08,0.16,0.01,0.06",10,0.61,0.04,"Image pack, Video, Related searches"
남자 친구 테스트,Informational,140,"0.54,0.42,0.42,0.42,0.54,0.54,0.54,0.81,0.65,1.00,0.81,0.65",11,0.60,0.04,"Video, Video carousel, Related searches"
낮 져밤 이 테스트,Informational,140,"0.81,1.00,0.22,0.09,0.22,0.44,0.44,0.28,0.22,0.28,0.28,0.22",10,0.00,0.03,Related searches
내 이상형 테스트,Informational,140,"0.01,1.00,0.01,0.54,0.07,0.01,0.24,0.06,0.01,0.03,0.12,0.01",10,0.67,0.16,"Video, Related searches"
내가 좋아 하는지 테스트,Informational,140,"0.82,1.00,0.82,0.65,0.82,0.82,0.65,0.65,0.82,1.00,0.82,0.65",15,0.73,0.04,"Reviews, Image pack, Video, Related searches"
뇌 건강 테스트,Informational,140,"0.67,0.67,1.00,0.52,0.43,0.67,0.81,0.67,0.52,0.43,0.43,0.43",17,0.00,0.04,"Image, Image pack, Related searches"
다중 인격 장애 테스트,Informational,140,"0.65,0.65,0.65,0.82,0.82,0.82,0.65,0.82,0.82,0.82,0.53,1.00",4,2.24,0.08,"Image, Image pack, Video, People also ask, Related searches"
다혈질 테스트,Informational,140,"1.00,0.82,1.00,1.00,1.00,0.65,1.00,0.82,0.65,0.82,1.00,0.82",7,0.18,0.05,Related searches
단어 기억력 테스트,"Informational, Transactional",140,"0.54,0.54,0.81,1.00,0.54,0.65,0.42,0.27,0.42,0.35,0.54,0.54",10,0.48,0.03,"Image pack, Video, Video carousel, Short videos, People also ask, Related searches"
담력 테스트,Informational,140,"0.65,0.81,0.54,0.54,0.42,0.54,0.54,0.42,0.42,0.54,0.54,1.00",17,0.00,0.33,"AI Overview, Image pack, Video, Video carousel, Related searches"
데드 픽셀 테스트,"Informational, Transactional",140,"0.82,0.82,0.82,0.82,0.82,0.65,1.00,0.82,1.00,0.65,0.82,0.82",7,0.00,0.33,"AI Overview, Reviews, Video, Video carousel, Related searches"
데브 시스터즈 코딩 테스트,Informational,140,"0.36,0.29,1.00,0.01,0.03,0.03,0.01,0.01,0.07,0.01,0.01,0.01",9,0.00,0.03,"AI Overview, Reviews, Related searches"
데시벨 테스트,Informational,140,"0.07,0.03,0.05,0.05,0.44,1.00,0.44,0.19,0.24,0.24,0.19,0.15",13,0.22,0.05,"Video, People also ask, Related searches"
독립 운동가 테스트,Informational,140,"0.35,0.81,0.42,0.54,0.27,0.81,0.42,0.54,0.81,1.00,0.81,1.00",12,0.00,0.33,"Video, Related searches"
독일 더마 테스트,Navigational,140,"1.00,1.00,1.00,0.79,1.00,1.00,0.79,0.64,1.00,1.00,1.00,1.00",6,0.00,0.33,"AI Overview, Image pack, Video, People also ask, Related searches"
독해력 테스트,Informational,140,"0.65,0.82,0.65,0.82,1.00,0.82,1.00,0.65,0.65,0.82,0.53,0.53",15,0.00,0.01,"Image pack, Video"
동물 심리 테스트,Informational,140,"0.82,0.82,0.65,0.65,0.65,0.82,0.82,0.82,0.82,1.00,1.00,0.82",10,0.00,0.33,"Image pack, Video, Video carousel, Related searches"
램 테스트 프로그램,Informational,140,"0.35,0.35,0.35,0.35,0.54,0.54,1.00,0.65,0.65,0.65,0.65,0.54",13,0.00,0.33,"Reviews, Video, Video carousel, People also ask, Related searches"
롤 반응 속도 테스트,Informational,140,"0.82,1.00,0.65,0.65,0.82,0.65,0.82,0.82,0.65,0.53,0.41,0.41",15,0.00,0.33,"AI Overview, Reviews, Video, Video carousel, People also ask, Related searches"
마시멜로 테스트,Informational,140,"0.43,0.67,0.52,0.43,0.52,0.67,0.81,0.67,0.81,0.81,1.00,0.67",26,0.00,0.33,"AI Overview, Image pack, Video, People also ask, Related searches"
마우스 스크롤 테스트,Informational,140,"1.00,1.00,0.79,1.00,0.79,0.79,0.79,0.79,1.00,1.00,1.00,0.79",13,0.00,0.33,"Video, People also ask, Related searches"
마이 클라 씨,Navigational,140,"1.00,0.67,0.67,0.52,0.81,0.81,0.67,0.67,0.33,0.43,0.43,0.52",27,0.34,0.81,"Image pack, Video, Related searches"
마이크 테스트 하는 법,Informational,140,"0.82,0.82,0.65,0.82,0.82,0.82,0.82,0.82,1.00,0.82,0.65,0.53",17,0.00,0.33,"AI Overview, Video, People also ask, Related searches"
매경 테스트 모의고사,Informational,140,"0.65,0.42,0.54,0.15,0.65,0.27,0.42,0.35,0.81,1.00,0.81,0.42",24,0.86,0.24,"Reviews, Video, People also ask, Related searches"
멀티 태스킹 테스트,Informational,140,"0.44,1.00,1.00,0.44,0.44,0.28,0.22,0.28,0.28,0.22,0.28,0.22",11,0.00,0.33,"AI Overview, Video, Video carousel, Related searches"
메디컬 테스트,Informational,140,"0.53,0.66,1.00,0.16,0.34,0.44,0.66,0.34,0.44,0.28,0.28,0.34",19,0.00,0.33,"AI Overview, Image pack, Video, Related searches"
몽유병 테스트,Informational,140,"0.82,0.82,1.00,1.00,0.82,0.82,0.82,0.65,0.82,0.53,0.53,0.53",17,0.00,0.01,"AI Overview, Image pack, Video, People also ask, Related searches"
무료 궁합 테스트,Informational,140,"0.67,0.81,0.81,1.00,0.52,0.52,0.43,0.67,0.67,0.24,0.43,0.33",21,0.18,0.16,"Video, Related searches"
무료 심리 테스트,Informational,140,"1.00,0.81,0.52,0.43,0.43,0.67,0.67,0.52,0.52,0.67,0.67,0.67",28,0.24,0.10,"Video, Related searches"
반도체 테스트,Informational,140,"0.64,0.29,0.50,0.36,1.00,0.50,0.64,0.79,0.79,1.00,1.00,1.00",10,0.00,0.33,"AI Overview, Image pack, Video, Related searches"
반도체 테스트 공정,Informational,140,"0.01,0.02,0.03,0.01,0.06,0.01,0.30,0.44,0.19,1.00,0.01,0.01",12,0.00,0.33,"Video, People also ask, Related searches"
반도체 테스트 소켓,Informational,140,"0.65,0.65,0.65,0.65,0.65,1.00,1.00,0.82,0.65,1.00,1.00,0.82",9,0.00,0.01,"AI Overview, Image pack, Video, People also ask, Related searches"
배란 테스트,Informational,140,"0.67,0.67,0.52,0.43,0.52,0.67,0.67,0.67,0.67,1.00,1.00,1.00",16,0.00,0.09,"AI Overview, Image pack, Video, Related searches"
버피 테스트 자세,Informational,140,"0.02,1.00,0.07,0.02,0.66,0.02,0.08,0.02,0.19,0.02,0.24,0.12",31,0.00,0.33,"Featured snippet, Image pack, Video, Related searches"
베인 테스트,Informational,140,"0.67,0.81,0.33,0.43,0.33,0.24,1.00,1.00,0.67,1.00,1.00,0.43",11,0.00,0.33,"AI Overview, Video, Video carousel, People also ask, Knowledge panel, Related searches"
보수 진보 테스트,Informational,140,"0.36,0.36,0.36,0.44,0.23,0.18,0.28,0.23,0.18,0.13,0.67,1.00",26,0.00,0.33,"Image pack, Video, Related searches"
부하 테스트 툴,Informational,140,"1.00,1.00,1.00,0.65,1.00,0.82,0.82,0.65,0.82,0.65,0.53,0.53",13,0.00,0.02,"Video, People also ask, Related searches"
붕어빵 테스트,Informational,140,"0.01,0.02,0.01,0.01,1.00,0.67,0.16,0.01,0.01,0.05,0.01,0.01",10,0.00,0.01,"Image, Image pack, Video, Video carousel, Related searches"
빅 5 성격 검사,"Informational, Commercial",140,"0.36,0.36,0.36,0.23,0.23,0.23,0.54,0.44,0.82,0.54,1.00,0.54",15,0.22,0.19,"Image pack, Video, Video carousel, Related searches, Ads top, Ads bottom"
빌런 테스트,Informational,140,"1.00,0.81,0.43,0.67,0.67,0.81,0.52,0.52,0.33,0.52,0.52,0.33",18,0.00,0.33,"Video, Related searches"
빠뽀,Informational,140,"0.54,1.00,0.28,0.44,0.28,0.18,0.28,0.23,0.23,0.23,0.23,0.23",17,0.00,0.33,"Image pack, Video, Related searches"
사랑 유형 테스트,Informational,140,"0.81,0.52,0.67,1.00,0.81,1.00,0.67,0.67,0.52,1.00,0.52,0.52",9,0.50,0.06,"Reviews, Image pack, Video, Related searches"
색각 이상 테스트,Informational,140,"1.00,0.82,0.82,1.00,0.82,1.00,0.65,0.65,0.82,0.82,0.82,0.65",11,0.00,0.01,"Image, Image pack, Video, Related searches"
색약 테스트 사이트,Navigational,140,"0.52,0.52,0.81,0.52,0.67,1.00,0.67,0.67,0.67,0.67,0.67,0.67",9,0.00,0.33,"Reviews, Image pack, Video, Related searches"
선크림 테스트,Informational,140,"0.28,0.23,0.13,0.05,0.08,0.13,0.18,0.18,0.36,0.36,1.00,0.67",19,0.00,0.33,"Image pack, Video, Video carousel"
성형 견적 테스트,Informational,140,"1.00,0.52,0.52,0.67,0.52,0.67,0.52,0.52,0.67,0.67,0.52,0.67",24,2.04,0.35,"AI Overview, Video, Related searches"
섹스 테스트,Informational,140,"1.00,1.00,0.82,0.65,0.65,1.00,0.82,0.65,0.53,0.65,0.65,0.82",8,0.00,0.02,Video
소름 돋는 심리 테스트,Informational,140,"0.65,0.65,0.65,0.82,0.82,1.00,0.82,1.00,0.82,0.65,0.82,0.65",14,0.00,0.01,"Image pack, Video, Video carousel, Related searches"
소프트웨어 테스트,Informational,140,"0.54,0.54,0.27,0.65,0.35,0.19,0.27,1.00,1.00,0.27,0.35,0.81",17,1.50,0.08,"Sitelinks, AI Overview, Image pack, Video, Video carousel, Related searches"
수학 재능 테스트,Informational,140,"1.00,1.00,1.00,0.82,0.65,1.00,0.65,0.65,0.82,0.82,0.53,0.65",6,0.37,0.09,"Sitelinks, Video, Related searches"
숫자 기억력 테스트,Informational,140,"1.00,0.82,0.82,1.00,0.82,1.00,0.82,0.65,0.65,1.00,1.00,1.00",13,0.00,0.02,"Video, Video carousel, Related searches"
스마트 폰 화면 테스트,Informational,140,"0.67,0.81,1.00,1.00,0.52,0.43,0.43,0.52,0.81,0.43,0.43,0.33",19,0.00,0.33,"Reviews, Image pack, Video, Video carousel, People also ask, Related searches"
스트레스 자가 진단 테스트 30 문항,Informational,140,"0.44,0.36,1.00,0.01,0.29,0.01,0.01,0.01,0.01,0.03,0.03,0.01",15,0.94,0.10,"AI Overview, Related searches"
심리 테스트 질문,Informational,140,"0.36,0.28,0.28,0.36,0.23,0.36,0.44,0.54,0.54,0.67,0.82,1.00",16,0.00,0.33,"Video, Related searches"
썸 테스트,Informational,140,"0.81,0.67,0.52,0.67,0.67,0.67,0.52,0.33,0.81,0.67,1.00,0.81",12,0.26,0.02,"Reviews, Video, Video carousel, People also ask, Related searches"
아재 개그 테스트,Informational,140,"0.54,0.02,1.00,0.02,0.15,0.02,0.06,0.04,0.02,0.02,0.04,0.04",15,0.00,0.33,"Image pack, Video, Video carousel, Related searches"
아재 입맛 테스트,Informational,140,"0.82,0.82,0.82,0.53,0.65,0.82,1.00,1.00,0.65,0.82,1.00,0.65",11,0.00,0.33,"Sitelinks, Image, Image pack, Video, Video carousel, Short videos, Related searches"
악력 테스트,Informational,140,"0.52,0.52,0.52,0.52,0.52,0.67,0.52,0.67,1.00,1.00,0.81,0.67",19,0.16,0.17,"AI Overview, Image pack, Video, Video carousel, People also ask, Related searches"
알러지 테스트,Informational,140,"1.00,0.79,1.00,1.00,1.00,0.64,0.64,1.00,1.00,1.00,0.79,0.79",17,0.77,0.08,"AI Overview, Image pack, Video, Video carousel, People also ask, Related searches"
알콜 중독 테스트,Informational,140,"0.42,0.42,0.54,0.81,0.65,0.81,0.54,0.54,0.65,0.54,1.00,0.81",16,0.00,0.33,"Image pack, Video, People also ask, Related searches"
애니 덕후 테스트,Informational,140,"0.82,0.82,1.00,1.00,0.82,1.00,0.82,0.82,0.65,0.53,0.53,0.41",8,0.00,0.33,"Image pack, Video, Video carousel, Related searches"
야맹증 테스트,Informational,140,"0.65,0.82,0.65,0.82,1.00,0.53,0.53,0.53,0.65,0.82,1.00,0.82",19,0.00,0.00,"AI Overview, Image pack, Video, People also ask, Related searches"
어플라이드 머티리얼 즈 영어 테스트,Informational,140,"0.16,0.12,0.22,0.28,0.44,0.66,1.00,0.53,0.44,0.53,0.53,0.66",12,0.00,0.33,"AI Overview, Reviews, Video, People also ask, Related searches"
에니어 그램 무료 테스트,Informational,140,"0.16,0.16,0.34,0.28,0.44,0.44,0.34,0.44,1.00,0.66,0.53,0.53",17,0.28,0.25,"Sitelinks, Reviews, Video, Related searches"
에이징 테스트,Informational,140,"1.00,0.82,1.00,0.82,0.82,0.82,0.82,0.65,0.82,0.82,0.53,0.65",6,0.00,0.33,"AI Overview, Image pack, Video, People also ask, Related searches"
연애관 테스트,Informational,140,"0.52,0.52,0.67,0.81,0.52,0.52,0.52,0.67,0.67,1.00,1.00,0.81",19,1.14,0.04,"Reviews, Video, People also ask, Related searches"
연인 심리 테스트,Informational,140,"0.44,0.34,0.22,0.44,0.34,0.34,0.53,0.66,0.81,0.66,1.00,0.81",13,0.81,0.03,"Video, Related searches"
영안 테스트,Informational,140,"1.00,0.82,0.82,0.82,0.65,0.65,0.65,0.82,0.53,0.65,1.00,0.82",23,0.00,0.33,"Video, Related searches"
영어 단어 테스트,Informational,140,"0.82,1.00,0.65,0.65,0.65,0.82,1.00,0.82,1.00,0.65,0.53,0.53",15,0.41,0.25,"Reviews, Instant answer, Video, Related searches"
영어 실력 테스트,Informational,140,"0.67,1.00,0.67,0.67,0.67,0.81,1.00,0.81,0.67,0.52,0.67,0.81",18,0.42,0.66,"Instant answer, Video, Related searches"
영어 악센트 테스트,Informational,140,"0.65,0.65,0.54,0.42,0.42,0.42,0.54,1.00,0.81,0.54,0.54,0.54",21,1.24,0.05,"Sitelinks, Reviews, Video, People also ask, Related searches"
오타쿠 레벨 테스트,Informational,140,"0.67,0.67,1.00,1.00,0.81,0.81,0.81,0.81,0.67,0.33,0.43,0.43",10,0.00,0.33,"Image, Image pack, Video, Video carousel, Related searches"
외모 이상형 테스트,Informational,140,"0.65,0.82,0.65,0.65,0.65,0.65,0.82,0.82,0.82,0.65,1.00,0.82",10,0.00,0.02,"Video, Related searches"
운명 테스트,Informational,140,"0.44,0.15,1.00,0.67,0.02,0.81,0.04,0.06,0.02,0.02,0.10,0.02",10,0.00,0.33,"Video, Related searches"
유아 자폐증 테스트,Informational,140,"0.82,0.82,0.82,1.00,0.82,0.82,0.65,0.65,1.00,0.65,0.41,0.41",14,0.00,0.03,"AI Overview, Image pack, Video, Video carousel, People also ask, Related searches, Ads bottom, Ads middle"
음악 취향 테스트,Informational,140,"0.52,0.52,0.43,0.52,0.52,1.00,0.67,0.67,0.67,0.81,0.81,0.67",10,0.00,0.33,"Video, Related searches"
의존성 성격 장애 테스트,Informational,140,"0.81,0.81,1.00,0.52,0.67,0.81,0.81,0.81,0.67,0.81,0.52,0.52",6,1.45,0.18,"Image pack, Video, Related searches"
이어폰 좌우 밸런스 테스트,Informational,140,"1.00,0.82,1.00,0.82,0.82,0.82,1.00,0.82,1.00,0.82,0.82,0.82",10,0.00,0.33,"Reviews, Video, Video carousel, Related searches"
인성 검사 모의 테스트 무료,Informational,140,"0.27,0.35,0.19,0.65,0.65,0.27,0.42,0.27,1.00,1.00,0.81,0.42",10,0.71,0.11,"AI Overview, Video, Related searches"
인적성 검사 테스트,Informational,140,"0.43,0.43,0.52,0.67,0.67,0.43,0.67,0.67,1.00,1.00,0.52,0.43",11,0.38,0.20,"Video, Video carousel, Related searches"
일본 발음 테스트,Informational,140,"0.35,0.35,0.35,0.35,0.42,1.00,0.65,0.65,0.54,0.42,0.54,0.42",15,0.00,0.33,"Image pack, Video, Video carousel, People also ask, Related searches"
자동차 충돌 테스트,Informational,140,"0.82,0.65,0.82,0.65,0.82,0.53,0.53,0.65,0.82,1.00,0.82,0.82",17,0.00,0.33,"Image pack, Video, Video carousel, People also ask, Related searches"
자위 중독 테스트,Informational,140,"0.67,0.52,0.43,0.43,0.52,0.43,0.67,0.67,0.67,0.81,0.81,1.00",10,0.00,0.33,"Sitelinks, Reviews, Related searches"
절대 음감 테스트 사이트,Informational,140,"0.15,1.00,0.35,0.04,0.06,0.19,0.19,0.19,0.29,0.67,0.44,0.23",16,0.00,0.33,"Video, People also ask, Related searches"
정규식 테스트 사이트,Informational,140,"1.00,0.54,0.65,0.42,0.54,0.42,0.54,0.35,0.27,0.35,0.27,0.27",5,0.00,0.01,"Sitelinks, Reviews, Related searches"
조선 시대 계급 테스트,Informational,140,"0.43,0.52,0.43,1.00,0.43,0.43,1.00,1.00,0.43,0.43,0.33,0.43",11,0.00,0.33,"Image pack, Video, Related searches"
조선 시대 전생 테스트,Informational,140,"1.00,1.00,1.00,1.00,0.79,0.79,0.79,1.00,1.00,0.64,0.79,0.79",9,0.00,0.33,"Image pack, Video, Related searches"
좋아 하는지 테스트,Informational,140,"0.54,0.15,0.01,0.01,0.04,0.01,1.00,0.01,0.01,0.01,0.01,0.44",14,0.00,0.19,"Reviews, Image pack, Video, Related searches"
죠죠 스탠드 테스트,Informational,140,"0.81,1.00,1.00,0.67,0.52,0.52,0.52,0.67,0.43,0.43,0.33,0.43",8,0.00,0.33,"Video, Related searches"
주식 백 테스트 사이트,Informational,140,"0.43,0.43,0.67,0.67,0.81,1.00,0.81,0.67,0.81,0.81,1.00,0.81",1,0.77,0.07,"Video, Related searches"
주파수 테스트,Informational,140,"0.65,0.82,0.65,1.00,0.82,0.65,0.65,0.65,0.82,1.00,0.82,0.82",11,0.00,0.01,"Reviews, Video, Video carousel, People also ask, Related searches"
중 2 병 테스트,Informational,140,"0.67,0.81,0.67,0.52,0.43,0.52,0.81,0.67,1.00,0.81,0.81,0.52",23,0.00,0.33,"Image pack, Video, Related searches"
지성 건성 테스트,Informational,140,"0.52,0.67,0.52,0.81,0.81,0.43,0.52,0.67,0.67,1.00,0.67,1.00",10,0.62,0.02,"Video, Video carousel, People also ask, Related searches"
집중력 장애 테스트,Informational,140,"0.82,0.82,1.00,1.00,1.00,1.00,0.65,0.82,0.82,0.65,0.53,0.82",29,0.21,0.25,"AI Overview, Reviews, Video, Video carousel, Related searches, Ads middle"
책 읽는 속도 테스트,Informational,140,"0.82,1.00,0.82,0.82,0.82,0.65,0.82,0.65,0.82,0.53,0.41,0.41",9,0.00,0.33,"Video, People also ask, Related searches"
청각 테스트,Informational,140,"0.52,0.52,0.52,0.67,0.81,1.00,0.67,0.67,0.67,0.43,0.24,0.24",19,0.47,0.11,"AI Overview, Video, Video carousel, Related searches"
청력 테스트 주파수,Informational,140,"0.67,0.81,0.52,1.00,0.67,0.52,0.52,1.00,0.81,0.67,0.67,0.52",19,0.46,0.12,"AI Overview, Image pack, Video, Related searches"
초등학생 아이큐 테스트,Informational,140,"0.67,0.67,0.67,0.67,0.67,0.81,1.00,0.67,0.81,0.67,0.67,0.81",15,0.06,0.20,"Reviews, Video, People also ask, Related searches"
침투 테스트,Informational,140,"0.42,0.27,0.35,0.54,0.54,0.54,0.65,0.42,1.00,0.65,0.35,0.54",19,1.04,0.08,"Sitelinks, Reviews, Image pack, Video, Related searches"
컬러 프린터 테스트 이미지,Informational,140,"0.82,0.82,0.65,0.65,0.65,0.82,0.82,0.82,1.00,1.00,0.82,0.82",1,0.00,0.33,"Image, Image pack, Video, Related searches"
컴퓨터 속도 테스트,Informational,140,"0.67,1.00,0.43,0.52,0.43,0.43,0.67,0.81,0.81,0.67,0.52,0.43",33,0.00,0.33,"AI Overview, Reviews, Video, Video carousel, Related searches"
컴퓨터 파워 테스트,Informational,140,"1.00,0.82,0.82,0.82,0.82,0.82,0.65,0.65,0.65,0.41,0.65,0.53",10,0.00,0.33,"Video, Video carousel, Short videos, Related searches"
코딩 테스트 문제,Commercial,140,"0.82,1.00,1.00,0.82,0.82,0.65,0.65,0.53,0.65,0.65,0.53,0.53",17,0.44,0.27,"Video, Video carousel, Related searches, Ads top, Ads bottom"
코딩 테스트 언어,Informational,140,"1.00,0.10,0.82,0.10,0.03,0.01,0.29,0.01,0.04,0.04,0.06,0.07",6,2.46,0.07,"AI Overview, Video, Video carousel, Related searches"
쿠키 런 테스트,Informational,140,"0.81,0.54,0.54,0.42,0.42,0.35,0.65,0.54,0.42,0.81,1.00,0.81",10,0.00,0.33,"Video, People also ask, Related searches"
키보드 눌림 테스트,Informational,140,"0.54,0.35,0.65,0.42,0.42,0.42,0.65,0.81,1.00,1.00,0.81,0.81",12,0.00,0.33,"Video, Related searches"
키보드 성능 테스트,Informational,140,"0.82,0.82,1.00,1.00,1.00,1.00,1.00,1.00,1.00,0.82,0.82,1.00",10,0.00,0.01,"Video, Related searches"
테스트 게임,Informational,140,"1.00,0.67,0.81,0.52,0.67,0.67,0.67,0.67,0.67,0.67,0.52,0.52",19,0.00,0.02,"Reviews, Image pack, Video, Video carousel, Related searches"
테스트 드라이버,Informational,140,"1.00,1.00,0.82,0.65,0.82,0.82,0.82,1.00,0.53,1.00,0.82,0.41",14,0.00,0.01,"AI Overview, Reviews, Video, Related searches"
테스트 디스크,"Informational, Transactional",140,"0.05,0.05,0.19,0.10,1.00,0.05,0.05,1.00,0.52,0.19,0.05,0.05",28,0.41,0.32,"Reviews, Video, Knowledge panel, Related searches"
테스트 벤치,Informational,140,"0.67,0.67,1.00,0.52,0.81,0.67,0.52,0.67,0.81,0.81,0.67,0.81",9,0.00,0.01,"Sitelinks, AI Overview, Reviews, Image pack, Video, Related searches"
테스트 인쇄,Informational,140,"0.65,0.53,0.65,0.65,1.00,0.65,1.00,0.65,1.00,0.82,0.82,0.82",7,0.00,0.33,"Image pack, Video, Video carousel, Related searches"
테스트 테크,Navigational,140,"1.00,0.67,0.81,0.67,0.67,0.33,0.67,0.67,0.52,0.43,0.33,0.43",20,0.00,0.33,"Sitelinks, Image pack, Knowledge panel, Related searches"
테스트 페이지,Informational,140,"0.82,0.65,0.82,0.65,0.65,0.65,1.00,0.65,0.82,0.82,0.65,0.82",9,0.00,0.33,"Image pack, Video, Related searches"
토스 코딩 테스트,Informational,140,"1.00,1.00,0.07,0.21,0.64,0.07,0.07,0.07,1.00,0.07,0.07,0.07",2,0.00,0.03,Related searches
팀 테스트 드라이브,Navigational,140,"1.00,0.65,0.82,0.82,0.82,1.00,0.82,0.65,1.00,0.82,0.65,0.65",29,0.00,0.01,"Sitelinks, Video, Related searches"
패킷 로스 테스트,Informational,140,"0.53,0.82,0.65,0.65,0.82,0.82,0.82,1.00,1.00,0.65,0.65,0.53",12,0.00,0.33,"Reviews, Video, Related searches"
평발 테스트,Informational,140,"1.00,1.00,0.65,0.65,0.82,0.41,0.65,0.82,0.82,1.00,0.82,0.82",17,0.35,0.05,"AI Overview, Image, Image pack, Video, Video carousel, People also ask, Related searches"
포트폴리오 백 테스트,Informational,140,"0.03,0.01,0.16,1.00,0.01,0.44,0.24,0.01,0.01,0.01,0.01,0.01",3,0.00,0.08,"Reviews, Video, People also ask, Related searches"
프린터 컬러 테스트,Informational,140,"0.82,0.65,0.82,0.65,0.65,0.53,0.82,0.65,0.82,0.65,1.00,0.65",4,0.00,0.33,"Image pack, Video, People also ask, Related searches"
프린터 테스트 페이지 인쇄,Informational,140,"0.81,0.81,0.81,0.67,0.52,0.81,0.81,0.67,0.81,0.81,1.00,1.00",12,0.00,0.33,"AI Overview, Image pack, Video, Video carousel, Related searches"
피부 진단 테스트,Informational,140,"1.00,0.82,0.65,1.00,0.82,0.65,0.82,0.82,1.00,0.82,0.82,0.53",7,0.75,0.10,"Image pack, Video, People also ask, Related searches"
필드 테스트,Informational,140,"0.79,0.64,1.00,1.00,0.79,1.00,1.00,1.00,1.00,1.00,1.00,1.00",20,0.00,0.33,"AI Overview, Reviews, Image pack, Related searches"
해리포터 덕후 테스트,Informational,140,"1.00,0.67,0.33,0.33,0.52,0.52,0.67,0.43,0.33,0.33,0.67,0.43",13,0.00,0.33,"Video, Related searches"
해커 랭크 코딩 테스트,Informational,140,"1.00,0.54,0.36,0.01,0.01,0.04,0.01,0.01,0.01,0.01,0.01,0.01",11,0.00,0.03,"AI Overview, Reviews, Video, Related searches, Ads top"
현대 모비스 코딩 테스트,Informational,140,"0.18,0.28,1.00,0.36,0.05,0.36,0.36,0.44,0.82,0.67,0.13,0.36",9,0.00,0.07,"Reviews, Video, Related searches"
혈액형 성격 테스트,Informational,140,"0.82,1.00,0.65,0.65,0.65,0.82,1.00,0.53,0.65,0.82,0.65,0.65",14,0.17,0.06,"Reviews, Video, Video carousel, Short videos, People also ask, Related searches"
호그와트 기숙사 배정 테스트,Informational,140,"0.03,0.05,0.08,0.10,0.44,1.00,0.82,0.82,0.82,1.00,0.82,0.82",15,0.00,0.33,"Video, Related searches"
호그와트 테스트,Informational,140,"0.42,0.42,0.54,0.81,0.65,1.00,0.65,0.42,0.42,0.54,0.35,0.35",12,0.00,0.33,"Video, Related searches"
호르몬 테스트,Informational,140,"0.22,1.00,0.81,0.66,0.34,0.28,0.28,0.22,0.16,0.28,0.53,0.44",9,0.00,0.33,"AI Overview, Image pack, Video, Related searches"
확률 테스트,Informational,140,"1.00,0.82,0.65,0.82,0.65,0.82,0.65,0.82,0.65,0.65,0.82,0.53",12,0.00,0.33,"Video, Related searches"
희망 연구소,Informational,140,"0.82,1.00,0.15,0.01,0.01,0.04,0.01,0.01,0.01,0.01,0.01,0.06",25,0.00,0.33,"AI Overview, Image pack, Video, Video carousel, Related searches"
19 성향 테스트,Informational,110,"0.65,0.65,0.53,0.53,0.65,0.65,1.00,0.82,0.65,0.53,0.53,0.65",13,0.00,0.04,Video
8 기능 테스트,Informational,110,"0.64,0.79,0.79,0.64,1.00,0.79,0.64,0.79,0.79,0.50,0.50,0.36",6,0.19,0.04,"Video, Video carousel, Related searches"
8values 테스트,Navigational,110,"0.81,0.67,1.00,0.67,0.10,0.43,0.33,0.33,0.24,0.14,0.52,0.52",27,0.00,0.33,"Sitelinks, Related searches"
big 5 검사,Informational,110,"0.53,0.65,0.65,0.41,0.41,0.53,0.65,0.41,0.65,1.00,0.53,0.29",19,0.36,0.50,"Image pack, Video, Related searches"
big 5 성격 테스트,Informational,110,"1.00,1.00,0.79,0.64,0.64,0.50,0.50,0.79,0.50,0.50,1.00,1.00",11,0.26,0.03,"Reviews, Video, Video carousel, Related searches"
bmi 테스트,Informational,110,"0.79,0.79,0.79,0.79,0.79,0.79,0.79,0.79,0.79,1.00,0.79,0.79",13,0.00,0.03,"AI Overview, Video, Related searches"
bmti,Informational,110,"0.79,0.64,0.79,0.64,0.64,0.79,0.79,0.64,0.79,1.00,0.64,0.64",8,0.00,0.03,"Image pack, Video"
codility 코딩 테스트,Informational,110,"0.08,0.13,1.00,0.13,0.23,0.44,0.67,0.67,0.03,0.18,0.03,0.03",6,0.75,0.19,"Video, Related searches, Ads bottom"
disc 무료 검사,Informational,110,"0.05,1.00,0.67,0.67,0.05,0.05,0.19,0.14,0.05,0.05,0.05,0.05",12,0.13,0.26,"Video, Related searches"
disc 테스트,Informational,110,"0.82,0.82,0.65,0.53,0.65,0.65,0.53,0.41,1.00,0.53,0.82,0.65",19,0.10,0.28,"Image pack, Video, Video carousel, People also ask, Related searches"
dpi 테스트,Informational,110,"0.79,1.00,1.00,1.00,0.64,0.64,0.79,0.79,0.79,0.64,0.50,0.50",9,0.00,0.33,"Video, Related searches"
gpu 성능 테스트,Informational,110,"0.64,0.79,0.64,0.64,1.00,0.79,1.00,0.79,0.79,0.64,0.79,0.64",11,0.00,0.33,"Reviews, Video, Video carousel, Related searches"
iq 테스트 하는 곳,Informational,110,"1.00,0.79,1.00,0.79,0.64,0.64,0.64,0.50,0.79,1.00,0.36,0.64",18,0.39,0.46,"AI Overview, Video, People also ask, Related searches"
jlpt 테스트,Commercial,110,"0.28,0.03,1.00,0.23,0.03,0.18,0.10,0.03,0.67,0.67,0.18,0.05",8,0.18,0.19,"Reviews, Video, Related searches"
lg cns 코딩 테스트,"Informational, Transactional",110,"1.00,0.44,0.15,0.01,0.01,0.03,0.03,0.01,0.01,0.01,0.07,0.01",9,0.00,0.33,"Sitelinks, Video, Related searches"
mbit,Informational,110,"1.00,1.00,1.00,1.00,0.64,0.79,0.79,0.79,0.79,0.79,1.00,1.00",14,0.00,0.03,"AI Overview, Reviews, Image pack, Video, Video carousel, Related searches, Ads middle"
mbti 간이 검사,Commercial,110,"0.79,0.79,1.00,0.79,1.00,0.64,0.50,0.64,1.00,0.79,1.00,0.50",23,0.11,0.23,"Image pack, Video, People also ask, Related searches, Ads middle"
mbti 검사 결과,Informational,110,"1.00,1.00,1.00,0.82,1.00,0.82,0.82,0.45,1.00,1.00,0.64,0.64",18,0.31,0.04,"Reviews, Image pack, Video, People also ask, Related searches"
mbti 검사 유료,Informational,110,"1.00,0.79,1.00,1.00,1.00,0.79,0.50,0.36,0.36,0.36,0.36,0.36",22,0.63,0.48,"AI Overview, Reviews, Video, Video carousel, Related searches"
mbti 검사 하기,Informational,110,"1.00,0.65,0.41,0.82,0.82,0.53,0.65,0.41,0.82,0.82,0.53,0.53",18,0.05,0.35,"Video, Related searches, Ads middle"
mbti 정리,Informational,110,"0.64,0.64,0.79,0.64,0.64,1.00,0.79,0.50,1.00,0.79,0.79,0.64",14,0.00,0.01,"Image pack, Video, Video carousel, Related searches"
mvp 테스트,Informational,110,"1.00,0.79,0.79,0.64,0.79,0.64,0.64,0.64,1.00,0.50,0.64,0.50",19,0.00,0.33,"Sitelinks, AI Overview, Video, People also ask, Related searches"
pc 마이크 테스트,Informational,110,"0.79,1.00,0.64,0.64,0.79,0.79,0.64,0.64,0.64,0.64,0.64,0.79",20,0.00,0.33,"Sitelinks, AI Overview, Reviews, Video, People also ask, Related searches"
rpg 직업 테스트,Informational,110,"0.79,1.00,0.64,0.64,1.00,0.79,0.64,0.79,0.64,0.50,0.36,0.79",10,0.00,0.01,"Reviews, Video, People also ask, Related searches"
rs485 통신 테스트 프로그램,Informational,110,"1.00,0.29,0.06,0.12,0.06,0.06,0.24,0.18,0.06,0.18,0.06,0.18",3,0.00,0.33,"AI Overview, Image pack, Video, Video carousel, People also ask, Related searches, Ads bottom"
rtsp 테스트 주소,Informational,110,"1.00,0.79,1.00,0.64,0.79,0.79,0.79,0.64,0.79,1.00,0.64,0.79",2,0.00,0.33,"AI Overview, Video, Related searches"
sk 하이닉스 코딩 테스트,Informational,110,"0.02,0.02,0.23,1.00,0.02,0.15,0.02,0.04,0.23,0.44,0.02,0.02",6,0.00,0.33,"Video, Related searches"
sm 진단 테스트,Informational,110,"0.82,0.53,0.29,0.65,0.24,1.00,1.00,0.53,0.24,0.24,0.18,0.24",21,0.00,0.03,"Video, Related searches"
sr 테스트,Informational,110,"0.65,0.65,0.53,0.53,1.00,0.65,0.82,0.65,0.65,0.53,0.53,0.53",17,0.86,0.04,"AI Overview, Image pack, Video, People also ask, Related searches"
ssd 성능 테스트,Informational,110,"0.82,0.65,0.53,0.65,0.65,0.65,0.82,0.82,1.00,0.65,0.82,0.82",10,0.00,0.01,"Sitelinks, AI Overview, Video, Video carousel, Related searches"
ssd 테스트 프로그램,Informational,110,"0.53,0.65,0.82,0.65,0.82,0.82,1.00,0.65,0.82,0.65,0.65,0.82",10,0.00,0.02,"AI Overview, Reviews, Video, Related searches"
ㅁ ㅊㄷ,Informational,110,"0.65,0.65,0.65,0.53,0.65,0.82,1.00,0.65,0.65,0.65,0.82,0.82",19,0.00,0.33,"AI Overview, Video, People also ask"
감정 테스트,Informational,110,"0.79,0.64,0.79,0.79,0.79,1.00,0.79,0.64,1.00,0.79,0.79,0.79",6,0.32,0.16,"Video, Related searches"
강아지 상 고양 이상 테스트,Informational,110,"0.79,0.79,0.64,1.00,1.00,1.00,1.00,0.79,1.00,0.79,1.00,0.79",10,0.00,0.33,"Reviews, Video, Video carousel, Related searches"
강아지 성격 테스트,Informational,110,"1.00,0.82,0.65,0.65,0.82,0.65,0.65,0.65,0.65,0.53,0.82,0.53",7,0.00,0.33,"Image pack, Video, Video carousel, Related searches"
건강 테스트,Informational,110,"0.65,0.53,1.00,1.00,0.82,0.65,0.65,0.82,0.82,0.41,0.53,0.65",16,0.00,0.07,"Image pack, Video, Related searches"
게임 테스트,Informational,110,"1.00,1.00,1.00,0.64,0.64,0.64,0.79,0.64,1.00,0.79,0.64,0.64",22,0.00,0.02,"Reviews, Video, People also ask, Related searches"
고백 받을 확률 테스트,Informational,110,"1.00,0.67,0.81,0.81,0.52,0.33,0.33,0.19,0.33,0.24,0.33,0.24",10,0.00,0.01,"Sitelinks, Video, People also ask, Related searches"
고양이 성격 테스트,Informational,110,"0.53,0.82,0.53,0.65,1.00,0.65,0.65,0.82,0.65,0.82,0.82,0.65",10,0.00,0.33,"Image pack, Video, Video carousel, Related searches"
공감각 테스트,Informational,110,"0.82,0.64,0.82,1.00,1.00,1.00,1.00,0.82,0.82,1.00,1.00,1.00",24,0.00,0.33,"Image pack, Video, Related searches"
공주병 테스트,Informational,110,"0.82,0.53,0.41,0.53,0.53,0.65,0.65,0.65,0.65,0.82,1.00,0.82",19,0.00,0.01,"AI Overview, Image pack, Video"
공황 장애 자가 진단 테스트,Informational,110,"0.65,0.29,0.41,0.53,0.82,0.82,0.82,1.00,0.82,0.82,0.65,0.53",9,0.65,0.31,"Image, Video, Video carousel, Related searches"
군필자 테스트,Informational,110,"0.79,0.79,0.79,1.00,0.79,0.79,0.79,0.64,0.50,0.79,0.79,0.50",10,0.00,0.33,"Video, People also ask, Related searches"
굿 테스트,Informational,110,"0.52,0.52,0.43,0.67,0.43,0.43,0.67,0.52,0.67,0.67,0.81,1.00",17,0.00,0.33,Related searches
귀신 테스트,Informational,110,"1.00,0.54,0.42,0.42,0.35,0.27,0.35,0.19,0.27,0.27,0.27,0.42",13,0.00,0.33,"Image pack, Video, Video carousel, People also ask, Related searches"
그래픽 카드 냉납 테스트,"Informational, Transactional",110,"0.65,1.00,0.53,0.65,0.82,0.65,0.53,0.53,0.53,0.41,0.41,0.41",13,0.00,0.33,"Image pack, Video, Video carousel, People also ask, Related searches"
그림 으로 알아 보는 강박증 테스트,Informational,110,"1.00,1.00,0.79,1.00,0.64,0.64,0.79,0.79,0.64,0.50,0.50,0.50",11,0.00,0.03,"Image pack, Video, Related searches"
그림 재능 테스트,Informational,110,"0.64,0.79,0.64,0.64,0.79,1.00,1.00,0.79,0.50,0.64,0.50,0.50",15,0.00,0.33,"Image pack, Video, Video carousel, Related searches"
그림 테스트,Informational,110,"0.81,1.00,0.29,0.08,0.02,0.02,0.02,0.08,0.02,0.10,0.02,0.02",8,0.00,0.33,"Image pack, Video, Video carousel, Related searches"
나 에게 맞는 강아지 테스트,Informational,110,"0.79,0.79,0.50,1.00,0.79,0.79,1.00,0.79,0.64,0.64,0.79,0.64",10,0.00,0.01,"Video, Related searches"
나와 어울리는 동물 테스트,Informational,110,"0.43,0.52,0.52,0.52,0.52,0.43,0.52,0.67,0.52,0.67,0.67,1.00",9,0.00,0.33,"AI Overview, Reviews, Video, Related searches"
남성 성 여성 성 테스트,Informational,110,"0.20,0.20,0.20,0.40,0.20,0.20,0.40,0.20,0.40,0.20,1.00,0.20",15,0.00,0.33,"Video, Related searches"
넥슨 코딩 테스트,"Informational, Navigational",110,"0.28,1.00,0.54,0.10,0.03,0.03,0.10,0.03,0.03,0.05,0.03,0.05",2,0.00,0.33,"Sitelinks, Reviews, Related searches"
넨 계통 테스트,Informational,110,"0.28,0.44,0.22,0.28,0.28,0.44,1.00,0.44,0.53,0.28,0.53,0.53",21,0.00,0.33,"Image pack, Video, Related searches"
노트북 웹캠 테스트,Informational,110,"0.64,0.79,0.79,1.00,0.79,0.64,0.64,0.50,1.00,0.79,0.79,0.50",19,0.00,0.01,"AI Overview, Reviews, Video, People also ask, Related searches"
녹음 테스트,Informational,110,"0.79,0.79,1.00,0.64,1.00,0.64,0.64,0.79,0.79,0.79,0.79,0.64",14,0.00,0.33,"Video, Related searches"
단동 테스트,Informational,110,"1.00,1.00,1.00,0.82,1.00,1.00,1.00,0.82,1.00,0.64,0.64,1.00",14,0.00,0.33,"AI Overview, Image pack, Video, Related searches"
단발 광클 테스트,Informational,110,"0.41,0.53,0.53,0.53,0.65,0.65,0.53,1.00,0.65,0.65,0.65,0.53",6,0.00,0.33,"AI Overview, Reviews, Related searches"
단어 테스트,Informational,110,"0.79,1.00,0.64,0.64,0.64,0.64,1.00,0.64,0.79,0.64,0.50,0.79",9,0.29,0.10,"Image pack, Video, Related searches"
단위 테스트 통합 테스트,Informational,110,"1.00,0.53,0.65,0.53,0.65,0.65,0.65,0.41,0.65,0.65,0.53,0.41",3,0.00,0.33,"Sitelinks, AI Overview, Video, People also ask, Related searches"
동 작성 지능 테스트,Informational,110,"1.00,1.00,0.64,1.00,1.00,0.79,0.79,0.79,0.79,0.79,0.64,0.50",20,0.30,0.15,"AI Overview, Image pack, Video, People also ask, Related searches"
동심 퀴즈,Informational,110,"1.00,0.41,0.53,0.65,0.65,0.53,0.41,0.53,0.82,0.53,0.41,0.82",18,0.00,0.06,"Image pack, Video, Video carousel, Related searches"
돼지 테스트,Informational,110,"0.64,1.00,0.64,0.79,1.00,0.64,0.79,0.79,0.64,0.50,1.00,1.00",10,0.00,0.01,"Image pack, Video, Video carousel, Related searches"
드레 이즈 테스트,Informational,110,"0.09,0.16,0.22,0.22,0.44,0.34,0.03,0.06,0.44,0.53,1.00,0.44",10,0.00,0.33,"Image pack, Video, People also ask, Knowledge panel, Related searches"
디자인 감각 테스트,Informational,110,"0.03,0.29,0.24,0.01,0.01,0.24,0.01,0.01,1.00,0.01,0.01,0.01",13,0.82,0.05,"Video, Related searches"
딥 링크 테스트,"Informational, Transactional",110,"0.08,1.00,0.03,0.03,0.08,0.03,0.05,0.05,0.03,0.03,0.03,0.05",10,2.74,0.15,"Video, Related searches"
라이브 코딩 테스트,Informational,110,"0.82,1.00,1.00,1.00,1.00,0.64,1.00,0.82,1.00,0.64,1.00,0.45",11,1.24,0.09,"Video, Related searches"
렉사 일 지수 무료 테스트,Informational,110,"0.67,1.00,0.67,0.52,0.43,0.43,0.43,0.43,0.67,0.33,0.33,0.33",5,0.45,0.10,"AI Overview, Video, Related searches"
로리콘 테스트,"Informational, Transactional",110,"1.00,0.82,0.82,1.00,1.00,1.00,1.00,1.00,0.82,0.82,1.00,1.00",22,0.00,0.00,
롤 챔피언 테스트,Informational,110,"0.65,0.82,0.41,0.82,0.82,0.65,1.00,0.53,0.41,0.24,0.41,0.24",15,0.00,0.33,"Video, Related searches"
리그 레이션 테스트,Informational,110,"0.79,0.79,1.00,0.64,0.79,0.50,0.79,0.64,1.00,0.79,0.64,0.79",14,0.00,0.33,"AI Overview, Video, Related searches"
리니지 테스트 서버,Informational,110,"0.03,0.03,0.02,0.03,0.02,0.02,1.00,0.81,0.02,0.05,0.05,0.03",23,0.00,0.01,"Video, Video carousel, People also ask, Related searches"
리더십 유형 테스트,Informational,110,"0.03,0.03,0.05,1.00,0.10,0.03,0.13,0.18,0.03,0.08,0.23,0.03",9,0.57,0.33,"Reviews, Image, Image pack, Video, Related searches"
마우스 드래그 테스트,Commercial,110,"0.79,0.64,0.64,0.79,0.79,0.79,0.79,0.79,0.79,1.00,1.00,1.00",11,0.00,0.33,"Video, Related searches"
마우스 성능 테스트,Informational,110,"0.65,0.82,0.65,0.53,0.53,0.65,0.65,1.00,0.65,0.53,0.65,0.53",12,0.00,0.33,"Video, Related searches"
마우스 연타 테스트,"Informational, Transactional",110,"0.65,0.82,0.53,0.53,0.53,0.65,0.65,1.00,0.65,0.41,0.41,0.41",13,0.00,0.33,"Reviews, Related searches"
마우스 폴링 레이트 테스트,Informational,110,"0.53,0.65,0.53,0.82,0.53,0.65,0.53,0.82,1.00,0.65,0.65,0.53",17,0.00,0.33,"AI Overview, Video, Related searches"
마이 베스트,Informational,110,"0.67,0.03,0.05,0.28,0.05,1.00,0.08,0.08,0.05,0.03,0.67,0.03",3,0.00,0.33,"Video, Related searches"
마이크 녹음 테스트,Informational,110,"0.79,0.79,1.00,0.64,0.64,0.64,1.00,0.64,0.79,1.00,0.64,0.64",15,0.00,0.33,"Reviews, Video, People also ask, Related searches"
매경 테스트 공식 가이드,Informational,110,"0.53,0.41,0.53,0.29,0.53,0.53,0.53,0.82,1.00,1.00,0.82,0.65",20,0.14,0.25,"Reviews, Video, Video carousel, Knowledge panel, Related searches"
매경 테스트 요약 pdf,Informational,110,"0.65,0.53,0.65,0.29,0.53,0.41,0.29,0.53,0.82,1.00,0.82,0.65",17,0.00,0.02,"Reviews, Video, Related searches"
매경 테스트 학점,Informational,110,"0.65,0.53,0.53,0.53,0.53,0.82,0.82,0.65,1.00,0.82,0.65,0.65",24,0.00,0.33,"AI Overview, Video, Video carousel, Short videos, People also ask, Related searches"
메모리 불량 테스트,Informational,110,"0.79,1.00,0.64,0.79,1.00,1.00,1.00,0.79,1.00,0.79,0.79,0.50",14,0.00,0.33,"Video, Video carousel, People also ask"
메모리 테스트 tm5,Informational,110,"0.65,0.53,0.65,0.65,0.65,0.65,1.00,0.65,0.82,0.53,0.41,0.29",8,0.00,0.33,"Video, Video carousel, Related searches"
메이플 테스트 서버 하는 법,Informational,110,"1.00,0.10,0.15,0.02,0.02,0.15,0.02,0.00,0.02,0.02,0.02,0.54",21,0.00,0.33,"AI Overview, Video, Related searches"
모니터 화질 테스트,"Informational, Navigational",110,"1.00,0.79,0.64,0.64,0.79,0.79,0.79,0.64,0.79,0.50,0.64,0.64",14,0.00,0.33,"Sitelinks, AI Overview, Video, Related searches"
무대 공포증 테스트,Informational,110,"0.50,0.50,0.79,1.00,1.00,1.00,0.64,0.50,0.79,0.79,1.00,0.64",8,0.26,0.05,"Video, Video carousel, Related searches"
무료 심리 검사,Informational,110,"0.67,0.52,0.43,0.67,0.52,0.52,0.52,0.43,0.67,0.52,0.52,1.00",14,2.53,0.22,"Video, Related searches"
미러 테스트,"Informational, Transactional",110,"0.35,0.35,0.35,0.27,0.35,0.35,0.81,1.00,0.54,0.54,0.42,0.42",24,0.00,0.06,"Image pack, Video, Video carousel, People also ask, Knowledge panel, Related searches"
반도체 테스트 엔지니어,Informational,110,"0.02,0.04,0.02,0.44,1.00,0.44,0.81,0.02,0.02,0.02,0.06,0.02",13,0.00,0.03,"AI Overview, Video, Related searches"
발 사이트,Informational,110,"0.65,0.65,0.82,1.00,0.65,0.65,0.65,0.53,0.53,0.82,0.53,0.65",11,0.00,0.33,
발음 테스트 영어,Informational,110,"0.27,0.35,0.27,0.35,0.35,0.42,0.54,0.54,0.54,0.65,1.00,0.81",11,0.51,0.04,"Image pack, Video"
배터리 테스트,Informational,110,"1.00,0.24,0.01,0.01,0.01,0.02,0.02,0.02,0.02,0.01,0.12,0.06",21,0.69,0.33,"AI Overview, Reviews, Video, Video carousel, Short videos, Related searches"
버크만 테스트 무료,Informational,110,"0.82,1.00,1.00,0.82,0.82,0.53,0.41,0.41,0.53,0.65,0.53,0.53",2,0.60,0.06,"AI Overview, Image pack, Video, Related searches"
벤치 테스트,Informational,110,"1.00,1.00,0.82,1.00,1.00,0.82,1.00,1.00,1.00,1.00,0.82,0.64",16,0.00,0.33,"Image pack, Video, People also ask, Related searches"
보지 탐구,"Informational, Transactional",110,"0.79,1.00,0.64,0.64,0.79,0.79,0.79,0.64,0.64,0.79,0.50,0.64",16,0.00,0.33,
분리 불안 테스트,Informational,110,"0.24,1.00,0.24,0.19,0.03,0.01,0.01,0.03,0.01,0.01,0.01,0.03",14,0.40,0.08,"Image pack, Video carousel, Related searches, Ads bottom"
블랙 미러 베타 테스트,Informational,110,"0.03,1.00,0.53,0.03,0.03,0.03,0.03,0.22,0.03,0.06,0.03,0.03",27,0.00,0.33,"Video, Knowledge panel, Related searches"
빅 파이브 성격 검사,Informational,110,"0.08,0.01,0.01,0.03,0.01,0.01,0.02,0.01,0.16,0.19,1.00,0.36",13,0.18,0.33,"AI Overview, Reviews, Video, Video carousel, Related searches"
살찌는 체질 테스트,Informational,110,"1.00,1.00,1.00,0.79,0.50,0.50,0.64,0.79,0.64,0.50,0.50,0.50",20,0.00,0.01,"AI Overview, Image pack, Video, Related searches"
삼성 전자 코딩 테스트,Informational,110,"0.02,0.35,0.35,0.02,0.02,0.02,0.04,0.02,1.00,0.81,0.04,0.02",7,0.00,0.03,"Video, Video carousel, People also ask, Related searches"
색 심리 테스트,Informational,110,"0.02,0.44,0.54,0.02,1.00,0.35,0.02,0.02,0.02,0.02,0.08,0.15",12,0.00,0.04,"Image pack, Video, Video carousel, Related searches"
성 도착증 테스트,Informational,110,"0.36,1.00,0.02,0.02,0.02,0.02,0.02,0.03,0.15,0.07,0.02,0.02",16,0.00,0.33,"Image pack, Video, Related searches"
성격 5 요인 검사,Informational,110,"0.52,0.43,0.81,0.52,0.52,0.43,0.33,0.24,1.00,0.81,0.67,0.52",19,0.14,0.17,"AI Overview, Reviews, Image pack, Video, Video carousel, Related searches"
성격 검사 종류,Informational,110,"1.00,0.79,1.00,0.79,0.64,0.79,0.79,0.79,1.00,0.79,1.00,0.64",10,0.00,0.03,"AI Overview, Image pack, Video, People also ask, Related searches"
소름 돋는 심리 테스트 모음,Informational,110,"0.53,0.53,0.41,0.53,0.53,0.82,0.82,0.82,0.82,1.00,0.82,0.82",19,0.00,0.01,"AI Overview, Video, Video carousel, People also ask, Related searches"
소름 돋는 연애 심리 테스트,Informational,110,"0.81,0.02,0.02,1.00,0.08,0.02,0.07,0.08,0.03,0.19,0.02,0.07",17,0.00,0.03,"Video, Short videos, Related searches"
손금 테스트,Commercial,110,"0.65,0.29,0.29,0.41,0.65,0.65,0.82,0.82,0.65,0.65,1.00,1.00",26,0.10,0.04,"Reviews, Video, People also ask, Related searches"
솔로 탈출 테스트,Informational,110,"0.22,0.34,0.28,0.34,0.44,0.44,0.44,1.00,0.28,0.22,0.22,0.12",10,0.51,0.15,"Image pack, Video, Related searches, Ads bottom"
수 진단 톡방,Commercial,110,"0.13,0.08,0.08,0.05,0.08,0.13,0.36,0.44,0.36,0.44,1.00,0.82",16,0.00,0.33,"Reviews, Video"
수압 테스트,Informational,110,"0.79,0.64,0.64,0.50,0.79,0.50,0.50,0.50,0.79,0.79,1.00,1.00",5,0.43,0.48,"AI Overview, Reviews, Image pack, Video, Video carousel, Related searches"
순수함 테스트,Informational,110,"0.79,0.79,1.00,0.79,0.64,1.00,0.79,0.64,0.64,0.50,0.79,0.64",19,0.00,0.33,"Image pack, Video, Video carousel, People also ask, Related searches"
스티커 테스트 mbti,Informational,110,"0.00,0.00,0.00,0.00,0.00,0.00,0.00,0.00,0.00,0.00,0.00,1.00",22,0.60,0.00,"Video, Related searches"
신가 물 테스트,Informational,110,"1.00,0.79,0.79,0.64,0.64,0.50,0.36,0.79,0.79,0.50,0.64,0.50",23,0.00,0.33,"Video, Video carousel, Related searches"
신끼 테스트,Informational,110,"0.82,0.65,0.53,0.53,0.65,0.65,0.53,1.00,0.53,0.53,0.53,0.65",19,0.28,0.14,"Video, Related searches"
신내림 테스트,Informational,110,"0.81,0.52,0.43,0.43,0.52,0.43,0.33,1.00,0.67,0.43,0.52,0.24",19,0.00,0.01,"AI Overview, Video, Related searches"
심남,Informational,110,"0.36,0.08,0.03,0.03,0.05,0.23,0.28,0.03,0.44,1.00,0.13,0.05",19,0.00,0.33,"Video, People also ask, Related searches"
아이 패드 불량 테스트,Informational,110,"0.19,0.24,0.24,0.24,0.24,0.33,0.67,0.67,1.00,0.81,0.81,0.81",11,0.00,0.33,"AI Overview, Video, Video carousel, People also ask, Related searches"
아이큐 무료 테스트,Informational,110,"0.53,0.53,0.53,0.53,0.53,0.53,0.53,0.65,0.82,0.82,1.00,1.00",29,0.14,0.66,"AI Overview, Reviews, Video, Related searches"
아이폰 진동 테스트,Informational,110,"1.00,1.00,1.00,1.00,0.79,0.64,1.00,1.00,0.64,0.64,0.79,0.64",14,0.00,0.01,"Sitelinks, AI Overview, Reviews, Video, Related searches"
아이폰 터치 불량 테스트,Informational,110,"0.67,0.81,1.00,0.67,0.43,0.33,0.43,0.52,0.33,0.33,0.33,0.24",11,0.00,0.33,"Sitelinks, AI Overview, Video, Video carousel, Related searches"
아이폰 테스트 모드,Informational,110,"0.54,0.42,1.00,0.81,0.42,0.35,0.35,0.35,0.35,0.27,0.19,0.27",21,0.00,0.33,"AI Overview, Reviews, Video, People also ask, Related searches"
안랩 코딩 테스트,Informational,110,"0.01,0.01,0.01,0.06,1.00,0.36,0.03,0.01,0.01,0.02,0.03,0.06",9,0.00,0.33,"Reviews, People also ask, Related searches"
알파 테스트 베타 테스트,Informational,110,"0.54,0.42,0.35,0.27,0.35,0.27,0.27,0.27,1.00,0.42,0.35,0.35",18,0.00,0.33,"Sitelinks, AI Overview, Video, Related searches"
억양 테스트,Informational,110,"0.03,0.01,0.01,0.01,0.01,0.01,0.19,0.29,0.01,1.00,0.03,0.01",13,0.00,0.02,"AI Overview, Reviews, Video, Video carousel, Related searches"
언어 능력 테스트,Informational,110,"0.01,0.01,0.01,0.01,0.01,0.01,1.00,0.01,0.03,0.12,0.01,0.19",13,0.00,0.33,"Video, People also ask, Related searches"
언어 장애 테스트,Informational,110,"1.00,1.00,0.82,0.64,1.00,0.82,1.00,0.64,1.00,1.00,0.82,0.82",14,0.00,0.02,"AI Overview, Image, Image pack, Video, People also ask, Related searches, Ads top"
여성 성 테스트,Informational,110,"0.81,0.53,0.03,0.06,0.03,1.00,0.03,0.06,0.03,0.03,0.03,0.03",15,0.00,0.03,"Video, Related searches"
여자 친구 테스트,Informational,110,"0.79,0.64,0.50,0.64,0.79,0.79,0.64,1.00,1.00,0.64,1.00,0.79",12,0.70,0.07,"Reviews, Image, Video, People also ask, Related searches"
여친 테스트,Informational,110,"0.79,0.64,0.50,0.64,0.79,0.79,0.64,1.00,1.00,0.64,1.00,0.79",10,0.70,0.07,"Image pack, Video, Video carousel, Related searches"
여행 스타일 테스트,Informational,110,"0.79,1.00,0.64,0.79,0.64,0.64,1.00,0.50,0.50,0.50,0.50,0.64",13,0.00,0.01,"Image pack, Video, Related searches"
연애 성향,Informational,110,"1.00,0.01,0.10,0.07,0.03,0.06,0.19,0.15,0.12,0.01,0.01,0.03",15,0.50,0.09,"AI Overview, Video, People also ask, Related searches"
연애 세포 테스트,Informational,110,"0.79,0.79,1.00,0.79,0.64,0.64,0.79,0.50,0.79,0.64,0.79,0.64",15,0.49,0.08,"Image pack, Video, People also ask, Related searches"
영단어 테스트,Informational,110,"0.65,0.65,0.53,0.41,0.65,1.00,0.82,0.65,0.82,0.53,0.53,0.41",10,0.32,0.28,"Video, Related searches"
오픽 모의 테스트,Informational,110,"0.52,0.43,0.52,0.43,0.43,0.67,0.52,0.67,1.00,0.43,0.43,0.33",9,0.63,0.48,"Video, Video carousel"
오픽 테스트,Navigational,110,"0.53,0.82,0.82,0.53,0.65,0.65,0.82,0.65,1.00,0.82,0.41,0.65",16,0.59,0.28,"Sitelinks, Video, Video carousel, Related searches, Ads top, Ads bottom"
온라인 심리 검사,Informational,110,"0.81,0.43,0.33,0.33,1.00,0.67,0.52,0.52,0.43,0.33,0.43,0.33",11,3.49,0.29,"Video, Related searches"
욕구 불만 테스트,Informational,110,"1.00,0.65,0.82,0.82,0.65,0.41,0.65,0.53,0.53,0.53,0.41,0.65",10,0.00,0.33,"AI Overview, Video"
욕구 테스트,Informational,110,"0.35,0.67,0.10,1.00,0.02,0.02,0.04,0.19,0.02,0.06,0.02,0.02",8,0.00,0.33,"Image pack, Video, Related searches"
우 영우 인물 테스트,Informational,110,"0.00,0.00,0.00,0.00,0.00,0.00,0.00,0.00,0.00,0.00,0.00,1.00",13,0.00,0.01,"Sitelinks, AI Overview, Video, Video carousel"
웃긴 사이트,Informational,110,"0.81,0.52,0.52,0.52,0.81,0.67,0.67,0.33,0.52,0.81,0.81,1.00",14,0.00,0.33,"AI Overview, Image pack, Video, Related searches"
웹 소켓 테스트,"Informational, Navigational",110,"1.00,0.04,0.01,0.03,0.24,0.01,0.01,0.01,0.01,0.12,0.06,0.01",10,0.00,0.33,"Reviews, Video, Related searches"
유리 멘탈 테스트,Informational,110,"0.79,0.64,0.64,1.00,1.00,1.00,0.79,1.00,0.79,1.00,0.64,0.64",15,0.00,0.02,"Sitelinks, Video, Related searches"
유형별,Informational,110,"0.79,1.00,0.79,0.64,0.64,0.79,1.00,0.64,0.79,0.79,1.00,0.79",21,0.00,0.01,"Image pack, Video, Video carousel, People also ask, Related searches"
은따 테스트,Informational,110,"1.00,1.00,1.00,1.00,0.82,1.00,0.82,0.64,1.00,1.00,0.82,1.00",19,0.00,0.33,"Image pack, Video, Related searches"
이과 문과 테스트,Informational,110,"0.52,0.67,0.43,0.43,0.52,0.52,0.43,0.52,0.81,0.52,1.00,1.00",19,0.00,0.33,"Image pack, Video, Video carousel, People also ask"
이상 성애 테스트,Informational,110,"1.00,1.00,1.00,0.64,0.64,0.64,0.79,0.79,0.79,1.00,0.64,0.50",19,0.00,0.01,"Image pack, Related searches"
이시하라 색맹 테스트,Informational,110,"0.43,0.19,0.43,0.33,0.43,0.67,0.43,0.52,0.52,0.67,0.81,1.00",10,0.00,0.33,"Reviews, Image, Image pack, Video, Related searches"
이어폰 마이크 테스트,Informational,110,"0.05,1.00,0.05,0.24,0.02,0.03,0.07,0.05,0.02,0.36,0.02,0.54",26,0.00,0.33,"AI Overview, Reviews, Video, People also ask, Related searches"
이어폰 좌우 테스트,"Informational, Transactional",110,"0.82,0.65,0.53,0.65,0.65,0.53,0.65,0.65,1.00,0.65,1.00,0.82",10,0.00,0.33,"Video, Video carousel, People also ask, Related searches"
인간 불신 테스트,Informational,110,"0.81,1.00,0.67,0.67,0.52,0.43,0.43,0.43,0.33,0.33,0.43,0.24",10,0.00,0.05,"Reviews, Video, Video carousel, People also ask, Related searches"
인내심 테스트,Informational,110,"1.00,0.79,0.79,1.00,0.79,1.00,0.79,0.64,0.64,1.00,1.00,0.79",17,0.00,0.01,"Image pack, Video, People also ask, Related searches"
인쇄 테스트 이미지,Informational,110,"0.53,0.65,0.65,0.41,0.82,1.00,0.82,0.53,0.82,1.00,0.53,0.29",2,0.00,0.33,"Image pack, Video, Related searches"
일본어 레벨 테스트,Commercial,110,"0.79,1.00,0.79,0.64,0.50,1.00,0.64,0.79,0.79,0.64,0.79,0.79",10,0.54,0.33,"Reviews, Video, Video carousel, Related searches"
임신 가능성 테스트,Informational,110,"0.82,0.82,1.00,1.00,0.82,0.65,0.53,0.65,0.53,0.82,0.53,0.53",12,1.26,0.04,"AI Overview, Video, Video carousel, Related searches"
자기 연민 테스트,Informational,110,"0.65,0.82,0.82,0.82,0.82,0.65,0.53,0.41,0.41,0.53,0.82,1.00",19,0.00,0.02,"Image pack, Video, People also ask, Related searches"
자바 코딩 테스트,Informational,110,"1.00,0.79,1.00,0.79,0.79,0.79,0.79,0.79,1.00,0.79,0.64,0.64",6,1.01,0.22,"Video, Video carousel, Related searches"
잠자리 테스트,Informational,110,"0.14,1.00,0.14,0.14,0.43,0.14,0.29,0.43,0.14,0.14,0.14,0.14",10,0.00,0.33,"Video, Related searches"
장두형 테스트,Informational,110,"0.43,0.52,0.52,0.33,0.43,0.52,0.67,0.67,1.00,0.81,0.52,0.43",19,0.00,0.33,"Image, Image pack, Video, Related searches"
재밌는 웹 사이트,Informational,110,"0.43,0.43,0.43,0.43,0.43,0.52,0.33,0.43,0.52,0.67,1.00,0.81",10,0.00,0.33,"Image pack, Video, Video carousel, People also ask, Related searches"
정체성 테스트,Informational,110,"0.03,0.02,0.02,0.66,1.00,0.19,0.19,0.03,0.02,0.02,0.02,0.02",13,0.00,0.33,"Image pack, Video, People also ask, Related searches"
중앙 일보 정치 성향 테스트,"Informational, Navigational",110,"0.28,0.03,0.06,0.03,0.12,0.03,0.81,0.03,0.03,0.03,1.00,0.34",27,0.00,0.33,Related searches
착시 색깔 테스트,Informational,110,"0.53,0.53,0.41,0.65,0.53,0.65,0.65,0.82,0.65,1.00,1.00,1.00",23,0.00,0.33,"Image, Image pack, Video, Video carousel, People also ask, Related searches"
청력 나이 테스트,Informational,110,"0.34,0.34,0.28,1.00,0.34,0.34,0.34,0.28,0.22,0.22,0.22,0.22",17,0.41,0.16,"Image pack, Video, Related searches"
청음 테스트,Informational,110,"0.43,0.43,0.52,0.81,0.43,0.33,1.00,0.52,0.67,0.52,0.52,0.81",9,0.00,0.33,"Image pack, Video, Video carousel, People also ask, Related searches"
초 6 수학 레벨 테스트,Informational,110,"0.28,0.22,0.22,0.28,0.34,0.34,0.44,0.53,0.53,0.53,0.53,1.00",12,0.71,0.08,"Image pack, Video, Related searches"
초등학생 영어 레벨 테스트 pdf,Informational,110,"0.01,0.01,0.05,0.01,0.01,0.08,0.12,0.30,1.00,0.01,0.01,0.03",10,0.75,0.09,"Image pack, Video, Related searches"
최선 어학원 레벨 테스트,"Informational, Navigational",110,"1.00,0.65,0.29,0.53,0.65,1.00,1.00,0.65,1.00,0.53,0.82,0.82",11,0.00,0.02,"Reviews, Image pack, Video, Related searches"
충돌 테스트,"Informational, Transactional",110,"0.23,1.00,0.44,0.28,0.18,0.18,0.18,0.18,0.23,0.28,0.18,0.23",18,0.00,0.33,"Image pack, Video, Video carousel, Related searches"
취 했는지 테스트,Informational,110,"0.02,0.02,0.15,0.02,0.02,0.44,0.67,0.23,1.00,0.02,0.02,0.15",22,0.00,0.33,"Sitelinks, Image pack, Video, Related searches"
치매 테스트 숫자,Informational,110,"0.50,0.36,0.79,1.00,0.50,0.79,0.79,0.64,0.79,1.00,1.00,0.64",21,0.00,0.04,"AI Overview, Video, Short videos, Related searches"
카카오 2 차 코딩 테스트,Informational,110,"0.01,0.08,0.01,1.00,0.01,0.01,0.01,0.02,0.01,0.08,0.01,0.01",13,0.00,0.33,"Video, Related searches"
캐릭터 성격 테스트,Informational,110,"0.65,0.65,0.41,0.53,0.82,0.65,1.00,0.82,0.65,0.82,0.53,0.82",17,0.00,0.01,"Image pack, Video, Related searches"
컴퓨터 테스트,Informational,110,"0.79,0.79,0.79,0.79,1.00,1.00,1.00,1.00,0.79,0.64,0.64,0.64",15,0.00,0.33,"AI Overview, Video, Video carousel"
컴퓨터 핑 테스트,Informational,110,"0.43,0.81,0.43,0.52,0.67,0.33,0.67,1.00,0.33,0.33,0.52,0.33",20,0.00,0.33,"AI Overview, Video, Related searches"
코딩 테스트 강의,Commercial,110,"0.05,0.05,1.00,0.05,0.10,0.05,0.67,0.24,0.05,0.10,0.05,0.05",8,0.97,0.78,"Video, Video carousel, Related searches, Ads top, Ads bottom"
코딩 테스트 예제,Informational,110,"1.00,0.64,1.00,1.00,0.79,0.64,1.00,1.00,1.00,0.79,0.36,0.50",14,0.45,0.17,"Image pack, Video, People also ask, Related searches"
콩깍지 테스트,Informational,110,"1.00,0.65,0.65,0.82,0.53,0.65,0.82,0.53,0.65,0.53,0.53,0.53",24,0.00,0.01,"Image, Image pack, Video"
크로마 서브 샘플링 테스트,Commercial,110,"0.06,0.04,0.02,0.02,0.04,0.08,0.23,0.44,0.44,0.67,0.81,1.00",11,0.00,0.33,"Video, Related searches"
키보드 자판 테스트,Informational,110,"0.79,0.79,0.79,1.00,1.00,0.79,0.79,0.79,1.00,0.79,1.00,0.64",10,0.00,0.33,"Video, People also ask, Related searches"
키보드 타이핑 테스트,Informational,110,"1.00,0.64,0.50,0.79,0.64,0.50,0.79,0.79,0.64,0.79,0.79,0.50",23,0.00,0.33,Video
타고난 성격 테스트,Informational,110,"1.00,0.65,0.06,0.65,0.12,0.06,0.24,0.24,0.18,0.12,0.06,0.06",15,0.15,0.07,"Video, Related searches, Ads top, Ads middle"
테스트 넷,Informational,110,"0.81,0.44,1.00,0.53,0.03,0.03,0.09,0.03,0.03,0.03,0.06,0.03",10,0.00,0.01,"Sitelinks, AI Overview, Video, People also ask, Related searches"
테스트 서버 메이플,Navigational,110,"0.43,0.81,0.67,0.52,0.24,0.43,0.43,0.14,0.43,0.19,0.19,1.00",24,0.00,0.33,"Sitelinks, Video, People also ask, Related searches"
테스트 소켓,Informational,110,"0.53,0.53,0.65,0.53,0.82,0.65,0.65,0.65,0.82,1.00,0.82,0.82",9,0.00,0.01,"AI Overview, Image pack, Video, People also ask, Related searches"
테스트 아이콘,Informational,110,"1.00,0.50,0.79,0.79,0.79,0.64,0.64,0.50,0.64,0.79,0.64,0.50",21,0.00,0.33,Image pack
테스트 엔지니어,Informational,110,"0.82,0.53,0.65,0.53,0.82,0.53,1.00,0.65,0.82,0.65,0.53,0.41",19,0.58,0.07,"AI Overview, Video, Related searches"
테스트 영어,Informational,110,"0.64,0.50,0.50,0.50,0.79,0.79,0.79,0.64,1.00,0.64,0.64,1.00",15,0.00,0.02,"Reviews, Instant answer, Video, People also ask, Related searches"
테스트 영어 로,Informational,110,"0.64,0.64,0.79,0.64,0.64,0.79,0.79,0.64,1.00,0.79,0.79,0.79",23,0.00,0.33,"Reviews, Instant answer, Video, Related searches"
테스트 카,Informational,110,"0.65,0.65,0.65,0.53,0.82,1.00,1.00,0.53,0.65,0.65,0.65,1.00",19,0.00,0.01,"AI Overview, Image pack, Video, Related searches"
테스트 테론,Informational,110,"1.00,0.19,0.01,0.05,0.01,0.01,0.01,0.10,0.01,0.01,0.01,0.01",25,0.00,0.33,"AI Overview, Image, Video, Video carousel, Related searches"
테스트 하네스,Informational,110,"0.67,0.67,0.33,0.52,0.43,0.33,0.43,0.67,0.67,1.00,0.67,0.67",13,0.00,0.01,"AI Overview, Image pack, Video, Video carousel, People also ask, Related searches"
토익 모의 테스트,Informational,110,"0.65,0.53,0.65,0.53,0.53,0.82,1.00,0.65,1.00,0.41,0.65,0.82",21,0.53,0.43,"Reviews, Video, Video carousel, People also ask, Related searches"
토플 레벨 테스트,Informational,110,"0.12,0.04,0.35,0.08,0.04,0.35,1.00,0.04,0.35,0.04,0.04,0.04",13,0.80,0.67,"Video, Related searches"
통합 테스트 시나리오,Informational,110,"1.00,0.53,0.82,0.53,0.82,1.00,0.65,0.41,0.53,0.29,0.41,0.29",10,0.00,0.01,"Sitelinks, AI Overview, Image pack, Video, Related searches"
파워 불량 테스트,Informational,110,"0.79,1.00,1.00,1.00,0.79,0.79,1.00,0.79,0.79,0.64,0.50,0.50",11,0.00,0.33,"AI Overview, Video, Video carousel, Short videos, People also ask, Related searches"
판타지 직업 테스트,Informational,110,"0.65,1.00,0.65,0.65,0.65,0.65,0.82,0.53,0.41,0.41,0.53,0.41",10,0.00,0.33,"Video, Related searches"
패치 테스트,Informational,110,"1.00,0.65,0.08,0.04,0.65,0.04,0.04,0.04,0.04,0.04,0.04,0.42",9,0.00,0.33,"AI Overview, Image, Image pack, Video, Video carousel, Related searches"
푸팡,Commercial,110,"0.79,0.79,0.64,0.79,0.64,0.79,1.00,0.79,0.79,0.79,0.79,0.79",19,0.26,0.15,"Image, Video, Related searches"
풍산 자 테스트 북 1 2 답지,Informational,110,"0.28,0.53,0.81,0.53,1.00,0.34,0.16,0.12,0.09,0.06,0.09,0.22",2,0.00,0.33,"Reviews, Related searches"
프린터 테스트 용 이미지,Informational,110,"0.65,0.65,0.65,0.53,0.65,0.65,0.82,0.65,0.82,0.82,0.65,1.00",3,0.00,0.33,"Image, Image pack, Video, People also ask, Related searches"
프린터 테스트 인쇄,Informational,110,"0.53,0.65,0.65,0.53,0.82,0.53,0.82,0.65,0.82,0.82,1.00,0.82",8,0.00,0.33,"Image pack, Video, Video carousel, Related searches"
프린터 테스트 페이지 pdf,Informational,110,"0.65,0.82,0.82,0.53,0.53,0.65,0.65,0.18,1.00,0.29,0.06,0.53",1,0.00,0.33,"Image pack, Video, Related searches"
피부 테스트,Informational,110,"1.00,0.79,1.00,0.79,0.79,1.00,0.64,0.79,0.79,0.79,0.79,0.50",8,0.60,0.07,"Image, Image pack, Video, People also ask, Related searches"
한글 타자 속도 테스트,Commercial,110,"0.53,0.53,0.82,0.65,0.53,0.82,0.65,0.65,1.00,0.65,0.82,0.82",11,0.00,0.33,"Reviews, Video, Related searches"
한자 테스트,Informational,110,"0.52,0.52,1.00,0.52,0.67,0.67,0.67,0.52,0.43,0.52,0.52,0.52",10,0.00,0.33,"Video, Related searches"
한화 시스템 코딩 테스트,Informational,110,"0.02,0.02,0.36,0.66,0.02,0.02,0.02,0.02,1.00,0.54,0.05,0.02",8,0.00,0.33,"Reviews, Video, Related searches"
합석,Informational,110,"0.65,0.65,0.65,0.53,0.41,0.82,0.82,0.65,0.82,1.00,1.00,1.00",25,0.00,0.33,"AI Overview, Image, Image pack, Video, Video carousel, Related searches"
해커스 토익 레벨 테스트,Navigational,110,"0.52,0.33,0.43,0.33,0.52,0.67,1.00,0.67,0.67,0.43,0.24,0.52",11,0.63,0.23,"Video, People also ask, Related searches"
향수 테스트,Informational,110,"0.79,0.64,1.00,1.00,0.79,0.64,0.64,0.64,0.64,0.64,0.79,0.50",10,0.37,0.16,"Image pack, Video, Related searches"
헤드셋 좌우 밸런스 테스트,Informational,110,"0.14,0.29,0.14,0.14,0.29,0.14,1.00,0.43,0.14,1.00,0.29,0.14",10,0.00,0.33,"AI Overview, Image, Image pack, Video, Video carousel, Related searches"
휴대폰 중독 테스트,Informational,110,"0.43,0.52,0.52,0.52,0.52,0.52,0.52,0.52,0.52,0.81,1.00,1.00",11,0.00,0.33,"Image pack, Video, People also ask, Related searches"
bdsm 테스트 결과,Informational,90,"0.28,0.05,1.00,0.03,0.03,0.05,0.67,0.03,0.28,0.03,0.03,0.18",8,0.00,0.33,
big 5 test,Informational,90,"0.41,0.53,0.65,0.65,0.65,0.29,0.41,0.41,0.82,1.00,0.41,0.53",27,0.30,0.40,"Video, Video carousel, Related searches"
cj 코딩 테스트,Navigational,90,"0.03,0.03,1.00,0.28,0.03,0.03,0.03,0.03,0.67,0.28,0.03,0.03",1,0.00,0.33,"Video, Related searches"
cpu 부하 테스트 프로그램,Informational,90,"1.00,0.03,0.03,0.03,0.10,0.03,0.03,0.05,0.05,0.05,0.05,0.03",11,0.00,0.33,"AI Overview, Video, Video carousel, Related searches"
dps 테스트,Informational,90,"1.00,0.28,0.03,0.03,0.03,0.03,0.03,0.03,1.00,0.03,0.03,0.03",15,0.00,0.33,"Reviews, Video, People also ask, Related searches"
f 테스트,Informational,90,"0.82,0.64,1.00,0.82,0.82,1.00,0.82,0.64,1.00,1.00,0.64,1.00",10,0.00,0.33,"Video, Video carousel, Related searches"
highly sensitive person 테스트,Informational,90,"0.02,0.12,0.02,0.02,0.03,0.05,0.03,0.02,0.02,1.00,0.29,0.19",32,0.00,0.00,"AI Overview, Related searches"
lq 테스트,Commercial,90,"0.82,0.44,1.00,0.03,0.03,0.08,0.03,0.05,0.03,0.03,0.03,0.03",19,0.05,0.31,"AI Overview, Reviews, Image pack, Video, Video carousel, Related searches"
mbti 성격 유형 정리,Informational,90,"0.64,1.00,0.64,0.36,0.45,0.45,0.64,1.00,1.00,1.00,1.00,0.82",15,0.00,0.02,"AI Overview, Image pack, Video, Video carousel, Related searches"
modbus tcp 테스트 프로그램,Informational,90,"0.79,0.50,1.00,0.64,0.79,0.79,0.64,0.64,0.79,0.50,0.36,0.50",12,0.00,0.33,"AI Overview, Reviews, Video, Related searches"
nc 테스트,Informational,90,"0.02,0.02,0.05,1.00,0.54,0.02,0.12,0.02,0.02,0.02,0.05,0.03",6,0.00,0.33,"AI Overview, Reviews, Video, Video carousel, Related searches"
pc 파워 테스트,Informational,90,"1.00,0.13,0.54,0.03,0.10,0.23,0.08,0.18,0.03,0.03,0.03,0.03",14,0.00,0.33,"Image pack, Video, Video carousel, People also ask, Related searches"
slr 테스트,Informational,90,"0.01,0.01,0.01,0.01,1.00,0.01,0.01,0.01,0.16,0.16,0.16,0.03",15,0.00,0.33,"Image, Image pack, Video, Video carousel, Related searches"
sppi 테스트,Informational,90,"0.67,0.29,1.00,0.04,0.19,0.02,0.04,0.02,0.02,0.44,0.04,0.02",12,0.00,0.33,"Image pack, Video, Related searches"
sw 역량 테스트,Informational,90,"0.66,0.09,0.66,0.03,0.03,0.03,0.34,0.03,1.00,0.03,0.03,0.09",10,0.76,0.03,"AI Overview, Video, People also ask, Related searches"
sw 테스트 전문가,Informational,90,"0.04,1.00,0.10,0.04,0.04,0.01,0.01,0.01,0.03,0.01,0.03,0.01",15,1.11,0.33,"AI Overview, Video, Related searches"
test it,Navigational,90,"0.65,0.53,0.41,0.41,0.53,0.65,0.65,0.29,0.53,1.00,1.00,0.53",31,0.00,0.01,"Sitelinks, Video, Related searches"
what's your 2022 color 테스트,"Informational, Transactional",90,"0.00,0.00,0.00,0.00,0.00,0.00,0.00,0.00,0.00,0.00,0.00,1.00",24,0.00,0.00,"Video, People also ask"
ㅈㄱ 사이트,Informational,90,"1.00,1.00,0.50,0.79,0.64,0.50,0.50,0.50,0.79,0.64,0.79,0.79",10,0.87,0.43,
간단한 그림 심리 테스트,Informational,90,"0.44,0.02,0.02,0.04,0.02,0.15,0.02,0.02,0.54,1.00,0.06,0.15",10,0.00,0.01,"Image pack, Video, Video carousel, Related searches"
감정 기복 테스트,Informational,90,"0.36,0.09,0.18,0.09,0.09,0.09,0.09,0.09,0.82,1.00,0.09,0.09",6,0.26,0.09,"Video, Related searches"
갤럭시 테스트,Informational,90,"0.05,1.00,0.05,0.05,0.05,0.05,0.05,0.08,0.15,0.08,0.08,0.08",23,0.00,0.33,"AI Overview, Video, Related searches"
게임 성능 테스트,Informational,90,"1.00,0.05,0.05,0.43,0.05,0.05,0.14,0.10,0.05,0.05,0.05,0.14",18,0.00,0.33,"Image pack, Video, People also ask, Related searches"
결혼 점수 테스트,Informational,90,"0.02,0.29,0.06,0.02,0.15,1.00,0.54,0.02,0.02,0.02,0.08,0.02",6,3.32,0.99,"Video, Related searches"
고음 테스트,"Informational, Transactional",90,"0.65,0.65,0.41,0.41,0.29,0.53,1.00,1.00,0.82,0.82,0.65,0.82",27,0.00,0.33,"Video, Video carousel, People also ask, Related searches"
공포 심리 테스트,Informational,90,"1.00,0.01,0.01,0.03,0.10,0.03,0.06,0.19,0.01,0.01,0.29,0.54",11,0.00,0.33,"Video, Video carousel, Related searches"
공황 장애 증상 테스트,Informational,90,"0.64,0.64,0.79,0.79,0.79,1.00,0.79,0.79,0.50,0.64,0.64,0.50",12,0.25,0.30,"AI Overview, Image, Video, Video carousel, Related searches, Ads top, Ads middle"
과대 망상증 테스트,Informational,90,"0.67,1.00,0.19,0.52,0.05,0.05,0.33,0.10,0.05,0.05,0.05,0.05",19,0.00,0.02,"AI Overview, Image pack, People also ask, Related searches"
국민 은행 코딩 테스트,Informational,90,"0.44,0.11,1.00,0.11,0.11,0.11,0.11,0.22,0.11,0.11,1.00,0.33",0,0.00,0.33,"Video, Related searches"
국제 iq 테스트,Commercial,90,"0.50,0.50,0.36,0.50,1.00,0.79,0.64,0.79,1.00,1.00,0.64,0.79",26,0.33,0.41,"Video, Related searches"
그래픽 카드 고장 테스트,Informational,90,"0.06,0.18,0.06,0.06,0.82,1.00,0.82,0.18,0.06,0.12,0.06,0.06",10,0.00,0.01,"Sitelinks, AI Overview, Video, Video carousel, Related searches"
그래픽 카드 테스트 사이트,Informational,90,"0.05,0.03,0.03,0.03,0.67,0.03,1.00,0.08,0.54,0.03,0.03,0.03",11,0.00,0.01,"AI Overview, Video, Related searches"
그림 심리 테스트 모음,Informational,90,"0.02,0.05,0.02,1.00,0.05,0.02,0.02,0.02,0.02,0.02,0.02,0.03",10,0.00,0.33,"Image pack, Video, Video carousel, Related searches"
기분 부전 장애 테스트,Informational,90,"0.34,0.28,0.66,1.00,0.09,1.00,0.03,0.03,0.03,0.03,0.03,0.03",15,0.92,0.19,"AI Overview, Image pack, Video, Related searches"
나루토 테스트,Informational,90,"0.02,0.02,0.36,0.08,1.00,0.02,0.02,0.02,0.02,0.02,0.02,0.02",8,0.00,0.33,"Video, Related searches"
나무 그림 심리 테스트,Informational,90,"1.00,0.05,0.67,0.52,0.10,0.05,0.19,0.05,0.05,1.00,0.19,0.19",18,0.00,0.33,"Image pack, Video, Related searches"
남은 수명 테스트,Informational,90,"0.02,0.02,0.02,0.02,1.00,0.29,0.44,0.07,0.02,0.02,0.02,0.02",21,0.00,0.33,"AI Overview, Reviews, Video, People also ask, Related searches"
다중 지능 테스트,Informational,90,"0.41,0.41,0.82,0.41,0.65,0.53,0.29,0.24,0.82,1.00,0.82,0.41",6,0.47,0.02,"Video, Video carousel, Related searches"
데이터 분석 코딩 테스트,Informational,90,"0.29,0.14,0.14,0.14,0.14,0.71,0.14,0.14,0.14,1.00,0.29,0.29",8,0.86,0.20,"Video, Video carousel, Related searches, Ads bottom"
두뇌 테스트,"Informational, Transactional",90,"0.01,0.01,0.01,0.01,0.01,0.10,0.19,1.00,0.01,0.03,0.03,0.24",14,0.11,0.18,"Image pack, Video, Video carousel, Related searches, Ads middle"
램 성능 테스트,Informational,90,"0.53,0.41,0.41,0.53,0.65,0.65,1.00,0.65,0.82,0.53,0.53,0.41",15,0.00,0.33,"AI Overview, Reviews, Video, Related searches"
렉사 일 테스트,Informational,90,"0.64,1.00,0.64,0.45,0.82,1.00,0.82,1.00,0.82,0.45,0.64,0.82",10,0.30,0.07,"Video, Video carousel, People also ask, Related searches"
로드 러너 부하 테스트,Informational,90,"0.64,0.64,0.79,0.50,0.79,0.79,0.79,0.50,0.50,1.00,0.50,0.29",3,1.66,0.08,"AI Overview, Video, People also ask, Related searches"
롤 테스트 서버,Informational,90,"1.00,0.03,0.01,0.04,0.24,0.01,0.01,0.01,0.01,0.04,0.10,0.01",19,0.00,0.33,"Video, Video carousel, People also ask, Related searches"
마우스 스피드 테스트,Informational,90,"0.11,0.11,0.11,0.11,0.11,0.56,0.11,1.00,0.22,0.11,0.11,1.00",12,0.00,0.33,"Video, Related searches"
메인 보드 고장 테스트,Informational,90,"0.79,0.79,1.00,0.79,1.00,0.64,0.64,0.50,0.36,0.14,0.07,0.21",8,0.00,0.33,"AI Overview, Video, Video carousel, Related searches"
모니터 번인 테스트,Navigational,90,"0.64,1.00,0.82,0.82,0.82,0.64,1.00,0.82,0.82,0.82,1.00,1.00",17,0.00,0.33,"Sitelinks, AI Overview, Image pack, Video, Related searches"
모니터 테스트 프로그램,Informational,90,"0.65,0.53,0.53,0.65,0.29,0.41,0.41,0.41,1.00,0.53,0.65,0.53",10,0.00,0.33,"Video, Related searches"
무 감정 테스트,Informational,90,"0.81,1.00,0.35,1.00,0.02,0.02,0.06,0.02,0.04,0.02,0.06,0.02",10,0.00,0.06,"Image pack, Video, Related searches"
무료 전생 테스트,Informational,90,"0.01,0.19,0.01,1.00,0.01,0.01,0.06,0.03,0.03,0.04,0.10,0.01",9,0.00,0.03,"AI Overview, Video, Related searches"
물고기 성능 테스트,Informational,90,"0.64,0.50,0.79,0.64,0.79,0.50,0.64,0.79,0.79,1.00,0.64,0.79",18,0.00,0.01,"Video, People also ask, Related searches"
바우만 피부 타입 테스트,Informational,90,"0.03,0.03,0.03,0.04,0.03,0.03,0.02,0.03,0.03,0.02,1.00,0.20",14,0.00,0.02,"Image pack, Video, Related searches"
복싱 프로 테스트,Informational,90,"1.00,0.79,0.64,0.50,0.64,0.64,0.64,0.64,0.79,0.79,0.79,0.64",2,0.00,0.33,"AI Overview, Video, Video carousel, People also ask, Related searches"
삼성 코딩 테스트 후기,Navigational,90,"0.11,0.11,0.11,1.00,0.22,0.78,0.11,0.11,0.22,0.11,0.11,0.11",0,0.00,0.33,"Video, Related searches"
새디스트 테스트,Informational,90,"1.00,0.09,0.66,0.03,0.44,0.03,1.00,0.03,0.03,0.09,0.03,0.22",11,0.00,0.01,Video
서버 ping 테스트,Informational,90,"0.35,1.00,0.29,0.02,0.02,0.02,0.08,0.15,0.08,0.02,0.15,0.02",15,0.00,0.33,"AI Overview, Video, Related searches"
성격 의 어두운 면 테스트,Informational,90,"0.81,1.00,0.05,0.14,0.05,0.33,0.05,0.81,0.05,0.14,0.05,0.05",15,0.00,0.33,"Video, Related searches"
성벽 테스트,Informational,90,"0.36,0.64,0.79,1.00,0.79,0.79,1.00,1.00,0.64,0.21,0.14,0.14",23,0.00,0.33,"Image pack, Video, Related searches"
소프트웨어 마에스트로 코딩 테스트,Informational,90,"0.05,0.01,0.01,0.01,0.02,0.02,0.01,1.00,0.01,0.01,0.01,0.01",1,0.00,0.33,"Sitelinks, Video, Video carousel, Related searches"
수학 레벨 테스트,Commercial,90,"0.79,0.64,0.50,0.64,0.50,0.64,1.00,0.79,0.79,0.64,0.64,0.79",14,0.82,0.36,"Video, Video carousel, Related searches, Ads top, Ads middle"
스톨 테스트,Informational,90,"0.64,0.79,0.64,0.50,0.50,0.50,0.79,0.50,0.64,1.00,0.64,0.64",18,0.00,0.33,"AI Overview, Video, Video carousel, People also ask, Related searches"
스피커 음질 테스트,Informational,90,"0.02,0.02,0.02,0.54,0.02,0.02,0.23,1.00,0.02,0.08,0.06,0.44",15,0.00,0.12,"Sitelinks, Video, Video carousel, People also ask, Related searches"
심리 검사 사이트,Informational,90,"0.02,0.02,0.02,0.02,1.00,0.24,0.24,0.02,0.02,0.02,0.02,0.02",27,2.33,0.13,"AI Overview, Video, Related searches"
심리 테스트 게임,Informational,90,"0.29,1.00,0.02,0.02,0.02,0.10,0.04,0.02,0.02,0.02,0.19,0.29",13,0.00,0.40,"Reviews, Video, Video carousel, People also ask, Related searches"
심리 테스트 그림,Informational,90,"1.00,0.01,0.04,0.01,0.12,0.01,0.01,0.07,0.01,0.01,0.06,0.01",14,0.00,0.01,"Image pack, Video, Related searches"
아아 마이크 테스트,"Informational, Navigational",90,"0.14,1.00,0.14,0.14,0.57,0.71,0.14,0.14,0.43,0.14,0.14,0.14",26,0.00,0.33,"Video, Video carousel, People also ask"
아이큐 테스트 문제 모음,Informational,90,"1.00,0.18,0.09,0.09,0.36,0.09,0.18,0.09,0.18,0.27,0.09,0.36",20,0.00,0.33,"AI Overview, Image pack, Video, Video carousel, Related searches"
아침형 인간 저녁형 인간 테스트,Informational,90,"0.64,0.82,1.00,0.82,1.00,1.00,1.00,0.82,0.64,1.00,0.45,0.64",14,0.00,0.33,"Image, Image pack, Video, Video carousel, Related searches"
알츠하이머 테스트,Informational,90,"1.00,0.19,0.01,0.01,0.01,0.04,0.01,0.01,0.04,0.04,0.01,0.04",17,0.06,0.20,"AI Overview, Video, Video carousel, Related searches"
약시 테스트,Informational,90,"0.79,0.79,0.79,1.00,0.79,0.64,0.64,0.50,0.50,0.50,0.21,0.29",16,0.00,0.01,"Image, Image pack, Video, Video carousel, People also ask, Related searches"
어린이 mbti,Informational,90,"0.16,0.03,0.06,0.03,0.03,0.81,0.03,1.00,0.06,0.81,0.03,0.03",11,0.34,0.02,"Image pack, Video, Related searches"
어휘 끝 수능 테스트,Informational,90,"0.01,0.10,0.01,0.02,0.02,0.01,1.00,0.01,0.02,0.01,0.01,0.02",10,0.00,0.01,"Reviews, Image pack, Video, Related searches"
에고 그램 테스트 결과,Informational,90,"1.00,0.36,0.28,0.03,0.05,0.08,0.10,0.05,0.03,0.18,0.18,0.05",10,0.00,0.33,"AI Overview, Image pack, Video, Related searches"
엑박 패드 테스트,Informational,90,"0.29,0.36,1.00,0.03,0.01,0.01,0.10,0.04,0.04,0.01,0.01,0.01",16,0.00,0.33,"Video, People also ask, Related searches"
엔테 크 서비스 코딩 테스트,"Informational, Transactional",90,"0.14,0.71,0.00,1.00,0.14,0.14,0.29,0.29,0.14,0.00,0.14,0.00",5,0.00,0.33,"Video, Related searches"
여성 혐오 테스트,Informational,90,"0.79,0.79,0.79,0.64,0.64,0.64,0.64,1.00,0.50,0.29,0.50,0.50",17,0.00,0.33,
여자 친구 바람 테스트,Informational,90,"0.09,0.09,0.18,1.00,0.27,0.09,0.09,0.18,0.09,0.09,0.27,0.09",20,0.00,0.01,"Video, Video carousel, People also ask, Related searches"
연애 타입,Informational,90,"0.19,0.14,0.19,1.00,0.52,0.52,0.43,0.52,0.33,0.24,0.33,0.67",22,0.00,0.33,"Reviews, Image, Image pack, Video, Related searches"
영어 레벨 테스트 pdf,Informational,90,"0.07,1.00,0.07,0.07,0.07,0.07,0.07,0.07,0.64,0.50,0.36,0.36",6,0.35,0.33,"Image pack, Related searches"
욕구 심리 테스트,Informational,90,"0.50,0.64,0.50,0.79,0.64,0.79,0.50,0.79,0.79,1.00,1.00,1.00",12,0.00,0.01,"Video, People also ask, Related searches"
우정 테스트 링크,Informational,90,"0.07,0.07,0.21,0.21,0.07,0.14,0.29,0.07,0.07,0.79,1.00,0.07",6,0.09,0.04,"Video, Related searches"
우주 공포증 테스트,Informational,90,"0.01,1.00,0.08,0.02,0.01,0.01,0.02,0.03,0.01,0.01,0.05,0.01",20,0.00,0.33,"Image pack, Video, People also ask, Related searches"
음기 양기 테스트,Informational,90,"0.02,0.02,0.12,0.02,0.12,0.02,0.03,0.19,1.00,0.15,0.02,0.02",19,0.00,0.33,"Video, Video carousel, People also ask, Related searches"
음향 테스트,"Informational, Transactional",90,"1.00,0.01,0.01,0.01,0.01,0.01,0.01,0.10,0.15,0.01,0.04,0.06",16,0.00,0.33,"Reviews, Video, Video carousel, People also ask, Related searches"
이성 취향 테스트,Informational,90,"0.79,0.50,0.64,0.79,1.00,0.79,0.79,0.79,0.64,0.64,0.50,0.50",17,0.36,0.09,"Reviews, Video, Related searches"
인연 테스트,Informational,90,"0.65,1.00,0.65,0.41,0.53,0.53,0.41,0.41,0.29,0.41,0.65,0.65",9,0.00,0.01,"AI Overview, Video, Related searches"
인터넷 중독 테스트,Informational,90,"0.79,0.64,1.00,0.79,0.36,0.36,0.50,0.50,0.64,1.00,0.50,1.00",3,0.00,0.33,"Image, Image pack, Video, Related searches"
자동화 테스트,Informational,90,"1.00,0.03,0.03,0.08,0.03,0.03,0.03,0.03,0.03,0.13,0.03,0.03",15,1.27,0.15,"Sitelinks, AI Overview, Image pack, Video, Related searches"
자바 스크립트 코딩 테스트,Informational,90,"0.54,0.54,0.03,0.08,1.00,0.03,0.03,0.18,0.05,0.13,0.03,0.03",8,0.81,0.34,"Video, Video carousel, Related searches"
자캐 테스트,Informational,90,"1.00,0.82,0.64,1.00,0.64,0.82,1.00,1.00,1.00,1.00,1.00,0.64",15,0.00,0.33,"Video carousel, People also ask, Related searches"
자폐증 테스트,Informational,90,"1.00,0.79,0.79,0.79,0.64,0.64,0.79,0.64,0.50,0.64,1.00,0.50",9,0.10,0.29,"Image pack, Video, Related searches"
장래 희망 테스트,Informational,90,"0.01,0.01,0.01,0.01,0.15,1.00,0.01,0.01,0.29,0.01,0.01,0.04",23,0.01,0.09,"Video, People also ask, Related searches"
재능 테스트,Informational,90,"0.03,1.00,0.44,0.05,0.05,0.03,0.44,0.03,0.03,0.03,0.03,0.03",10,0.00,0.02,"Video, Video carousel, Related searches"
적성 테스트,Informational,90,"0.42,0.04,0.19,0.54,0.08,0.04,0.04,0.04,1.00,0.04,0.04,0.12",21,0.11,0.14,"Image pack, Video, Related searches"
정치 성향 테스트 모음,Informational,90,"0.03,0.03,0.12,0.03,0.16,0.03,0.03,0.03,0.28,0.03,0.34,1.00",25,0.00,0.33,"Video, Related searches"
정치 좌표 테스트,Informational,90,"0.04,0.27,0.04,0.04,0.54,0.04,0.04,0.12,0.08,0.81,1.00,0.54",24,0.00,0.33,"Video, Related searches"
주식 백 테스트,Informational,90,"0.41,0.53,0.53,0.53,0.65,0.65,0.82,0.65,0.53,0.65,0.82,1.00",2,0.93,0.06,"AI Overview, Video, Video carousel, Related searches"
죽는 날짜 테스트,Informational,90,"0.36,0.50,0.36,0.64,0.79,0.79,0.79,1.00,1.00,0.64,0.64,0.36",13,0.00,0.33,"AI Overview, Reviews, Video, Related searches"
중 1 수학 레벨 테스트,Informational,90,"0.14,0.36,0.14,0.07,0.07,0.07,1.00,0.07,0.79,0.50,0.29,0.07",23,2.20,0.33,"Image, Image pack, Video, Related searches"
중 2 영어 레벨 테스트 pdf,Informational,90,"1.00,0.53,0.29,0.41,0.24,0.65,0.65,0.41,0.65,0.29,0.53,0.24",9,0.00,0.03,"Reviews, Video, Related searches"
지엠 테스트,"Informational, Transactional",90,"0.03,0.10,0.01,0.01,0.01,0.01,0.01,0.29,1.00,0.03,0.03,0.01",15,0.00,0.33,"Reviews, People also ask, Knowledge panel, Related searches"
청담 어학원 레벨 테스트 문제,Informational,90,"0.12,0.12,0.08,0.05,0.15,0.12,0.29,0.54,0.54,0.54,1.00,1.00",11,0.00,0.33,"Sitelinks, AI Overview, Image pack, Video, Related searches"
카톡 우정 테스트,Informational,90,"1.00,0.67,0.23,0.03,0.03,0.03,0.03,0.08,0.10,0.05,0.36,0.03",11,0.00,0.33,"Image pack, Video, Related searches"
컴퓨터 사양 테스트,Informational,90,"1.00,0.19,0.01,0.01,0.03,0.01,0.01,0.12,0.01,0.01,0.01,0.01",10,0.00,0.33,"AI Overview, Video, Video carousel, Related searches"
컴퓨터 테스트 프로그램,Informational,90,"0.82,0.82,0.64,1.00,1.00,0.82,1.00,1.00,0.64,0.64,0.82,0.64",11,0.00,0.01,"AI Overview, Video, Video carousel, Related searches"
코딩 테스트 공부,Informational,90,"0.06,0.24,0.53,0.06,1.00,0.12,0.06,0.24,0.06,0.12,0.12,0.24",10,1.06,0.66,"Sitelinks, Video, Video carousel, People also ask, Related searches"
코딩 테스트 연습,Informational,90,"1.00,0.09,0.53,0.66,0.16,0.09,0.03,0.06,0.34,0.03,0.03,0.03",10,0.64,0.46,"Video, Related searches, Ads top, Ads middle"
코딩 테스트 준비 기간,Informational,90,"0.34,1.00,0.34,0.06,0.03,0.06,0.06,0.03,0.81,0.06,0.22,0.03",9,1.07,0.15,"AI Overview, Video, Related searches, Ads bottom"
키보드 연타 테스트,Informational,90,"0.19,0.81,0.10,0.43,0.05,0.05,0.10,0.05,0.43,0.24,0.05,1.00",12,0.00,0.33,"Video, Related searches"
탈모 테스트,Informational,90,"0.04,0.02,0.02,0.10,0.02,0.02,0.67,0.02,1.00,0.02,0.06,0.02",27,0.62,0.24,"AI Overview, Image pack, Video, Video carousel, Related searches"
테스트 시나리오 양식,Informational,90,"0.23,0.44,1.00,0.02,0.04,0.04,0.08,0.02,0.08,0.02,0.02,0.02",5,0.00,0.01,"Reviews, Image pack, Video, Related searches"
테스트 용 이미지,Informational,90,"0.08,1.00,0.36,0.03,0.13,0.03,0.67,0.10,0.03,0.03,0.10,0.03",15,0.00,0.01,"Image pack, Related searches"
테스트 인디케이터,Informational,90,"0.02,0.02,0.44,0.02,0.02,1.00,0.04,0.04,0.02,0.54,0.02,0.29",12,0.00,0.32,"Image pack, Video, Video carousel, Related searches"
테스트 케이스 작성,Informational,90,"0.82,1.00,1.00,0.64,1.00,0.82,0.82,0.64,0.82,0.64,0.82,0.64",11,0.96,0.08,"Sitelinks, Image pack, Video, Related searches"
테스트 튜브,"Informational, Transactional",90,"0.02,0.03,0.03,0.07,0.02,0.02,0.02,0.03,1.00,0.44,0.19,0.02",9,0.00,0.28,"Image, Image pack, Video, Knowledge panel, Related searches"
통화 품질 테스트,Informational,90,"0.82,1.00,1.00,1.00,1.00,0.82,1.00,0.64,0.64,0.45,0.64,0.45",15,0.00,0.33,"AI Overview, Video, Video carousel, People also ask, Related searches"
패드 진동 테스트,Informational,90,"0.64,0.64,0.64,0.64,0.64,0.79,1.00,0.64,0.64,0.64,0.79,0.64",17,0.00,0.33,"Video, People also ask, Related searches"
패트릭 테스트,Informational,90,"0.79,0.64,0.64,0.50,0.79,0.64,0.64,0.64,0.79,1.00,1.00,0.79",12,0.00,0.33,"Image pack, Video, People also ask"
펄 어비스 필기 테스트,Informational,90,"0.03,0.03,0.67,0.03,1.00,0.03,0.03,0.44,0.08,0.03,0.54,0.03",15,0.00,0.33,"Reviews, Video, Video carousel, People also ask, Related searches"
푸른 망아지,Informational,90,"1.00,0.05,0.05,0.13,0.05,0.03,0.13,0.18,0.03,0.03,0.03,1.00",11,0.00,0.02,"AI Overview, Reviews, Image pack, People also ask, Related searches"
프린터 잉크 테스트,Informational,90,"1.00,0.28,0.18,0.18,0.03,0.03,0.03,0.03,0.05,0.03,0.03,0.03",6,0.00,0.33,"Image pack, Video, Related searches"
피해 의식 테스트,Informational,90,"0.36,0.50,0.50,0.64,0.79,0.64,1.00,0.79,0.79,0.79,1.00,0.79",15,0.00,0.02,"Video, People also ask, Related searches"
핸드폰 테스트,Informational,90,"0.01,0.04,0.01,0.03,0.01,0.01,0.01,0.03,0.01,0.06,0.10,1.00",19,0.00,0.19,"Reviews, Video, Related searches"
행운 테스트,Informational,90,"0.50,0.50,0.64,0.79,0.79,0.50,0.79,0.79,1.00,0.64,0.64,0.79",10,0.00,0.01,"AI Overview, Video, Related searches"
홍염 살 테스트,Informational,90,"1.00,0.19,0.01,0.15,0.07,0.07,0.03,0.04,0.01,0.01,0.04,0.01",21,0.05,0.22,"Video, People also ask, Related searches"
cj 올리브 네트웍스 코딩 테스트,Informational,70,"0.05,0.05,1.00,0.52,0.05,0.05,0.33,0.05,0.81,0.52,0.24,0.05",4,0.00,0.33,"AI Overview, Video, Related searches"
cj 인성 검사 모의 테스트,Informational,70,"0.71,0.14,0.14,0.29,0.14,1.00,0.14,1.00,0.29,0.29,0.14,0.14",14,0.68,0.16,"AI Overview, Video, Related searches"
dbdntjd,"Informational, Transactional",70,"0.01,0.01,0.01,0.04,0.01,0.01,0.03,0.01,0.01,0.03,0.01,1.00",25,0.00,0.00,"Video, Video carousel, Related searches"
html 테스트 사이트,Navigational,70,"0.11,0.56,0.11,1.00,0.33,0.11,0.11,0.33,0.44,0.11,0.22,0.22",2,0.00,0.04,"Reviews, Related searches"
kt 코딩 테스트,"Informational, Transactional",70,"0.20,0.20,0.20,0.20,0.20,0.20,0.20,0.40,1.00,0.80,0.20,0.40",4,0.00,0.33,"Video, Related searches"
lg 인성 검사 모의 테스트,Informational,70,"0.03,0.18,0.03,1.00,0.05,0.03,0.13,0.03,0.05,0.44,0.05,0.36",16,0.65,0.13,"Image pack, Video, Video carousel, People also ask, Related searches"
lig 넥스원 코딩 테스트,Navigational,70,"0.05,0.05,0.67,1.00,0.05,0.05,0.05,0.10,0.52,0.81,0.10,0.05",0,0.00,0.01,"Sitelinks, Video, Related searches"
lig 넥스원 코딩 테스트 후기,Navigational,70,"0.04,0.04,0.04,0.81,0.04,0.04,0.04,0.04,0.81,1.00,0.04,0.08",0,0.00,0.33,"Sitelinks, Reviews, Video, Related searches"
mbti a,Informational,70,"0.10,0.05,0.14,0.05,0.19,1.00,1.00,0.05,0.10,0.05,0.10,0.24",15,0.00,0.33,"AI Overview, Image pack, Video, Video carousel, People also ask, Related searches"
ngrinder 부하 테스트,Navigational,70,"0.25,0.25,0.25,0.25,0.25,0.25,1.00,0.50,0.50,0.25,0.25,0.75",10,0.00,0.33,Related searches
sql 테스트,Informational,70,"0.11,0.11,1.00,0.11,0.11,0.22,0.33,0.78,0.22,0.11,0.11,1.00",13,0.27,0.24,"Video, Related searches"
uat 테스트,Informational,70,"0.79,0.64,0.64,0.21,0.36,0.50,0.64,0.50,0.79,1.00,0.79,0.79",10,0.00,0.33,"AI Overview, Reviews, Video, People also ask, Related searches"
ui ux 테스트,Informational,70,"0.03,0.53,0.53,0.03,0.03,1.00,0.28,0.28,0.03,0.06,0.03,0.03",23,1.24,0.33,"Video, Related searches"
갤럭시 잔상 테스트,Informational,70,"0.08,0.54,0.04,0.04,0.04,0.04,0.42,0.04,1.00,0.54,0.04,0.12",14,0.00,0.33,"AI Overview, Video, Related searches"
공무원 인성 검사 모의 테스트,Informational,70,"1.00,0.02,0.02,0.02,0.02,0.02,0.02,0.05,0.02,0.02,0.02,0.02",15,0.46,0.11,"AI Overview, Video, Related searches"
궁합 테스트 무료,Informational,70,"0.11,0.33,0.11,0.11,0.22,0.44,0.22,1.00,0.11,0.11,0.11,0.56",20,0.24,0.17,Related searches
글씨체 성격 테스트,Informational,70,"0.04,0.04,0.04,0.12,1.00,0.12,0.04,0.04,0.19,0.12,0.04,0.04",12,0.00,0.33,"Reviews, Image pack, Video, Video carousel, People also ask, Related searches"
기능 테스트,Informational,70,"0.81,0.03,0.03,0.03,0.06,0.03,0.03,0.03,1.00,0.03,0.12,0.03",19,0.00,0.03,"Sitelinks, AI Overview, Video, People also ask, Related searches"
넷마블 코딩 테스트,Informational,70,"0.02,0.02,0.03,0.02,1.00,0.03,0.02,0.02,0.02,0.02,0.02,0.02",10,0.00,0.33,"Sitelinks, Video, Related searches"
눈 테스트,Informational,70,"0.09,0.09,0.18,0.09,1.00,0.09,0.18,0.09,0.09,1.00,0.18,1.00",13,0.00,0.33,"Image, Image pack, Video, Related searches"
대인 공포증 테스트,Informational,70,"0.64,0.64,0.64,0.64,0.50,0.64,0.50,1.00,0.79,0.64,0.79,0.79",6,0.29,0.11,"Image pack, Video, Related searches"
똠퀴,Informational,70,"0.02,0.07,0.02,1.00,0.02,0.05,0.08,0.05,0.03,0.03,0.02,0.02",19,0.00,0.33,
라인 인턴 코딩 테스트,Informational,70,"0.00,0.01,0.00,0.01,1.00,0.03,0.00,0.00,0.00,0.00,0.00,0.01",1,0.00,0.33,"Video, Related searches"
라인 코딩 테스트,Informational,70,"1.00,0.14,0.29,0.14,0.57,0.14,0.14,0.14,0.14,0.14,0.29,0.71",2,0.00,0.33,"Video, Related searches"
로드 테스트,Informational,70,"1.00,0.14,0.81,0.05,0.05,0.14,0.05,0.05,0.05,1.00,0.10,0.19",13,0.00,0.33,"Image pack, Video, Video carousel, People also ask, Related searches"
매경 테스트 우수,Informational,70,"0.28,0.10,0.03,0.03,0.03,0.10,0.03,0.03,0.44,1.00,0.13,0.03",18,0.00,0.33,"AI Overview, Image pack, Video, Related searches"
메리 수 테스트,Informational,70,"0.02,0.02,0.02,0.19,1.00,0.05,0.02,0.02,0.02,0.02,0.03,0.02",23,0.00,0.33,"Video, Related searches"
미래 키 테스트,Informational,70,"0.14,0.14,1.00,0.14,0.14,0.29,0.43,0.29,0.14,0.14,0.14,1.00",7,0.28,0.33,"Video, Related searches"
별자리 궁합 테스트,Informational,70,"0.29,0.14,0.43,0.14,1.00,0.14,0.14,0.14,1.00,0.14,0.14,0.14",11,0.00,0.06,"Image pack, Video, Related searches"
붕어빵 심리 테스트,Informational,70,"0.08,0.04,0.08,0.54,1.00,0.54,0.81,0.08,0.08,0.04,0.04,0.12",10,0.00,0.33,"Image, Image pack, Video, Video carousel, Short videos, Related searches"
블랙 박스 테스트 종류,Informational,70,"0.66,0.03,0.06,0.03,1.00,0.03,0.03,0.28,0.03,0.44,0.03,0.03",2,0.00,0.33,"Video, Related searches"
블랙 박스 테스트 화이트 박스 테스트,Informational,70,"0.14,1.00,0.14,0.71,0.43,0.14,0.43,0.14,0.14,0.14,0.14,0.29",2,0.00,0.01,"Video, Related searches"
빈혈 테스트,Informational,70,"0.25,0.25,0.25,0.25,0.25,0.25,1.00,0.75,0.25,0.25,0.25,0.25",15,0.00,0.33,"AI Overview, Video, Video carousel, People also ask, Related searches"
사랑 의 다섯 가지 언어 테스트,Informational,70,"0.04,0.65,0.08,0.04,0.04,0.08,0.04,1.00,0.04,0.65,0.65,0.35",6,0.30,0.06,"AI Overview, Reviews, Video, Related searches"
사상 의학 체질 테스트,Informational,70,"1.00,0.07,0.14,0.07,0.07,0.07,0.50,0.07,0.36,0.07,0.14,0.36",8,0.00,0.33,"Reviews, Image pack, Video, Video carousel, Related searches"
상극 일주 궁합,Informational,70,"0.03,0.03,0.44,1.00,0.03,0.03,0.03,0.22,0.09,0.03,0.03,0.03",7,0.00,0.33,"AI Overview, Video, Related searches, Ads bottom"
색깔 민감도 테스트,Informational,70,"1.00,0.82,0.03,0.05,0.03,0.10,0.03,0.03,0.03,0.03,0.10,0.10",13,0.00,0.01,"Reviews, Image pack, Video, Related searches"
색채 심리 테스트,Informational,70,"0.11,0.11,0.11,0.11,0.78,0.56,0.11,0.22,0.11,0.11,1.00,0.22",6,0.00,0.33,"Image pack, Video, Video carousel, Discussions and forums, Related searches"
선악 테스트,Informational,70,"1.00,0.71,0.14,0.43,0.14,0.14,0.14,0.14,0.71,0.14,0.14,0.14",15,0.00,0.33,"Video, Related searches"
솔로 테스트,Informational,70,"1.00,0.03,0.05,0.03,0.02,0.02,0.03,0.02,0.02,0.02,0.02,0.12",8,0.62,0.13,"Video, Video carousel, Related searches"
쉴링 테스트,Informational,70,"0.15,0.02,0.02,0.02,0.02,0.19,1.00,0.02,0.03,0.02,0.05,0.02",12,0.00,0.33,"AI Overview, People also ask, Related searches"
스트레스 테스트 사진,Informational,70,"0.40,0.20,0.20,0.20,0.20,0.20,0.20,0.20,0.20,0.20,0.20,1.00",23,0.00,0.33,"Image, Image pack, Related searches"
신한 ds 코딩 테스트,"Informational, Transactional",70,"0.11,0.22,0.11,1.00,0.11,0.11,0.11,0.11,0.11,0.11,0.11,0.44",0,0.00,0.33,"Video, Related searches"
심리 상태 테스트,Informational,70,"0.15,0.03,0.02,0.02,0.02,0.02,0.02,1.00,0.08,0.02,0.02,0.02",10,1.05,0.05,"AI Overview, Video, Related searches"
심리 테스트 결과,Informational,70,"0.20,1.00,0.40,0.20,0.20,0.20,0.20,0.20,0.20,0.20,0.20,0.60",11,0.00,0.33,"AI Overview, Video, Video carousel, Related searches"
심심할 때 사이트,Informational,70,"0.09,0.09,0.09,0.09,0.09,0.09,0.09,0.09,1.00,0.27,0.09,0.82",23,0.00,0.33,"Image, Image pack, Video, Related searches"
아이폰 상단 스피커 테스트,Informational,70,"0.07,1.00,0.07,0.07,0.07,0.07,0.07,0.07,0.36,0.21,0.07,0.07",19,0.00,0.33,"Sitelinks, AI Overview, Image pack, Video, Related searches"
아이폰 테스트,"Informational, Transactional",70,"0.20,0.40,1.00,0.20,0.20,0.20,0.20,0.20,0.20,0.20,0.20,0.20",25,0.00,0.33,"Image pack, Video, Video carousel, People also ask, Related searches"
에고 그램 테스트 해석,Informational,70,"0.05,0.05,0.05,0.33,0.81,0.81,0.10,0.05,1.00,0.05,0.05,0.24",5,0.00,0.33,"AI Overview, Image pack, Related searches"
여성 혐오 셀프 테스트,Informational,70,"0.54,0.19,0.04,0.04,0.04,0.27,0.04,1.00,0.27,0.12,0.04,0.19",19,0.00,0.33,
영어 레벨 테스트 문제,Informational,70,"0.52,0.81,0.33,0.05,0.33,0.05,1.00,0.52,0.05,0.05,0.14,0.05",10,0.44,0.33,"AI Overview, Image pack, Video, Video carousel, Related searches, Ads top, Ads bottom"
오디오 테스트,"Informational, Transactional",70,"0.06,0.01,0.03,0.01,0.01,0.01,0.01,0.12,0.01,0.01,0.01,1.00",15,0.00,0.05,"Reviews, Video, Video carousel, People also ask, Related searches"
온라인 마이크 테스트,Informational,70,"0.01,0.03,0.01,0.01,1.00,0.01,0.10,0.01,0.03,0.01,0.03,0.03",15,0.00,0.33,"Reviews, Video, Related searches"
와이파이 핑 테스트,Informational,70,"0.06,0.03,0.09,0.28,0.03,0.06,0.09,0.03,0.81,0.03,0.03,1.00",16,0.00,0.12,"AI Overview, Reviews, Video, Related searches"
우울감 테스트,Informational,70,"0.04,0.04,1.00,0.35,0.08,0.08,0.04,0.04,0.04,0.04,0.15,0.27",19,0.11,0.35,"AI Overview, Image pack, Video, People also ask, Related searches, Ads top, Ads middle"
유연성 테스트 평균,Informational,70,"0.07,0.21,0.07,0.14,0.07,0.07,0.07,0.07,0.79,1.00,0.07,0.07",17,0.00,0.33,"AI Overview, Image, Image pack, Video, People also ask, Related searches"
유저 테스트,Informational,70,"1.00,0.20,1.00,0.40,1.00,0.20,0.20,0.60,1.00,0.40,0.20,0.20",13,0.00,0.33,"Image, Image pack, Video, Related searches"
의처증 테스트,Informational,70,"0.03,1.00,0.03,0.03,0.03,0.03,0.03,0.03,0.03,0.03,0.03,0.06",5,0.00,0.02,"AI Overview, Image pack, Video, Video carousel, People also ask, Related searches"
이베이 재팬 코딩 테스트,"Informational, Navigational",70,"1.00,0.23,0.02,0.06,0.04,0.04,0.02,0.02,0.35,0.02,0.02,0.04",8,0.00,0.33,"AI Overview, Reviews, Video, Related searches"
이상형 찾기 테스트,Informational,70,"0.03,0.03,0.03,0.03,0.03,0.34,1.00,0.03,0.16,0.03,0.53,0.03",10,0.51,0.10,"Reviews, Video, People also ask, Related searches, Ads top, Ads bottom"
이중 인격 테스트,Informational,70,"1.00,0.03,0.03,0.03,0.53,0.03,0.03,0.03,0.03,0.03,0.03,0.22",3,0.00,0.01,"AI Overview, Image pack, Related searches"
절친 테스트,Informational,70,"0.02,0.02,0.02,0.03,0.02,0.02,0.07,0.24,0.66,0.03,0.54,1.00",6,0.00,0.33,"Reviews, Video, Related searches"
정서 불안 테스트,Informational,70,"0.03,1.00,0.02,0.02,0.05,0.05,0.03,0.02,0.02,0.03,0.05,0.02",4,0.28,0.20,"Reviews, Video, Related searches"
정신 테스트,Informational,70,"0.06,1.00,0.06,0.06,0.12,0.06,0.06,0.06,1.00,0.06,0.06,0.53",7,0.18,0.33,"AI Overview, Video, Video carousel, Related searches"
중 1 영어 레벨 테스트,Informational,70,"1.00,0.03,0.18,0.03,0.03,0.03,0.03,0.03,0.54,0.03,0.08,0.03",6,0.47,0.09,"Reviews, Video, Related searches"
진짜 성격 테스트,Informational,70,"0.03,0.09,1.00,0.03,0.12,0.03,0.66,0.03,0.03,0.06,0.03,0.53",16,0.00,0.26,"Image pack, Video, Video carousel, People also ask, Related searches"
질압 테스트,Informational,70,"0.05,1.00,0.05,0.05,0.05,0.05,0.05,0.05,0.05,0.05,0.10,0.10",13,0.00,0.01,"AI Overview, Image pack, Video, People also ask, Related searches"
철학자 테스트,Informational,70,"0.29,0.01,0.01,0.01,0.06,0.07,0.01,0.01,0.03,0.07,0.44,1.00",10,0.00,0.33,"Video, Related searches"
컴 사양 테스트,Informational,70,"1.00,0.54,0.04,0.04,0.12,0.08,0.04,0.04,0.08,0.04,0.04,0.04",24,0.00,0.33,"AI Overview, Image pack, Video, Video carousel, Related searches"
컴투스 필기 테스트,Informational,70,"0.05,0.05,0.43,0.05,0.05,0.05,0.24,0.05,0.05,0.05,1.00,0.81",12,0.00,0.33,"AI Overview, Reviews, Video, Related searches"
케이 뱅크 코딩 테스트,Informational,70,"0.20,0.20,1.00,0.20,0.20,0.20,0.80,0.20,0.20,0.20,0.20,0.40",10,0.00,0.33,"AI Overview, Video, Related searches"
케이블 테스트,Informational,70,"0.02,0.03,0.02,0.02,0.02,0.02,0.02,0.03,0.15,0.02,0.02,1.00",23,0.00,0.98,"AI Overview, Video, Video carousel, Knowledge panel"
코드 테스트,Informational,70,"0.09,1.00,0.03,0.03,0.12,0.06,0.03,0.03,0.03,0.03,0.03,0.03",10,0.63,0.24,"Video, Video carousel, Related searches"
코딩 테스트 스터디,Informational,70,"0.11,0.11,1.00,0.11,0.11,0.11,0.22,0.11,0.11,0.11,0.11,0.11",13,0.81,0.50,"Video, Related searches, Ads bottom"
크래커 테스트,Informational,70,"0.03,0.06,0.03,0.12,0.03,0.03,0.53,1.00,0.03,0.06,0.03,0.09",18,0.00,0.33,"AI Overview, Image pack, Video, Video carousel, People also ask, Related searches"
통합 테스트 시나리오 샘플,Informational,70,"0.19,1.00,0.02,0.02,0.02,0.02,0.02,0.02,0.03,0.02,0.12,0.02",9,0.00,0.33,"Image pack, Video, Related searches"
펄 어비스 코딩 테스트,Informational,70,"0.01,0.01,0.03,0.03,1.00,0.01,0.01,0.07,0.03,0.01,0.07,0.01",6,0.00,0.33,"Reviews, Video, People also ask, Related searches"
폭력성 테스트,Informational,70,"0.12,0.04,0.04,0.04,0.04,0.27,1.00,0.04,0.04,0.54,0.42,0.42",11,0.00,0.33,"Image, Video, Related searches"
폰트 테스트,Informational,70,"0.02,1.00,0.02,0.02,0.05,0.12,0.15,0.02,0.02,0.03,0.02,0.03",12,0.00,0.01,"Video, Related searches"
픽셀 테스트,Informational,70,"0.02,0.02,0.02,0.02,0.08,0.08,0.02,0.03,0.02,0.02,0.03,1.00",7,0.00,0.06,"Image pack, Video, Related searches"
한국 가이던스 사랑 유형 검사,Informational,70,"0.03,0.03,0.05,1.00,0.28,0.03,0.03,0.03,0.03,0.03,0.03,0.08",12,0.00,0.05,"Video, Related searches"
한국 반도체 테스트 학회,Navigational,70,"1.00,0.03,0.05,0.05,0.03,0.03,0.03,0.03,0.18,0.03,0.05,0.36",15,0.00,0.33,"Sitelinks, Video, Related searches"
핸드폰 터치 테스트,Informational,70,"0.35,1.00,0.08,0.23,0.02,0.04,0.02,0.02,0.02,0.04,0.02,0.02",13,0.00,0.33,"Video, Related searches"
행복 지수 테스트,Informational,70,"0.07,0.14,0.14,0.07,0.14,0.07,0.07,0.07,0.14,1.00,0.07,0.79",6,0.00,0.33,"AI Overview, Image pack, Video, Related searches"
화이트 박스 테스트 종류,Informational,70,"1.00,0.02,0.04,0.15,0.15,0.02,0.02,0.02,0.02,0.04,0.10,0.02",13,0.00,0.02,"AI Overview, Video, Related searches"
16 성격 검사,Informational,50,"0.14,0.14,0.14,0.14,1.00,0.43,1.00,0.14,0.14,0.14,0.14,0.14",34,0.00,0.03,"Video, Related searches"
api 호출 테스트,"Informational, Transactional",50,"0.11,0.11,0.44,0.11,1.00,0.78,0.11,0.11,0.78,0.22,0.11,1.00",7,1.65,0.09,"Sitelinks, Video, Video carousel, Related searches"
curl 테스트,"Informational, Transactional",50,"1.00,0.03,0.03,0.03,0.03,0.28,0.03,0.05,0.03,0.03,0.03,0.05",8,0.00,0.33,"Video, Related searches"
eicar 테스트,Informational,50,"1.00,0.03,0.05,0.03,0.08,0.10,0.03,0.05,0.10,0.03,0.03,0.10",16,0.00,0.33,Related searches
ict 인턴십 코딩 테스트,Informational,50,"1.00,0.19,0.05,0.05,0.14,0.05,0.24,0.05,0.43,0.05,0.05,0.05",5,0.00,0.33,"Sitelinks, Video, Related searches"
kt 핑 테스트,Informational,50,"0.19,0.04,0.08,0.27,1.00,0.19,0.04,0.04,0.04,0.08,0.08,0.15",10,0.00,0.33,"AI Overview, Related searches"
lg 전자 코딩 테스트,Navigational,50,"0.07,0.07,0.50,0.07,0.07,0.07,0.07,0.07,1.00,1.00,0.07,0.07",4,0.00,0.33,"Video, Related searches"
skt 코딩 테스트,"Informational, Navigational",50,"0.15,0.02,0.02,1.00,0.02,0.02,0.15,0.02,0.02,0.04,0.08,0.10",2,0.00,0.33,"Video, People also ask, Related searches"
sq 테스트,Informational,50,"0.33,0.33,0.33,0.33,0.33,0.33,0.33,0.33,0.33,0.33,0.67,1.00",4,0.00,0.33,"Image pack, Video, People also ask, Related searches"
거울 테스트,Informational,50,"1.00,0.24,0.67,0.05,0.05,0.05,0.10,0.10,0.14,0.81,0.05,0.05",20,0.00,0.33,"Image, Image pack, Video, Video carousel, People also ask, Related searches"
관심사 종류,Informational,50,"0.82,0.41,0.06,0.06,0.41,0.06,0.06,0.06,0.65,1.00,0.53,0.29",14,0.00,0.33,"AI Overview, Image pack, Related searches"
그래픽 성능 테스트,Informational,50,"0.05,0.05,0.43,0.05,0.05,0.05,1.00,0.05,1.00,0.14,0.05,0.05",10,0.00,0.33,"AI Overview, Video, Related searches"
그래픽 카드 스트레스 테스트,Informational,50,"1.00,0.07,0.14,0.21,0.79,0.07,0.07,0.07,0.07,0.21,0.36,0.07",10,0.00,0.33,"Video, Video carousel, Related searches"
나의 성격,Informational,50,"0.15,0.04,0.19,0.12,0.27,0.04,0.08,0.04,0.65,1.00,0.04,0.04",13,0.20,0.04,"AI Overview, Image pack, Video, Video carousel, Related searches"
낙서 로 심리 테스트,"Informational, Transactional",50,"0.41,0.06,0.41,1.00,1.00,0.06,0.06,0.06,0.29,0.06,0.12,0.06",15,0.00,0.01,"Reviews, Image pack, Video, Video carousel, Related searches"
도덕성 테스트,Informational,50,"0.36,0.09,0.09,0.45,0.09,0.36,0.64,0.09,1.00,0.64,0.09,0.27",16,0.00,0.33,"Sitelinks, AI Overview, Video, Related searches"
레이븐 스 매트릭스 테스트,Informational,50,"0.06,0.06,0.12,0.29,0.06,0.18,0.82,1.00,0.12,0.53,0.06,0.06",23,0.42,0.33,"AI Overview, Video, Video carousel, People also ask, Related searches"
만남 어때 사이트,Informational,50,"0.12,0.06,0.82,0.65,0.06,0.06,1.00,0.65,0.06,0.06,0.06,0.06",10,0.79,0.66,"AI Overview, Related searches"
매경 테스트 시사 용어,Informational,50,"0.02,0.10,0.10,0.02,0.02,0.02,0.04,0.02,0.04,1.00,0.02,0.06",25,0.00,0.33,"Video, Video carousel, People also ask, Related searches"
무료 도화살 테스트,Informational,50,"0.14,1.00,0.14,0.14,0.29,0.29,0.14,0.14,0.14,0.14,0.14,0.29",11,0.17,0.33,"Video, Related searches"
불안 유형 테스트,Informational,50,"0.03,0.12,0.09,0.03,0.03,0.44,1.00,0.03,0.12,0.03,0.12,0.03",21,0.08,0.19,"Video, Related searches"
삼성 인성 검사 모의 테스트,Informational,50,"0.07,0.07,0.14,0.14,1.00,0.50,0.21,0.21,0.21,0.29,0.14,0.07",13,0.63,0.42,"Video, Video carousel, People also ask, Related searches"
소벨 테스트,Informational,50,"0.14,0.14,0.07,0.07,1.00,0.07,0.07,0.14,0.50,0.07,0.07,0.29",18,0.00,0.01,"Video, Video carousel, Related searches"
스트레스 자가 진단 테스트,Informational,50,"1.00,0.05,0.05,0.05,0.05,0.19,0.05,0.05,0.05,0.05,0.05,0.19",12,0.11,0.33,"Image, Image pack, Video, People also ask, Related searches, Ads bottom"
아이엘츠 레벨 테스트,Informational,50,"0.42,0.04,0.04,0.04,0.04,0.04,1.00,0.08,0.04,0.27,0.12,0.04",6,0.64,0.75,"Video, Related searches"
초등 영어 레벨 테스트,Informational,50,"0.12,0.03,0.28,0.03,0.12,0.06,0.03,0.12,0.53,0.81,0.03,1.00",8,0.91,0.17,"Image pack, Video, Video carousel, Related searches"
초등 영어 레벨 테스트 문제,Informational,50,"0.33,0.33,0.24,0.14,0.14,0.33,0.43,0.67,0.67,0.67,0.81,1.00",9,0.64,0.33,"Image pack, Video, Related searches"
코딩 테스트 알고리즘,Informational,50,"0.14,0.14,0.14,1.00,0.14,0.14,0.29,0.29,0.14,0.14,0.71,0.14",6,0.84,0.66,"Video, Related searches"
코딩 테스트 준비 방법,"Informational, Transactional",50,"0.04,0.15,0.81,0.04,0.04,0.04,0.42,0.04,1.00,0.42,0.08,0.04",7,0.96,0.66,"Sitelinks, Video, Related searches"
코딩 테스트 책,Informational,50,"1.00,0.79,1.00,0.50,0.07,0.07,0.07,0.07,0.36,0.07,0.07,0.07",12,0.60,0.99,"AI Overview, Image pack, Video, Related searches"
휴먼 디자인 테스트,Informational,50,"1.00,0.11,0.11,0.22,0.11,0.11,0.11,0.11,0.11,0.56,0.11,0.11",12,0.15,0.07,"Image pack, Video, Video carousel, Related searches"
